frame_id,timestamp,nose_x,nose_y,nose_z,nose_visibility,left_shoulder_x,left_shoulder_y,left_shoulder_z,left_shoulder_visibility,right_shoulder_x,right_shoulder_y,right_shoulder_z,right_shoulder_visibility,left_elbow_x,left_elbow_y,left_elbow_z,left_elbow_visibility,right_elbow_x,right_elbow_y,right_elbow_z,right_elbow_visibility,left_wrist_x,left_wrist_y,left_wrist_z,left_wrist_visibility,right_wrist_x,right_wrist_y,right_wrist_z,right_wrist_visibility,left_pinky_x,left_pinky_y,left_pinky_z,left_pinky_visibility,right_pinky_x,right_pinky_y,right_pinky_z,right_pinky_visibility,left_hip_x,left_hip_y,left_hip_z,left_hip_visibility,right_hip_x,right_hip_y,right_hip_z,right_hip_visibility,left_knee_x,left_knee_y,left_knee_z,left_knee_visibility,right_knee_x,right_knee_y,right_knee_z,right_knee_visibility,left_ankle_x,left_ankle_y,left_ankle_z,left_ankle_visibility,right_ankle_x,right_ankle_y,right_ankle_z,right_ankle_visibility,left_heel_x,left_heel_y,left_heel_z,left_heel_visibility,right_heel_x,right_heel_y,right_heel_z,right_heel_visibility,left_foot_index_x,left_foot_index_y,left_foot_index_z,left_foot_index_visibility,right_foot_index_x,right_foot_index_y,right_foot_index_z,right_foot_index_visibility
0,0.0,0.23169722268194162,0.004008702969199627,-2.9696942544571656,0.9998887777328491,0.04530620375989163,0.11528542444358632,3.2606138081098246,0.9994783997535706,0.14214192456924293,0.13293589059904506,-9.867089249801042,0.999915599822998,0.16621172836100845,0.2472844069313425,7.963581292379404,0.08791539072990417,0.19904770661321666,0.3137373960267986,-9.334073942373347,0.9518190622329712,0.3551045401886689,0.1478505973287239,9.350556948877701,0.4960099756717682,0.39374438376148535,0.3125165039260036,-5.308348850855455,0.9347600936889648,0.40795645537963626,0.11792795277762456,9.510218365540632,0.5354902148246765,0.46207069871217277,0.30560673764734014,-6.079225356758415,0.9193882942199707,0.054269934965030686,0.47175643453902405,4.354417812537577,0.9985160231590271,0.1209536418969861,0.5039275972612984,-4.355796533924885,0.9993853569030762,0.12257136377288637,0.6765614215749374,12.831025131779242,0.39020010828971863,0.11005130468362113,0.7332625978436096,0.14900865915408745,0.9575927257537842,0.07007821359175694,0.8631405576702648,21.152699724897502,0.6200819611549377,0.04902202362344692,0.9545129119851911,4.827254795961421,0.9735963940620422,0.029215596133453474,0.8928460307828102,21.911297888617295,0.6899366974830627,0.004275392676522231,1.0,5.183200305343086,0.9369255304336548,0.21607301569788467,0.8881948965018419,21.116048403320555,0.8041236996650696,0.24364159050648818,0.9920277302734413,2.3920154420516915,0.9639233946800232
1,0.033052208835341365,0.23248348900164412,0.004008702969199627,-4.428535167525608,0.9998853206634521,0.04800514763111455,0.11424052004628468,2.237823927059985,0.9994578957557678,0.1416198354956892,0.13515555401930204,-10.757777428215192,0.9999108910560608,0.17212199851113946,0.24444322286179426,7.414893332745301,0.08769620954990387,0.2015232531040034,0.3153518290977566,-10.413375112367229,0.952637791633606,0.3601222080077546,0.14710743484812952,8.520678874532468,0.4945680499076843,0.39503097278838073,0.3101627686053616,-6.908971751484241,0.9355807304382324,0.41624924507325856,0.11383964443947567,8.543464075503458,0.536220908164978,0.4633330528090386,0.3003203851274965,-7.984591688126908,0.9202107191085815,0.06105101137459027,0.4736057453024496,4.492197196957284,0.9984706044197083,0.11977529942155313,0.5066435099117313,-4.493157055618684,0.9993851780891418,0.1214345769216476,0.6805802388422183,14.455972965205886,0.39087894558906555,0.11149461798372616,0.7365899132821286,1.1058450897682595,0.9590323567390442,0.08940979151809546,0.8500370298252564,24.344065586280855,0.6221630573272705,0.04775205741691292,0.9587422758171342,6.898767854404803,0.9745573997497559,0.04626764899225512,0.8911409087960692,25.288478838997978,0.6923617124557495,0.004275392676522231,1.0,7.371700982248519,0.9383903741836548,0.2335537273176475,0.8830914898554604,24.646885845074735,0.8065856099128723,0.24350308515919916,0.9969961846016403,4.433100781339816,0.964871346950531
2,0.06610441767068273,0.23047007237933193,0.004008702969199627,-5.254856204279131,0.9998747706413269,0.05089902208069427,0.11486374420131101,2.387187570005528,0.9994276762008667,0.13668363606275163,0.13610492841651495,-12.055907005553134,0.9999035596847534,0.17624558707549617,0.24527969899274893,7.541299383653678,0.08790981769561768,0.19998424408976853,0.3165707955037686,-11.725447085305868,0.9530513286590576,0.36428593459241054,0.14860969575609853,8.048819160818592,0.49289005994796753,0.3940553148884309,0.3085943659490997,-8.044496610928157,0.9361509084701538,0.4203494764937798,0.11378894834377766,7.9943394743833585,0.5359845757484436,0.4621178742750206,0.29873713654416156,-9.278803955833402,0.9207600951194763,0.06137744558791777,0.4740747769058489,4.897312018971784,0.9983989000320435,0.11783463751063554,0.5075142190277141,-4.89780643514359,0.9993716478347778,0.11970168809961797,0.6819369761113397,15.771458202327155,0.3895418047904968,0.1135843816319283,0.7349501638825238,1.0484286767842081,0.9600808620452881,0.09242191503427219,0.8500231817499986,26.390767714041274,0.6231719851493835,0.046399049888884894,0.9599516224190252,7.095593191206001,0.9751825332641602,0.04922861070155791,0.8924361845378781,27.390585837823075,0.6934987306594849,0.004275392676522231,1.0,7.5720456922371815,0.9393327832221985,0.2366422520249503,0.8830243816517469,26.612187669129263,0.8081162571907043,0.24219199889609533,0.9987740861355298,4.3513055694847385,0.9654785990715027
3,0.0991566265060241,0.22973602188187495,0.004008702969199627,-5.715387384635281,0.9998623728752136,0.051752998275796276,0.1150148334054436,2.613491534197644,0.9993902444839478,0.13085425150774901,0.13805264099540926,-12.992145759035585,0.9998956322669983,0.17583991122754486,0.245299450921153,7.865186438255248,0.08665110170841217,0.20053953848433623,0.3177001481358131,-12.348569905734362,0.9529812932014465,0.367188487334611,0.15086503831260967,8.153748913952532,0.4843745231628418,0.394744152253285,0.30777172811403636,-8.137882297665517,0.9353156089782715,0.4223127028566076,0.11388244191653747,8.052528459081014,0.5291000604629517,0.46026872599731483,0.29904192456621087,-9.23658438068447,0.9195811152458191,0.06316042231344626,0.4744930350396458,5.255155504730885,0.9983409643173218,0.11622305219247447,0.5077351278136016,-5.255688627850524,0.9993515014648438,0.118413990285185,0.6869938341998956,16.688179316668357,0.3851878345012665,0.11418290139031582,0.7345796764008102,1.5173269555617812,0.9601520299911499,0.08891333038945,0.857812169339703,27.76530171376029,0.6205673217773438,0.04531721829787045,0.9600879547097921,8.637972086177362,0.9752969145774841,0.046193940457233656,0.9010375701960062,28.802923226777324,0.6914403438568115,0.004275392676522231,1.0,9.225279764350695,0.9394850134849548,0.23560706194991138,0.8928499566099349,27.87369188505741,0.8079146146774292,0.2407065716496105,0.9992195487730599,5.896339071424026,0.9655484557151794
4,0.13220883534136546,0.22716013407921917,0.004008702969199627,-5.485440375233272,0.9998456835746765,0.05020914830655263,0.11568959213681833,2.8367649800609676,0.9993299841880798,0.12783958523256922,0.13833874790280723,-13.044699159892785,0.9998851418495178,0.17560844817669333,0.2387130999447474,8.173779158509626,0.08490822464227676,0.19991103390620757,0.31722032390614996,-12.412086412153249,0.9541720747947693,0.37126502865650246,0.15101966569074646,9.207531564098145,0.4714924693107605,0.397982090049606,0.3000581739470958,-7.944120778456493,0.9355417490005493,0.42370266187122047,0.11409601344134451,9.246189246286393,0.5189269781112671,0.45850193452048454,0.2960342128911461,-9.204127165381639,0.9195265769958496,0.061972057813477824,0.4755134969560957,5.358652163186601,0.998257577419281,0.11420513214411072,0.5077317997214409,-5.359301203229676,0.9993111491203308,0.11633192560097451,0.6919294928542723,16.36368788054256,0.3795405924320221,0.1154704882186152,0.7342650737770551,1.3598716832227495,0.9599863290786743,0.085745637557432,0.874002868280728,26.864783804076023,0.6156697273254395,0.044873410854445246,0.9595680236275723,7.9751790283479345,0.9752471446990967,0.04045091586366215,0.9121008308804319,27.822616893682582,0.6867091059684753,0.004275392676522231,0.9996535187191804,8.502921294221835,0.9393323659896851,0.2322986780049437,0.9051567221236838,26.833761526922817,0.8051550388336182,0.23858510364450897,1.0,5.095604959030748,0.9653257131576538
5,0.16526104417670684,0.22644432948132553,0.004008702969199627,-9.013483330249816,0.9998350739479065,0.05814649968273649,0.11530385817713587,4.442449656239552,0.9992796778678894,0.11102185364649882,0.13528396509779173,-18.594961319214555,0.9998773336410522,0.18649068142158834,0.23817515126693567,11.75441299217466,0.08390362560749054,0.1957355496438745,0.3144933805772288,-18.570686413499857,0.9559903740882874,0.3808696538742943,0.1534737815953462,13.728385161045583,0.4612775444984436,0.3963808792547813,0.2859790583777267,-13.011080983847506,0.9377020597457886,0.43154770089866973,0.1153103620173748,13.828359155414375,0.5099849700927734,0.4580308428208877,0.2752891607370226,-14.945709439289631,0.9216368794441223,0.06506218786212455,0.4763692565825677,7.671298128861532,0.9981855154037476,0.11351672676215047,0.5055577482788361,-7.671901933170344,0.9992474317550659,0.11582317433488014,0.6962365931076141,22.181072363441793,0.3790586292743683,0.11792050795859446,0.733521312898639,1.9138139182503877,0.9602437615394592,0.08120459545246535,0.8823660946012676,36.309694306209444,0.6148371696472168,0.045435889850466184,0.9575747687668,12.0756883886413,0.9754522442817688,0.03376403621635564,0.9191562747687916,37.58075826377132,0.6874886155128479,0.004275392676522231,0.9981407688703661,12.919538333130252,0.9401086568832397,0.23122533341162715,0.9122656728303251,35.82986384324976,0.8058583736419678,0.2384548783385451,1.0,8.184731233065136,0.9655539393424988
6,0.1983132530120482,0.221131839047843,0.004008702969199627,-10.471717886424402,0.9998261332511902,0.05899416063295911,0.11620187676228978,6.995722327466617,0.9992694854736328,0.10058016470288657,0.1344992362315927,-22.058974273148053,0.999867856502533,0.20909433199930225,0.23671836637472407,14.84408823426299,0.08837351948022842,0.19037865141310606,0.31456529819493667,-22.25433767765357,0.9578922390937805,0.38264917785523644,0.15929420786954468,16.280770957027656,0.46837425231933594,0.398864330825035,0.2822308381875176,-15.106721837743644,0.9400836229324341,0.43802623667996615,0.117067767464412,16.327727804331527,0.5154380202293396,0.4566407534306506,0.2726581174980848,-17.2636962758568,0.9240413904190063,0.0618263151746928,0.47560674649004464,9.478932595991742,0.9981095790863037,0.10840960247621367,0.5033893285881146,-9.477676366605303,0.9991552233695984,0.10994115863633375,0.6996417279055184,24.81256920296072,0.37853750586509705,0.11613800008619948,0.7311444925659731,0.4274772604036832,0.9594290256500244,0.06337697868516325,0.8949137779269539,40.219897341781554,0.6115933656692505,0.048917352176355025,0.9566438761529571,10.98765388138851,0.974452018737793,0.01655321084800337,0.9289354973572185,41.51460845050716,0.6844079494476318,0.004275392676522231,0.9992954396443632,11.780581650919103,0.9390012621879578,0.22521895694025648,0.9271145483180059,39.04874857441791,0.8030105829238892,0.23609753207855136,1.0,5.979479028810836,0.9646199941635132
7,0.23136546184738957,0.21498981472224032,0.004008702969199627,-8.623755933388066,0.9997912049293518,0.053794925861830954,0.11507812873652257,7.504689699330031,0.9992318153381348,0.09517491081162012,0.13469055058584964,-21.327460383383425,0.9998550415039062,0.20931972379686983,0.23571913820055684,12.464070905148567,0.08795959502458572,0.21128262820331403,0.3092930788185893,-19.175183855909005,0.9585763812065125,0.38855416512545565,0.15813677203503246,7.264267426824221,0.4550931453704834,0.3934132896896169,0.24089173673229,-6.181556882397107,0.9377001523971558,0.4427937506897602,0.11499612992813145,6.4836402505040205,0.5028520822525024,0.4439245556585295,0.23648505774087905,-7.125738107558186,0.9205050468444824,0.057749653621461616,0.474267019016432,9.355069076690597,0.9980746507644653,0.10212608636062594,0.500655805089265,-9.352439084890039,0.9990934133529663,0.10399308861889908,0.7002448594409423,23.804939647625087,0.3815978765487671,0.11217134204057279,0.7293413981766975,-1.064022118212199,0.9587976932525635,0.05261314198053507,0.896014017532544,38.12644462337861,0.6145227551460266,0.05174983726913195,0.9558213654414385,8.094898857201589,0.9730764627456665,0.004375041169333909,0.9307532112698371,39.28757048515939,0.6846482753753662,0.004275392676522231,0.9992972943112106,8.738342071785336,0.9376558065414429,0.2185930660522338,0.9286756197583635,36.83299063644133,0.8027554154396057,0.23521021417198937,1.0,2.8414470546007773,0.9633035063743591
8,0.2644176706827309,0.21122717484170805,0.004008702969199627,-10.772090163289262,0.9996896386146545,0.051750506178158594,0.11187123467772886,8.289130116602973,0.9991042017936707,0.0877569208488832,0.1316455228245691,-24.02058863705581,0.9998115301132202,0.217315579147085,0.2279158882690103,14.93031058605402,0.08688119053840637,0.21117680823858684,0.2964928096711818,-21.778084406073408,0.959039032459259,0.3953259172025148,0.1398032998064608,11.10200760403187,0.4382016360759735,0.3909551877415131,0.19962598455233957,-8.106894004289405,0.936164915561676,0.45119500968688725,0.0940434420635818,10.416522954631844,0.4865361750125885,0.43976079833298953,0.17886743869819952,-9.575725615936149,0.9179490804672241,0.052467734049945064,0.47429101252627354,10.25176317209081,0.9979813694953918,0.08546573662955873,0.4987209239864993,-10.24581693166881,0.9989689588546753,0.09424081463886713,0.7013956387235813,26.271432402281665,0.3750968873500824,0.10854976809652823,0.7284643383980716,0.3868841566697012,0.9552766680717468,0.04661360888248541,0.8938948109621052,42.97800036367935,0.602730929851532,0.05743132557083908,0.9557812238513903,13.171546150093004,0.9697682857513428,0.010406633094772065,0.9289771349267955,44.42554600497847,0.674988865852356,0.004275392676522231,0.999549801963727,14.229522445877718,0.9345877766609192,0.21013846225798447,0.9240046113974661,41.711889043514496,0.7942782640457153,0.2367424493824943,1.0,8.014701608350942,0.9599170088768005
9,0.2974698795180723,0.209988049976351,0.004008702969199627,-20.211216939700137,0.999683141708374,0.06740454583075157,0.1107354359708139,16.142774115286837,0.999082624912262,0.058188450481095326,0.13036486593629357,-43.3294323465808,0.9997977018356323,0.24459291255232177,0.2125168668569027,29.565368493487846,0.09945975244045258,0.1782740094690516,0.2963581010497778,-42.11735847737073,0.9606375098228455,0.41473559951315087,0.10181653780872653,25.39041873481198,0.4451031982898712,0.3687841795406548,0.2029214303343198,-18.247710510003795,0.9366492033004761,0.4668478183874776,0.061879896794346474,24.71129931243213,0.4876788556575775,0.42000213499798555,0.18164570317364095,-22.389354734710494,0.917166531085968,0.04961652055973234,0.47375257336849746,18.97162413486483,0.9979686141014099,0.05423541099208311,0.4955532888289399,-18.945665388790612,0.9988990426063538,0.08213721251779889,0.7018840673724837,45.80016800402747,0.38748931884765625,0.09279343732935862,0.7285136313034947,-0.5330971776695412,0.9559211134910583,0.04494015419208967,0.8939601926021699,74.0275528959808,0.6029894351959229,0.05678069395139412,0.9560154376012663,19.45755226229883,0.9685000777244568,0.016438225020210223,0.9275144572171508,76.32449575850065,0.6714659333229065,0.0077530997859285465,1.0,20.916332357858828,0.9328985810279846,0.2074220756803349,0.9211482362157795,70.39346598296123,0.790915846824646,0.23809459010399853,0.9987278245414415,8.032918857882628,0.9585797190666199
10,0.3305220883534137,0.20321811558159444,0.004008702969199627,-10.981929435866805,0.9996347427368164,0.07357936245074943,0.1091561067528901,9.155953858904068,0.9990510940551758,0.03915309222820929,0.12915778612261727,-23.71360449368364,0.999750018119812,0.25578064518297566,0.19247606260127648,16.616261983948153,0.11799827218055725,0.11535197267743881,0.28959622984608496,-24.70404907974898,0.96180260181427,0.42214692792049274,0.08792378176136006,14.641358896819549,0.46665239334106445,0.3494195125956153,0.19478049647970366,-16.088981540209677,0.9373348951339722,0.4712910873707351,0.05163065991325163,14.349022518445851,0.5016353726387024,0.4011804512649457,0.17266790289358885,-18.47203431909763,0.9164324998855591,0.04217626896207917,0.4709498603564857,10.305987252255058,0.9979968667030334,0.011201981183216188,0.4906171596604436,-10.29343273263919,0.9988256096839905,0.07076688499510536,0.7007407962540468,24.997024870179573,0.3950749635696411,0.05387384472527584,0.7279472082843594,-0.030660795606399404,0.9551866054534912,0.03949400801752769,0.8922526840193654,40.78049720563073,0.6020076274871826,0.04861731788719851,0.9544650538285303,11.600368308288608,0.9673376679420471,0.022469816945648376,0.9257006497940842,42.071165294341235,0.6688677668571472,0.0014012591289274822,1.0,12.499207346237194,0.9319031834602356,0.2006268568068409,0.9200550295473837,38.2923651064687,0.7883880734443665,0.23112839391565218,0.9925862486758157,5.364654259667511,0.9578069448471069
11,0.363574297188755,0.2129348536291943,0.004008702969199627,-8.958151708401834,0.9996407628059387,0.09889785250544557,0.10910039798888994,3.9766468061605558,0.999007523059845,0.03996411870425805,0.13157282065282977,-16.601989341297255,0.9997196197509766,0.28038317609335855,0.1592336428346099,7.961970068071047,0.13013912737369537,0.19489226743016275,0.2711525920309245,-17.035495401404912,0.963241457939148,0.4306013135357234,0.03968879809172449,4.460070730822585,0.4674161672592163,0.3959888325877044,0.17139965245129005,-10.497357030488539,0.9342108368873596,0.4783206488156764,0.03825326458310036,3.6484915771590565,0.4975634217262268,0.4118587259239934,0.14040349281288111,-11.955903430850118,0.9104849696159363,0.0510116072158147,0.46821164014973604,6.429084000075483,0.9980846643447876,0.013077197614276339,0.4841137703931888,-6.420206259629696,0.9988570809364319,0.07842791432376023,0.7003545873087776,16.752335195444125,0.41668203473091125,0.035874699000326034,0.7264389749435216,0.9497391435213645,0.9568948149681091,0.055285611218294325,0.8901495649355551,27.869655995988847,0.6139681339263916,0.05099492866152921,0.9530142721749625,9.116618018660828,0.967976450920105,0.028501408871086535,0.9228742575787381,28.83260790108949,0.6754136681556702,0.008538361826174738,1.0,9.718354670155739,0.9331853985786438,0.2125024558860018,0.9139865796137407,26.574055477058685,0.7938321828842163,0.2307955937997848,0.9908957497629374,4.375479357355677,0.9584466218948364
12,0.3966265060240964,0.24319007014062644,0.004289031061007292,-6.430172433738257,0.9996715188026428,0.14051940787482256,0.10661053765474439,2.8730959831869485,0.9990687966346741,0.054400324911354825,0.13096369188156895,-11.668327047887514,0.999729335308075,0.3302758444368061,0.16782729665647506,4.590429710062093,0.15022148191928864,0.21561863492201672,0.27305499727572785,-11.718130404334884,0.964539110660553,0.47062163937641427,0.06505844551880997,-0.6614740850246179,0.4862973988056183,0.37265791397303943,0.1741000645920171,-7.11269972960123,0.9329380989074707,0.5121514044886197,0.024875869252949098,-1.5845952977357058,0.5100917816162109,0.4159729654140017,0.14331253730551724,-7.867883504109138,0.9068995714187622,0.08151039751358256,0.4661013239112042,4.557421508153949,0.99823397397995,0.014952414045336489,0.48105355033449254,-4.552837326836761,0.9989359378814697,0.10016190531941026,0.6995800768399844,12.297101323765808,0.44875937700271606,0.04019095671734462,0.7264131567584712,0.6431818214229819,0.959589421749115,0.08081169300630059,0.8907848305322612,20.827287218908335,0.6381949186325073,0.03937411286041569,0.9529932971397893,6.205882278289127,0.9695963263511658,0.05089241801792065,0.9230870931540966,21.56769259913333,0.6920384764671326,0.008865667687105271,1.0,6.584015043033859,0.9354687333106995,0.23790413163763022,0.9148074572509416,19.145363672177997,0.8060250282287598,0.2199972332001967,0.9938929023329675,2.486858267076044,0.9604489803314209
13,0.42967871485943776,0.2976670699282574,0.004569359152814957,-5.535892403120964,0.9997013211250305,0.21049277460948043,0.1070120927123414,2.7955886631410984,0.9991120100021362,0.0989272680711175,0.129032365841687,-9.067950499359164,0.9997428059577942,0.4130223650862289,0.17640961148108206,1.9063966089167763,0.18128658831119537,0.1667279303374831,0.25816700623095146,-9.903790897029438,0.967108964920044,0.5401159074415963,0.07527821244632363,-4.383395095472068,0.5178349018096924,0.3666107569931382,0.15510618826597244,-6.274469073696325,0.9364849328994751,0.578879384031274,0.03542089936141205,-5.445295881824811,0.5341587066650391,0.43474218739704096,0.12640533921398572,-6.8922683373167315,0.9094377756118774,0.15021068371184712,0.4607887861063028,3.556504336138973,0.99837327003479,0.06101075837907278,0.47417481052758376,-3.5529397695655627,0.9990183711051941,0.15666097175422009,0.6919770288767514,9.639190859615995,0.484219491481781,0.07791216874694003,0.717474884112048,0.043612922085193184,0.9626460075378418,0.1369122701552785,0.8809127047447656,16.446463476721316,0.6647082567214966,0.04197241012600929,0.9397855971574481,4.197254152640338,0.9715682864189148,0.10729460062779124,0.9116246438720438,17.026895592712133,0.7118960022926331,0.009192973548035806,0.9835186391805314,4.438660975691979,0.9375432133674622,0.29706010482738954,0.9047835717749224,15.247351225052956,0.8201485872268677,0.197088436052638,1.0,0.8652440592811321,0.9630561470985413
14,0.46273092369477914,0.352613654929049,0.004849687244622622,-4.410846117454773,0.9997286796569824,0.269340756166658,0.10499555735642792,2.8708782233370047,0.99915611743927,0.13333131558767203,0.12231133589072302,-6.994646699906125,0.9997599124908447,0.4691424200038481,0.16508357018681957,2.5594097072845137,0.22695888578891754,0.1438095305745603,0.23506108982355126,-9.726966227466118,0.9700198769569397,0.606351513324688,0.05165999214932226,-1.300178686976531,0.5580443739891052,0.36432098586229444,0.12979622518906334,-9.206519435668035,0.9419692158699036,0.6451846345373613,0.015442363455496502,-1.9356158117199107,0.5689437389373779,0.4191594833376931,0.10979762731640551,-9.995791595446127,0.916199266910553,0.20951859162176412,0.45633877373154574,2.957899420209099,0.9985038042068481,0.11353123918099703,0.46795370014919996,-2.957509506789382,0.9991001486778259,0.20853351995421776,0.6902608049508067,7.768071841253293,0.5147461295127869,0.12161088989686954,0.7112345298873943,-1.750509765474549,0.9651299118995667,0.19134417995161734,0.8776995352287583,13.465707478368197,0.6877655982971191,0.051725095330761535,0.9325895469862447,0.6842718095967759,0.9728559255599976,0.15168213587849302,0.9080652897199668,13.930841976872212,0.729319155216217,0.00952027940896634,0.9714710940947894,0.7792824022673872,0.9375811815261841,0.3550771988460554,0.9022278691648417,12.443595512874863,0.8316181898117065,0.19699357955389496,1.0,-2.3147317156806366,0.9647445678710938
15,0.4957831325301205,0.4128914677172231,0.005130015336430286,-5.701808734853655,0.9997537732124329,0.34702616329956504,0.11177492664884761,0.9969240781197901,0.9991993308067322,0.18354410805435284,0.12672743892927454,-6.463346002670611,0.9997730255126953,0.5789944213219852,0.16450112270195646,0.0450202546693474,0.28750380873680115,0.17389629257799288,0.2363327737910656,-10.703177928026035,0.9726919531822205,0.6917631447189538,0.0488282353624032,-3.414539954861627,0.5989802479743958,0.3941044482042395,0.12695339964506644,-12.863625704536757,0.9472424983978271,0.7166790796469406,0.01570116838107109,-4.10107287982831,0.6061092019081116,0.45194079964515255,0.09897325295321434,-13.908920875809372,0.9231172800064087,0.2830372858545703,0.4595955493793643,2.398528642672109,0.9986190795898438,0.17631268880401238,0.4698448815040487,-2.4019524869138658,0.9991763830184937,0.2710531902916947,0.6909431686357427,6.517702034735119,0.5476114749908447,0.17399337882839708,0.7082143145467853,-1.5663981598895051,0.9673599600791931,0.2547791613678623,0.8725286430570205,11.883207353465275,0.7104188203811646,0.05458620628805325,0.9206465317120647,0.9192900064085608,0.9739202260971069,0.2275089309820056,0.900584171473379,12.331070075847183,0.7475636005401611,0.009847585269896875,0.9540135818683958,1.0508259821808934,0.9336157441139221,0.4227310577439381,0.9019415344017659,10.94272754714854,0.8427745699882507,0.18654369812779714,1.0,-1.6641952340480137,0.9656275510787964
16,0.5288353413654618,0.47146776915337696,0.022849141418332917,-4.874199478094381,0.9997772574424744,0.43950579805312767,0.13068296809457036,0.6495516482976169,0.9992289543151855,0.23746428541961806,0.1345002482487904,-4.880665223687181,0.9997916221618652,0.6602470208931812,0.17674009540713043,-0.3701309114605213,0.344596266746521,0.16520938802669144,0.2528614131107393,-8.120916421417046,0.9751076102256775,0.7611923076363074,0.05086546128896208,-3.315430013180799,0.6362211108207703,0.3884772035780828,0.14731945906515762,-10.296543594261696,0.9521856307983398,0.7826587906522561,0.015959973306645676,-3.873622570613228,0.6400479674339294,0.43632139458065367,0.1241966494421318,-11.089443287122624,0.929851233959198,0.35039346098611307,0.47037612967759684,1.8604189979846626,0.9987343549728394,0.24096257922485226,0.47797974988752356,-1.8655648452397768,0.9992521405220032,0.3369729809219712,0.6957034031196354,5.26182778631159,0.578442394733429,0.20981360471318405,0.7105238316412132,-1.442027886909641,0.9695958495140076,0.3298218748195161,0.8749976339924667,9.43688793770967,0.7324005961418152,0.07175178712435687,0.9128072837117247,0.4737791444880486,0.9753032326698303,0.31610085113177666,0.9028213972499955,9.779672425957163,0.7659597396850586,0.010174891130827408,0.9404337583410864,0.5756995610916094,0.9290912747383118,0.5093827365412997,0.9056020021034412,8.753538756121738,0.853908121585846,0.19952037993955637,1.0,-1.6566486404137906,0.966946005821228
17,0.5618875502008033,0.4942489913793588,0.05471910813649734,-4.162597577587051,0.9997981190681458,0.5039348259055253,0.16412111789391665,0.10607815692321926,0.9992380142211914,0.250144426725733,0.1612908569378221,-3.733893758996878,0.9998108148574829,0.6908046986828106,0.17688882499503789,-1.615637627915278,0.3980407416820526,0.15058544220017295,0.2732592697110312,-6.7966079357124185,0.9774053692817688,0.7928079188145798,0.04966800340885526,-4.647780335293786,0.6688470840454102,0.3619770650655341,0.17381209942474826,-8.990661110729787,0.9566603302955627,0.8141981602712176,0.016218778232220267,-5.239863296162405,0.6697251200675964,0.41115184344113354,0.15444593234291948,-9.665925451282188,0.9359894394874573,0.3972641599570728,0.492440144624915,1.3921797425737281,0.9988406300544739,0.2721466292887638,0.497039082034676,-1.3969680983591264,0.9993234276771545,0.3763792715331892,0.7108674270626547,4.1020986806330795,0.6101586222648621,0.22281099222713555,0.7152113806780853,-1.7140845212689433,0.9722400903701782,0.3774257108264877,0.8861903794200272,7.399719091246672,0.7550426125526428,0.07370711827787142,0.9069289035963068,-0.40492666306702446,0.9772734642028809,0.3643234484221325,0.9135742190677592,7.663269447770715,0.7849765419960022,0.010502196991757943,0.9323920230893447,-0.35404690098933533,0.9281901717185974,0.5541921909290255,0.9181388431130858,6.7628035540927725,0.8658980131149292,0.18844012332696466,1.0,-2.2729866298705246,0.9692251086235046
18,0.5949397590361446,0.49094303632291497,0.07667082395383956,-4.0380416581154455,0.9998170137405396,0.5360323237513275,0.18400213530742224,-0.014014583029530878,0.9992576241493225,0.2634676964358913,0.18231240110735328,-3.391929166971699,0.9998289942741394,0.704779321120706,0.1738392960094348,-1.6875288165790632,0.44998621940612793,0.13691064811211112,0.2861278785257676,-6.286663002572971,0.9795575737953186,0.806095423063019,0.051756945421323544,-4.563072981957421,0.6987729668617249,0.35576761637349824,0.18966805347623328,-8.396678102623984,0.9607675075531006,0.8255370527382072,0.016477583157794854,-5.126162210518085,0.6969704627990723,0.40447053230379687,0.16408857849052427,-9.039122683428484,0.941626787185669,0.43186022486118236,0.5061060228072521,1.2638772752370468,0.9989381432533264,0.29356387253452687,0.5082011884977766,-1.268071093698252,0.9993891716003418,0.4081465841073416,0.7208747593095949,3.7876176142648017,0.6388143301010132,0.22790869606042063,0.7218991297621621,-2.2362949459755916,0.9747911095619202,0.4045136992095104,0.8946148063417422,6.981258715893675,0.7759571075439453,0.06263064242943811,0.904693987943751,-1.4175633587615968,0.9792539477348328,0.38458786716740284,0.9264704701713773,7.227030265733563,0.8020167946815491,0.010829502852688477,0.9283331628764145,-1.4191597588420377,0.9283478260040283,0.5795760963317789,0.9247547311103193,6.25321362389705,0.8768276572227478,0.15471792754173083,1.0,-3.297539544353347,0.9716506004333496
19,0.6279919678714859,0.48458828655605923,0.0925462708161909,-3.8352519129125984,0.9998341798782349,0.5607574483090874,0.20164751460949334,-0.012584764891627253,0.9992660880088806,0.2732046982873125,0.19783563782394667,-2.913873365645111,0.999845027923584,0.7204534739553916,0.17467501897892712,-1.5030626203197597,0.4983767569065094,0.12371259825678473,0.299421529974393,-5.633545085605319,0.981488049030304,0.820189088925028,0.050933845676082994,-4.076228949645129,0.7263866662979126,0.31198670498738773,0.2016370351837842,-7.808902845369737,0.9644480347633362,0.8340900757605214,0.01673638808336944,-4.578296469138488,0.7220969200134277,0.36708786895380796,0.1782263990019006,-8.435531633027562,0.9465731978416443,0.4575843526483656,0.5151046032795792,1.1465434858615648,0.9990311861038208,0.309565499531604,0.5143101139228103,-1.150452254363193,0.9994473457336426,0.4311073677864401,0.730112068581943,2.987879210032312,0.6678397059440613,0.2353036505222619,0.7275755894433588,-1.7226712114834297,0.9770925641059875,0.42393726454577213,0.9059227022670893,5.9348501145327734,0.7961193919181824,0.05333357689885614,0.8986795293695641,-0.36212140561236916,0.981060266494751,0.4012950050533165,0.9415869939217614,6.157717323702245,0.8182619214057922,0.011156808713619012,0.9216772303668103,-0.2940559006808089,0.9300810098648071,0.5960782667648334,0.9316763204319768,5.137809016392292,0.8872103691101074,0.12509868841683877,1.0,-1.9392800500760827,0.9738910794258118
20,0.6610441767068274,0.4976618754799953,0.0944412189356485,-3.471902420048661,0.9998488426208496,0.5756826109906819,0.21308361803218664,0.11666346137710008,0.9992509484291077,0.285889497029794,0.20935851844299158,-2.930811081694691,0.9998586773872375,0.7222975742067734,0.17516081979463663,-0.6349521990732419,0.5399919152259827,0.11406137816632761,0.3021133567580527,-6.050340753435342,0.9832748770713806,0.8356559165654645,0.04597537320733651,-2.6197626956641313,0.751081109046936,0.310344675399173,0.19950951016482274,-8.194981540574837,0.9678310751914978,0.8465311590845269,0.016995193008944028,-3.331994468573014,0.7441282272338867,0.3526163937312858,0.17339629893659683,-8.822227824267213,0.951141893863678,0.478952579060691,0.5219593022331417,1.105588003629762,0.9991209506988525,0.32466419926088735,0.5217490421879765,-1.1088865922620756,0.9995004534721375,0.45173963310753773,0.7347769831791399,2.809724345330815,0.6963725686073303,0.233740875316642,0.7281675978519753,-1.4789068043955693,0.9791633486747742,0.44492202470012343,0.9109055310557087,5.691006910298227,0.8151782155036926,0.04539885555389521,0.8992634844106832,0.010833843679165466,0.9827226400375366,0.4167465562420442,0.9483046595629024,5.906532792695743,0.8339491486549377,0.011484114574549545,0.920596731135286,0.08012052002375712,0.9329493045806885,0.6164827919184322,0.9358696677421653,4.875309898629882,0.897125780582428,0.1196166907320869,1.0,-1.4694536356652974,0.9759948253631592
21,0.6940963855421687,0.5061803677524754,0.10198176060950669,-3.5154896509649065,0.99986332654953,0.5773010872375166,0.21993331288428475,0.14094883079688342,0.9992529153823853,0.28770248688113165,0.21699314822925977,-2.673161147860692,0.999871551990509,0.7275839583018002,0.16921710504872722,-0.6156022514550675,0.5799352526664734,0.0918889496109546,0.3116635926120892,-5.4331952591782775,0.9848880171775818,0.8404767709077012,0.04521996791553204,-2.355997806022439,0.7738862633705139,0.25642872546616463,0.21554229269553735,-7.542850723347436,0.9708966612815857,0.8491509849699493,0.01725399793451862,-2.706653147518896,0.7646497488021851,0.3008552881552235,0.19109044328447441,-8.103400850851246,0.9553247690200806,0.4891752871908142,0.5231516270164972,1.055707345843389,0.9991987347602844,0.3300860422741664,0.5227591660181461,-1.0593984668722516,0.9995474815368652,0.4631705044351665,0.740739550112001,2.5857214314046404,0.7224384546279907,0.22662111172279661,0.7309006778993559,-1.438320927351568,0.9810200333595276,0.45673787221844947,0.9157840759061541,5.206442799297956,0.832507312297821,0.042846951819273234,0.9033667483289154,-0.02192514858635325,0.9842230677604675,0.4256180925859698,0.9527906030817342,5.393034999054284,0.8481255173683167,0.011811420435480079,0.9236470253108323,0.055898176480210456,0.9352409839630127,0.6281707745590618,0.9394691418052225,4.364689913741681,0.9061606526374817,0.10456060664915551,1.0,-1.5311381488880424,0.9778868556022644
22,0.72714859437751,0.5074330432582229,0.10065623265804241,-2.788361209473384,0.9998752474784851,0.5706861193819595,0.21221773874524222,0.22506347317525194,0.9992436766624451,0.25625273625696177,0.2137296350036312,-2.291519493921786,0.9998822808265686,0.7262859172374431,0.1619897063974295,0.06896697485990114,0.6161548495292664,0.0758110613206875,0.3107249435914398,-4.829334411007789,0.9863362312316895,0.8388157114150847,0.04503818238779886,-0.9439203470503225,0.7939046025276184,0.2211132364959629,0.21231840899244936,-6.823199301885073,0.9736314415931702,0.8491594536871915,0.017512802860093206,-1.1152808601441446,0.7817813754081726,0.2625825664927541,0.1833309054476339,-7.350105365041194,0.9590473175048828,0.48744851956389174,0.5228475955751769,0.9414385276887137,0.999267041683197,0.3226141947058616,0.5228595442345791,-0.9443054094969757,0.999588131904602,0.47105596389137455,0.7397028100399335,2.2875829251508133,0.7452498078346252,0.2063937723140516,0.7310658276772157,-1.258251163861273,0.9825531840324402,0.4605324333796632,0.9166555322655958,4.531783154213668,0.8476131558418274,0.03819573232970547,0.9018904510054991,-0.0027609165608546,0.9854118227958679,0.4287655264872465,0.9538575158100585,4.687871151323285,0.8602487444877625,0.012138726296410614,0.917995457164363,0.0659683132645871,0.9366756677627563,0.632728472466073,0.9404868542691805,3.771112134395765,0.91379714012146,0.09038825828691176,1.0,-1.3473976927115705,0.979253888130188
23,0.7602008032128514,0.49762978211391545,0.10174641177670996,-2.847485933078841,0.9998855590820312,0.5553537038627135,0.2115304325717338,0.2537628337466424,0.9991841316223145,0.23804425521854955,0.21494469491599133,-2.418050510799356,0.9998904466629028,0.6954398814389247,0.16416097855262263,0.9008321320388756,0.6432142853736877,0.06047150107108647,0.3116429496193489,-5.074146733920132,0.9876081943511963,0.824422890138087,0.04510015578425715,0.7860178095391688,0.8108994960784912,0.18304499678283762,0.21533722217823634,-7.263593147138967,0.9760265946388245,0.8414225544826726,0.017771607785667793,0.7956357462376825,0.7952293157577515,0.22121883060329878,0.1870200601503424,-7.792228690858329,0.9622079730033875,0.482685087197924,0.5230585233615054,0.9407371206946873,0.9993279576301575,0.30683950876105237,0.5240331507115114,-0.9434958081840232,0.9996240735054016,0.472803659424613,0.7379118887809687,2.3162142574909064,0.7656732797622681,0.18812041888903633,0.7309901388676704,-1.287612927082846,0.9837929606437683,0.46514268700522887,0.9156758884553495,4.565154528091779,0.8612616062164307,0.03586706707421105,0.8999280738397307,0.01755375494800076,0.9864094257354736,0.43041406050495506,0.9527713874389047,4.724461724284974,0.8712695240974426,0.012466032157341147,0.9140513608541037,0.09508775440710442,0.9377219080924988,0.6314418797595325,0.9398304772886179,3.84871668388983,0.920674741268158,0.08112629676176158,1.0,-1.2896539393994046,0.9803733825683594
24,0.7932530120481928,0.48503259620110245,0.10738854642784777,-2.8838402538563104,0.9998948574066162,0.544327295211283,0.21641260534056742,0.26070242751055317,0.9990887641906738,0.2306260088432724,0.22536736721433356,-2.499131505927244,0.9998952746391296,0.6776199493579731,0.16393061305737358,1.0331723450495234,0.6691650748252869,0.039285902247335865,0.3177430016722306,-5.132013105461054,0.988732099533081,0.8121137299264736,0.04286040774653662,1.1626349107709226,0.8258278965950012,0.14145775467579763,0.21950693843834873,-7.363428682777817,0.9781222343444824,0.8338138951689793,0.01803041271124238,1.2086594467498604,0.8061591982841492,0.16624056998928607,0.1897112701263781,-7.896947762942591,0.964834451675415,0.471177082752659,0.5307225217713204,0.9379082476337218,0.9993844628334045,0.29407942032604095,0.5299274083474892,-0.9407903541563818,0.9996562004089355,0.47290427918116884,0.7398123171814932,2.3840562500393143,0.7858818769454956,0.17457752227925388,0.7358867089102662,-1.0185029936686583,0.9850705862045288,0.4673404880189447,0.918742100743964,4.703962318533053,0.8740589022636414,0.03609454439366594,0.9048932633108339,0.5676416755713866,0.9874324798583984,0.43126803010927406,0.956127675232328,4.8713428973416,0.881840169429779,0.012793338018271682,0.9210040459990807,0.6736698859844306,0.9395918250083923,0.6320806235665343,0.9437377696790294,3.9700065392939923,0.9273861050605774,0.08490728739366914,1.0,-0.7246353342817928,0.9815968871116638
25,0.8263052208835342,0.46680830225979486,0.1122461060774688,-3.025885390663384,0.9999027252197266,0.5299332451445768,0.2205222236385904,0.049287036428893524,0.9990242123603821,0.21525796484342805,0.23458107748402005,-2.763520103839043,0.9998992085456848,0.6679753097312265,0.15812293115603523,0.8782629916148562,0.6937788724899292,0.020957292844660858,0.32056760584795624,-5.427273710106691,0.9897539615631104,0.7978615287444737,0.0403768267667691,1.0102551918274234,0.8395552635192871,0.10584289165098527,0.21961701489122076,-7.825200985325859,0.9800645112991333,0.8226458940613514,0.018289217636816967,1.0448509611812822,0.816535234451294,0.12750679418556424,0.18559203690842815,-8.408645601649347,0.9674407839775085,0.458736479364545,0.5369109466438834,0.915585721508535,0.9994368553161621,0.2837826101949398,0.5363232307040785,-0.9185025509701757,0.9996864795684814,0.47040976443151766,0.7407589306890949,2.520884491179689,0.8041711449623108,0.16764655301390952,0.7378430448622982,-0.8674515336329192,0.9862375855445862,0.4697691330237852,0.9188092956978894,5.170122130742249,0.8856119513511658,0.03363110092236197,0.9074292597408327,0.7319890197972075,0.9883567690849304,0.43559027951710316,0.956735848474897,5.368103138548138,0.891532301902771,0.013120643879202216,0.9236141973086063,0.8391280283192918,0.9416340589523315,0.6347391928874526,0.9436134766397858,4.41427723629833,0.9334840774536133,0.08138852844685186,1.0,-0.5932391201936178,0.9826739430427551
26,0.8593574297188755,0.4473070010328189,0.10985927003363502,-3.1683267009539353,0.9999099373817444,0.503687373732579,0.2199733164866659,0.019785250520323087,0.9989566802978516,0.2025674623141594,0.2376208446085362,-3.0979491521511626,0.9999014139175415,0.6462687857358073,0.1480561347569056,1.365654078099304,0.7125284671783447,0.005843812672209391,0.3185191033180284,-5.944404824613235,0.99062579870224,0.7770235529668185,0.039486514199441027,1.958688883305547,0.851575493812561,0.06584468654033777,0.22005681697365032,-8.640610898215874,0.9817335605621338,0.8059887837304631,0.018548022562391558,2.0973596964004093,0.8258533477783203,0.07920037846151577,0.1884804749045782,-9.271908355735075,0.9696440696716309,0.4432864303769442,0.5378524529739304,0.9589896290768631,0.9994842410087585,0.2702194014158774,0.540782742670098,-0.9621905077224852,0.999713122844696,0.47292599419571685,0.7396001781269698,2.8119184670440682,0.8197661638259888,0.16462559608604793,0.739298488202586,-0.6685156208241256,0.9870986938476562,0.47644678334638313,0.9175414924968094,5.635381116754155,0.8956266045570374,0.036167536398634,0.9077431767082943,1.025330027009156,0.9890163540840149,0.44122045955137035,0.9561180512563077,5.8530353428854065,0.89974445104599,0.013447949740132751,0.9261340479287243,1.1404720215015747,0.942569375038147,0.641730889589427,0.9432897337539228,4.929279122525882,0.9386768937110901,0.08679903381497682,1.0,-0.33313737404477073,0.9833046793937683
27,0.8924096385542168,0.43835304515624857,0.10377573094001383,-3.423655932866703,0.9999164938926697,0.4882457187721206,0.22092265137907927,0.03252966025963047,0.9988288879394531,0.20398289250078064,0.23337446032372655,-3.354279080043538,0.9999046325683594,0.632397938316681,0.14726437395032815,1.7809539372180754,0.7221333980560303,0.005616789722035615,0.3101346463363432,-6.41352914722968,0.9913945198059082,0.7588504165430496,0.039232091884978726,2.7831493662407887,0.8608987927436829,0.04859067040092351,0.21664695232428707,-9.316108399050036,0.9832044839859009,0.7967975815829168,0.018806827487966145,3.030100919413116,0.8320550918579102,0.05789544435485729,0.18564802220084847,-9.978351188716273,0.9715386033058167,0.4435116205256622,0.5364455362621193,1.0289540153172905,0.9995247721672058,0.27093928264353856,0.5407787910814768,-1.0324920423699906,0.9997355937957764,0.4863723570188555,0.7382784858063733,3.0765144900651973,0.8332757353782654,0.17786394097197245,0.7387831625201788,-0.5858093629900684,0.9877923130989075,0.49345339570332786,0.9181933267898177,5.913285710655494,0.904447615146637,0.051595719575549745,0.9096890706586032,1.1960402722977987,0.9895091652870178,0.4581094532599882,0.9581376992553414,6.145171551456642,0.9064444899559021,0.013775255601063284,0.9287580568972327,1.3192094808714983,0.9428298473358154,0.6683085922862175,0.9441361957509625,5.264202126638509,0.9431188106536865,0.10915042036703672,1.0,-0.21375521078995624,0.9837245345115662
28,0.9254618473895583,0.4518906990804619,0.10825425358354736,-3.216308059616188,0.9999223947525024,0.4974983542724318,0.225991924888826,0.08386483311551,0.998728334903717,0.21455446784972615,0.2386117609816311,-3.148499288968512,0.9999075531959534,0.6340686300555436,0.1489432387582965,1.7099275140430612,0.7346876263618469,0.00538976677186184,0.310837360728382,-5.856689933120488,0.9920944571495056,0.7711745992506557,0.041974861895911764,2.383519728154796,0.869774580001831,0.04152051804204,0.2194384335693748,-8.465823543420685,0.9845055341720581,0.8091219169524201,0.019065632413540732,2.5677853491825626,0.8379804491996765,0.047971434531922624,0.18853606030997289,-9.073232591679336,0.9731732606887817,0.45334218325547004,0.5399342156409277,1.0188979633700979,0.9995548129081726,0.2849641463497846,0.5466727219746718,-1.022625479903469,0.9997528195381165,0.5135331379899919,0.7394696646407113,3.0767280078970902,0.8458752036094666,0.1955662673109007,0.7439592430044694,-0.5661037870734783,0.9885731339454651,0.5249316960138436,0.919172264750445,5.648652409131966,0.9126536846160889,0.08323301432971483,0.9197491223252382,1.1085758776249959,0.9900760054588318,0.4917534926617609,0.9596625880960623,5.838362779357555,0.9129579067230225,0.046239519497886704,0.9395409189116329,1.2213194295894523,0.943874180316925,0.699480498198229,0.9451205645754414,4.929067546249049,0.9473077058792114,0.14640540659957726,1.0,-0.27232844597098255,0.9842124581336975
29,0.9585140562248996,0.4470500320441193,0.10814991004805947,-3.43211364451891,0.9999291300773621,0.4985972300534875,0.2270791617383812,-0.09850839974360376,0.9986802339553833,0.21112632391924438,0.24209863900944936,-2.964686380138815,0.9999116063117981,0.6308116354413781,0.14808900830728677,1.359992418155255,0.7492021322250366,0.005162743821688064,0.3110556913804231,-5.6460081119285,0.9926949739456177,0.7714630379706018,0.04270063626946444,1.9291579952943654,0.8792533278465271,0.034345512860418,0.22020266393892318,-8.359165917716076,0.9856985807418823,0.8142520138978772,0.01932443733911532,2.075758581879556,0.8462551236152649,0.03520091841894181,0.19014725067727073,-8.955196312116358,0.9747738838195801,0.4552269366314667,0.5440388309337939,0.9450684315256008,0.9995896816253662,0.2825106455445687,0.5528317058981334,-0.9491521062282311,0.9997724890708923,0.5277791555579641,0.7398275036623451,2.9932908698552754,0.8585253357887268,0.19959542340111938,0.7498275753193553,-0.44028789761484255,0.9894202351570129,0.5441517746978202,0.9190761709539206,5.6181309571830065,0.9204090237617493,0.10109026700745548,0.9223692584260808,1.4076189538202841,0.9907118678092957,0.5106895184604133,0.9597460027704392,5.825634179111161,0.9196009635925293,0.06682209333415146,0.9414816385629367,1.5486396754356972,0.9454904198646545,0.7176079803964336,0.9449454712545665,4.926759394462867,0.9514613151550293,0.16113262749685495,1.0,0.10510793753618902,0.9849366545677185
30,0.991566265060241,0.445005394225039,0.10961785439639807,-3.375091803116047,0.9999348521232605,0.4895071785760642,0.22835221428401956,-0.026718818979232558,0.9985893964767456,0.20353369890315098,0.24291854789974138,-2.9633022906779987,0.9999121427536011,0.6281859632913566,0.1448266660339676,1.510257704198665,0.759178102016449,0.004935720871514288,0.3119230377372447,-5.556337602619684,0.9930968284606934,0.7817587825380632,0.039474003743159514,2.091743378307339,0.8860244750976562,0.022615410596128135,0.22344585607677248,-8.310680033740777,0.9865598082542419,0.8229128815210458,0.01958324226468991,2.2533275392348715,0.8503889441490173,0.014784419412511003,0.1975002616862082,-8.902930173746116,0.9757794141769409,0.44412194158605567,0.5485285140270786,0.9617848394974906,0.9996138215065002,0.2783908601032509,0.5568904141899521,-0.9657790367485902,0.999783456325531,0.5313803214762731,0.7390418795629352,3.0044573200199776,0.8681315779685974,0.2065469841885704,0.7520808031184623,-0.24182254782010107,0.9900519847869873,0.5583163318711472,0.9185143480803398,5.440288499122342,0.9269487261772156,0.11503452164458966,0.9308806752760267,1.5941526132489128,0.9911808371543884,0.5254315728946124,0.9601094755529255,5.620886185344756,0.9249642491340637,0.08124894802144293,0.9504027176287182,1.7309164850348926,0.9465560913085938,0.7362905317045054,0.9425570999306359,4.751591177815204,0.9548758268356323,0.18226585364832446,1.0,0.3506317423193008,0.9853609204292297
31,1.0246184738955824,0.4513843221962045,0.1134368959815811,-3.1449688058829803,0.9999403953552246,0.5041401124912472,0.23164387452736288,0.00016845520913738577,0.9986158609390259,0.20355327425461076,0.24665040201168703,-2.5865888857777586,0.9999160170555115,0.6528236481654043,0.14850486011396058,1.2650429659424318,0.7756195664405823,0.004708697921340513,0.3150418020351368,-4.870166002860388,0.9935725927352905,0.793934946892019,0.03747536760415656,1.5713875643017086,0.8942392468452454,0.015973345379691372,0.22774669421081747,-7.47367964906467,0.9874498844146729,0.8285610496933911,0.019842047190264497,1.6695703865063047,0.8573093414306641,0.013702972745151866,0.2027125835481648,-8.013381046910858,0.9768491387367249,0.45407571992794604,0.5494594759112883,0.9024330712808935,0.9996373057365417,0.2830421467346958,0.5569457599263014,-0.9061342794292034,0.999798059463501,0.541718523733691,0.7377023909952845,2.8450928636436257,0.8781405091285706,0.22449993177590022,0.7517867972189427,-0.4064455053813731,0.990774929523468,0.5792992100376156,0.9173317013558977,5.175171219088433,0.9330765008926392,0.13709367887485,0.9357107577835818,1.1470852437730588,0.9916956424713135,0.5489940593705593,0.957953978391688,5.353879402322321,0.9300304651260376,0.10514554539355261,0.9562570044842571,1.2364969521449083,0.9477536082267761,0.7536083168701191,0.9410178658358511,4.515411622656044,0.9580422639846802,0.20813286203677595,1.0,-0.11669222776463253,0.9859311580657959
32,1.0576706827309237,0.45146380870663994,0.12142513722648121,-3.123686369519637,0.9999454617500305,0.5075786708609575,0.23838190735859047,0.004554336959750794,0.9986625909805298,0.21589899189533807,0.2559493495610243,-2.661705894385395,0.9999208450317383,0.6708077534769715,0.14908764881107045,1.2477419401266234,0.7927331328392029,0.004481674971166737,0.3236621913156865,-4.98170570723607,0.9940330982208252,0.8028586254206073,0.04052435454185464,1.4076431524220983,0.902640700340271,0.010022954825973762,0.24132723744590168,-7.6167305047329,0.9883602261543274,0.8352226119083831,0.020100852115839084,1.4624801121382236,0.8658407926559448,0.005638277940945921,0.21542483004549037,-8.181262588098312,0.978155791759491,0.4635047976270626,0.5529230888857837,0.9268063179217301,0.9996619820594788,0.29273366830688996,0.5600409332693015,-0.9305088997461154,0.9998127818107605,0.555243141233032,0.7395033709346842,2.855022463042549,0.8879380226135254,0.24130647825792637,0.7538747780485363,-0.6952118431647113,0.9914709329605103,0.596635697257681,0.9175633123613292,5.28653445394758,0.9387319684028625,0.15965649510448857,0.9373667528214211,0.7917929217603115,0.9922189712524414,0.5674859479544335,0.9579202736099468,5.4700908253362845,0.9348795413970947,0.12613851773018875,0.9573039319441778,0.8865527260541024,0.9493557214736938,0.7687772629315854,0.9413511971232549,4.595697743462162,0.9610556960105896,0.22856693578822967,1.0,-0.5758034146603587,0.9866319298744202
33,1.090722891566265,0.44742877970150363,0.12830927386356053,-3.3059632775003385,0.99994957447052,0.49747323331592863,0.24374257481161157,-0.008879339808837686,0.9986787438392639,0.21407395377162336,0.2611083164128462,-2.8752180347389276,0.999923825263977,0.6684960014114301,0.15025965417013745,1.265993976483585,0.8082127571105957,0.010985991915154002,0.3318818965908057,-5.092139726056681,0.9943956732749939,0.798842716691117,0.03956434421330798,1.383016301492327,0.9100127816200256,0.004072564272256153,0.25205103908857573,-8.003612770910935,0.9891011714935303,0.8275407066850848,0.02035965704141367,1.4546980079793086,0.8729634881019592,0.006077526038433527,0.22545699226686594,-8.607020215287292,0.9791538715362549,0.4605322988227771,0.5547319545520779,0.9541102188224093,0.9996815919876099,0.29365806193588406,0.5633152091043795,-0.9580429318137046,0.9998239278793335,0.5570696631263256,0.7372479063812389,2.870232396831065,0.8962807059288025,0.2507947068966467,0.7563059240080776,-0.7733782027431205,0.9920231699943542,0.6056527692907874,0.917879769080153,5.336571249808601,0.9436001777648926,0.1716045357143617,0.9386124962309761,0.8079090963424641,0.9926487803459167,0.5762504826014438,0.9579945667137816,5.520044569357943,0.9390912652015686,0.13980213027110294,0.9582481353458578,0.9103593632129987,0.9505295753479004,0.775405512051793,0.9419809001937387,4.618521033093068,0.9636228680610657,0.2417463219318918,1.0,-0.5873973655617232,0.9871786832809448
34,1.1237751004016066,0.4497939196167143,0.12673529767005623,-3.1425084179107485,0.9999533295631409,0.5117853047143021,0.2418964541194526,0.007435248039401838,0.9986717700958252,0.2207667755888992,0.2592511379366046,-2.5608534007989037,0.9999254941940308,0.6688834599849958,0.14591083301225885,1.1928606899807817,0.8213545083999634,0.020040647401978806,0.3358928064073521,-4.835347727700516,0.9947819113731384,0.79378637967879,0.03780107869009915,1.3095531293746787,0.9160521626472473,0.006304914185024394,0.2515851738371846,-7.527507000038854,0.9898527264595032,0.8211201296031988,0.020618461966988258,1.3639563728728223,0.8780214190483093,0.006516774135921133,0.22433784498299736,-8.093331087869487,0.980199933052063,0.47881998201545833,0.5527701968144275,0.8865949055099884,0.9996989965438843,0.30206775248022183,0.5622221053188782,-0.8901125774958347,0.9998320937156677,0.5714509687982243,0.7367133477015191,2.3045319815129743,0.9047881960868835,0.2635954628610367,0.7554683587715555,-0.6040022028018253,0.9925662875175476,0.6237920921006062,0.9192707023121349,4.6450760198957,0.9483595490455627,0.19041719252686082,0.9382499055896241,1.19060923375397,0.9930636286735535,0.5940442334939988,0.9585275007742116,4.813358014909433,0.943361222743988,0.1576258591508086,0.958565303163967,1.3184145785153942,0.9517867565155029,0.7962624362077843,0.9438950260413123,3.8596399954802063,0.9662349820137024,0.2606426701248205,1.0,-0.12274574005747056,0.9876959919929504
35,1.1568273092369479,0.44984267774007675,0.13070567025449048,-3.1254276842618385,0.9999567866325378,0.5117154103333437,0.24306513633784504,0.021812516191718093,0.9986749887466431,0.2224720663063157,0.26275305570836127,-2.5028955414031393,0.9999265670776367,0.6691957227385162,0.1462327309272791,1.1672460886829734,0.8335843682289124,0.024899756754958615,0.3431647169740901,-4.824561604452231,0.9951282739639282,0.7882048061585296,0.038253731028428384,1.3461374062308709,0.9219923615455627,0.009213156111173362,0.256955363966955,-7.483629570565463,0.9905487298965454,0.8141460757602558,0.02087726689256285,1.3992445533888958,0.883804976940155,0.006956022233408739,0.2285982497391485,-8.04530833578818,0.9812185168266296,0.48423045155301986,0.5520965753672882,0.857926370072788,0.9997166991233826,0.3067359457969778,0.5612997517786313,-0.8612956388980253,0.999840497970581,0.5750819606513148,0.7346436219440889,2.2347229378605955,0.9126037955284119,0.26595202279590624,0.7554032366681759,-0.4264167596276367,0.9930529594421387,0.6276059592601068,0.9156888994906297,4.572795493926673,0.9526855945587158,0.19964219124999394,0.9356533836591476,1.4518091397725599,0.9934204816818237,0.5979969200861338,0.9545944753030827,4.741242329992898,0.9472785592079163,0.16665601083541182,0.9548006683423909,1.5891349472952838,0.9528167247772217,0.7983663582966466,0.9412227593410262,3.785366295363848,0.9686338305473328,0.2698863504210676,1.0,0.17923291347559953,0.9881261587142944
36,1.1898795180722892,0.4507672956394609,0.1331309660204412,-3.1309502031870156,0.9999589323997498,0.519024226484892,0.2440855841924417,-0.04304477007466143,0.9986506104469299,0.23224063201641354,0.26638648288545447,-2.547865618520148,0.9999263882637024,0.6750517714908607,0.1441411745607537,1.0185846445581008,0.8453249335289001,0.03405025782670725,0.3446514562491206,-4.928956540979252,0.995403528213501,0.7916298549127988,0.03567369788658636,1.305199790173887,0.9273805022239685,0.009937424234709313,0.26045330909633463,-7.6077592848311895,0.9910940527915955,0.8118829848582988,0.021136071818137436,1.3451742068721795,0.8890810012817383,0.007395270330896345,0.2327441371484574,-8.190558324584508,0.9819405674934387,0.4930582819368226,0.5523393974990147,0.8422882606212866,0.9997317790985107,0.31141659200254396,0.5612535563464468,-0.8456098253397784,0.9998490810394287,0.5832175918325649,0.7334236228277476,2.3501654352983894,0.9195265173912048,0.2779130607115933,0.7555487831856145,-0.4633579975498017,0.9934821128845215,0.6373001629064763,0.91399898744577,4.793749340334749,0.9565297365188599,0.21218202530007654,0.9354674838867053,1.2604024525225908,0.9937326908111572,0.6055633805015384,0.9529107381666738,4.971063749895525,0.9505084753036499,0.1797444963759149,0.9552220875044499,1.3832019220579472,0.9534448385238647,0.8060013215092203,0.9410030530566145,4.008372089606511,0.970693826675415,0.2824375827490729,1.0,-0.013916782648095082,0.9885224103927612
37,1.2229317269076305,0.4497875339093733,0.1341238386819508,-3.0228928960832957,0.9999608397483826,0.5184572721098238,0.24251393474319044,-0.01820739370848686,0.9986565709114075,0.23147710290443224,0.26686701675604063,-2.4717056458742146,0.9999264478683472,0.666411277997959,0.14227174889312344,1.0942004985597926,0.8566508293151855,0.04171033391592112,0.3469525774612322,-4.887170760000273,0.9956864714622498,0.7873841969237969,0.03382486997772966,1.4014540438214813,0.9329026937484741,0.009530932298790496,0.2634884369338654,-7.583457454003787,0.9917153716087341,0.8096310536734831,0.021394876743712023,1.4415248124068216,0.8954784870147705,0.00783451842838395,0.2355825086267807,-8.174510211982582,0.9829390048980713,0.500631481154989,0.551006808843849,0.833032898005074,0.9997475743293762,0.3167014582405848,0.5611096486037617,-0.8361826219597773,0.9998576641082764,0.5881789958719723,0.7323942157700155,2.271377052916208,0.9260112047195435,0.2872893352085629,0.7573895129367496,-0.4989353749548426,0.9938634634017944,0.6423241844777252,0.9129206486448193,4.773241037783424,0.9600456953048706,0.22190377131000674,0.9350312909485285,1.314120551545355,0.9940310120582581,0.6073249076809007,0.9516931407331911,4.9530055344658885,0.9536316990852356,0.19018330181562906,0.9543008584247267,1.4430755890819313,0.9543513059616089,0.8105469857991878,0.941949567916292,3.950133054595062,0.9726343750953674,0.29155765619913926,1.0,-0.020585745969064186,0.9889239072799683
38,1.2559839357429718,0.45104529678952415,0.13908404591674864,-2.8374524030645363,0.9999614357948303,0.5191263986865757,0.245385691743337,-0.00982874908897437,0.9986511468887329,0.22721140938112463,0.27138122093624867,-2.3363595652959614,0.9999253153800964,0.6723514205136272,0.1441093456778546,0.8758447182748542,0.8685499429702759,0.038155343993105335,0.3529975737413679,-4.538146614833344,0.9959377646446228,0.7923219691212461,0.03507724593122806,0.8274533083578989,0.9382981657981873,0.007671468235929074,0.26952912691207603,-7.144404487973947,0.9922323822975159,0.8104040492839015,0.02165368166928661,0.7778440319805473,0.902117133140564,0.008273766525871556,0.24263028805203962,-7.700699692494452,0.9837449789047241,0.502167751279782,0.5536907082413732,0.7788489764555973,0.9997584819793701,0.3199962500707043,0.56366027431847,-0.7814842612071674,0.99986332654953,0.5892534884498286,0.73373454840141,1.9764328214174056,0.9319090843200684,0.291988799045426,0.7598461899913351,-0.4020490975110244,0.9941513538360596,0.6433489107692222,0.9133400615971468,4.286068449193303,0.9631349444389343,0.22749092145529454,0.9353792394552696,1.4958206047057891,0.9941985607147217,0.6063911557965542,0.9518188996329877,4.449660567106779,0.9565542340278625,0.19733661724923757,0.9545047318467356,1.6308672607076877,0.9546863436698914,0.8085834623426651,0.9442111386121327,3.4594843827892516,0.9742425680160522,0.2968254828007312,1.0,0.22737537255734133,0.98898845911026
39,1.2890361445783134,0.4456806958897743,0.14772294257314472,-2.8104758165606194,0.9999608397483826,0.5159841026035636,0.2524233292541703,-0.25832183156323885,0.9986457824707031,0.22248261907897482,0.27887145278029074,-2.241346965286161,0.999923050403595,0.6701333223350815,0.15125817030262087,0.3286628051391787,0.8796399235725403,0.034967030823778715,0.3598444120063991,-4.300419527961709,0.9960998296737671,0.7938086997191913,0.037358385860270474,0.12343022107358703,0.9432487487792969,0.007107426884259807,0.276805957873988,-6.8080704585473715,0.9925732612609863,0.8127894391888353,0.021912486594861197,0.036036578678614664,0.9083390831947327,0.008713014623359163,0.2499346934844693,-7.334896922714768,0.9841367602348328,0.4994258617176924,0.5570417142632014,0.7085266395911047,0.9997632503509521,0.3177341431745607,0.5676348450989577,-0.7109598344546169,0.9998666048049927,0.5859452203726372,0.7354570577949873,1.9040514458893543,0.9366140365600586,0.29309872704903844,0.7621849194663731,-0.5110768271932035,0.9943141341209412,0.6385320888501934,0.9138213480604427,4.133879147139981,0.9656038880348206,0.22907387001532498,0.9366119902709772,1.2747001492612693,0.9941852688789368,0.6013823990383421,0.9517610977169538,4.289968718439446,0.9582548141479492,0.19908983312701942,0.9561859602568253,1.39704266529586,0.952787458896637,0.800750467192765,0.9455998967120695,3.3374631753021253,0.9752641320228577,0.29849470920971916,1.0,0.012982264840882381,0.9887311458587646
40,1.3220883534136547,0.4467459211952612,0.14660142515556696,-2.772027278684959,0.999960720539093,0.5093872781694,0.25131737768206913,-0.18431040227476309,0.9986602663993835,0.21846620833888972,0.27776453641514093,-2.2937956604696375,0.9999196529388428,0.6625260400506475,0.1500996447013498,0.5766588190508939,0.8892892599105835,0.034457525901416854,0.35875916138427844,-4.441578499941625,0.996246874332428,0.7941264419566644,0.03771615981705619,0.5421390297086768,0.9476713538169861,0.007063907545772283,0.27570483409493907,-6.966207559515921,0.9929060339927673,0.8147455409425252,0.022171291520435787,0.5077441671391847,0.9139492511749268,0.009152262720846769,0.2490673377423286,-7.497111270089022,0.9845854640007019,0.4975504329996,0.5560646482464143,0.7065752502424391,0.9997709393501282,0.31546060093135514,0.5669127306767574,-0.7087797738819681,0.9998696446418762,0.5846368652386945,0.7325953965653144,1.7996865906852153,0.9413067698478699,0.2922408901082797,0.7621320559658089,-0.47387210774628774,0.9944659471511841,0.6377698969224616,0.9137643832577889,3.779993068699491,0.9680555462837219,0.2292721460909887,0.9365893706157058,1.2491944163862305,0.9941626191139221,0.6000187221659619,0.9518806006408843,3.9077510328294403,0.960219144821167,0.1994834108142294,0.9562727309936346,1.3660821241676142,0.9515066742897034,0.8003481160985542,0.9456001985764287,2.9115254667906116,0.976455807685852,0.2982063689692643,1.0,-0.02319949406893845,0.9884757399559021
41,1.355140562248996,0.45475355071927165,0.1439714274855406,-2.893216794582713,0.999960720539093,0.5202189425797054,0.24899468089814988,-0.24158402450151492,0.9986695647239685,0.22808921707105861,0.27736926690619856,-2.3257583908563064,0.9999164342880249,0.6737417695238209,0.147750408512344,0.5249702658611649,0.897377610206604,0.03689619034377377,0.3588599193984883,-4.508321109347986,0.9963597059249878,0.8035874982368519,0.037917133283609156,0.47263826757106453,0.951395571231842,0.013451819714638533,0.27348655101616437,-7.032562067267071,0.993171751499176,0.8262423018474612,0.022430096446010375,0.4357914597580845,0.9183750152587891,0.009591510818334375,0.2472381851583027,-7.571500930225372,0.9848867654800415,0.5049350390235502,0.5550589616346918,0.7098643548999259,0.9997783899307251,0.3237779230054084,0.5658532181899321,-0.7122538360386247,0.9998723268508911,0.5918005568182138,0.7297969197901576,1.945513077930576,0.9453816413879395,0.29932538414366233,0.7608878008065877,-0.4249787675157893,0.9946345090866089,0.6452792977706333,0.9136026937775991,3.9882698163647348,0.9703680276870728,0.23750475937354748,0.9367584143312496,1.297679107977514,0.9942442178726196,0.6072189393462732,0.9521007847009682,4.122998211083971,0.9620234370231628,0.20645559493216237,0.9564917855187085,1.4162032058557417,0.9510170221328735,0.8084659521983176,0.9459084971574686,3.1321500992049343,0.9777423739433289,0.3088592912645439,1.0,0.04818378918604469,0.9885836243629456
42,1.3881927710843374,0.4534605703718577,0.14272748711447975,-2.853450902316712,0.9999597668647766,0.5183127535765517,0.2468735022081882,-0.23282521353180857,0.9986857175827026,0.2224238086969885,0.2789286880224627,-2.2923326250959817,0.9999117255210876,0.6723052270997316,0.14598988729176315,0.5468595045125445,0.9043054580688477,0.03168189204988556,0.35805072783395475,-4.398825853128103,0.9964735507965088,0.8009672683800945,0.03705810232934884,0.5320414890808471,0.9544395804405212,0.013403949861412455,0.2705759183307854,-6.890368884718476,0.9934079647064209,0.8250944258901632,0.02268890137158496,0.5108561034243756,0.9216286540031433,0.010030758915821981,0.24433938174125716,-7.40867571841483,0.9850723743438721,0.4996502941350028,0.5529811284068993,0.7046150746121116,0.9997841715812683,0.31918598875592163,0.5644923417068872,-0.7070231258164432,0.9998730421066284,0.588071272920858,0.7276173387882495,1.8269875839640384,0.9488787651062012,0.29557420960106573,0.7578411590324302,-0.5783494254501339,0.9947953820228577,0.6420407581920323,0.9132794195498208,3.6503445923386795,0.9724296927452087,0.23465735829960802,0.936524617807044,0.9186905681399882,0.994330883026123,0.6032073812029541,0.9521126904066182,3.75850443515546,0.9633241295814514,0.20351973911836335,0.9564359888620538,1.0103410272881093,0.9503738284111023,0.8052934324071098,0.9461702378764034,2.7533527845121597,0.9788171648979187,0.30701415507454516,1.0,-0.3589765714182336,0.9887247681617737
43,1.4212449799196787,0.45557230826546014,0.12908603993834042,-2.8374122892186167,0.9999619126319885,0.5188294130192402,0.23493738205987238,-0.2123356219924153,0.9987290501594543,0.2160496030192673,0.2686557727558642,-2.3445791796796303,0.9999101161956787,0.6760411261780516,0.13368675102113536,0.9251907978908794,0.9103121757507324,0.02253627629103103,0.34938542901185404,-4.4418927077390835,0.9966755509376526,0.8079415313926586,0.0368779307868614,1.1978973654716663,0.9572135210037231,0.009694887708850216,0.2542833694633943,-6.867917129732549,0.993801474571228,0.8406060941469302,0.02294770629715955,1.2518955653791988,0.9246213436126709,0.010470007013309588,0.2257039422710915,-7.397343814628571,0.9856786131858826,0.4999875547012724,0.5464900748067739,0.7085134128172135,0.9997960329055786,0.31744191069080857,0.5581867118764864,-0.7110051868615478,0.9998772144317627,0.5925052575312955,0.7244993129439206,1.8968019031529626,0.952695906162262,0.29323097232608303,0.7540729062337178,-0.31824257629333996,0.9950159192085266,0.6462037249507993,0.9138449493954176,3.72345362566769,0.9746397137641907,0.2346683638346638,0.9365941995729183,1.3206561053565673,0.9945400357246399,0.6056766490020814,0.953822596451065,3.832860756213593,0.9654107689857483,0.20108274098930679,0.9574142934660832,1.4280702242902041,0.951195240020752,0.8130878918851793,0.9470804301052046,2.822924120058405,0.9802393913269043,0.30637990286727806,1.0,0.10319146379482257,0.9890830516815186
44,1.45429718875502,0.45646276875196407,0.12281400507459295,-2.9745417383940995,0.9999637603759766,0.5205914235882997,0.2291374624649693,-0.3548521470176683,0.9987542629241943,0.21411105809908282,0.26490669153723045,-2.4042068058686996,0.9999085068702698,0.6802016470066727,0.13215816942076536,0.5785492024049513,0.9160559177398682,0.01710486745743135,0.3446232067655574,-4.443222088028798,0.9968366026878357,0.8229824609471452,0.03872088360949856,0.5661057261367843,0.9596683979034424,0.00789053385957043,0.244590235692785,-6.865412675108925,0.9941095113754272,0.8689428182025815,0.02320651122273414,0.5416471711253572,0.9273048043251038,0.010909255110797194,0.21568735644605722,-7.387971684713463,0.9860962629318237,0.5008227788769649,0.5431197410989135,0.7018166513404805,0.9998061656951904,0.317149119397825,0.5547827746652957,-0.7042197288751153,0.9998806118965149,0.5981865256327622,0.7231624972757876,1.8134170058833319,0.9561936259269714,0.29189130581734896,0.7523006896472084,-0.05461553191598135,0.995259165763855,0.6505546989443647,0.9137456473199879,3.574241783222218,0.9766191244125366,0.23564901783733402,0.9364997728302348,1.7215811455775258,0.9947276711463928,0.6068961616017242,0.9539246007724917,3.6828117591048306,0.9672825336456299,0.20042177154069687,0.9574734713048991,1.846577542842688,0.9517697095870972,0.8179230108837223,0.9481196656570899,2.6819367403211136,0.9815235733985901,0.3074272012276373,1.0,0.5823420232237434,0.9893736243247986
45,1.4873493975903616,0.4580974310911345,0.11514752002886489,-2.9725325062124015,0.999965488910675,0.5242479069107422,0.22198004978752847,-0.4011773170664391,0.9987821578979492,0.21134506079336635,0.25985564256822685,-2.522623309321121,0.9999071359634399,0.6969148177849059,0.12757636159430097,0.5138516324591678,0.9217689633369446,0.011069144822746041,0.33816358162195576,-4.442325485235913,0.9970427751541138,0.8528965264233612,0.037432224169282,0.4136503252758811,0.9620072841644287,0.006891244061192668,0.22487962880460435,-6.742125774955886,0.9944828152656555,0.9010194837981526,0.023465316148308726,0.3786728004112301,0.9298575520515442,0.011348503208284798,0.1909900083932577,-7.2509237856023825,0.9867017269134521,0.5025561209729139,0.5398644538387328,0.6953197102856287,0.999815821647644,0.3176209184621968,0.5518693423888114,-0.6975740534131416,0.9998839497566223,0.6046995917774676,0.7219985853565706,1.8270134844363133,0.9594523310661316,0.29424547583610816,0.749420007194221,0.18060572854024806,0.9954854249954224,0.6562011378749328,0.913462213289948,3.648145102598992,0.9784305095672607,0.23905771657189875,0.9364633694254414,2.125538004143278,0.9949091076850891,0.609838014527046,0.9538445630280851,3.767072020184727,0.9691104292869568,0.20117909869833003,0.9581220443467615,2.2698637786801488,0.9526020884513855,0.8249800893887442,0.9488496396839383,2.7981290460728583,0.9826980829238892,0.31065115949059635,1.0,1.048096968826678,0.9896177649497986
46,1.5204016064257029,0.46927042087855775,0.1016666681597156,-2.5955103311613605,0.9999675750732422,0.5298985853958311,0.210274166341182,-0.2720696011311785,0.9988613724708557,0.21047068891070728,0.2467224962464749,-2.4936747263456707,0.9999025464057922,0.7125761678927585,0.12826339444084126,0.616476322509203,0.9274245500564575,0.006677568163657218,0.3202942194817806,-4.42676269735931,0.9970892667770386,0.8877603056211502,0.03336886043336643,0.4809383827736742,0.9646281599998474,0.00185319103382294,0.20479756943573502,-6.5891247141820015,0.9946056008338928,0.9392112580669435,0.023724121073883313,0.43871401767783796,0.9336901307106018,0.011787751305772405,0.17171962959246928,-7.098158193761706,0.9867885708808899,0.5111642176184554,0.5350579467232353,0.7008352783766549,0.9998271465301514,0.3203813388886699,0.5476884690634283,-0.702752539247506,0.9998865127563477,0.6128835157540553,0.718748768234607,1.8469777627613946,0.9623133540153503,0.2996905357418004,0.7451497557969119,0.4301107900650459,0.9955925941467285,0.6628071351018198,0.9124285352114694,3.6107173990456043,0.9800090193748474,0.2406665776809485,0.935532758688649,2.674897827021983,0.9950665831565857,0.614170430643098,0.9534791325504979,3.7286329698216605,0.9710975885391235,0.20120842903777172,0.9584514335061686,2.850052496850992,0.9546267986297607,0.8357620014261603,0.9491797114354411,2.7889932434312126,0.983853816986084,0.3163235677479924,1.0,1.66934093300394,0.9898446202278137
47,1.5534538152610442,0.4838827015692465,0.09307671237426769,-2.549712186649049,0.9999688863754272,0.5398945330833532,0.20152152780005408,-0.255125159328389,0.9989288449287415,0.2098787603095768,0.23440917164158562,-2.5390069095618464,0.9999006986618042,0.7426838206103492,0.1204631662620528,0.3041291894294664,0.9332369565963745,0.014438437622654633,0.29656665185623,-4.3996257058105295,0.9971394538879395,0.9310605171276671,0.031629552986441475,-0.45119560013058047,0.9670676589012146,0.008930226918184729,0.17297270488851335,-6.421524721623894,0.994680643081665,0.9903453755150949,0.0239829259994579,-0.5992650303332288,0.9370960593223572,0.012226999403260011,0.13734581277560554,-6.931378805776155,0.9867212772369385,0.5222396280874129,0.5275162442734684,0.7280412443013208,0.9998324513435364,0.3295127354967491,0.5420098831795528,-0.7298620708980365,0.9998852610588074,0.6218987946670597,0.7142294398265153,1.7515854530794597,0.9644057154655457,0.3103703030042436,0.7410531653725165,0.31000188040109133,0.9956503510475159,0.6720866096589981,0.9115415389522447,3.475789309795256,0.9811394810676575,0.2453173369242386,0.9343515451653479,2.5873962231160976,0.9952179193496704,0.6213180935987745,0.9530322605890641,3.5972845325315648,0.9727061986923218,0.20382183772720994,0.9576072294951097,2.761462786944921,0.9567185044288635,0.8488727176059235,0.9491710819285599,2.705193885951132,0.9847249388694763,0.3211105427331148,1.0,1.5818137591623997,0.9900181889533997
48,1.5865060240963855,0.4814230188132059,0.05301284082562436,-2.3135536583998717,0.9999712109565735,0.5459474652934602,0.15895971157094124,-0.2067978121247224,0.99900883436203,0.20718380541814715,0.18920684920570283,-2.27277860424332,0.9999058842658997,0.7549770598424077,0.08398702431954255,-0.3443870192875651,0.9386048913002014,0.022199307081652048,0.23911434067591975,-4.064113544704174,0.9973569512367249,0.9365183421568549,0.024395330811550753,-1.8995962250121419,0.9694134593009949,0.03273342482830272,0.1126248887336704,-5.715886123839081,0.9950726628303528,1.0,0.024241730925032488,-2.183808371436977,0.9409099817276001,0.034219379224629885,0.08116414079377006,-6.1845989980211415,0.9875023365020752,0.5245618680724846,0.4773521110715763,0.6831505257691259,0.9998440146446228,0.33352001701339445,0.4922659519221861,-0.6847547976800876,0.9998918175697327,0.6118066501707288,0.6604840315155994,1.6922237784413694,0.9667260050773621,0.3104583153672476,0.6850618309270912,0.48622896163722806,0.9958553910255432,0.6583887207339986,0.8520183814097885,3.5460384077020883,0.9824323058128357,0.2438893331823669,0.8732476324352524,2.8185681174018904,0.9954207539558411,0.608098377973389,0.8919310859912674,3.699979696075492,0.9745147824287415,0.20559000597848107,0.894204456177157,3.002527456386562,0.9590231776237488,0.8301150780653637,0.8896439613334063,2.82048189409909,0.9857083559036255,0.3145398440015486,0.9379402384276708,1.870602736346043,0.990363597869873
49,1.6195582329317268,0.477281778926125,0.03857000753425835,-2.106509884849663,0.9999722838401794,0.5299768215880398,0.13660654412044276,0.004000012992039457,0.9990792870521545,0.19736560100207548,0.16554822828101867,-2.209158548416365,0.9999011754989624,0.7484040945412419,0.07315569448253112,0.4406117975091344,0.9439008235931396,0.02996017654064946,0.20093226623142002,-3.9202446652014262,0.9974166750907898,0.9393115170495785,0.024074631852601225,-1.1912959783043708,0.971885621547699,0.06047259256867658,0.08399089049326133,-5.438341051405124,0.9951513409614563,1.0,0.024500535850607078,-1.9284354407333781,0.9450446963310242,0.0628401647553469,0.05630429652393911,-5.8901828547886055,0.9874857068061829,0.5116283429155987,0.44217366433657634,0.6663545985128527,0.9998490214347839,0.32809586966731374,0.4567603241324185,-0.6679161506716639,0.9998903870582581,0.5881625054775779,0.6172098646743541,1.6305149401582164,0.9685878753662109,0.30152629800275244,0.6400044479100664,0.50264181373967,0.9958101511001587,0.6306245405260046,0.801213361827713,3.2398839725056177,0.9834281206130981,0.23212493486912972,0.8196083587572955,2.725751861062221,0.9954978227615356,0.5833514768696993,0.8387019791925321,3.3614699203922895,0.9761296510696411,0.1959282612006511,0.8395834895447561,2.8997499108643123,0.9612195491790771,0.7946635274985562,0.8364523222912302,2.5197319517223553,0.9865936636924744,0.30124405538094096,0.8824324332935627,1.839364101597691,0.9904829263687134
50,1.6526104417670684,0.4743916878034804,0.01243793924819738,-2.1395012186248006,0.999974250793457,0.5254107615949808,0.11158789117861609,0.18529559795330178,0.9991543889045715,0.19518353579895695,0.13542715491319585,-2.292204762167464,0.999901294708252,0.7465493150234449,0.05499932299177192,0.7348617059405331,0.9485958814620972,0.037721045999646874,0.1568740832596302,-4.1382312381253215,0.997464120388031,0.9369279163976719,0.018870862111730457,-0.4159352869448386,0.9742016196250916,0.08896657656310682,0.04699206642216263,-5.662362363793408,0.9951026439666748,1.0,0.024759340776181665,-1.0833805658924867,0.9490593671798706,0.09270829519475936,0.024190642321708217,-6.12779312251188,0.9871665835380554,0.5062833686172004,0.4191172744673902,0.7220824052176731,0.9998549222946167,0.3280585893704782,0.4330651617423915,-0.7238182997078284,0.9998918175697327,0.5810609710814304,0.5937612726529816,1.9067105614096165,0.9700440168380737,0.29368872559624987,0.6155826391391704,0.3342427483353804,0.9958599209785461,0.619696532559569,0.7778184677992386,3.6085363528443235,0.984355092048645,0.21980559945051162,0.7954844283447701,2.369937834340409,0.9956673383712769,0.5726682525212732,0.8152898680293282,3.74070174887258,0.977682888507843,0.18366254661338116,0.8157012121043479,2.5231192635882476,0.9635568857192993,0.7849043274871863,0.8132321890585086,2.9290549409386544,0.9874376058578491,0.28991287030585994,0.8587629295590579,1.411734048482084,0.9908043146133423
51,1.6856626506024097,0.47375750732554656,0.015106290501170008,-2.1114154782725936,0.999976396560669,0.5172578855571641,0.09923432743728018,0.3189637639809488,0.9992309212684631,0.18718791264084964,0.1216220337977762,-2.405259635438722,0.9999040961265564,0.7355408392903126,0.05948946631852746,1.255663168817973,0.953050971031189,0.045481915458644294,0.12340085847672463,-4.397709735266888,0.9975340366363525,0.9313682171645824,0.036198639589437295,0.9614773109018335,0.976492702960968,0.09821641909098705,0.029547911613954644,-5.823014109279107,0.9951400756835938,1.0,0.025018145701756252,0.9069729599679237,0.9532403945922852,0.11307012826503587,0.009090488899943553,-6.29487316719053,0.9871160984039307,0.5045863014726099,0.40838284341704634,0.7543062706505181,0.9998611211776733,0.32931463636850644,0.42160060259530274,-0.7559863939396078,0.9998951554298401,0.5722397441475501,0.5855036706802399,2.1122558642652636,0.9714013934135437,0.28831029977581873,0.6026923052057542,-0.0912938309873294,0.9959129691123962,0.606260550789683,0.7690358853400355,4.021398121152738,0.9852248430252075,0.2032855919251714,0.7843026058963357,1.5391776490633913,0.995857298374176,0.5600746328414387,0.8062107726706322,4.17186678431197,0.9790674448013306,0.16681488417265322,0.8051076921277526,1.6472034139374685,0.9658565521240234,0.7716484854653176,0.8054599696980127,3.39756607347691,0.9881809949874878,0.2729280132910475,0.8502279784737266,0.4981338103027648,0.9911555647850037
52,1.718714859437751,0.461283423219856,0.017774641754142635,-2.343866040568061,0.999977707862854,0.49368717303743204,0.09532300389881765,0.3383011838530934,0.9992957711219788,0.17969105709720914,0.10927473683117347,-2.8939345792820426,0.9998944997787476,0.726444675104904,0.08293500676950187,1.580410519164413,0.9562736749649048,0.05324278491764171,0.09069356102034999,-5.431952492293969,0.9973287582397461,0.9271469323525345,0.07222290545818076,1.6639573774332368,0.9785470962524414,0.08163210312599581,0.02140365088500917,-7.227771447582675,0.9950599074363708,1.0,0.06443188383458254,1.7506993633650332,0.9571430683135986,0.08599032865835957,0.0024925540945237457,-7.7781076236707,0.987159252166748,0.48335828511053935,0.4075632580844578,0.8422524684210368,0.9998660683631897,0.31457795968251934,0.41807853278084134,-0.844391132765414,0.9998932480812073,0.5552315377345753,0.5905206203345232,2.1837500251325266,0.9718406200408936,0.27091792477736065,0.6072946643644348,-0.06373450276974096,0.9956637024879456,0.5884795485614057,0.7770993518003815,4.171548451255896,0.9854320287704468,0.175815852058098,0.7896540585035821,1.8635419929343746,0.9958903193473816,0.5450484796906744,0.8137520640558308,4.331791416193089,0.9800159335136414,0.13986834862961994,0.8113193067723987,2.017048808629459,0.9675919413566589,0.7547124970415883,0.8146931805945683,3.55959620416568,0.9886053204536438,0.24578041670834402,0.8600607041484447,0.9549600619793676,0.9911590218544006
53,1.7517670682730924,0.458663296831516,0.020442993007115263,-2.294069177966195,0.9999775886535645,0.48010052970688943,0.11941333944544512,0.7514061729610905,0.9993465542793274,0.18196315148154854,0.12406655912574102,-3.0423131516603514,0.9998814463615417,0.7228375297055839,0.1387461282059709,2.193789126468753,0.9569133520126343,0.06100365437663912,0.09101086483486089,-5.673127021196884,0.9973000884056091,0.9245367626094516,0.1427274583383923,2.389056513610311,0.9799565672874451,0.05877537870202656,0.018236491157446546,-7.545661068854837,0.9950808882713318,1.0,0.13771306325950494,2.5362443848904404,0.959632933139801,0.06267060116830568,0.0490151580198571,-8.113368092868516,0.9871629476547241,0.47335751045878927,0.4372553530502293,0.9562397304397475,0.9998668432235718,0.30604946371725494,0.4462852488713056,-0.9579737644903157,0.9998864531517029,0.5482396771978556,0.6290000402441235,2.069779707041635,0.9721097946166992,0.2535139108155032,0.6441277438162406,-0.06263935661022992,0.9955787062644958,0.5817986216983713,0.8205889730307043,3.965109382699741,0.9855464100837708,0.15104476639364806,0.8327626784740314,2.1370885545036824,0.9959250092506409,0.5392986703716236,0.857349851247162,4.113516731653373,0.980575442314148,0.11414686516725805,0.855550388338763,2.3039786238441535,0.9686005115509033,0.7514707978366258,0.8607387583660522,3.293685458934262,0.9887920022010803,0.223163484400918,0.9067388699597713,1.0707433728004374,0.9912155866622925
54,1.7848192771084337,0.44407948374795075,0.02745678780818541,-2.788504873027702,0.9999774098396301,0.4423806353835939,0.10543843635634911,0.8090310565365335,0.9993913173675537,0.17067885679980033,0.09773754811312413,-3.2275748693575417,0.9998529553413391,0.6845595135811489,0.1486465041221289,3.0906656267448946,0.9542080760002136,0.06876452383563654,0.022176863292836815,-4.374456274604549,0.9965217113494873,0.9147725612651663,0.17462010499084138,3.8112143194939816,0.9796983003616333,0.03332006228019568,0.07220723840578118,-4.49800625519028,0.9913029670715332,1.0,0.17892499377767843,4.010994875385009,0.9585394263267517,0.03353082713293484,0.09553776194519045,-4.735718783539878,0.9798937439918518,0.446063413246168,0.4424185209265798,1.119295256177889,0.9998477101325989,0.2672641388543339,0.44916905790111183,-1.1205736677959663,0.9998390674591064,0.5264328948834393,0.6502506083205867,2.2839329234810872,0.9698483347892761,0.21198488845708127,0.6660259059524432,-0.16888847507710347,0.9951344132423401,0.5616880294656175,0.8549068567256054,4.228698840215395,0.9846595525741577,0.10134982855731003,0.868451332352714,2.1341869340480057,0.995659589767456,0.5174625681742769,0.8940499572711692,4.363769132596438,0.9778066277503967,0.06061335299906201,0.8945190106017691,2.3107190199239778,0.9655537605285645,0.742613864847902,0.8980864345630598,3.41707728575377,0.9875701069831848,0.17880903370770718,0.949110441389004,0.9345856846643311,0.990821897983551
55,1.8178714859437752,0.4029528165564679,0.03447058260925556,-3.114860006028754,0.9999681711196899,0.39471791033937,0.142025535852091,0.802357236755193,0.9994348287582397,0.1559390865561726,0.12513656549437702,-3.5308166563126924,0.9998100996017456,0.6114070256098249,0.21994888458749315,2.7617254345168942,0.9412334561347961,0.07652539329463395,0.032594200372392246,-4.438277143723003,0.9954162836074829,0.8569245435319262,0.2688906673702561,1.7305148098295295,0.9774253368377686,0.07357651900394377,0.10400285380983426,-3.4023117857390153,0.9791237115859985,0.9580536977641781,0.27435383963820803,1.6481953881751683,0.9557241201400757,0.06762795105625284,0.1258638302746816,-3.586502980710373,0.9565956592559814,0.40014007535879964,0.4814670257215511,1.2754721771572235,0.9998252987861633,0.22431284159790027,0.48532416260650907,-1.2767995685190163,0.9998079538345337,0.48259220814395365,0.6948685014791155,2.8864204662051787,0.9665380120277405,0.16389682551716558,0.7102505168417322,-0.1305269882104113,0.9952747225761414,0.5181614535178848,0.9017379154308988,5.113051003144619,0.9840072989463806,0.04931539073861115,0.919664467397181,2.399790483953396,0.9957460165023804,0.4740840635089326,0.9411859062997877,5.298017962967101,0.975652277469635,0.008285735561074613,0.9447638501214533,2.5880600222065526,0.9652427434921265,0.7004057691796519,0.9456825843750228,4.1781474173925774,0.9866461753845215,0.1288882990174897,1.0,1.0187770375077592,0.9909244179725647
56,1.8509236947791166,0.4145558215926738,0.031206869481808192,-3.4600755644634185,0.9999653100967407,0.39200480093418283,0.1432875850344308,0.9869829208414281,0.9994685649871826,0.18699092802523865,0.12428225175343263,-4.6809568075005705,0.9997803568840027,0.5920859408923311,0.2511864342330894,3.3951475296767537,0.9302653670310974,0.08428626275363137,0.043011537451947676,-9.372031821026868,0.9954406023025513,0.8228037014049542,0.3162373138319403,3.7629640380135427,0.9747123718261719,0.11966144459790644,0.005774613680577114,-12.930282103306547,0.9805137515068054,0.9124356952032364,0.32910477419418144,3.989265960949138,0.9510854482650757,0.0899515245480572,0.11517235551447294,-13.993614764417753,0.9592643976211548,0.3966908021755077,0.4809021193290958,1.6574007515681668,0.9998321533203125,0.2273542853918637,0.48439917179592223,-1.6607378412439264,0.9998082518577576,0.479123909241001,0.6955956273964806,3.763327147208825,0.9648803472518921,0.1646650508182686,0.7096091053384328,-0.3312466612712033,0.9952930212020874,0.5166233266033575,0.902029296247323,6.504013097400598,0.9837077260017395,0.041862392028045134,0.9206454889127123,2.405857569690564,0.995843768119812,0.4715400523515256,0.9407409678899195,6.704672779182209,0.9742255210876465,0.008285735561074613,0.9461088391650251,2.600891590879798,0.9644033312797546,0.6985264787343394,0.9448976888297937,5.461388681782457,0.9862299561500549,0.12489702646278848,1.0,0.6373796599503814,0.9911865592002869
57,1.8839759036144579,0.395173333344099,0.087240665533694,-3.844491727787847,0.9999596476554871,0.3786344774311991,0.196357677558634,1.278871437108859,0.9994940757751465,0.20054464354355805,0.18219819116933014,-5.36843889966831,0.9997512698173523,0.5288151073124145,0.3144513075026557,4.466984374965551,0.9065800905227661,0.206077300557522,0.0677859630924353,-11.143013070437322,0.9950734972953796,0.7221201949565047,0.39624940171163964,5.749780880944944,0.9697558283805847,0.10321518823958432,0.001465766832513979,-15.59472329904103,0.9818993210792542,0.7752850545938309,0.41408994392829085,6.170116582154383,0.9441918730735779,0.0632091832959447,0.10448088075426429,-16.899973581409053,0.9622189998626709,0.38173234088355606,0.5141007461367398,2.0151852706804236,0.9998440146446228,0.22852680427015393,0.5163832245220858,-2.022730984360555,0.9998191595077515,0.4591906348716858,0.7159792000102427,4.966170104684102,0.9613254070281982,0.16756901345270012,0.7289268550918628,-0.5470262695081596,0.9951345920562744,0.49316978032299,0.9115703417840669,8.512160320655918,0.9832678437232971,0.04529649178527516,0.9249649649141617,2.5931748649200568,0.9958773851394653,0.44778516374054467,0.9474477461189187,8.785512466572364,0.9728275537490845,0.008285735561074613,0.9511767861290185,2.8160865588223225,0.962647020816803,0.6659333699251175,0.9506624556701414,7.371335833254776,0.9859232306480408,0.1298150930671103,1.0,0.5405994675938937,0.991370677947998
58,1.9170281124497992,0.3870232807305378,0.12811997223504368,-3.478840325284114,0.9999414086341858,0.3742679265331842,0.2326598647230609,2.504845291054513,0.9994980692863464,0.2396749068691349,0.2196925887159193,-5.572408014027425,0.999718964099884,0.4618524746201293,0.3540933784197627,4.952147881096163,0.8725600242614746,0.2733027390756017,0.08529615659223551,-12.167179949278161,0.994441032409668,0.6179975893204646,0.4537632062258457,4.957589714878563,0.9482408761978149,0.1406796765991547,0.0033214689479941274,-16.754649091310068,0.9827849864959717,0.6657866744978082,0.47640662687552454,5.177040024791973,0.9174464344978333,0.09574938464349038,0.09378940599405565,-18.218034071040925,0.964327335357666,0.37795543221458616,0.5336623618922886,2.667699509797043,0.9998465776443481,0.24584209629832943,0.534278600949798,-2.6759732184008396,0.9998278617858887,0.4503720711545403,0.7277087159546123,5.89018051190208,0.9526796340942383,0.17814251030154013,0.7404378143525231,-2.7621438812713697,0.9949826598167419,0.48299953533854095,0.9156838025104956,10.015547404556358,0.9820501804351807,0.047878167354024385,0.9282875791093856,-0.45332397794327695,0.9958837628364563,0.43851857057249993,0.950598830800568,10.307841595643355,0.9697752594947815,0.008285735561074613,0.9540076719887245,-0.3647651699887426,0.9601163268089294,0.6483009739798408,0.9528334420338138,8.438862955955647,0.9845919013023376,0.1378259580277879,1.0,-3.4780799371154183,0.9915175437927246
59,1.9500803212851405,0.3778909337530002,0.14105172864953652,-7.043863773397366,0.9998119473457336,0.33556681823625095,0.2416652550602246,6.263115109968833,0.9983570575714111,0.27683817410925327,0.22735315677804976,-13.614540556595442,0.9995936751365662,0.3899543615350909,0.34027046414786577,18.13202185467946,0.7881720662117004,0.32427928784605253,0.10024578392843377,-29.98611115446545,0.9906265139579773,0.3964285172574323,0.3910451788663582,27.234364628798318,0.8666760325431824,0.209743468062992,0.01167431232314924,-42.669836991004765,0.9832854866981506,0.3983631163730471,0.41567374251853006,29.422877160390716,0.8415056467056274,0.15794698716868302,0.083097931233847,-46.209157232891904,0.9664021134376526,0.37470805733643064,0.5365984382559099,6.107347471445704,0.999836802482605,0.27459714060332036,0.5367392983702548,-6.127382190624679,0.9998220205307007,0.4400258894101726,0.7327104021057738,11.246287596924988,0.9402108192443848,0.19177743932222518,0.7432842447856035,-5.836526937594537,0.9937254786491394,0.47173734086015673,0.9176926137432164,20.143135655828516,0.979486346244812,0.047267372119858764,0.9297165306875107,0.6974722058007021,0.995564341545105,0.4290170562718124,0.9518150218189982,20.720309287228215,0.9661383032798767,0.008285735561074613,0.9544603917374934,1.0984085238585768,0.9562417268753052,0.6306122758528957,0.9533888790303308,16.827723470580366,0.9811319708824158,0.14554312976536496,1.0,-5.325328816512395,0.990487277507782
60,1.983132530120482,0.3679030464510748,0.17365480937476793,-3.274614006831707,0.9995383620262146,0.3303625323297992,0.264899470630323,11.246413080018316,0.9973757266998291,0.28591095508799225,0.2560527264296259,-13.914978930128445,0.9995157122612,0.3318363499965635,0.1880073236952205,17.962439091462407,0.716252326965332,0.42131441568085903,0.12754236618076925,-20.953159456577364,0.9907551407814026,0.2505882553430688,0.11735163782907512,18.519871682559618,0.7987353205680847,0.3174489848190997,0.014746211299876048,-17.9874323977013,0.9841978549957275,0.22727717725867455,0.10849711487615228,21.549148470902022,0.7774056196212769,0.27998927760416886,0.07240645647363834,-20.53622345920048,0.9685865640640259,0.3715161745079133,0.5509361139779623,7.902115059353002,0.9998166561126709,0.278483423760475,0.5479485613632754,-7.914780517499905,0.999798595905304,0.42899409116769255,0.7415501384848189,11.94870861293732,0.9113250970840454,0.1959089495004941,0.749552632189019,-6.588166083039891,0.9932845234870911,0.45739881903188406,0.9215510790997261,20.982376840459796,0.9698548913002014,0.04045468034983301,0.9322353999857422,2.3250925021814255,0.9951643943786621,0.4192926565661957,0.9542967601138747,21.538279459569036,0.9544470906257629,0.008285735561074613,0.9559493355538258,2.8568768912810536,0.954940676689148,0.6128765267912252,0.9540168273857521,16.831795438006075,0.97370445728302,0.14517229398831927,1.0,-4.896242325904056,0.9895369410514832
61,2.016184738955823,0.3796751255256963,0.19761024308281755,0.3885164111852646,0.9992854595184326,0.3234366197028999,0.28476331907190644,3.7158507108688354,0.9971856474876404,0.3236682718449325,0.2743500132076036,-3.1085294485092163,0.9994781017303467,0.37114074829559995,0.23103479255533274,6.175983548164368,0.6493653059005737,0.48417107933411996,0.15570169500190612,-4.321566820144653,0.9902811646461487,0.3986442928891719,0.15284846471150368,6.294538378715515,0.7313625812530518,0.4610626591940201,0.032177740750568354,-2.6324832439422607,0.9848031997680664,0.40631238659370666,0.13945779722435678,6.338082551956177,0.7147064805030823,0.4355658050107134,0.0617149817134297,-3.044576644897461,0.9704990983009338,0.3678911034014745,0.5565544414486654,2.0316414535045624,0.9997930526733398,0.30041592699486225,0.5543380804864874,-2.033231258392334,0.9997591972351074,0.4222413806865522,0.7466648594019948,2.2779056429862976,0.8685096502304077,0.20485404733914467,0.7549152165841847,-1.7280285060405731,0.9870792627334595,0.45034986659736,0.9228522774232832,3.998550772666931,0.9479566812515259,0.04058547517695366,0.9301489717725797,0.6728994846343994,0.9903547167778015,0.41517355348144497,0.9548422546139022,4.1005754470825195,0.9320052266120911,0.008285735561074613,0.9531653875196439,0.8260612189769745,0.9446073770523071,0.6026630895358654,0.952149559556321,3.0541253089904785,0.9569831490516663,0.1484793252825511,1.0,-0.9573422372341156,0.982204020023346
62,2.0492369477911647,0.4038886378552461,0.19189499628981022,0.10230914985801741,0.999009370803833,0.3380972795166892,0.2802268918546231,16.27238694346197,0.9970060586929321,0.37315861057566274,0.2674221874111839,-15.067903208132728,0.9994297027587891,0.40813937579472287,0.24932705965917987,28.03535685486711,0.5889225006103516,0.5307360183299067,0.16090918374872196,-20.375433372478785,0.9899246096611023,0.48282887269138386,0.21164606037805578,29.116270907262777,0.6691747307777405,0.5994908158702572,0.028899874207996924,-13.205666543185151,0.9851365089416504,0.50309195851145,0.20418958410529728,29.836601799050634,0.656839907169342,0.6045078567736896,0.051023506953221054,-15.429210318035672,0.9716165065765381,0.37882393827182714,0.5551545367617114,9.314166425636737,0.9997580647468567,0.3202990471623001,0.5529469224525966,-9.321192360261637,0.9997130632400513,0.4303407543980702,0.745109635970246,12.517439243330845,0.8295580148696899,0.21707996808850752,0.7531710328555716,-7.667970198950699,0.9839353561401367,0.4625037205926537,0.9222595293922181,21.502803748102533,0.932985782623291,0.043825761406095044,0.9288133875057974,2.947376553094267,0.988528847694397,0.42794192782173085,0.955060304308257,22.096466346522927,0.9148855209350586,0.008285735561074613,0.9524145161093828,3.632480730316849,0.9396187663078308,0.6124959572943897,0.9477539301666128,17.573873168667912,0.945404589176178,0.15947078019367789,1.0,-4.284753672691901,0.9790441989898682
63,2.0822891566265063,0.44750357998356355,0.17163600894888323,-5.196312823092259,0.9986419081687927,0.39041705655994985,0.2625208759808459,19.567345551630545,0.9966970086097717,0.4121101485490848,0.2446107135400521,-24.14718942788725,0.999445915222168,0.43811760991302523,0.36256622892757856,34.21656688398185,0.5337949395179749,0.6038716684741597,0.14734764657443367,-35.260895004635785,0.9907602071762085,0.49885137285121595,0.45196859654194804,33.66256863678298,0.6080082058906555,0.7571310260666242,0.027043756219766853,-30.621832949265187,0.9862478375434875,0.5154748106230186,0.47896092475344787,34.98572220886524,0.5982741713523865,0.7881309484123805,0.0403320321930124,-34.84156066662291,0.9735029339790344,0.40410095338512064,0.5430581511446625,13.11229089843129,0.9996826648712158,0.34476512050033103,0.539319990599534,-13.12505334285074,0.9996811151504517,0.44502325427011263,0.7353389710177562,18.02784405600126,0.7952193021774292,0.2454411939165789,0.7416544738576683,-14.03026189709305,0.982770562171936,0.48687520348382757,0.9173961692075725,32.368956782244034,0.9234018325805664,0.05067477234910642,0.9249999334099495,-2.3414958973851467,0.9879786968231201,0.45210587449230216,0.9510380774202565,33.31183721729587,0.9038139581680298,0.008285735561074613,0.9490531816828598,-1.7332317692903563,0.936833918094635,0.639659927685254,0.943415053326337,26.395582892642174,0.9379099607467651,0.1772895042401471,1.0,-13.775676714081598,0.9781674146652222
64,2.1153413654618474,0.5098961698381796,0.15363520185875326,-2.8888153883802103,0.9987676739692688,0.39980648059718427,0.2557812384647843,3.349622193483709,0.9969304203987122,0.49642462691742145,0.22554831235544592,-8.918398311348076,0.9994934797286987,0.333486437204324,0.3867518921726393,6.784222267345873,0.5186534523963928,0.6753014922782142,0.13017941443083525,-12.350883008512008,0.9916611909866333,0.26781415030920436,0.5265679935142032,7.009985787569132,0.5927056074142456,0.8720685866440874,0.013581317145863915,-10.778954071886847,0.9875372052192688,0.24367674153004848,0.5624820353464669,7.422122717844279,0.5768808126449585,0.9242222324222001,0.029640557432803753,-12.621776795017105,0.9758690595626831,0.4197467836334393,0.5290490889807361,3.804503061917668,0.9996885657310486,0.39845595023971364,0.5241721332789343,-3.815364277150899,0.9996999502182007,0.4608773153986458,0.7252276642926014,6.054735603618508,0.7765048146247864,0.2785487357703142,0.732775358640521,-4.462255528915931,0.9834533333778381,0.5133998796807805,0.910488210836951,10.545708381169586,0.9195367693901062,0.06569093861443047,0.9221433472156655,-2.1062629009724545,0.9883023500442505,0.4822378582908012,0.9463827673535101,10.839478393192218,0.899193525314331,0.008285735561074613,0.945726622792057,-2.014892574016431,0.9361574053764343,0.6701697686785637,0.9375983285558708,8.873092557058916,0.9350467324256897,0.20200536200460342,1.0,-5.599206819051943,0.9787946343421936
65,2.148393574297189,0.5518628707953595,0.06356638659634711,-6.7883755709901035,0.9988878965377808,0.415041963607027,0.16768053812222392,1.8610443827652305,0.9971622228622437,0.5004487029236153,0.13638117519379556,-11.887619668350721,0.999538779258728,0.3137552715943563,0.30029715681006697,5.518468775268866,0.5053925514221191,0.69444285366923,0.08717510763289417,-15.7264007494071,0.9924735426902771,0.2402856051741815,0.43937899890898907,5.086303768648852,0.5735667943954468,0.922550839871941,0.010721668475977891,-15.140393307745247,0.9886401295661926,0.21507103567602887,0.47077036601703587,5.245687471710475,0.5531268119812012,1.0,0.018949082672595104,-16.920765337291563,0.9778441190719604,0.431373592150896,0.43888977033482746,4.388136394849162,0.9996899962425232,0.41221038372523255,0.434647146759497,-4.40602825708585,0.9997189044952393,0.4766478371037835,0.6307753354944928,8.91600058757387,0.7689889073371887,0.2930843212047415,0.64125724024388,-4.896198252752787,0.9845978617668152,0.5233648369413679,0.812267766377396,15.664615381629378,0.9235333204269409,0.0757175621896619,0.8286589055612564,-1.954511852969296,0.989022433757782,0.4929439991838541,0.8500694881907628,16.16422743653491,0.9032220244407654,0.008285735561074613,0.8514748989753427,-1.8603256348903547,0.9378356337547302,0.6866090420080445,0.8433646575227864,13.956729376295513,0.938632607460022,0.2170296189827363,0.9109452740989145,-6.0430526600098355,0.9800776243209839
66,2.18144578313253,0.5432888937014483,0.06356638659634711,-3.8151035596419094,0.9989975690841675,0.3959307868204737,0.09863523535604263,2.115171187961774,0.9974170923233032,0.49582233251602875,0.06686404333242893,-8.565644185763833,0.9995791912078857,0.28721754355697393,0.2227027879331985,4.786909429889504,0.5323877334594727,0.7035598506750793,0.03354775373226441,-12.224846064594391,0.9931623935699463,0.21156458036153858,0.35207765194865226,4.859458166141369,0.5853267312049866,0.9283629874761895,0.006405490816081019,-12.482427949847736,0.9894054532051086,0.17848647205026413,0.38090344647718966,5.033328155034069,0.5556173324584961,1.0,0.008257607912386463,-13.822674957795865,0.9791330099105835,0.41623649927242584,0.3615863176869708,3.602573257228194,0.9996988773345947,0.4008528970945721,0.3597794530153569,-3.617751377550469,0.9997397065162659,0.46369689885537624,0.5452235863718282,7.575786171712205,0.7691709995269775,0.2849712859223949,0.556856489813861,-4.006567968565355,0.9855599999427795,0.5056739267852132,0.7211251146714623,12.939264220831413,0.9274715781211853,0.07494473244604909,0.7381769959703119,-2.051161409154246,0.9895331263542175,0.4785408557677952,0.7576276598173216,13.338242279613324,0.9073948264122009,0.008285735561074613,0.7591628079210329,-2.0017884320802666,0.9388312697410583,0.6637359997785863,0.7487551542814753,11.630750479363689,0.9418659210205078,0.20419550582816884,0.8165540945262546,-5.269570476162167,0.9810971021652222
67,2.2144979919678716,0.5360343356056299,0.06356638659634711,-1.1020187078788586,0.9990955591201782,0.3800341404724796,0.09131565982185444,2.7318054415011064,0.9976560473442078,0.4936114688579382,0.07447289951371822,-6.702449077462555,0.9996178150177002,0.2754733043122518,0.20603491836285637,4.796067499666009,0.5690727233886719,0.692167473760145,0.06833114721900768,-9.540139795319133,0.9937918186187744,0.1924794764011947,0.32367055633058084,5.66696330257813,0.602461040019989,0.9307785210854629,0.0794053938658417,-9.805642106286415,0.9901182055473328,0.14977648495813567,0.3510442926318104,5.921510619695962,0.5617717504501343,1.0,0.09090131992309956,-10.876299603362096,0.9803810119628906,0.4031257610156162,0.3471597337557891,3.1727902875670364,0.9997050166130066,0.3945864838391048,0.35106993199257425,-3.186656087247144,0.999758243560791,0.4500609595374189,0.524413344269532,6.766739085519107,0.7734110355377197,0.28669708127682253,0.5360450023625889,-3.7071201445351445,0.986555814743042,0.48882767301222907,0.6957070755877225,11.581029537960244,0.9313854575157166,0.07385549979212054,0.709831036123266,-2.158069013803254,0.9900663495063782,0.4638575778525244,0.7316825238447279,11.94167541864799,0.9117102026939392,0.008285735561074613,0.7279157885960332,-2.1208021335904155,0.9402814507484436,0.6403880018164801,0.7206245219837213,10.45900753632697,0.9450125098228455,0.1961406205420112,0.7866805184454895,-4.970030176921887,0.9821609258651733
68,2.247550200803213,0.5616112930473958,0.06356638659634711,-1.19714982384537,0.9991844296455383,0.38824377424139284,0.09562878344773677,3.6604427091363902,0.9978761672973633,0.5021412462061566,0.08027080420347843,-6.927528189185859,0.9996538758277893,0.269382572458853,0.21623745861672236,6.393087737980787,0.6070312857627869,0.7064589576716725,0.10859701463081058,-10.005122366621006,0.9943423867225647,0.17510609078529893,0.33727187537338227,7.8879609879871,0.6328326463699341,0.9380998181417086,0.14128944156284703,-10.440049561547788,0.9907354712486267,0.13017433075278997,0.36305096086112315,8.259706048218838,0.5874443650245667,1.0,0.16747911081351588,-11.577235928982832,0.9814898371696472,0.4137914231432415,0.3623529888102191,3.4405958070922913,0.9997090697288513,0.40728856373150646,0.3669274982422264,-3.456176688450055,0.999775767326355,0.4650185126379381,0.5455384545112408,7.935231411208487,0.7813281416893005,0.3040035019661682,0.5577186314030556,-4.198385533748972,0.9876019954681396,0.5037132855739777,0.7249362951722887,13.679081311642737,0.9358152151107788,0.07412715471912168,0.737716681231912,-2.9193104447831697,0.9907337427139282,0.4791525229665206,0.7613232129929212,14.133604271400614,0.9169712066650391,0.008285735561074613,0.7542075807130006,-2.9068223271041416,0.9428547024726868,0.6626880428618522,0.7495707105657617,12.752220577645517,0.948747456073761,0.2008090310930221,0.8189949721291856,-5.830726552740694,0.983423113822937
69,2.280602409638554,0.598798606406596,0.06356638659634711,-0.423044994805044,0.9992631673812866,0.40621851430468703,0.10015919060307865,3.5038295517478497,0.9980766177177429,0.5398448910422684,0.09018929461425498,-5.600987486412156,0.9996851086616516,0.2806627172154385,0.2220339999127047,5.619580342285512,0.6436454057693481,0.7305589655656484,0.156745154869271,-7.205934346152305,0.9947158098220825,0.18129143644853532,0.3492504454044545,6.424853925158488,0.6624013781547546,0.9548189957586708,0.22234457387290124,-6.537006505581663,0.9909213185310364,0.12780338308986988,0.3772341672966264,6.634423018218936,0.6128500699996948,1.0,0.25291739515528217,-7.344347339674787,0.9818909168243408,0.43383605705767,0.38177062761785374,3.0648902122198702,0.9996942281723022,0.4345363498615662,0.3872533947846525,-3.0777363017803046,0.9997851252555847,0.4912415140437663,0.57458869058222,6.775479500235475,0.780642569065094,0.3280617085578677,0.5872427563396071,-3.755736878179212,0.9884409308433533,0.526060704983586,0.7636811529329025,11.402289455166917,0.9362629055976868,0.07498468310570956,0.7755095595329852,-2.7642082021174623,0.9912896156311035,0.49951220799103807,0.8023931889929414,11.765410975627486,0.9172528982162476,0.008285735561074613,0.7918539431578873,-2.750975753468167,0.9446174502372742,0.6885121201595209,0.7897033042774378,10.781398594507285,0.9495111703872681,0.20718773884890956,0.8632556044068472,-5.159544916143247,0.9844473004341125
70,2.3136546184738958,0.6380631506696152,0.06356638659634711,0.9281563636877497,0.9993346333503723,0.4256122781857152,0.10583688677606995,2.8675487179953425,0.9982662796974182,0.6064585292072532,0.10725168355196228,-3.67823102826346,0.9997159242630005,0.2943193294265444,0.23535134199952837,3.4348977847413282,0.6771126389503479,0.7877815003177616,0.21385335587360801,-3.4073756223915206,0.9950036406517029,0.19409830696870725,0.3649331819464633,3.3437331595483073,0.6882262229919434,0.9638972646744568,0.3033540506055884,-0.14003832958793144,0.9896070957183838,0.14297047281058886,0.39421644769596914,3.317298803778745,0.6345391869544983,1.0,0.33280925189429156,-0.1817867915706348,0.9796661734580994,0.45560983330075655,0.4022369807757823,2.371420531166832,0.999714732170105,0.4696636431937659,0.4080508194911526,-2.3806501780400477,0.9998025298118591,0.5174920546887186,0.605763359480357,5.069635274112747,0.7872254252433777,0.3470522530121833,0.6178272019024521,-2.5530252018037585,0.9892997145652771,0.5506564093900415,0.8048318405188297,8.274945592882835,0.9380980134010315,0.07652105833328321,0.815665135090414,-1.5111444848980493,0.9916548132896423,0.5208748468840313,0.8458949500402714,8.44870044135844,0.9186481833457947,0.008285735561074613,0.832211388984134,-1.4567782044378006,0.9455311894416809,0.7211948876063198,0.8319812755193869,7.681244310226778,0.9507016539573669,0.21446289673144273,0.9062792310538854,-3.444841704841366,0.9850720763206482
71,2.346706827309237,0.655257089027365,0.06356638659634711,0.9768339228843489,0.9993996620178223,0.4303672622684973,0.10734843744878182,2.914250118119139,0.9984371662139893,0.6131472995514056,0.10710824425214675,-3.7823013804486556,0.9997439384460449,0.29679843081412466,0.23906231324370605,3.1593223047699284,0.704460084438324,0.7565388017222339,0.2327401649259817,-3.4839305401142773,0.9951895475387573,0.20651292870656535,0.37077349795871567,2.7996732369481117,0.7039151787757874,0.9412354032175294,0.3360720797166579,-0.12036996623369402,0.9877933859825134,0.16203556147593137,0.4023215431110287,2.7746190104011075,0.6434496641159058,1.0,0.3646895960989648,-0.14055105291517264,0.9766387343406677,0.4630035915896881,0.4078735272599954,2.369475282629788,0.999735951423645,0.47968714191996814,0.4142685637634924,-2.3786834470377545,0.9998190402984619,0.5263560788274564,0.6156339432780473,5.037370900065002,0.7957068681716919,0.348701804440654,0.6263724972777867,-2.2724103597815555,0.9901443719863892,0.5558845543893732,0.8156404992067755,7.891048243537211,0.9405199885368347,0.08230344416717729,0.8261936549775029,-1.2962649739058378,0.992047131061554,0.5249571753280076,0.8566737422028463,8.05532791109334,0.9210704565048218,0.008285735561074613,0.8404551188705823,-1.2365728405989962,0.9470723271369934,0.7218987630050373,0.8416051833634576,7.496383716985743,0.9525893926620483,0.20479951239922226,0.9123753174722802,-2.8406114296278036,0.9858083724975586
72,2.3797590361445784,0.7168480978661327,0.06356638659634711,0.8378001622889377,0.9994573593139648,0.4779190272108216,0.12122762286326091,2.8370465638499347,0.9985906481742859,0.6711930204745387,0.12056794719031177,-4.135899654209315,0.9997693300247192,0.3351197902639148,0.26714148258327614,2.816615420036082,0.7246209979057312,0.8116983552525712,0.2721234611723933,-4.028349772994957,0.9953261613845825,0.23724700747839456,0.41508317842090775,2.213670595331363,0.7103402018547058,0.9816899065105,0.39436478251625456,-1.0066068765706908,0.9860974550247192,0.1967548411191688,0.4481650821589507,2.153387149177712,0.6423153281211853,0.986787508710197,0.4311014714186653,-1.1246759095539445,0.9738032817840576,0.5102875527199434,0.45325841826775254,2.4679931031447437,0.9997556209564209,0.5339291619371089,0.46086761874522847,-2.4769026567949135,0.9998349547386169,0.5774437909587857,0.6779994743925072,5.578140792476728,0.8019821047782898,0.3861202795468985,0.6893560593014239,-2.330109255952463,0.9909525513648987,0.606393107352225,0.8973636248372064,8.591214986635569,0.9429922699928284,0.09501039263657655,0.9063782513180495,-1.331777101366563,0.9924766421318054,0.5717914714694821,0.9418363676845872,8.801327632251358,0.9241138696670532,0.008285735561074613,0.9184010992461504,-1.264193131635749,0.9491419792175293,0.7885081360940712,0.9257751628313567,8.164282211557182,0.954492449760437,0.21268800050891953,1.0,-2.942394699858482,0.9865798950195312
73,2.41281124497992,0.7209973121582766,0.06356638659634711,0.2553640973956943,0.9995044469833374,0.49548123820489987,0.12115397486133166,3.471968597250542,0.998725950717926,0.6494331420776287,0.11558359209086685,-5.365311290250338,0.9997920989990234,0.3452955493704231,0.267976207792853,3.2958397611976338,0.7203958630561829,0.7802448682709163,0.2981929908118103,-5.604410072119034,0.995204746723175,0.25861502166751316,0.41937851649778823,2.252722342993192,0.6886967420578003,0.890110359515688,0.39529564032210446,-2.426858702769459,0.9821471571922302,0.22067901263607392,0.45221144622519477,2.090736281484271,0.6161041855812073,0.8910420810848668,0.42696125226289355,-2.7387304055916606,0.9681511521339417,0.5189349169212844,0.4531524511384046,3.1165069206855676,0.9997697472572327,0.5353096067368476,0.4607205091838931,-3.1264906783852195,0.9998483657836914,0.5719463239557132,0.6782145821137184,7.1382996213136565,0.8044629693031311,0.3895824320492148,0.6888632049704028,-3.1087542396708767,0.9916719198226929,0.6031803858496496,0.8972173238991978,11.23114190462185,0.944892942905426,0.09557359493295008,0.9040440943787408,-1.9777872863162447,0.9928401112556458,0.5712952353675838,0.9415491806163024,11.522058506224989,0.9263477325439453,0.008285735561074613,0.9124605747983178,-1.9149539453417384,0.9509731531143188,0.7804869879192958,0.9210070220343308,10.56500946705095,0.9562416076660156,0.20072803998311184,1.0,-4.077746532218692,0.9872958660125732
74,2.445863453815261,0.7215847496081959,0.06356638659634711,0.7165230000863295,0.9995431900024414,0.490907770265774,0.11787799716690622,3.5525057319667255,0.9988471865653992,0.6471299042066748,0.11357424089433552,-5.247160601935737,0.9998125433921814,0.3478253581734205,0.2668445658061498,3.476611549516207,0.7218719124794006,0.7327123395272838,0.2826905049672055,-5.2476374261276,0.9945588707923889,0.26621457785219754,0.42352052963435716,2.77651453023899,0.6663528680801392,0.8187077355615049,0.3934886554456196,-1.9953128090566123,0.9762231111526489,0.22808614995810128,0.4574980682880575,2.706926719303269,0.5889728665351868,0.8185099814952418,0.43242938170904216,-2.2234334160385196,0.9600409269332886,0.5162764780138913,0.4521872101961243,3.109010426339669,0.9997822046279907,0.5374391137202651,0.4595951402974071,-3.118534055607318,0.9998598098754883,0.5546838333100215,0.677475673738687,6.837213821849065,0.8070498108863831,0.3902269061545837,0.6881317928521761,-3.348091160744325,0.9922880530357361,0.5975761252708603,0.8974127239109652,10.79290955725016,0.9462231993675232,0.09163797872492704,0.9028645837910975,-2.2011777372669847,0.9931514859199524,0.5674299931771709,0.9416684516848521,11.089367265714237,0.9277775883674622,0.008285735561074613,0.9120093596057877,-2.1265396872915776,0.9529323577880859,0.7757436243461248,0.9185534497223785,10.064747196290858,0.9570507407188416,0.1916671333244104,1.0,-4.226692558499805,0.9879192113876343
75,2.4789156626506026,0.7204731610941983,0.06356638659634711,0.29439832529781124,0.9995656609535217,0.489580080953423,0.11672197517212426,3.5982508696406197,0.9989513158798218,0.6407896178948721,0.11312839746194785,-5.513569187497646,0.9998306632041931,0.34229135272765526,0.2680967910772209,3.4090417168699734,0.7093155980110168,0.6834841935434869,0.2735506830170435,-5.844880262405702,0.9933529496192932,0.2801523002023396,0.427908178465124,2.445602421433188,0.6315628886222839,0.7554699929858446,0.3865864288457427,-2.8161269135509963,0.9674227833747864,0.2484007235866577,0.4633714071284761,2.36443648086006,0.5537394285202026,0.7588326948782101,0.4290328035743946,-3.157027765109323,0.9482195973396301,0.5078984889623406,0.4533062760433635,3.2198439770416334,0.999790608882904,0.5230183441445737,0.4600687153725506,-3.2291741611314353,0.9998685121536255,0.5455551634391131,0.6799338030444725,6.96473102704412,0.8097196221351624,0.38189823109451587,0.6892008495326177,-3.362401379331104,0.992843508720398,0.5902266838963552,0.8989173192141283,11.030250165592243,0.9478210806846619,0.08543258959682855,0.9035596933256049,-1.8185197589442592,0.9934412240982056,0.562102770246171,0.9426847957539942,11.334075140280854,0.9292256236076355,0.008285735561074613,0.9134146633889583,-1.693641419304052,0.9543551206588745,0.7691622220874714,0.9195102118295045,10.263910516220918,0.9580982327461243,0.18384814623290135,1.0,-3.778778715968615,0.9884485602378845
76,2.5119678714859437,0.7254125802339964,0.06356638659634711,0.1769044448141366,0.9995748996734619,0.4927234689249427,0.11494101543263868,3.5494668097994606,0.999049186706543,0.6393853150546837,0.11394220085067337,-5.775998275219368,0.999846339225769,0.34217857743438007,0.2727928590653431,3.0608288939082255,0.6912866234779358,0.6703199650201636,0.2863735760980484,-6.019882509913304,0.9899923205375671,0.3000535536228386,0.44229528142905505,1.9254290547030652,0.5994052886962891,0.7163324248620028,0.3592807681965494,-2.676017773321331,0.9485860466957092,0.27772085239955413,0.48113112928834334,1.755390358533676,0.5225974321365356,0.7213148311357928,0.3931529014892461,-3.032046921612964,0.9256694912910461,0.5042573185717353,0.45214618746565477,3.330265147765775,0.9998025298118591,0.5190116615554047,0.4594934083192775,-3.3390701646543484,0.9998763203620911,0.5408168552030593,0.6816433447894262,7.112617244941554,0.8066977262496948,0.38136718422414895,0.6900764409283405,-3.3509798283167322,0.993245005607605,0.5881137113143601,0.9001669646154067,11.308463430146796,0.9488776326179504,0.08458696878152461,0.9043741041074148,-1.3855783662133403,0.9936286211013794,0.5604670455479898,0.9437250402201005,11.616320195684517,0.929871141910553,0.008285735561074613,0.9151059038886215,-1.2429736367422637,0.955251932144165,0.7682952454255654,0.9201204247734367,10.509232109182662,0.958553671836853,0.1769726760484401,1.0,-3.4681307950600777,0.9886935353279114
77,2.5450200803212852,0.7297731754731064,0.06356638659634711,-0.15375453866118347,0.9994799494743347,0.5006659351878296,0.1126138188264784,3.4198055017534656,0.9991164207458496,0.6395666263951763,0.1140371031430334,-6.111393650863911,0.9998586773872375,0.350924441515406,0.27290079209521,2.8860236786641025,0.6421692371368408,0.6297201466036176,0.288365119702697,-6.269326193749435,0.9830516576766968,0.33633315782525924,0.43677229609232693,1.3123822359748685,0.5518389344215393,0.651678063816342,0.3721868724310612,-2.8779481883756786,0.9200202822685242,0.31638107705072155,0.47725016325262465,1.0732728132040448,0.48177704215049744,0.6209590897204302,0.3953305984858789,-3.267600870389427,0.8944631218910217,0.4999412742287725,0.4520059870170872,3.4760830285285587,0.9997981190681458,0.5165916616431873,0.4598954430307316,-3.481780903688717,0.9998759627342224,0.5355528705106782,0.6821046011390792,7.468559311148005,0.7942878603935242,0.38000976002240616,0.6908217391762631,-3.1684745545631134,0.993381142616272,0.5861337035231948,0.9008553383482799,11.653692654558277,0.9478772878646851,0.0831664835459926,0.9051393080698746,-1.0607062093852013,0.9934778213500977,0.5591185939343808,0.9444053915277284,11.93277155368296,0.928356945514679,0.008285735561074613,0.9165461617187276,-0.9202875187421118,0.9539502859115601,0.7650393814017992,0.9200628064594333,10.827298857786273,0.9571899175643921,0.176709484613597,1.0,-3.236209259404998,0.9881888031959534
78,2.578072289156627,0.734953557804104,0.06356638659634711,0.3660351324493418,0.9993110299110413,0.4988708916573423,0.10793330169222902,3.190620469352808,0.999168872833252,0.6456242949360003,0.11459497175531612,-5.703900477979258,0.9998687505722046,0.3653602901793979,0.2743831352117771,2.7022388427246606,0.6099857091903687,0.6536183996060223,0.29273103575492987,-5.163369896291959,0.9771205186843872,0.3531846683446218,0.4362991199694746,1.5288722677786681,0.5061279535293579,0.6714629513329093,0.35880289241356,-0.7780881050952945,0.8868318200111389,0.3278504924500507,0.47659154513563284,1.361028217134574,0.44165870547294617,0.6688019801488431,0.378901385567268,-0.8427153637051211,0.8569079041481018,0.4881155358429813,0.45269285015200117,3.221259406141432,0.9997850060462952,0.5150087350446899,0.46113950350794386,-3.2259251884570963,0.9998672604560852,0.5329104997896635,0.6842227432309298,6.357932997897196,0.77928626537323,0.38457103848103585,0.6927259808904747,-2.798605308083741,0.9927698373794556,0.5840625845031562,0.9027612574314837,9.947923805080896,0.9447594881057739,0.08447247491130563,0.907104417090195,-0.5237978331928308,0.9924237728118896,0.5571100975255621,0.9465914590017485,10.183104569904224,0.9239892959594727,0.008285735561074613,0.9176874422643629,-0.3533047784333822,0.9499058127403259,0.7622090851632121,0.9215766700652875,9.297096389158739,0.9529516100883484,0.17688872589815163,1.0,-2.3325718885598428,0.9860062003135681
79,2.611124497991968,0.7371958201012653,0.06356638659634711,0.2129822561432119,0.9989795088768005,0.5037533507837388,0.10718667235523402,3.33018608501621,0.9992149472236633,0.6441709685668815,0.1094748386531213,-5.806756819563874,0.9998682141304016,0.38684906660511403,0.27646519236912115,2.8578601285127454,0.5846409201622009,0.6584766432911956,0.2813550898960764,-5.400640190737994,0.9614844918251038,0.34436833410431705,0.44401178958733606,1.3517136163236703,0.4849089980125427,0.6713758165884803,0.3230599825369812,-1.3665884915425184,0.847590982913971,0.3171489178005173,0.4761777998929767,1.0618240850932683,0.4233613908290863,0.6778231959216378,0.3275731228437287,-1.6087586093502677,0.8181458711624146,0.4863038912134023,0.4525530914557025,3.3459512477989137,0.9997798800468445,0.5152491759618298,0.4599713112053109,-3.3508542286928225,0.9998579025268555,0.5339879600400217,0.6859263771993139,6.660378007983659,0.7646839022636414,0.38382775623542975,0.6939719790759106,-3.027839263989414,0.9920653104782104,0.5841714667895195,0.9031156258070497,10.575948037722705,0.9414046406745911,0.08598256914494591,0.9090136989152305,-0.8591002740594593,0.9912981986999512,0.5576988799135236,0.9469752367582355,10.827680495122362,0.9195764660835266,0.008285735561074613,0.9199559293696884,-0.7138486230652169,0.9444469809532166,0.7586887663093023,0.9224431324581642,9.684114764008582,0.9489849209785461,0.17787103160150514,1.0,-3.028065372331609,0.9834802746772766
80,2.6441767068273094,0.7418071728494885,0.06356638659634711,0.7055948332037099,0.9987919330596924,0.5068423468447449,0.10486288375055632,3.4925545881525903,0.9992505311965942,0.6495448173829355,0.10472502364018575,-5.327690197063293,0.9998708367347717,0.39311682803743475,0.2792599836762971,3.021889804430381,0.5665849447250366,0.6680048761749116,0.27547603134176335,-4.7529154325677645,0.950851321220398,0.34114483527366307,0.4418377203152702,1.7475617887948283,0.45916441082954407,0.6882433494233571,0.3035549573651907,-0.16311554691195268,0.8133805990219116,0.3119792061528877,0.4741318794050762,1.5193210703793176,0.39994677901268005,0.6969094402454457,0.3078662420685234,-0.17913902668223713,0.7838447093963623,0.48862952268236565,0.4504945485620645,3.2685914805558203,0.9997722506523132,0.520101342724485,0.456389606756097,-3.274102682001973,0.9998483657836914,0.5367916786546173,0.6872764253818671,5.930338619209728,0.7533509731292725,0.3868872386137731,0.6944762378464385,-3.4006164646610433,0.9915919899940491,0.5855235464497532,0.903634450562749,9.22781983864141,0.9383243322372437,0.09027489864300098,0.9110078411506402,-1.7393398889243175,0.9901984333992004,0.5556757223143369,0.9486867286011512,9.416345474139316,0.9145477414131165,0.008285735561074613,0.9221209013500837,-1.6437231112669823,0.9401528239250183,0.7569321969972127,0.924288724622685,8.319546810020748,0.9452231526374817,0.17724432675193522,1.0,-3.829888664489026,0.9813498854637146
81,2.6772289156626505,0.7445060890249391,0.06356638659634711,0.9407602773823804,0.9987949132919312,0.5061693206098311,0.10486132569801421,3.4974038480731755,0.9993038773536682,0.6550218282448966,0.10449428695668497,-5.051930662973088,0.9998788237571716,0.3911063855480985,0.27864804923380426,3.0543360536759394,0.5721198916435242,0.6705999494631988,0.28000064439495626,-4.513049588261087,0.945513129234314,0.3395514909624876,0.43843770248335606,2.0184512698407477,0.44588708877563477,0.6958875043699619,0.3042638903899401,-0.13036499368267013,0.7890732288360596,0.30713721959305706,0.47115089446586506,1.8506919059265659,0.3848576247692108,0.700370615894433,0.3111513054579238,-0.15720435187385007,0.7575181126594543,0.4884310175199319,0.4488213407372792,3.134483297131798,0.9997779726982117,0.5204245294267777,0.4547153981472884,-3.1400090402983527,0.9998506903648376,0.53901697295723,0.6872492504468904,5.8907178955276684,0.7552714347839355,0.38638663646636134,0.6938534108027994,-3.6352282861157237,0.9916988611221313,0.5841876006232872,0.9032764439140447,9.31181697628918,0.9393216967582703,0.09396198120497803,0.9107282119663637,-2.0568197874535707,0.9900031685829163,0.5516020191380229,0.9483108987483009,9.524112718031896,0.9149344563484192,0.008285735561074613,0.9207398009276242,-1.965387347511011,0.9391612410545349,0.7578375805049723,0.9245806739356448,8.520853189894735,0.9450967907905579,0.17394268487412234,1.0,-4.132676406706912,0.9809464812278748
82,2.710281124497992,0.7458258471657984,0.06356638659634711,1.4436545193766828,0.998859167098999,0.5054171206728195,0.1040474480531351,3.4235761778073526,0.9993625283241272,0.661723790752059,0.10299865971224798,-4.602207423850965,0.9998874664306641,0.39015377086012903,0.27864073780145443,2.993177923717488,0.6006672382354736,0.6852465424049101,0.27701352218211467,-4.010314442940894,0.9420443177223206,0.3284175480486715,0.4373912790055724,2.023053306022579,0.4557526111602783,0.705962874111811,0.3042093822936362,0.3422867861366429,0.7700722217559814,0.28858092486521725,0.4690516326030567,1.8984704468123885,0.3865261375904083,0.7092099400854739,0.31144194555253235,0.3949256144022844,0.7357596755027771,0.48675398357660193,0.4461158163796256,2.9874201996217895,0.9997866749763489,0.5195506197838765,0.45184446871454476,-2.9933077055685993,0.9998557567596436,0.5387537069982018,0.6871399234634677,5.496179341557935,0.7606025338172913,0.38514475571225515,0.6934090338658061,-3.6889668617330056,0.9918920993804932,0.5818121891707366,0.9032592758052378,8.546995639780429,0.9408144950866699,0.09611296233943169,0.9104457426641167,-2.31742291652139,0.989997923374176,0.5486832271264235,0.9482526638925439,8.734466437667253,0.9159429669380188,0.008285735561074613,0.9208626401567075,-2.2359658149599437,0.9392390847206116,0.7579540258887796,0.9251089694133878,7.835228910771066,0.945127546787262,0.17207233731542315,1.0,-4.268469027036516,0.9808611273765564
