frame_id,timestamp,nose_x,nose_y,nose_z,nose_visibility,left_shoulder_x,left_shoulder_y,left_shoulder_z,left_shoulder_visibility,right_shoulder_x,right_shoulder_y,right_shoulder_z,right_shoulder_visibility,left_elbow_x,left_elbow_y,left_elbow_z,left_elbow_visibility,right_elbow_x,right_elbow_y,right_elbow_z,right_elbow_visibility,left_wrist_x,left_wrist_y,left_wrist_z,left_wrist_visibility,right_wrist_x,right_wrist_y,right_wrist_z,right_wrist_visibility,left_pinky_x,left_pinky_y,left_pinky_z,left_pinky_visibility,right_pinky_x,right_pinky_y,right_pinky_z,right_pinky_visibility,left_hip_x,left_hip_y,left_hip_z,left_hip_visibility,right_hip_x,right_hip_y,right_hip_z,right_hip_visibility,left_knee_x,left_knee_y,left_knee_z,left_knee_visibility,right_knee_x,right_knee_y,right_knee_z,right_knee_visibility,left_ankle_x,left_ankle_y,left_ankle_z,left_ankle_visibility,right_ankle_x,right_ankle_y,right_ankle_z,right_ankle_visibility,left_heel_x,left_heel_y,left_heel_z,left_heel_visibility,right_heel_x,right_heel_y,right_heel_z,right_heel_visibility,left_foot_index_x,left_foot_index_y,left_foot_index_z,left_foot_index_visibility,right_foot_index_x,right_foot_index_y,right_foot_index_z,right_foot_index_visibility
0,0.0,0.3554751884093655,0.006869961434364349,-3.0708458979543822,0.9995823502540588,0.3157529931167839,0.10706455574987306,0.9036735671764563,0.9987109899520874,0.11707026082411362,0.09457272630307095,-4.047350237454813,0.9998800754547119,0.344997310544311,0.2493342287313535,4.145099462926195,0.17210060358047485,0.0012855898885253054,0.19208306965610428,-6.92972952133462,0.9957387447357178,0.38043219910313536,0.350765327277715,5.625975652945172,0.386898934841156,0.02693078178670488,0.045539205851722594,-9.383240309575337,0.9963462948799133,0.3932204203767403,0.3845675972185664,6.050703201223702,0.34802910685539246,0.014821256852629671,0.01910346169009654,-10.166620122834193,0.9925289750099182,0.3225091445310226,0.4730178302133543,1.4761980594037143,0.9997883439064026,0.20323610464664799,0.48459050495493433,-1.4814062270980017,0.9998762607574463,0.3510270209276502,0.6905072519536636,4.537463898820938,0.9109660387039185,0.1735511897692564,0.7212709331498679,0.10872404102541129,0.9880092740058899,0.41223016355540837,0.891911986825241,7.901840880059079,0.9724129438400269,0.09276925386220201,0.924076502817943,2.905831289488782,0.9920387268066406,0.3883622592371578,0.9322161399402457,8.19100931023926,0.9582849740982056,0.04246668229009911,0.9581784262142229,3.1288606436805497,0.9351193904876709,0.5493816472598607,0.9318498659852316,7.22083404223292,0.981631875038147,0.19884033141200275,1.0,1.4830838354129015,0.9875226616859436
1,0.041666666666666664,0.3482429416703488,0.013816666044206947,-2.807324859870398,0.9993135333061218,0.3153695148507229,0.11251586839265632,1.0820603697477156,0.9984753131866455,0.1170919521776309,0.10032399549029655,-3.7505543232997502,0.9998642802238464,0.3286484172558034,0.25565079689974857,3.315528458537179,0.16334298253059387,0.0012855898885253054,0.19675843755722963,-6.501279028774011,0.9957147836685181,0.3791582187100864,0.37412308530403043,3.4798657883688624,0.36701616644859314,0.027864138773368113,0.04276630992910124,-8.638075206998936,0.9961771965026855,0.39261984018698454,0.41362144696459413,3.6625690127745365,0.3314038813114166,0.016803364137352894,0.01910346169009654,-9.399070761006268,0.992112934589386,0.32593694106377974,0.47216860099205993,1.483144872615542,0.9997502565383911,0.20304842207842283,0.48343343617661616,-1.4880703255209116,0.9998588562011719,0.3507414881286996,0.6921239765185552,3.9173468803108755,0.9082192182540894,0.1733814135554824,0.7206339721248439,-0.5195850102254944,0.9880034923553467,0.41093470748422717,0.8967441152090517,6.855227285676756,0.9717206358909607,0.09280410443714936,0.9231164986175503,1.888390600124758,0.9919905066490173,0.38792152794441176,0.9372893178772076,7.086597654199319,0.9560451507568359,0.044395191210970096,0.9557778271896095,2.0653999577202025,0.9322683811187744,0.5488973766682641,0.9360567783059177,6.006795786509692,0.9809113144874573,0.19487477507434695,1.0,0.3522270646923952,0.9874757528305054
2,0.08333333333333333,0.34584718818805293,0.018380284061953352,-2.5580487069109754,0.9990614056587219,0.31564932768813914,0.1160753106575343,1.1718373400442303,0.9983033537864685,0.11884825259221589,0.10419383262471034,-3.6308860887977787,0.999845027923584,0.323361779916683,0.2589917116726844,3.28123312150299,0.1571713387966156,0.0012855898885253054,0.1997246422184974,-6.360262876572371,0.9956247806549072,0.3794317640581606,0.3835894480209282,3.471384387746312,0.35190874338150024,0.02884548421468085,0.04538617690935235,-8.446182949472668,0.995924174785614,0.3930412822975361,0.4234811942931449,3.6585323628045225,0.3185866177082062,0.017554888461633417,0.01910346169009654,-9.195261016673808,0.9915521144866943,0.3270509904989255,0.4745395367950432,1.4921725274551614,0.9997193217277527,0.20368923824527047,0.4855725205991009,-1.4970312155946814,0.999843418598175,0.3510957636631326,0.6936350069534478,3.9662430813739973,0.9056257605552673,0.17408931409729347,0.7214983153561687,-0.5022307352084714,0.9879941940307617,0.4087711716391996,0.8994383921196885,6.914653171468865,0.9710983633995056,0.09356984669080678,0.9235048116033677,1.921460766620522,0.9919174313545227,0.38795543458513365,0.9393768889093594,7.147943863827689,0.9543020725250244,0.04549662154895944,0.9570051535529734,2.099364027729982,0.9301846623420715,0.5484980946743622,0.9380421478045271,6.078603130875572,0.9802491068840027,0.19423602081725846,1.0,0.3921356646177972,0.9873757362365723
3,0.125,0.3451221821620688,0.020087838879133697,-2.4940682788106265,0.9988399147987366,0.31516012657217013,0.11719534246384028,1.1711519203252003,0.9982139468193054,0.11938858343473206,0.10538045111679888,-3.6017186564843606,0.9998276233673096,0.32365687843635926,0.2604186378605993,3.1487061622282932,0.15374112129211426,0.0012855898885253054,0.20075732565092874,-6.298173067894718,0.9955404996871948,0.37933451501836307,0.39227036392990455,3.190135657631197,0.34197941422462463,0.027045063074864116,0.046928871498632424,-8.321708310629615,0.9956708550453186,0.3934523716103272,0.43603935609896544,3.343359891239662,0.31018707156181335,0.014216656836192143,0.01910346169009654,-9.062986164345988,0.9910191297531128,0.32710997808487513,0.47571570890004916,1.4987786141292554,0.9996991753578186,0.20352324851331216,0.48672478020056936,-1.5035589947561205,0.9998341798782349,0.3510070538119782,0.6940263602370293,4.052823299263522,0.9048058390617371,0.17420764658578783,0.7217631633003486,-0.5129437777066388,0.9881791472434998,0.40628050129128257,0.9006749875047768,7.062369110860289,0.9711004495620728,0.09353721260381372,0.9239301727718281,1.872362513500021,0.9919518828392029,0.38691039882595724,0.940243344517558,7.303062976343753,0.9535897374153137,0.04562089177833317,0.9578411268565408,2.04591372011951,0.9290239214897156,0.5475431407567463,0.9389628822900529,6.242626811147997,0.9799802899360657,0.1932245157076832,1.0,0.3374307836760292,0.9873906970024109
4,0.16666666666666666,0.34537351135027367,0.020594471317201348,-2.515164624850729,0.9987403154373169,0.3158953605492873,0.11736584610470993,1.1966793907378417,0.9981649518013,0.1203341930925685,0.10555668085465274,-3.5542632323590557,0.9998196959495544,0.32540764823933704,0.2606585142779716,3.266003729069091,0.15132267773151398,0.0012855898885253054,0.20042280521164796,-6.304114885376792,0.9955468773841858,0.38047968620055317,0.39347320378644324,3.4509023302952104,0.33594128489494324,0.02580114190590028,0.0472509711177584,-8.39894546921614,0.9955480694770813,0.39518882787693854,0.43438244238449414,3.6347353006457377,0.30520305037498474,0.012260383303756773,0.01910346169009654,-9.143521522035057,0.9907212257385254,0.3290473263930415,0.4759424802406311,1.4952787774566785,0.9996862411499023,0.2044356525171635,0.48695684635427283,-1.499944617545405,0.999829888343811,0.35197635166664476,0.6941323678958389,4.073662659717719,0.9042900204658508,0.1751599864226711,0.7216921333758258,-0.5548545456287414,0.9883064031600952,0.40575923469214925,0.9009561508963871,7.087544827921933,0.9710951447486877,0.0945039470345911,0.9238040855039892,1.7406415215644269,0.991955041885376,0.3872960030528251,0.9401427831726844,7.328642754950926,0.95294189453125,0.04753703520634566,0.9578191657408872,1.9053667070276612,0.9277821779251099,0.5484251611962152,0.9390418028259372,6.278783922033413,0.979744017124176,0.19332118471181706,1.0,0.19927127560704858,0.9873847961425781
5,0.20833333333333334,0.3450730427013731,0.024502140278098092,-2.5280726642509124,0.9987449645996094,0.3190272826666224,0.12122090847283767,1.1326518988220404,0.998177707195282,0.11723577201061225,0.10901587285410101,-3.3974859639138852,0.9998233914375305,0.33042263408216843,0.26590916180607094,2.9661774663239573,0.15273112058639526,0.0012855898885253054,0.2038331433534244,-5.997812283023504,0.9956954717636108,0.3839929743816,0.3987496376976515,2.996486627140081,0.33697187900543213,0.024294451253023812,0.048660450548836866,-8.03742576937332,0.9956199526786804,0.39970035211415517,0.442430991775005,3.1330997730445316,0.30602502822875977,0.009262131714368915,0.01910346169009654,-8.75394946878557,0.9907991886138916,0.33207884387728137,0.47774735360041254,1.4051439567539692,0.9996818900108337,0.20475424693412506,0.48893818366169106,-1.409605394101986,0.9998330473899841,0.3526324824946592,0.6954314818687688,3.972612330549924,0.9056422114372253,0.17586577779987494,0.7231578289913633,-0.5998494059458095,0.988608181476593,0.4044570918674804,0.9014964558928351,6.935714564472439,0.9715174436569214,0.09641914785385826,0.9244748776504367,1.5212089434018374,0.9920035004615784,0.386678470601708,0.9397402964430293,7.175988044748824,0.9527404308319092,0.051927214361999076,0.9582472065447385,1.672756620962541,0.9267051815986633,0.5471842126592383,0.9392544032862244,6.166125733865423,0.9797742366790771,0.19302084995356264,1.0,0.0035900325949083894,0.9874416589736938
6,0.25,0.34602390091596547,0.02751156720124012,-2.4979541351686043,0.998755693435669,0.3220306628732017,0.12416777138555117,1.0277697827277752,0.9982218146324158,0.11592721945191163,0.11129182747811156,-3.2861658671182647,0.9998273253440857,0.3362415359702944,0.26843951596324217,2.770395599755374,0.15753822028636932,0.0012855898885253054,0.20507705530051246,-5.807405810623284,0.9958410859107971,0.38734506622238585,0.39806197769814355,2.742172920841318,0.34347519278526306,0.021021977253350258,0.04879616472812037,-7.837863813270398,0.9956985712051392,0.40383852546061,0.44175221674231013,2.8606965385169985,0.31140461564064026,0.0049416678913356184,0.01910346169009654,-8.53760476363066,0.9908889532089233,0.3337723150869444,0.47715145275481186,1.346111180350293,0.9996743202209473,0.20502509410159397,0.48856191238627994,-1.3503299984340538,0.9998340010643005,0.3533294944738201,0.6962324973300387,3.770582477455261,0.9065929055213928,0.17707477394990845,0.7236774828100753,-0.67447669591801,0.9888057708740234,0.4041870842031572,0.9017150833613444,6.531301112852659,0.9717985391616821,0.09833454404528437,0.9248757753252671,1.3041321579581298,0.9919769167900085,0.38695436193672633,0.9388348734188815,6.7499274473090685,0.9520927667617798,0.05544740411254017,0.9579280399858242,1.4428449254602818,0.9250341057777405,0.5475194087433332,0.9383266558273455,5.737224302206316,0.9796606302261353,0.19272182163745322,1.0,-0.19775631862963763,0.9873870015144348
7,0.2916666666666667,0.3471898837597441,0.028707278672973412,-2.477204142745633,0.9987403154373169,0.32578177209671816,0.1248298617989103,0.9968305880044817,0.9982631802558899,0.11653231306388587,0.11171258176195248,-3.255292247591265,0.999830961227417,0.3397022949893794,0.2680247107359278,2.749752364311382,0.16026510298252106,0.0012855898885253054,0.2013777612972519,-5.770049262893428,0.9959732294082642,0.3911130592250238,0.397476971625698,2.7403689682292898,0.34864407777786255,0.021041960682979182,0.049333943813439786,-7.7811746218273425,0.9957551956176758,0.40758697456614673,0.4398631628946901,2.8631543960630443,0.3160299062728882,0.004159741076012307,0.01910346169009654,-8.469922596094872,0.9909250140190125,0.3375279394034522,0.4738977943892948,1.3229092003471272,0.9996604323387146,0.2064569923390687,0.48508671582036805,-1.3269474687942673,0.9998314380645752,0.35573857011942056,0.6963082632092291,3.5545056272943127,0.9057333469390869,0.1795248125206911,0.7224050540076122,-0.7563765069656236,0.9888512492179871,0.407435359821133,0.9025691570919305,6.134434623286562,0.9715117812156677,0.10187290818603102,0.9250635212318903,1.1210641858162746,0.9918580055236816,0.3903078286534047,0.9387601176453654,6.333328293719161,0.950857400894165,0.0599374486363926,0.957700719895871,1.2479593956549764,0.9226933717727661,0.5509088316959809,0.9374792060925549,5.312887525037119,0.979188084602356,0.19557726354576993,1.0,-0.3865600800735,0.9871829152107239
8,0.3333333333333333,0.3545606220588471,0.03130687254295066,-2.5572103233394166,0.9988000988960266,0.3371098587562993,0.12697665467673855,0.9671124131895795,0.9983529448509216,0.12245047104591297,0.11416453399081393,-3.0468615284518887,0.9998396039009094,0.35650694870058597,0.26949274844633975,2.4709779524116775,0.17692537605762482,0.0012855898885253054,0.20193983204985386,-5.517514893262557,0.9962330460548401,0.40518029157982993,0.3993496520778763,2.095202950305279,0.37186944484710693,0.021596227120663673,0.049988668646263834,-7.463178173984832,0.9959767460823059,0.4221644013644112,0.4448491220849964,2.124497060774251,0.33565235137939453,0.004801827783248808,0.01910346169009654,-8.142500283965159,0.9912753105163574,0.3461200453527606,0.47339784400058654,1.2867079300151827,0.9996576905250549,0.2129264938672252,0.48535541312269886,-1.2904672330337306,0.9998359084129333,0.36182184924274763,0.6962181307812549,3.3600008198629956,0.9079017043113708,0.18471207252339844,0.7226605540023605,-1.0424160213229963,0.9893195033073425,0.4119432810199654,0.9027882650244692,5.912288443194742,0.9722076654434204,0.10512173770667753,0.9286644965614556,0.5859006879830697,0.9920668005943298,0.3967742387569214,0.938811236737787,6.103740447019164,0.9516517519950867,0.06658166727111946,0.9603226923433206,0.6821833131234076,0.9222372770309448,0.556334329284696,0.9375449964125926,5.072471911575206,0.9794047474861145,0.20022389250971875,1.0,-1.0092582533986192,0.9874313473701477
9,0.375,0.3556443505999193,0.03285471988619287,-2.254777591485704,0.9988426566123962,0.3402207114418233,0.12780317833428811,1.0886547570003904,0.9984709620475769,0.12276461531280988,0.11504211676419436,-2.626091110784746,0.9998423457145691,0.36580308717068855,0.27078352657377985,2.2632238645425296,0.21042704582214355,0.0012855898885253054,0.20241075861489188,-5.074047086885134,0.9964464902877808,0.4136252187994627,0.40381080223148835,1.466703319962601,0.4133416414260864,0.016518625897067558,0.049935271114813426,-6.991983531018961,0.9961994886398315,0.43041638018823913,0.4508465795772246,1.4064372837432089,0.3735828399658203,0.00019549679112317738,0.01910346169009654,-7.657364276107356,0.9916609525680542,0.34822557149887423,0.47149950201201335,1.2651756144667055,0.9996572732925415,0.2134803805834634,0.4840817164304373,-1.2685653381898783,0.9998370409011841,0.3624842135488215,0.6958948812730587,2.959576835748603,0.9094323515892029,0.1850002169912027,0.7215541592300551,-1.1194177293109275,0.9896479845046997,0.41240993159181744,0.902524549347484,5.298671651225589,0.9723772406578064,0.1051069903101828,0.9289779605174271,0.4765531480895637,0.9921295642852783,0.39664613484078987,0.9384891352914219,5.4659957568799,0.9515419006347656,0.06809682065581567,0.9602111829350475,0.5677611813961118,0.9203672409057617,0.5547781326364868,0.9373191569386825,4.423757989501323,0.9791642427444458,0.1983032789144872,1.0,-1.0837192021023792,0.9874462485313416
10,0.4166666666666667,0.3586270558569621,0.03533875422829186,-2.03249611776716,0.9988796710968018,0.3450970659145803,0.12930628559975355,1.20597332627901,0.9985926747322083,0.12574866595216283,0.11691458971034151,-2.338544226995405,0.9998454451560974,0.3747367979899187,0.2730591290387038,2.2081423973311827,0.25119954347610474,0.0012855898885253054,0.20442518871726142,-4.708892078863054,0.9966660737991333,0.42154482919840247,0.40654501051175196,1.2769149192705704,0.45794087648391724,0.016224857400282292,0.05063806310806725,-6.546244467936869,0.9964337348937988,0.4387797346239306,0.4540153627175258,1.1856443222939117,0.4156879782676697,0.00024195080964865785,0.01910346169009654,-7.190750035610785,0.992072343826294,0.3517029269553488,0.47086804735591725,1.2452910607492347,0.9996585845947266,0.2163984691846567,0.4826049061011159,-1.2482769473219533,0.9998387098312378,0.3635770803869914,0.6957718475272431,2.729507550120008,0.9099201560020447,0.18839014904501614,0.7199588442508802,-1.3152996028961985,0.9898568391799927,0.4136576644758707,0.9021256251823763,4.980407706915509,0.9720677733421326,0.10703256993269501,0.9297693456071244,0.14623932646898458,0.9920497536659241,0.39695547331934944,0.9379275618810895,5.136873180061328,0.9509027600288391,0.07162537246626503,0.9605961528504873,0.2208333428111057,0.9175035357475281,0.5520565594237324,0.9370967181195172,4.081214561619349,0.9785398244857788,0.2015000907247098,1.0,-1.453108704275432,0.9872812032699585
11,0.4583333333333333,0.3597693344930246,0.03653434974469437,-1.987725912522731,0.9989263415336609,0.34762434936246056,0.12882499376918258,1.2384247826087347,0.9987000823020935,0.12780749160494517,0.11682590922919342,-2.32791052832816,0.999848484992981,0.3774721884212775,0.272858545609414,2.268358752848274,0.28396815061569214,0.002573186730283546,0.2029425616735511,-4.715034980562079,0.9968551993370056,0.42483210399582266,0.4055561850682117,1.4459580147518543,0.496014803647995,0.016110439618371854,0.050364082737108684,-6.58519625527419,0.9966379404067993,0.4424713428224615,0.45304876223139506,1.3856771830225505,0.45124948024749756,0.00028840482817413834,0.01910346169009654,-7.228746295892877,0.9924327731132507,0.3529056248581474,0.46976914643130485,1.2334317187584232,0.9996585249900818,0.2175430082556379,0.481061947191047,-1.2361875760531766,0.999838650226593,0.3645341531285425,0.6941836719383466,2.6087711216317895,0.9105569124221802,0.1899259749693245,0.7182703726005073,-1.2335398898580354,0.9900368452072144,0.4157500128825672,0.9005202384622607,4.741076228320471,0.9718824625015259,0.10790540183188407,0.930593276338638,0.23781844153954046,0.9919940829277039,0.3983236843639987,0.9363246100078572,4.886790332383993,0.9504908919334412,0.07402944367609197,0.9606186538080426,0.3152008311380792,0.9150567650794983,0.5539760558732048,0.9357074688406509,3.8434870927111255,0.9780701398849487,0.20472860487329697,1.0,-1.3175096527034154,0.98711758852005
12,0.5,0.3577292832281096,0.038931059826706145,-2.3390957199475837,0.9990053772926331,0.3514071366373551,0.13053675589244212,1.1705229883584942,0.9987984299659729,0.12762512622652414,0.11870453241475497,-2.291054973273962,0.9998557567596436,0.38307379744298126,0.27569942275964654,2.052849932452664,0.3157239258289337,0.001060194599168377,0.20428740071960952,-4.615235189805249,0.9970613121986389,0.4290811845180885,0.40879472571277237,1.1736444554214476,0.5274924635887146,0.016241935095558817,0.0493579185046664,-6.57908868164625,0.9968408942222595,0.4469226426511885,0.45672076948067847,1.0785608748900226,0.478932648897171,0.0003348588466996188,0.01910346169009654,-7.2280164400916975,0.9927896857261658,0.3521344015936259,0.47044169071722086,1.1484056431358598,0.9996680021286011,0.21548696996018368,0.4813651373228264,-1.1507221860412589,0.9998451471328735,0.36325701086393447,0.6936526554435856,2.566075580742088,0.9142833352088928,0.18859466766142047,0.7176927049251947,-1.1498723720276969,0.9904852509498596,0.4144555440528878,0.8992634565657673,4.840222544554106,0.9729073643684387,0.10773861580798362,0.9302519499005469,0.32863965434076564,0.9922053813934326,0.39726912482312055,0.9348297832109321,5.001043509229243,0.9515551328659058,0.07412814092033301,0.9595868182854725,0.4078780964882879,0.9143654108047485,0.5521488332787354,0.9342089637671378,3.9415888887330848,0.9785475134849548,0.20382996905100104,1.0,-1.2316874164649176,0.9873852133750916
13,0.5416666666666666,0.35797104338087365,0.03944107069557037,-2.589222616731596,0.9990852475166321,0.35481659287588113,0.13092777061735947,1.0352398338459492,0.9988870024681091,0.12904942490485466,0.11941958380983432,-2.393626573634484,0.9998626708984375,0.38772098805889976,0.2792770811619811,2.002895237725157,0.34400665760040283,0.0011765759161065429,0.20441352795406673,-4.7187990754248945,0.9972364902496338,0.4348755128895976,0.41331193653936144,1.2467002281002162,0.5567452907562256,0.015168727797307041,0.04810136674836868,-6.641535868921203,0.9970093965530396,0.45275760191490044,0.46143147930113576,1.178066593665386,0.5049729943275452,0.0003813128652250993,0.01910346169009654,-7.273553147165238,0.9930739402770996,0.35355596134387635,0.4709062499472119,1.1360952017951786,0.9996779561042786,0.21628388365324355,0.481368876786562,-1.1385864365905363,0.9998511672019958,0.36454805748079777,0.6941149920015406,2.6890253428930633,0.9167214632034302,0.18830809356254932,0.7183405772742399,-1.0478961943315335,0.9908377528190613,0.4155658297704856,0.8998681394417803,4.925225365569007,0.9736818075180054,0.10910371645419087,0.93060087265135,0.4386803761399959,0.9923761487007141,0.3983453746606778,0.935564343256378,5.083361797764414,0.952601432800293,0.07595891139869151,0.9594257325727336,0.5205560978051661,0.9141128063201904,0.5528359479652493,0.9362567885551928,4.065857188394297,0.978893518447876,0.20239294986900094,1.0,-1.067871729266576,0.9875802993774414
14,0.5833333333333334,0.35641283488771985,0.04002936245969848,-2.7753737684442514,0.9991629719734192,0.3563130975384039,0.13191809768618792,0.8857549887879848,0.9989705085754395,0.12800074121450936,0.12012297520696846,-2.4094031213567835,0.9998714923858643,0.3904032290607913,0.284596544876881,2.0283544973643277,0.36860883235931396,0.0003463139896410667,0.2058306265462494,-4.732871042756429,0.9974032640457153,0.43810629410155466,0.41749905964819833,1.450271616362816,0.5819704532623291,0.015224454248426434,0.04760076340235813,-6.78554181077251,0.9971729516983032,0.4572358907078396,0.4647270563945204,1.422959940095937,0.5270605683326721,0.00042776688375057977,0.01910346169009654,-7.441273527734963,0.9933610558509827,0.35389544529622324,0.4714329422882446,1.1228781068996823,0.9996946454048157,0.21512394761238365,0.4812764383266205,-1.1256006997793147,0.9998601675033569,0.36324707019849345,0.6962312103404011,2.731384282947397,0.9201214909553528,0.18673051926449166,0.7186200183792046,-0.9986440427359928,0.9912933111190796,0.4138207219121606,0.8994747391206998,5.1663208167625925,0.9749166965484619,0.10819585932094113,0.9295502061485982,0.5533381312724956,0.9926961660385132,0.3965716939464287,0.9350805679387474,5.345823774658332,0.954457700252533,0.07598737613977585,0.958124754283746,0.6451810884339714,0.9156553745269775,0.5514134563904176,0.9378776674848547,4.33061593288342,0.9797360301017761,0.20105983417687193,1.0,-0.9023024057800336,0.9880601763725281
15,0.625,0.35447241628182713,0.040012253656340584,-2.7574557435818536,0.9992281794548035,0.35551603684820665,0.13252749365339495,0.8035610965020786,0.9990373253822327,0.12764447487589844,0.12068619667751174,-2.617218274428096,0.9998790621757507,0.3896837730060648,0.28697963526322817,2.088050896475649,0.38022422790527344,0.0010683244329856905,0.20811580580310662,-4.9659775821788905,0.9975226521492004,0.43780118355080594,0.41726728924000545,1.6153844272532294,0.5966132879257202,0.01535315018725799,0.04763235315301445,-7.003554435789317,0.9972826242446899,0.45733608580628915,0.46404308462036903,1.6088081224421096,0.538661539554596,0.0004742209022760602,0.01910346169009654,-7.659696342982854,0.9935446977615356,0.3539282580866122,0.4705785026279664,1.125287173396927,0.9997066855430603,0.21371220762771936,0.4800659990385014,-1.1279547916690253,0.9998672008514404,0.36241386798334463,0.6958819394810466,2.9146377623395545,0.9222325682640076,0.1855320963808903,0.7166770754983821,-0.9791849413050752,0.9916441440582275,0.41201384708939315,0.8987705551988716,5.334664832691869,0.9758049845695496,0.10793711674508855,0.9270397215288613,0.5431689998095824,0.9929371476173401,0.3946888302308553,0.9346629174229844,5.514866057044119,0.9556427597999573,0.07564586475447523,0.955600083845058,0.6348637224319603,0.9167219400405884,0.5505597276893458,0.937688366982872,4.533722089332206,0.9803380966186523,0.19976603351621378,1.0,-0.9141484801065063,0.9884300827980042
16,0.6666666666666666,0.3524285558270075,0.03660128826011807,-2.7378983937397168,0.9992859959602356,0.35354734790699466,0.13179086445392812,0.8316274883053592,0.9991039633750916,0.12894118946879302,0.11826198117508965,-2.6754528624481457,0.9998844861984253,0.3890846171653464,0.28573157289844175,2.2039921849340813,0.39492735266685486,0.0032680823060364694,0.2057797732072761,-5.098797836122236,0.9975904226303101,0.43980401830587346,0.41361149207563613,1.8565668701464433,0.6165561676025391,0.015658530283444976,0.0453758415327022,-7.096945789350993,0.9973408579826355,0.45891693981135945,0.46028056822141084,1.8833161310921411,0.556958019733429,0.0005206749208015406,0.01910346169009654,-7.755232828844011,0.9936326146125793,0.35261908837083084,0.4705521629097497,1.1608822907456293,0.9997177124023438,0.21406954786466453,0.4799126607400453,-1.164096006824841,0.9998726844787598,0.3620041905092133,0.6904795473504546,3.1500376488924293,0.922221839427948,0.18448196232698297,0.7132965234112674,-0.9460254271145584,0.9918087720870972,0.410898314014929,0.8922897137835143,5.540993250796441,0.975950300693512,0.10842622465261835,0.9256127964391733,0.5866492150592647,0.9930049180984497,0.39362716240526086,0.9291635936422199,5.723729862050044,0.9559327363967896,0.0760547990904049,0.9535685196794575,0.6827944085265094,0.916750967502594,0.5523911867770682,0.9306893289104574,4.796373484812537,0.9804208874702454,0.21203872034267435,1.0,-0.9202479903358667,0.988524854183197
17,0.7083333333333334,0.35211683702129043,0.03360506015740076,-2.5139430455307403,0.9993388652801514,0.3526193735080843,0.13028604939294194,0.9467142760759113,0.9991645216941833,0.13092290809059634,0.11610554779523753,-2.6674988612809165,0.9998883605003357,0.3886303815011933,0.2833060994939213,2.2637016107529915,0.40922030806541443,0.005056166571326445,0.20479249059828228,-5.128495741455418,0.997633159160614,0.441308793839445,0.4101576919989026,1.8781385896288045,0.6346080303192139,0.015577760607688118,0.044408088018411965,-7.142140386240141,0.99737149477005,0.46026349250202836,0.4565022027570337,1.9013900993727373,0.573417603969574,0.0005671289393270212,0.01910346169009654,-7.799698748487478,0.993668258190155,0.351923188051296,0.47014816088051087,1.187021673617652,0.9997243285179138,0.2140757222380062,0.479404742350782,-1.1903892090044377,0.9998761415481567,0.3624711644162116,0.6880392767251147,3.158607279131124,0.9226825833320618,0.1840918710354106,0.712456724443743,-0.9509406313244795,0.9920236468315125,0.41102241634140174,0.8889137906524731,5.596904247472393,0.9761854410171509,0.10910090564373583,0.9260402890297925,0.5662330390913125,0.9931169748306274,0.3937877919323508,0.9264823604336317,5.762909899344729,0.9561303853988647,0.07710376136340123,0.9551801735595633,0.6562970718334985,0.9169774651527405,0.5537032720582548,0.9271160720007225,4.820342403736825,0.9805269241333008,0.21584126248414795,1.0,-0.9148619834448796,0.9886705279350281
18,0.75,0.353913518819693,0.028703850293087363,-2.4461813824847725,0.9993921518325806,0.35469144887606685,0.12763930947089325,1.0433201599846733,0.9992242455482483,0.1329780200963807,0.11245961885933276,-2.476618872425535,0.9998924732208252,0.39278776047744063,0.2829519994221513,2.237039527608065,0.4291025698184967,0.005709483375620562,0.20307047991162255,-4.868588738882274,0.997699499130249,0.4441604670566427,0.4117156656564628,1.6056057768159622,0.6546127796173096,0.016102150078425196,0.04218658134880581,-6.957411628114349,0.9974426031112671,0.4623976709579818,0.4582885700170005,1.5619592336451764,0.5921144485473633,0.0006135829578525016,0.01910346169009654,-7.6295049616469655,0.9937970638275146,0.3536256033211768,0.46833958506541085,1.1917484125532543,0.9997332096099854,0.21545346926406211,0.4775230201253,-1.1951094239553421,0.9998804926872253,0.364999307953637,0.6869198395098078,3.060514406525769,0.924496591091156,0.18508924573402843,0.7118647145534054,-0.9848638009500317,0.9923200011253357,0.4132622446809611,0.8880959013503713,5.29774262408604,0.976778507232666,0.1103181758814646,0.9267046904333365,0.4555710081155454,0.9933068752288818,0.39602874339579947,0.9259199676964326,5.4520677024625215,0.9566845297813416,0.07844012615285573,0.9562102115375224,0.5349424832258338,0.9173834323883057,0.5570240150176078,0.9271332345951084,4.467956845539898,0.9808961749076843,0.217330670243876,1.0,-1.041488566138258,0.9889538288116455
19,0.7916666666666666,0.3562285517782326,0.023792709386496837,-2.292886860270762,0.9994367361068726,0.35707122895544985,0.1239671833550821,1.0431327908476367,0.9992819428443909,0.13423908912765378,0.10871434135485708,-2.4273504993743824,0.9998955130577087,0.3962462255014395,0.2797874018647265,2.1929465347430854,0.45356276631355286,0.006369499045206807,0.20132661020218373,-4.752123496661852,0.9977431297302246,0.4475479904753765,0.40934079241921584,1.5181404368106088,0.6767401099205017,0.01589351446647614,0.040541737449950654,-6.825003255926184,0.9975073933601379,0.46523671202539446,0.456375055863761,1.4716255848376516,0.6139177680015564,0.0006600369763779821,0.01910346169009654,-7.48850822728667,0.9939213395118713,0.3562328756248887,0.4653844659728469,1.1900847170096696,0.9997393488883972,0.217322748466639,0.4747842383628566,-1.1934254632972745,0.9998831748962402,0.36806569004032325,0.6856758054093348,2.970133824894155,0.9263023138046265,0.18713608327728656,0.7106835832663081,-1.014880428138464,0.9925493001937866,0.4181197550135508,0.8886479770646959,5.142562953592477,0.977263867855072,0.11208896854975817,0.9263869160400185,0.42479470475836345,0.9934500455856323,0.3998910931123487,0.9263913750068826,5.293527964655069,0.9570316076278687,0.08060413596200688,0.9566339799623488,0.5032653020815371,0.9175047874450684,0.5603552580508843,0.9283746694199663,4.29055906881166,0.9811684489250183,0.21837959117354264,1.0,-1.0766174618806803,0.98915696144104
20,0.8333333333333334,0.3591190106726164,0.02155802971081321,-2.2179418047617125,0.9994679689407349,0.3600780182460672,0.12340395674604937,1.0332187991498127,0.9993225932121277,0.13543692818496167,0.10819122502652173,-2.4426807297550845,0.9998970627784729,0.39881115569623404,0.2801108060106477,2.176370966957482,0.4650593101978302,0.008159217471492536,0.20036776856817462,-4.732740688105377,0.9977469444274902,0.44964505883538547,0.4104327562311111,1.5259789566020912,0.688270628452301,0.015544185325775423,0.04018885134732442,-6.708797437791795,0.9975108504295349,0.46738249989976477,0.45759886176095455,1.492009904690116,0.623980700969696,0.0007064909949034626,0.01910346169009654,-7.358807884938721,0.9939137697219849,0.35897807177711144,0.46662911005180807,1.183721496189287,0.9997451901435852,0.21985153804225918,0.47557551290650807,-1.1870582566713537,0.9998862147331238,0.3718094034756168,0.6862102838120605,3.0155179499986042,0.9282618761062622,0.18945607745313592,0.7121817801564537,-0.9522522744685985,0.9928191900253296,0.42112907700126456,0.889570684276285,5.231902670055059,0.9780504703521729,0.11413544654535131,0.9276294687314769,0.5485618214984298,0.9936819076538086,0.4028361429907383,0.9279855747922962,5.384967721206721,0.9581542015075684,0.0827393265707948,0.9584814738158423,0.6326773706447747,0.9190367460250854,0.5635026911811397,0.929991363513717,4.3715523834548575,0.9817062616348267,0.21663588270416292,1.0,-0.914715448638135,0.9894919395446777
21,0.875,0.3615841757543609,0.01969200089460042,-2.2266504687922684,0.9994861483573914,0.36235958659687695,0.12101730590208881,1.0035371180351074,0.9993495941162109,0.13400245098787844,0.10731010019456542,-2.4106366006459354,0.9998967051506042,0.40189949863688823,0.2777820426279124,2.0713613461925653,0.4717193841934204,0.009859948882886427,0.1985803818477571,-4.644081953226332,0.9977363348007202,0.4508109267496717,0.4095570879603281,1.4142088688034025,0.6946019530296326,0.01564098152188635,0.03928992620904261,-6.588656847323241,0.9975027441978455,0.46749759974913174,0.4575562680230926,1.372606431403233,0.6285213232040405,0.000752945013428943,0.01910346169009654,-7.225388920952042,0.9938874244689941,0.36222478565734295,0.4657791253346691,1.1623896863923533,0.9997445940971375,0.22239467149397926,0.4750305694728815,-1.165609330582772,0.9998865723609924,0.3763004201160197,0.6860433175285,2.9483915038914392,0.9301123023033142,0.19171164273542737,0.712493080931131,-0.9379647760349659,0.9930161833763123,0.4244595829655324,0.8889268765991066,5.137587851668217,0.9787588119506836,0.1167739270819228,0.9276393172121998,0.5485006493143872,0.9938401579856873,0.40608538682473533,0.9272509330349521,5.2908525875645855,0.9590110182762146,0.08535383719426709,0.9589120491745138,0.6326606026429444,0.9196496605873108,0.5637230716287801,0.9302629806143895,4.297277778240872,0.9821397662162781,0.21724705394447164,1.0,-0.8958162615825486,0.9897059202194214
22,0.9166666666666666,0.36028208801833306,0.01925589605300749,-2.1827032281433656,0.999497652053833,0.3622708600557375,0.11934976593008645,0.9708538632369852,0.9993849992752075,0.13214057296096335,0.1068406228926165,-2.3552543691851118,0.999894380569458,0.40415147583778216,0.2765029848908503,1.9538639992282547,0.49041441082954407,0.01110544385488671,0.19802453310370755,-4.51784495788834,0.9977149963378906,0.45343540374375957,0.4083179284534044,1.2311516254754387,0.7100518941879272,0.015112887123205621,0.039259475801903164,-6.413933086167566,0.9975213408470154,0.46924691270441193,0.45697805045842255,1.1734692200902188,0.6431259512901306,0.0007993990319544235,0.01910346169009654,-7.034225408604602,0.9939221739768982,0.36449121493741965,0.4644985130587445,1.1523508675959613,0.9997435212135315,0.2241449442230545,0.4738961013897961,-1.1555525054225317,0.9998854994773865,0.379303819023987,0.6855440661109222,2.8188476934998588,0.93098384141922,0.1940238851066409,0.7116785434417614,-0.951860083255108,0.9930992722511292,0.42707342073139404,0.888486608830754,4.914951538644577,0.9791054129600525,0.11906361705765299,0.9270065552622717,0.49765588343107087,0.9938986301422119,0.40866217689504486,0.9267574406181631,5.05955927712558,0.9593349099159241,0.08750929932870874,0.9583000025278408,0.5768202208795491,0.9192323684692383,0.5649553183734077,0.9304756771419849,4.073521461297166,0.982272207736969,0.21922693460693024,1.0,-0.939590590385672,0.9897474050521851
23,0.9583333333333334,0.3617452823836984,0.019563535227012895,-2.319432016185327,0.9995126128196716,0.3637829395281955,0.118835767500069,0.8344508990832644,0.999416708946228,0.13028376630203925,0.10706153409019036,-2.3575234543853094,0.9998947381973267,0.4062171733651647,0.2762805201418756,1.8718294377084554,0.5060080289840698,0.011962343671599464,0.19866946333896934,-4.519190428501568,0.9977101683616638,0.4554749947327767,0.4086111246749385,1.2198196256445926,0.7222784757614136,0.014596839448367711,0.03936387447836126,-6.406073532075775,0.9975306987762451,0.4700707460523708,0.4575491721992347,1.1704994605343417,0.6543135643005371,0.000845853050479904,0.01910346169009654,-7.027377949819584,0.9939334392547607,0.3668450699129538,0.46414989735545253,1.134897501492164,0.9997456073760986,0.2260600448499477,0.473853285693242,-1.1380673641103853,0.9998874664306641,0.3824020469878487,0.6858030886807268,2.8385039466531925,0.9326150417327881,0.1960280987493184,0.7126234227063367,-0.9734029312307654,0.9932747483253479,0.4296697488367563,0.8886305640954772,5.014138707431384,0.9797504544258118,0.12118544557037059,0.9274845142273517,0.447336344632431,0.9940456748008728,0.4111929142142397,0.9268479588948474,5.166144342777703,0.9602392315864563,0.08964290469991382,0.9590713963453291,0.5243765725508418,0.9199454188346863,0.5671500588065594,0.9312118993410156,4.169393336067603,0.9826573729515076,0.22116686577156286,1.0,-0.997469423576865,0.9899418950080872
24,1.0,0.3628825054139887,0.019899463771881103,-2.3580717427698312,0.9995256066322327,0.3622317593064819,0.1193083937544964,0.8248171454378399,0.9994444251060486,0.1327274570458955,0.10822898403173352,-2.45542856593144,0.9998881816864014,0.40399686341871993,0.2762609982109412,1.919920394602304,0.5209342241287231,0.014193485834968583,0.1987977344978999,-4.649078703515596,0.9976828098297119,0.4546386584526657,0.40836103021451375,1.3329681735923269,0.7367931008338928,0.016430676297971937,0.03954552343314907,-6.5232656454009295,0.9975517392158508,0.47009950479791823,0.4570805711526039,1.2977806164214003,0.6685946583747864,0.0008923070690053845,0.01910346169009654,-7.166036484592686,0.993983805179596,0.3689346277907003,0.4643387937488396,1.146927467741817,0.9997467994689941,0.22759054709519136,0.47403165396053903,-1.150213831442661,0.9998841881752014,0.38524434731035706,0.6871362840214736,2.7466120486349506,0.9332016706466675,0.19901952258719952,0.7127134412896944,-0.8526649794649042,0.9932199120521545,0.43259950394802515,0.8895814875072863,4.945367501627955,0.9798568487167358,0.12427428482690023,0.9268053071129317,0.8084674416398135,0.9939767122268677,0.4141648478388886,0.9275277841935261,5.105943327429691,0.9603328108787537,0.09260373437565123,0.9578303467978377,0.9158336036231239,0.9186605215072632,0.5693738117220377,0.932104560233722,4.152355453260787,0.9826787114143372,0.22517270336631756,1.0,-0.5470830159278336,0.9897966384887695
25,1.0416666666666667,0.36591073933646645,0.020451199639663326,-2.3388225599262134,0.9995386600494385,0.36308976470267634,0.11990661038807209,0.8238545319453094,0.9994732141494751,0.13453101695962258,0.10999402179811292,-2.4739570048148027,0.9998828768730164,0.40620791108360804,0.2763698199818459,1.8590893544171234,0.537895679473877,0.015525859885545033,0.19913365341665074,-4.668048611059535,0.9976844191551208,0.4575094730748841,0.4082010980944982,1.2074155311649417,0.7507424354553223,0.018815603834068162,0.03989697132753256,-6.57559341360747,0.9975728392601013,0.4733598289705553,0.45675834126338155,1.1581371050235232,0.6824665665626526,0.0009387610875308649,0.01910346169009654,-7.210132184138512,0.9940212965011597,0.37108052142533327,0.46531620148436365,1.14936498523043,0.9997498989105225,0.23025271885183185,0.47501030742038447,-1.152663209592922,0.9998835325241089,0.3892257266960727,0.688624230018538,2.797450634709552,0.9342168569564819,0.20299858777977248,0.7127010864398247,-0.8112992530839608,0.9933120608329773,0.43635219730009805,0.8900642855477903,5.01638797828483,0.9801875948905945,0.12818802039561059,0.9266948902309847,0.830860687373463,0.9940258860588074,0.4180044113788485,0.9279843116542589,5.17805822850301,0.960817277431488,0.09647500833665928,0.9576267333608469,0.9341619536757659,0.918469250202179,0.5723733135296759,0.9329040109541697,4.217510851240252,0.982876718044281,0.22911830798334257,1.0,-0.539212266604408,0.989826500415802
26,1.0833333333333333,0.3675077039204739,0.020211928136243416,-2.3308800465186676,0.9995490312576294,0.3647011700625776,0.11952775727699821,0.8206596239686703,0.9994970560073853,0.13478185655044633,0.11036611402883935,-2.417844179903402,0.9998775720596313,0.40825332927255764,0.2755795703981426,1.8206889168122016,0.5512093305587769,0.016617706292585476,0.2006185313275532,-4.566525282702808,0.9976919293403625,0.4580716862053514,0.4076610836896886,1.1286735670923551,0.7620545625686646,0.019934921013173935,0.03979535214428478,-6.442948844469658,0.9976006150245667,0.4739937454349436,0.4560978743989023,1.0646087476369814,0.6933490037918091,0.0009852151060563454,0.01910346169009654,-7.060977178808421,0.994071364402771,0.37291138363901505,0.46569802155553514,1.1302709839474234,0.9997525811195374,0.23158285285091826,0.4756298697760398,-1.1335104592982608,0.9998822212219238,0.39195303831303746,0.6894303891371847,2.70578897086214,0.9354180097579956,0.20554901321994723,0.7127837494778054,-0.7788865782331229,0.9933388829231262,0.4388104394406442,0.8911232754486859,4.86845798484106,0.9805724620819092,0.13067654568035894,0.9265397789915811,0.8818837864394654,0.9940134286880493,0.42065096265757584,0.9294377415266398,5.022888793304554,0.961198091506958,0.09892664501720852,0.9568770929871142,0.98721972881251,0.9176520705223083,0.5732735881395237,0.9345324412960205,4.052178489271127,0.9830759763717651,0.230525980880386,1.0,-0.48045525153481866,0.9897801876068115
27,1.125,0.36849110391813805,0.019983328288000514,-2.4193828912716815,0.9995589852333069,0.36575199511783246,0.11977817410120098,0.7807365973414285,0.9995121359825134,0.13536794628962548,0.11004507050571924,-2.462362104907733,0.9998761415481567,0.4089941375478158,0.2752030703929052,1.8202719277777129,0.5574997663497925,0.017639681042429016,0.2015243369095659,-4.645829825435369,0.9977061152458191,0.45774919912571144,0.4073766371900837,1.1832535770019486,0.7676413655281067,0.020852091731022707,0.03964842297457444,-6.5549578611227695,0.9976200461387634,0.47405171387880213,0.45592750397689935,1.1327487297039027,0.6977566480636597,0.0010316691245818258,0.01910346169009654,-7.1752692535299945,0.994106113910675,0.37397115865948866,0.46560066235047454,1.1215972329813715,0.9997553825378418,0.232156549430551,0.47542582710967884,-1.1248117552263492,0.999883234500885,0.3929951592702359,0.6903310126163258,2.7348044285972906,0.9370763301849365,0.2066334933482917,0.7133486169834407,-0.7930034207839097,0.9934313297271729,0.44065426433366117,0.8917649213761599,4.898307808214811,0.9810870289802551,0.13169693083865947,0.9262992208277869,0.8255768773503155,0.9940592050552368,0.42265382328379913,0.9294664514626395,5.0692833591710444,0.9617716073989868,0.09993031793217425,0.956665252068297,0.9264152045298822,0.9173839688301086,0.5732511900079139,0.9356303988548217,4.079551324534246,0.9833675026893616,0.23099098569472934,1.0,-0.559109065074123,0.9898195862770081
28,1.1666666666666667,0.3679396897460008,0.020807211820415675,-2.268016648703176,0.9995636343955994,0.3650990209327516,0.11995688236529702,0.7913108168784474,0.999531090259552,0.13461808933382208,0.11015001559210641,-2.343729183682251,0.9998750686645508,0.40897275202005046,0.27520527111859466,1.8335231013224416,0.5673396587371826,0.017804327944150707,0.20467410728471513,-4.4530642564120475,0.9976888298988342,0.45770912457688173,0.4081018667048072,1.1551528307621943,0.7739684581756592,0.02089199368640471,0.040254851839606594,-6.306405152330751,0.9976037740707397,0.47402738835313546,0.4565146256543803,1.0986347010019653,0.7030275464057922,0.0010781231431073064,0.01910346169009654,-6.912596238846113,0.9940536618232727,0.3737374493409639,0.46589356854698916,1.1115601126898917,0.9997568130493164,0.2320193890547972,0.475920010827039,-1.114758393677195,0.9998829960823059,0.3934437897249142,0.6906886716661657,2.7524129065626757,0.9384647607803345,0.20707895920257147,0.7140826149612504,-0.7591236762785616,0.9935322999954224,0.44150735081232395,0.8928087762703858,4.908957889524671,0.9815511703491211,0.13210865496971771,0.9266340190707487,0.8467450573012459,0.9941172003746033,0.4236631495347306,0.9303991232221409,5.066482943260601,0.9623036980628967,0.10036152049132115,0.9569127125781112,0.9454106947708751,0.9175018072128296,0.5748945380949896,0.9368741170965492,4.073713164291297,0.9836546778678894,0.23065954508064793,1.0,-0.535512822636388,0.9898875951766968
29,1.2083333333333333,0.3675904852918246,0.021116949743979103,-2.2737460720648826,0.9995761513710022,0.36485457756810213,0.12032719272985506,0.7996922216465213,0.9995477199554443,0.13431586346651173,0.1102041027453886,-2.3246709920946795,0.9998741149902344,0.4090160267511582,0.27556909541830404,1.8404279046669563,0.5748254656791687,0.01810035931334009,0.20652264685426083,-4.4495532190083305,0.9976813197135925,0.45777797712027574,0.4090281415721648,1.1477606279996138,0.7797872424125671,0.020633241694014023,0.040504474758872526,-6.337709032960576,0.9976006150245667,0.4740043505819572,0.457390643152026,1.0872339841324814,0.7080479264259338,0.0011245771616327869,0.01910346169009654,-6.95259924229364,0.9940335750579834,0.37386875306571327,0.4661465279433451,1.106601271418626,0.9997602105140686,0.23233592737967923,0.4763639501857618,-1.1098009366302872,0.9998839497566223,0.39468786878314854,0.6914447652300826,2.7626434727038904,0.9403564929962158,0.2079447771066908,0.7152066934794425,-0.7371224491590748,0.9937005043029785,0.44215870592476686,0.8941036689735419,4.9359223871548865,0.9821876883506775,0.13373469236215663,0.9268812019971486,0.8756492093365028,0.994253933429718,0.42456077137923903,0.9313210797136846,5.092902560565979,0.9631316065788269,0.10189510511546954,0.9571760134439121,0.974639893331955,0.9182994365692139,0.5765695141963583,0.938694922059163,4.101762573148678,0.9841123819351196,0.23030070551136558,1.0,-0.5105596591165693,0.9900959134101868
30,1.25,0.3674816789229329,0.02088402945970504,-2.275633790302446,0.9995855093002319,0.36478319641762014,0.120258344021522,0.8041011091208311,0.9995622634887695,0.13426938647448286,0.10996595371903688,-2.328984502143039,0.9998726844787598,0.4089732305387984,0.2754525449532038,1.8515418264138375,0.5820294618606567,0.018958623517909636,0.20814334095039122,-4.4669476125273615,0.9976794123649597,0.45803016088013343,0.40908693829474996,1.1680904194380823,0.7857553958892822,0.020531535416255176,0.04112938900873601,-6.364606338507298,0.9976093769073486,0.47436839937541075,0.4573680685335029,1.1101606833293003,0.7134494185447693,0.0011710311801582673,0.01910346169009654,-6.9828807708231455,0.9940439462661743,0.3739388496029727,0.4661743597453301,1.1060033326722494,0.9997624754905701,0.23281016190554588,0.47649425779236865,-1.109208155395952,0.9998839497566223,0.39532053773827647,0.6916780834019836,2.77068598685397,0.9417914152145386,0.2083386867898074,0.7160440894674412,-0.7235654330139407,0.9938094019889832,0.44222737016497765,0.8944634059503745,4.935147550898353,0.9826571941375732,0.13476255131062487,0.9270493252670278,0.9010381624654374,0.9943327307701111,0.42504769427565875,0.9316270497269891,5.088863959264952,0.9637016654014587,0.10281142086147857,0.9572383940297845,1.0014963675128508,0.9185277819633484,0.5781154920825697,0.9389322623833024,4.0951704715976796,0.9844484329223633,0.23009833405881605,1.0,-0.47993155331712756,0.9902165532112122
31,1.2916666666666667,0.36711825959439154,0.017927805698552037,-2.2067495003829696,0.9995821714401245,0.36489085168433383,0.11757131660382045,0.8467600502340118,0.9995691180229187,0.1342740069666609,0.10742946553002922,-2.313920403307571,0.999870777130127,0.4097226956389993,0.2731630818068289,1.8603750134886556,0.5858825445175171,0.019809093764391775,0.20729320346860305,-4.430815868252427,0.9976701140403748,0.45940581872063674,0.40730538972875874,1.1906803031960622,0.788770318031311,0.020921568164023782,0.04108825762300436,-6.319001883371575,0.9976138472557068,0.47570794725863114,0.4557054717537654,1.1365925382929156,0.7154756784439087,0.0012174851986837478,0.01910346169009654,-6.932994323822432,0.9940502643585205,0.3748831068515062,0.4642892712138267,1.108315398666729,0.999757707118988,0.23347371668229341,0.4749709654154756,-1.1115015750413682,0.9998801350593567,0.3964010776916437,0.6907837582289703,2.6939316920483747,0.9418984651565552,0.20888889313920384,0.715511483432629,-0.7392749609790317,0.9937460422515869,0.44375931644370503,0.8942803678665807,4.73800887106293,0.9826311469078064,0.13519234823085421,0.9269562123901205,0.8810988332646238,0.9942535758018494,0.42673379948055384,0.9315559791298001,4.877119954854291,0.9634237885475159,0.1029607830573824,0.9569786763672213,0.9812770744264715,0.9173765778541565,0.5807838388331574,0.9388121319957775,3.879885588260311,0.9843575358390808,0.23071807811201497,1.0,-0.5131674060028064,0.9900778532028198
32,1.3333333333333333,0.3661337832446636,0.017477883327990832,-2.14594386398421,0.999599814414978,0.3644091246628704,0.11718875802592803,0.8953010814433912,0.99959397315979,0.13382380879733624,0.10696618658490832,-2.142344040104198,0.9998712539672852,0.41121433036605104,0.27322102030678785,1.8675451067924334,0.6028609275817871,0.01950636317410382,0.20654328158925092,-4.259762399054827,0.9976732730865479,0.4615208217610598,0.4067211355116592,1.1505678561971877,0.8000199198722839,0.020878578162920044,0.04145504230620625,-6.187891029863251,0.9976173043251038,0.4774252400966492,0.45497497247580126,1.0779561954127221,0.7276705503463745,0.0012639392172092282,0.01910346169009654,-6.798552761923762,0.9940325617790222,0.37582280657641576,0.46363357120487364,1.0926135616469421,0.9997615814208984,0.2358582435129141,0.4745091295933931,-1.095653455659861,0.9998807311058044,0.39656842452319047,0.6906299172915069,2.6327928978824637,0.9430607557296753,0.21143590341037832,0.7154677324608266,-0.7470403067711338,0.9937500357627869,0.4444987727642299,0.8940269517938294,4.6865694949987615,0.9828356504440308,0.13703595552914408,0.9260866851440623,0.8699892188055296,0.9942322969436646,0.42678767981213206,0.930943181667634,4.826581548554987,0.963534414768219,0.10446821445014633,0.9559705692868866,0.9638122360135841,0.916724681854248,0.5804982941893996,0.9384179086416492,3.809219602367071,0.9844462871551514,0.23053430339431658,1.0,-0.5302143446663438,0.9900451898574829
33,1.375,0.36581423148052694,0.01719368142089516,-2.197233424824341,0.9996146559715271,0.3646142230153404,0.11747869879159455,0.9140342077175612,0.9996088147163391,0.13507181413727115,0.10657840571864309,-2.210668390724226,0.9998717904090881,0.4109509476571572,0.2729320880406711,1.9170870031323954,0.6077536344528198,0.019667973536734468,0.20592515273176343,-4.336728684110003,0.9976779222488403,0.46153228069193336,0.40616688842269677,1.2110368334609696,0.8054457902908325,0.021416648973971573,0.041421181944849256,-6.295765031066142,0.9976181387901306,0.4778747329882176,0.4544173596400383,1.1443924273297235,0.7330821752548218,0.0013103932357347086,0.01910346169009654,-6.922352031826821,0.9940206408500671,0.3772939119606942,0.46309554123604,1.0977676042676172,0.9997636079788208,0.23783822345771466,0.473972486778266,-1.1008420100011889,0.9998813271522522,0.3975414777075455,0.6900847406137123,2.672775278884292,0.9438766837120056,0.21478519930394316,0.7152552902296044,-0.7724903382974221,0.9937899708747864,0.44638519466174403,0.8938909342630473,4.779569068583923,0.9830555319786072,0.13870686082891925,0.925366545992246,0.8124691244023313,0.9942668080329895,0.4279776464460211,0.9306963366905078,4.926178028134258,0.963705837726593,0.1061569213481765,0.955217114968839,0.9034611662776041,0.9167415499687195,0.5816426284950469,0.9378845089133635,3.9183920471023046,0.9845582246780396,0.23068445812224408,1.0,-0.6066423914230124,0.9900933504104614
34,1.4166666666666667,0.36522696544719796,0.017116595483477545,-2.208925271708867,0.9996272325515747,0.36520805638150927,0.11755766138682777,0.9037468451005295,0.9996278882026672,0.1349360484476203,0.1066039195148248,-2.2191043247068345,0.9998722076416016,0.4104207246636609,0.2730245180270295,1.9105973359323412,0.617758572101593,0.0196119095166392,0.20569711717982142,-4.327387246913394,0.9976699352264404,0.461583946216883,0.4059112879476619,1.209273746621847,0.8132590055465698,0.021846592456661693,0.04151918846932004,-6.339500171349395,0.9976051449775696,0.4782663840910453,0.4541498845864355,1.1455666086032612,0.7415368556976318,0.0013568472542601893,0.01910346169009654,-6.968207971008394,0.9939786195755005,0.37871684308984227,0.46283494815844134,1.0945912448850883,0.99976646900177,0.23961772832082445,0.4737450012144126,-1.0976700119948937,0.9998817443847656,0.39761505483833837,0.6898473608337137,2.682599983904725,0.9447178840637207,0.2163889992107342,0.7157335304427084,-0.7728790701949183,0.9938274025917053,0.4460094294117751,0.8936896829816634,4.780022347666856,0.9832885265350342,0.14049811257488362,0.925005280203,0.8090138125940669,0.9943056702613831,0.42768074233851755,0.9304362096183931,4.923147374831623,0.9639650583267212,0.10766856135049774,0.9543562459784103,0.900828497532597,0.9170151948928833,0.5819953747196577,0.9378360028337659,3.9263777753399456,0.9847134351730347,0.23121616420659946,1.0,-0.6038854850552664,0.9901571273803711
35,1.4583333333333333,0.3646944860169776,0.017268905704758683,-2.25182577894396,0.9996366500854492,0.36546900005514693,0.11778080297203729,0.8883979848528764,0.999642014503479,0.13448800172102096,0.10670514302437771,-2.2359799019728834,0.9998733401298523,0.41014299434716683,0.27320047655682234,1.9028689526796805,0.623440146446228,0.019389059395425873,0.20567313105148816,-4.364088247904381,0.997658371925354,0.46155521982057046,0.405788571044805,1.2043863349289416,0.8177956938743591,0.022192407086980902,0.04152420376844625,-6.330380700577099,0.9975796937942505,0.4783355838012177,0.45402657208331443,1.1431196787187514,0.7460203766822815,0.0014033012727856697,0.01910346169009654,-6.951965502925918,0.9939060211181641,0.37972072721872197,0.4627466118764643,1.0910235376996649,0.999768853187561,0.24110605627935142,0.4736457743529655,-1.0940926000069324,0.9998828768730164,0.39745387723856945,0.6898521734714883,2.720501712781787,0.9457374811172485,0.21782006103290744,0.7158893042805483,-0.7680327317144703,0.9939071536064148,0.4460044685392234,0.8936210292164057,4.862477875811947,0.9836699962615967,0.14129305077721677,0.9248141248209772,0.8118456363385511,0.994391143321991,0.4275120927385691,0.9302489638110567,5.010980528889443,0.9645722508430481,0.10860170595111798,0.9541408245066398,0.9044448553741045,0.9178515076637268,0.5819161209759804,0.9381463042548859,3.9962989753092866,0.9849988222122192,0.23165381816037492,1.0,-0.595354147940652,0.9902917146682739
36,1.5,0.3647822954267628,0.0170046858958753,-2.2166285424581513,0.9996413588523865,0.3654535231467746,0.11780913511434422,0.8898348301652003,0.9996514320373535,0.13401281258478245,0.107224600359399,-2.2148861642009616,0.9998745918273926,0.41076869910578984,0.2731465355924779,1.884279687646063,0.6284204125404358,0.01919225198948157,0.20609865545550704,-4.3287108534559895,0.9976824522018433,0.4618112252595717,0.40630891248684275,1.1443013953640941,0.8205377459526062,0.022093577828075875,0.04143602316418329,-6.215578030274449,0.9975851774215698,0.4784160555049071,0.45450131507928915,1.0739389132825001,0.7481564283370972,0.0014497552913111502,0.01910346169009654,-6.825834154424743,0.9938960671424866,0.3797362277138675,0.4636239224139403,1.088209073716225,0.9997711181640625,0.24094385322123085,0.4743934680640474,-1.091265013055097,0.9998844861984253,0.3979475123407729,0.6910480532689377,2.7628278817905345,0.9468914866447449,0.21754850869612652,0.7162606007488095,-0.7637044570904242,0.9940292835235596,0.44613267834470005,0.8938101635291505,4.93677611301264,0.9840726852416992,0.141079341273828,0.9257823673830299,0.8092633168804895,0.9944714903831482,0.42738308710954687,0.9305141404987758,5.0884629142055235,0.9650951623916626,0.10839010072921601,0.9557075724618044,0.9023245263634265,0.9183300733566284,0.5818498440651714,0.9388065882448038,4.071568177359542,0.9853047728538513,0.23156352775771033,1.0,-0.5952396037760673,0.9904237985610962
37,1.5416666666666667,0.3651233326713977,0.016999708579935106,-2.268889749541113,0.99964439868927,0.36642076292530584,0.11799099417112086,0.8581547646957444,0.9996598958969116,0.13408272001890648,0.10726599852808635,-2.2081956341463767,0.9998756647109985,0.41104291588814135,0.27309951145327277,1.871117634855332,0.6328279376029968,0.01908791185611372,0.20601671504667532,-4.336910690405639,0.9977045655250549,0.4618554754444292,0.40585503800714273,1.148466188972174,0.8237202167510986,0.021993920795862827,0.04141537175650118,-6.224523712790602,0.997593104839325,0.4789425622588693,0.45410980454103317,1.0824706975186857,0.7511036992073059,0.0014962093098366306,0.01910346169009654,-6.835370788542249,0.9938905239105225,0.3800469207466442,0.46378585178453313,1.081875475891162,0.9997729063034058,0.24122242969243476,0.4744881836979929,-1.0849140265343309,0.9998858571052551,0.3979683331721159,0.6912760410178006,2.770118016230952,0.9479857087135315,0.21769119808324916,0.7162083280058779,-0.7577807483504799,0.9941100478172302,0.44617203805021743,0.8937416500027953,4.961917759954074,0.9844436645507812,0.1410340681592553,0.9260037421094209,0.814748711786524,0.9945410490036011,0.4273009334384693,0.9303901294815732,5.115908756438121,0.9656258225440979,0.10866794134217199,0.9564520532076105,0.9078551102149556,0.9190652966499329,0.5818302968600425,0.938743352171762,4.098826148421168,0.9855861067771912,0.23162502285998926,1.0,-0.5890386454671636,0.9905447959899902
38,1.5833333333333333,0.36595904941926805,0.01717985376888144,-2.310132031868683,0.9996461272239685,0.3676373675669572,0.11844154320122183,0.8477869498201922,0.999662458896637,0.13472127699276829,0.10752323047076351,-2.213165453319556,0.9998763799667358,0.41143506469804225,0.2731930652622803,1.8688319293630027,0.6318143606185913,0.019118048896307457,0.20611335180240617,-4.326205810951953,0.9977107644081116,0.46211851249937314,0.4057011237342596,1.1775587280829793,0.823151707649231,0.022121337100833183,0.041621662373477156,-6.217193591760906,0.9975792169570923,0.4793410764255965,0.45384120213400686,1.1213854319962488,0.7497537732124329,0.001542663328362111,0.01910346169009654,-6.828077052862428,0.9938384294509888,0.3808813370598969,0.4640901389001179,1.0768552268418234,0.9997751712799072,0.24178588497526937,0.4745531722696457,-1.0799000672085264,0.9998877644538879,0.39851701600641604,0.6916113771399,2.8078613129232,0.949390172958374,0.21828356337801866,0.7160874357428754,-0.7411600402402472,0.9942345023155212,0.4469422154086103,0.8936506165852547,5.042267351432024,0.9849407076835632,0.141883552052322,0.9261132017028116,0.8530336375595108,0.9946555495262146,0.4277695848415784,0.930126728405359,5.201627262017831,0.9663500785827637,0.11011374479043538,0.9567564432809452,0.9489679081311506,0.9201037883758545,0.5821927299261407,0.9385586413530524,4.184853354320366,0.9859864115715027,0.23233213492452548,1.0,-0.5527179686245652,0.9907428622245789
39,1.625,0.366996791390153,0.0172119311498196,-2.359247822801065,0.9996505975723267,0.36876767989321196,0.11884974379418183,0.8398564793244131,0.9996634125709534,0.13547194724334877,0.10785365857651669,-2.217049095231363,0.9998764991760254,0.4122781239059853,0.2732051199142552,1.8660108368507466,0.6327296495437622,0.018966993530663275,0.20605256400916058,-4.330679155031893,0.997738242149353,0.4627819403207847,0.4056880447562736,1.1831466561576114,0.8226542472839355,0.02230644175018359,0.04156771929479891,-6.217023831904058,0.9975892305374146,0.48008262054388934,0.45384802611419317,1.1257790162770231,0.7480997443199158,0.0015891173468875915,0.01910346169009654,-6.829966231614295,0.9938371181488037,0.38154406742801233,0.4646808703384908,1.0679076160100847,0.9997784495353699,0.24228776692596954,0.47490290810452995,-1.0709402549963005,0.9998895525932312,0.399525748418684,0.6925633870302746,2.79698719401856,0.950883686542511,0.21890910539569813,0.7162417216419766,-0.7169340527595311,0.9943259954452515,0.4484959999476102,0.89361803435742,5.052096740947343,0.9854041337966919,0.14264131703897623,0.9264180819449324,0.9379705871093932,0.994726300239563,0.4285800530284241,0.9300035172192305,5.2172360987678745,0.9669622778892517,0.11110551739550056,0.9568124225236281,1.0411114188770878,0.9204393029212952,0.5828495451490617,0.9387467675827538,4.196742127006071,0.9863418340682983,0.23308071567907576,1.0,-0.4670207083691977,0.9908679723739624
40,1.6666666666666667,0.3692996359778364,0.01792383459682843,-2.294535405268563,0.999657154083252,0.37074826429532515,0.11980516927702306,0.855052272791298,0.9996722936630249,0.13705600510412524,0.10901004806461875,-2.1886237997433224,0.9998757243156433,0.41404938292988985,0.2737513363311522,1.8627920740538184,0.6402326226234436,0.020595576292958585,0.20604523241847822,-4.302662873233794,0.997772216796875,0.4645138570985413,0.40640294671034943,1.1800468922869185,0.827342689037323,0.02253894633446846,0.04154139290219176,-6.188931961060502,0.9976190328598022,0.481878575582999,0.4541564680882723,1.1193382196149486,0.752842903137207,0.001635571365413072,0.01910346169009654,-6.800213765272767,0.9938861727714539,0.3829586673465075,0.4660992809912728,1.0625358238917681,0.9997813701629639,0.24375123472327226,0.47590396405072294,-1.0655206791712388,0.9998896718025208,0.4013588315011978,0.6949566417354571,2.654456380508628,0.9522488117218018,0.22056527123132452,0.716514696966091,-0.7051279890889169,0.9943879246711731,0.450727918169787,0.8947751523316928,4.884834632022191,0.9857168197631836,0.1438773035068971,0.9280669400896072,0.9763930273273882,0.9947496652603149,0.4303157816063415,0.9304507018683644,5.046367342123849,0.9673102498054504,0.11235485672368323,0.9581837884695786,1.0823942681463063,0.9201990365982056,0.5844741659237584,0.9395588595013289,4.0286674565008305,0.9865871667861938,0.23510610897261,1.0,-0.40832917145876396,0.9909160733222961
41,1.7083333333333333,0.370375701162152,0.018314977817233225,-2.2492506671574115,0.9996591210365295,0.3713600170779459,0.12025947776864188,0.8961158851757488,0.9996742606163025,0.1373368095252134,0.1091465285580601,-2.117133167110336,0.9998732805252075,0.41426248715605246,0.2741920733871223,1.857661399132215,0.6451466679573059,0.020252284612049996,0.2054186034957376,-4.201224615644757,0.9977948665618896,0.46353663350444035,0.40763686652449604,1.1194686367011344,0.8293907046318054,0.02224596282380122,0.0407888831744014,-6.085327312822241,0.9976337552070618,0.48143367117965585,0.4547524516789127,1.037814758288902,0.7541171312332153,0.0016820253839385526,0.01910346169009654,-6.694383673388454,0.9938936829566956,0.38228105778438765,0.4679866313751568,1.055993514811961,0.9997814893722534,0.24330394922040918,0.47670140674666217,-1.0588836565834396,0.9998881816864014,0.4019060909520736,0.6969686918883031,2.5533140885828165,0.953719973564148,0.2204150383107247,0.7173234141478334,-0.6730493295624228,0.994472086429596,0.4513849761028869,0.8968882158896965,4.688205966918308,0.9861020445823669,0.14313589961137843,0.9300684591958296,1.0356291099660913,0.9948070645332336,0.43069612011779845,0.9326270117634726,4.834909845793303,0.9677914381027222,0.1121759803712815,0.9599507698724942,1.1415084163950562,0.920304000377655,0.5847833617783775,0.9403583584206612,3.7880424850534538,0.9868892431259155,0.23548927387063343,1.0,-0.3523360422184714,0.991022527217865
42,1.75,0.37310902272901414,0.020052684649913995,-2.2361707206654287,0.9996581077575684,0.37376544871365824,0.12110039401251628,0.9008133196755084,0.9996790885925293,0.1392617858348308,0.11068518359697835,-2.1027243881442903,0.9998705387115479,0.4165929287617811,0.2752198815540342,1.8438250686636575,0.6519368290901184,0.017243446162050372,0.2037530973160904,-4.193551987726988,0.9978196024894714,0.464709683480683,0.4092793840007407,1.084752843385087,0.8333278298377991,0.022315959024990777,0.040453129745076,-6.0539859091537105,0.9976524114608765,0.48280673586806144,0.4556553578681501,0.9979204566495017,0.7579343914985657,0.001728479402464033,0.01910346169009654,-6.660812812284857,0.9939075112342834,0.3836134759662873,0.4700410551094211,1.0518909079346797,0.9997832179069519,0.24471480197952586,0.47812039607165113,-1.0547473143698598,0.999888002872467,0.4041359135425368,0.6992112995058009,2.545770037224108,0.955072283744812,0.2214327962320971,0.7184098321027309,-0.670739514859677,0.9945487380027771,0.45359990737304684,0.8986239753023904,4.6970863975492305,0.9864398837089539,0.14437393943127896,0.9316202122983023,1.032206417053742,0.9948552846908569,0.43233623584012193,0.9343515338882901,4.845996520567654,0.968267023563385,0.1139213275401915,0.9615176492349101,1.1367021049937398,0.9205116629600525,0.5861652066118016,0.9411211613902533,3.8045168285989583,0.9871335625648499,0.23784672081413472,1.0,-0.359870769106173,0.9911056160926819
43,1.7916666666666667,0.3753567938919424,0.020922561654271032,-2.3550957879242915,0.9996629357337952,0.37600382927053244,0.12187386194022469,0.898624956150837,0.9996795654296875,0.1415239115867499,0.1114365618106402,-2.1264261518397745,0.9998693466186523,0.41791942785807956,0.2758608456405821,1.8391483255710352,0.6524890065193176,0.01506410794329397,0.20117819930136008,-4.306113318743731,0.9978512525558472,0.4650121281610346,0.41002694707231496,1.0904842213061077,0.8334826827049255,0.02206442491148975,0.03991363674134861,-6.234360882711489,0.9976686239242554,0.48235791590204746,0.45635397065090094,1.0075925428062964,0.7574024200439453,0.0017749334209895135,0.01910346169009654,-6.856426633823151,0.9939241409301758,0.38346943317272064,0.47106713490087276,1.0521291544983187,0.9997864365577698,0.2445217921433641,0.47885202661113785,-1.0549892072050833,0.9998894929885864,0.40509163082524574,0.6995542660330578,2.5672146438753485,0.9559921026229858,0.22273694873561345,0.7189613704051039,-0.6743695154439413,0.9946097135543823,0.4560985404044395,0.8998627471768613,4.776469689379866,0.9867306351661682,0.14476072585307495,0.9322757811601363,1.012871555686413,0.994903028011322,0.43441985337048533,0.9357367791310215,4.935861782705893,0.9687060117721558,0.11402122390657911,0.9618238210809364,1.1172011306540515,0.9206445217132568,0.5876078670878537,0.9421878937797686,3.891638358024309,0.9873480796813965,0.2394859821054193,1.0,-0.38084634210903556,0.9911863803863525
44,1.8333333333333333,0.3754835558316915,0.022606269194400577,-2.34420742729804,0.9996692538261414,0.3757378688663075,0.12204688951927813,0.9305018101641739,0.9996851086616516,0.14157013262700663,0.11310158351250375,-2.1243258332678616,0.99986732006073,0.4181383849861977,0.2759753548664873,1.837749791063025,0.6588223576545715,0.009871133528990163,0.19912042979107222,-4.294102286576977,0.997898519039154,0.46486229082020547,0.4105183271611498,1.0380439205522083,0.8368180394172668,0.021644539457011336,0.03962473669438016,-6.205346196262302,0.997706949710846,0.48178456490875243,0.45653583817706667,0.9352688764153905,0.7604983448982239,0.001821387439514994,0.01910346169009654,-6.831393812339971,0.9939875602722168,0.3817895380808733,0.4712887192106145,1.0527109110218311,0.9997884035110474,0.24219552605260933,0.47944104270387955,-1.0555347678333566,0.9998891949653625,0.40428551185522477,0.7002049219416353,2.4930441736831246,0.9569728374481201,0.22054465091056738,0.7199549553232015,-0.7013096432020632,0.9946751594543457,0.4565036828723952,0.9008413517218075,4.711683946380845,0.9869768023490906,0.14348160198817883,0.9323852968506876,0.9996176933877226,0.9949468970298767,0.43426161337878677,0.9366018655526761,4.8684931061360714,0.9690306782722473,0.11341891276919848,0.961956732040036,1.1037433251378768,0.9204328656196594,0.586372827132537,0.9434989059021333,3.817282573454106,0.9875345826148987,0.2392382599075126,1.0,-0.3925766381291745,0.991258442401886
45,1.875,0.37518634836810577,0.02404325180581596,-2.3448956468312763,0.9996724724769592,0.37514055441977945,0.12229637938619096,0.9426645438590251,0.9996827244758606,0.14148547266941636,0.11401801750308667,-2.1328706021668986,0.9998653531074524,0.41782745479888944,0.27589724327915965,1.853549217725138,0.6594775319099426,0.007613499076125817,0.19752406478788997,-4.299544350419155,0.9979403018951416,0.4637880441050839,0.4103198329643621,1.0481989682624357,0.8360763788223267,0.021523495935872144,0.0395259611880978,-6.218987264203674,0.9977375268936157,0.48090205232417904,0.45607009672185417,0.9451408888606936,0.7585327625274658,0.0018678414580404743,0.01910346169009654,-6.845060831085912,0.9940351843833923,0.3806510021423811,0.47095986633338477,1.05230765644355,0.9997881650924683,0.2400955616954376,0.47930008066675445,-1.0550623765289964,0.99988853931427,0.40301001649058454,0.700136327155233,2.433493137426008,0.9576295614242554,0.21852593158874042,0.7196955825170546,-0.7577629529273339,0.99466872215271,0.4573031311016779,0.9007998290722167,4.689378314839885,0.9870980978012085,0.14216326393134585,0.9313281299704381,0.9705308647128232,0.9949268102645874,0.4343734955786386,0.9361905899219972,4.8485433798608915,0.9691401124000549,0.11223559183234653,0.9608715547793947,1.076621020660901,0.9197670221328735,0.5839411578384032,0.9444405772487091,3.796442140069897,0.9875825047492981,0.23815506865179692,1.0,-0.45798605656294716,0.9912244081497192
46,1.9166666666666667,0.37421017886039826,0.025246138053717615,-2.3289393848561932,0.9996765851974487,0.37334556833240407,0.12272779761928633,0.9618808091866725,0.9996837377548218,0.13871197975284819,0.11544015241504729,-2.1272330015145413,0.9998635053634644,0.4169898789388936,0.2755129262366442,1.865899244285485,0.6621460318565369,0.007196909015663199,0.19725292960645707,-4.277734699533374,0.9979718923568726,0.46277434018648694,0.4097466163047969,1.0602869311304977,0.8370281457901001,0.021365619738702876,0.039411110581722274,-6.193192625034175,0.9977772831916809,0.4799592985324594,0.4554694992850872,0.9475973687977273,0.7585825324058533,0.0019142954765659548,0.01910346169009654,-6.81479567451575,0.9941195845603943,0.3790897467903007,0.4704084141196928,1.0489015821939043,0.9997850656509399,0.23739536707138179,0.478706119622377,-1.0515789762877912,0.9998857378959656,0.4000544281197089,0.7002042345865553,2.328232487380703,0.957847535610199,0.21636557318118285,0.7192709323459423,-0.9019367573906805,0.9946203827857971,0.456705822333921,0.9011074776610561,4.539924609060208,0.9870721697807312,0.13755973210870967,0.9302195890527434,0.747209523692152,0.9948649406433105,0.43336208571708396,0.9361906419656707,4.693366673326285,0.9689388275146484,0.10634954176185751,0.9596788768124045,0.8432464605786084,0.9184132814407349,0.5815450884433156,0.944686675706755,3.651023400139832,0.9875024557113647,0.23657568285098948,1.0,-0.703252168940415,0.991122305393219
47,1.9583333333333333,0.37344892971523835,0.026783519875465515,-2.3086886926725656,0.9996761083602905,0.3692366128071521,0.12361675753194609,1.0773485316809774,0.9996734857559204,0.13784081440752824,0.11666194564273491,-2.1587035798066423,0.9998622536659241,0.4152398048124291,0.27518838311642324,2.001595624360801,0.6580034494400024,0.007575664453840873,0.19697467822050976,-4.348275010966703,0.9979910850524902,0.4596138530665682,0.40922041440923973,1.2449796249372231,0.8326277732849121,0.02122504900368511,0.03927018108697828,-6.276697989302284,0.997800350189209,0.4766339875828129,0.45495677971068493,1.1680554626078643,0.7522147297859192,0.001960749495091435,0.01910346169009654,-6.905287636884459,0.9941579699516296,0.373785977547032,0.4721136892285884,1.0986763562058894,0.9997790455818176,0.23361869778110064,0.47900337339853905,-1.1013824232711662,0.9998817443847656,0.39520505146617846,0.7019095460869618,2.421416356185309,0.9570908546447754,0.2139563065669726,0.7188191196783303,-0.9290764007773193,0.9946187138557434,0.4526102123659407,0.9050088784904876,4.497419217415736,0.987036406993866,0.13119248989790297,0.9301089249220014,0.6462469221978768,0.994881808757782,0.43001490059737535,0.9406177815787435,4.626024948351281,0.9689921140670776,0.0996522016802408,0.9617505380167611,0.7322407875417255,0.9184510111808777,0.5790792787706115,0.944901949505576,3.5731951532214263,0.987476646900177,0.23287947439825282,1.0,-0.8157441295111437,0.9911625981330872
48,2.0,0.3717540935863398,0.028402042624238347,-2.350806188300884,0.9996766448020935,0.3659596677437675,0.126303573307067,1.1162072084640313,0.9996320605278015,0.13908374157292352,0.11807861809982632,-2.175738142281054,0.9998615384101868,0.4073094476952151,0.2742557569308275,2.107099116172591,0.6325010657310486,0.007795580628150587,0.19322620504107532,-4.406365692956645,0.998005211353302,0.44958508560938953,0.4072120993386196,1.4510344769753636,0.8094805479049683,0.02144586325295724,0.03829998244482377,-6.358789655438959,0.9977652430534363,0.4678588401474364,0.4532491451576295,1.4052887342119622,0.7281920313835144,0.002007203513616916,0.01910346169009654,-6.992804308463558,0.9940474033355713,0.37087471117676163,0.47391135075749397,1.1160304289419303,0.9997678399085999,0.23244047729784237,0.4799859152690456,-1.1187927486551654,0.9998763799667358,0.3889135848988953,0.7010528708463318,2.4424602245724087,0.9564127326011658,0.21255644970069948,0.7178862214867914,-0.9196041686172465,0.9946096539497375,0.44534356562202654,0.9030150592292702,4.475066401932491,0.9869403839111328,0.12306435578761012,0.9273896264806472,0.7205902822073625,0.9948694705963135,0.4216631550676787,0.9385049281337089,4.6056648253800665,0.9687979221343994,0.08984793293719748,0.9591786342343522,0.8142372412666019,0.9181445240974426,0.5711706799468136,0.9429914764376726,3.5625923407066535,0.9874002933502197,0.22923907613094738,1.0,-0.7595046474081053,0.99114990234375
49,2.0416666666666665,0.3709867003403821,0.03083816556009418,-2.211051821633302,0.9996808171272278,0.3653385501672752,0.12942990119010883,1.2383188570580947,0.9996203780174255,0.14422931281807044,0.11908256405147287,-2.0410326037898936,0.9998559355735779,0.40635064889130806,0.2745282588404978,2.1452186852672366,0.6262525320053101,0.011994371154434452,0.18845893612982856,-4.296707527026378,0.9980263710021973,0.44565827226732485,0.4066489928259759,1.2278124874553282,0.8019266724586487,0.021497367958509397,0.03672451839054114,-6.271285986100056,0.9977747201919556,0.4634501005594557,0.452911202315257,1.1248246639263824,0.7182255387306213,0.002053657532142396,0.01910346169009654,-6.901194287001551,0.9940492510795593,0.3662374968916882,0.4737838029752856,1.1415828174440357,0.9997593760490417,0.2316242410791789,0.47980670552967664,-1.1442714649388865,0.9998692870140076,0.38238181867762633,0.7001786553679364,2.1173481720442715,0.9556875824928284,0.21211929761467951,0.7174259047313568,-0.994914458877246,0.994537889957428,0.4406725536269848,0.9026870933713919,3.9818436385307705,0.9864752292633057,0.1191770621303269,0.9264498502745441,0.6238243478094478,0.9947627186775208,0.4179708076534805,0.9383718629000274,4.093293062945604,0.9677208065986633,0.08553986347457557,0.9581349211170537,0.7145161526411119,0.9165350198745728,0.5670203999752687,0.9435103984336,3.00953575897403,0.9869388937950134,0.22272535699349233,1.0,-0.8632244009001784,0.9910007119178772
50,2.0833333333333335,0.3686886900213919,0.035841110062328776,-2.349038196382368,0.9996638894081116,0.3601853664939419,0.13339996448784044,1.2607434223984892,0.9995192289352417,0.150289445574126,0.12383765118335616,-2.339316853110963,0.9998461008071899,0.3951795397350331,0.27617844068335273,2.3498679366724318,0.5902234315872192,0.018783530034818256,0.18323563015763453,-4.7735322976648495,0.9979385137557983,0.43703268662102873,0.4074547887664008,1.796317784522767,0.7614409327507019,0.023654708535225395,0.03556477016613547,-6.78938601299852,0.9975699782371521,0.4561316789802776,0.45342974853337875,1.8066959256796669,0.6800994277000427,0.0021001115506678767,0.01910346169009654,-7.445292837905032,0.9936094284057617,0.360950233452857,0.4764208521066186,1.2157104498485254,0.9997249841690063,0.2302919257884444,0.4834035680459817,-1.2185690297046519,0.999847412109375,0.37637339519195423,0.6991976479837724,2.3851556925534996,0.9523897767066956,0.2098482761101274,0.7183889773263049,-0.8253628351560061,0.9943443536758423,0.4320015289286535,0.9004992505001699,4.457908417119953,0.9854806661605835,0.11439042358114762,0.9257092600975794,1.0103210640118947,0.9946470856666565,0.40991836095412554,0.9365701293348557,4.584712407037507,0.9662394523620605,0.07887994165591078,0.9570029079439198,1.132464312017219,0.9165516495704651,0.5583900563805863,0.9416800687266315,3.520868782732998,0.9861826300621033,0.21873658312093366,1.0,-0.37063066353304586,0.9908129572868347
51,2.125,0.35803908227156234,0.0440361435825025,-2.459064818652103,0.9996534585952759,0.3459821785652201,0.14021628772810704,1.289883481035029,0.9994454383850098,0.14595409011553187,0.1347093118743088,-2.6663672503156257,0.9998366832733154,0.38197898658686535,0.28024714103041287,2.485635562255014,0.5593673586845398,0.026767612671076885,0.1742443047235521,-5.277745294557905,0.9978209733963013,0.42148598430352907,0.41134488083671855,2.1538692620660975,0.7248272895812988,0.024524469345596416,0.03239270132233008,-7.295668149619807,0.997287929058075,0.4389294847935772,0.4572666299086132,2.218826057022156,0.6456969976425171,0.0021465655691933574,0.01910346169009654,-7.97381861456993,0.9930445551872253,0.3448760375529374,0.4836511091938148,1.3034120175693658,0.9996987581253052,0.22241312977050387,0.49160146022611534,-1.3065618336161158,0.9998286962509155,0.36114327588909867,0.7010259816159963,2.697853085995294,0.9475272297859192,0.19953417432489068,0.7210707631633113,-0.7472175766478131,0.9941603541374207,0.41643099653073645,0.90118451405249,4.780107336306426,0.9843136668205261,0.09901405142359247,0.9266800812232113,1.1605536530330145,0.994573175907135,0.3944622161693487,0.9377905494831298,4.9118673126765735,0.964614987373352,0.06204314609833166,0.9573843427756026,1.291716959776074,0.9176666140556335,0.5451672802488741,0.9418271809808001,3.821104935901913,0.9852904677391052,0.20796457522585404,1.0,-0.2133392876218826,0.9906909465789795
52,2.1666666666666665,0.3084658045239698,0.06748430859481336,-3.4984659589101335,0.9996562004089355,0.2877744449234608,0.16238439025915077,1.2575188994285875,0.9990531206130981,0.11415560768296004,0.15819626011198565,-3.4611120133441706,0.9998156428337097,0.31458678756982816,0.3010209995871197,3.043061496402624,0.5152236223220825,0.019316871956310263,0.17253219359267083,-6.732554554231095,0.9976590275764465,0.350137279444422,0.42596925930315704,3.3980574732773796,0.6685572862625122,0.02139039069938278,0.025492037401485097,-9.269146009035527,0.9969494342803955,0.3655952835263364,0.4709342686743677,3.6236068325742945,0.5962510108947754,0.0021930195877188376,0.01910346169009654,-10.03202970977118,0.9924731254577637,0.281317036066462,0.4986182185712778,1.4814640808493675,0.9996575117111206,0.16835233407617056,0.5042981230227006,-1.4856030510111975,0.9998137950897217,0.2927458754299751,0.708363886909871,3.182465416299981,0.9427140355110168,0.1455438883946771,0.7270476974433983,-0.8590938751245537,0.993772566318512,0.3476120670455093,0.9038427824745986,5.460348502637122,0.9837235808372498,0.03808905450410734,0.9293732424909835,1.2755293396788832,0.9944891929626465,0.32613727683949895,0.9400699682329635,5.620957906635548,0.963611364364624,0.06204314609833166,0.9594516376499946,1.417760538711721,0.9192640781402588,0.47524691414303893,0.9439102760306703,4.484808487933012,0.984605073928833,0.14688373056238987,1.0,-0.3501497650730217,0.9904844760894775
53,2.2083333333333335,0.3179988850838939,0.07938818785744718,-3.662628664403466,0.9996294975280762,0.2927787959111854,0.17232000819080043,1.4548526918927809,0.9984931945800781,0.13442372934549743,0.16833715433484733,-3.8033236533148185,0.9997522234916687,0.3126602659746332,0.3066933810924223,3.6529862094366807,0.4716135859489441,0.09770552117568855,0.16255947591225553,-7.446427462905331,0.996498167514801,0.3488407599334034,0.42193567855018715,4.170719863462104,0.6107378602027893,0.08266412213347711,0.0216825329124058,-10.244168516598572,0.9953982830047607,0.36132697140011233,0.4651307029476592,4.446097009366573,0.5459112524986267,0.06573226629979566,0.01910346169009654,-11.061268120493411,0.9904180765151978,0.28356118713097667,0.5048550557612402,1.6553502880076598,0.9995826482772827,0.17695222221764892,0.508239934885195,-1.660412475365696,0.9997897744178772,0.2920067280839495,0.7093741189230126,3.4498259762571317,0.9362428784370422,0.1516816479766871,0.729470391697245,-1.4384751343809856,0.9931909441947937,0.34202611177767117,0.9040502015801247,5.856758127147527,0.9827635288238525,0.03868956969486182,0.9304591015638667,0.19867816636217261,0.9943581819534302,0.32173619500278855,0.9404498714785217,6.012442566053561,0.9619318842887878,0.06204314609833166,0.9600293315030942,0.2807191420807136,0.920172393321991,0.4698212481298015,0.9433156226140178,4.84401290897757,0.983345627784729,0.1455724402205342,1.0,-1.557951647389113,0.9900968074798584
54,2.25,0.3174157484446994,0.08682277253878334,-4.237826284706759,0.9996449947357178,0.30476578470680543,0.1818383620850593,1.8252925310249333,0.9970896244049072,0.1686454400856377,0.17241232072947243,-4.198791254118765,0.9996196031570435,0.3117966059332503,0.3134660095171833,4.361510498163012,0.42807915806770325,0.17413272039321745,0.11542806294486338,-8.21709051419699,0.9937165975570679,0.3421327632835374,0.42667832789790017,5.084492589919123,0.5523796677589417,0.141951002787807,0.017458530262343838,-10.784537441336454,0.9857608079910278,0.3490572522584594,0.47033531230886444,5.329176510653744,0.49449920654296875,0.11768637870454768,0.01910346169009654,-11.507633667873433,0.9773316383361816,0.2844478997816615,0.5070824874675061,1.9267675895855003,0.999525249004364,0.18246301619409558,0.5073487648704792,-1.93240088944615,0.9997727274894714,0.2891223064065309,0.7089288008562237,3.631843101947181,0.9286161065101624,0.15378636957120723,0.7278387089094619,-1.5577449345252405,0.9927225708961487,0.3358230355611175,0.9045288284541022,6.1677074383707655,0.9813693165779114,0.03892768838855004,0.9281567993507223,0.5418808331578604,0.9943479299545288,0.317030884413077,0.9402856967612256,6.332776268498217,0.9583123326301575,0.06204314609833166,0.9563125072959818,0.6673926064044943,0.9209116101264954,0.4624434296146554,0.9432028767660904,4.973128851845221,0.9814687371253967,0.1388170096626402,1.0,-1.442576625794808,0.9899338483810425
55,2.2916666666666665,0.3255042852016885,0.09364734216094331,-3.360055028482605,0.9993956685066223,0.3025012263141735,0.18971833193996426,2.6068425876341776,0.9953181743621826,0.19430991486295301,0.17023526353616283,-6.189146559540126,0.9994319677352905,0.28628066819332176,0.25001883115985235,8.126990877520514,0.38777196407318115,0.1875997712100894,0.04214934470404963,-12.921947957337713,0.9882407784461975,0.2796281071650527,0.35056939555481076,12.245219267177367,0.5015740990638733,0.09166156241738675,0.014067397305145767,-17.994096280876732,0.9822556972503662,0.27761530399679607,0.38817413263488304,13.296857413782469,0.45027440786361694,0.004987463467076335,0.01910346169009654,-19.40668840582798,0.9741537570953369,0.2845013524655813,0.5116768660100943,2.6168166938429405,0.9995163679122925,0.18698460946510603,0.5117608406709614,-2.625629758032758,0.9997650980949402,0.28971605262774075,0.7085137236378758,6.4680080037027565,0.9161781072616577,0.15386317219269394,0.7295645926461811,-1.6809784889248889,0.9924397468566895,0.3318972824473828,0.9023196642579409,10.746980550158245,0.9798205494880676,0.039562041205545274,0.928146986720828,1.1371930585679701,0.994495689868927,0.31304023566951894,0.93741223306239,11.049183447523921,0.9572556018829346,0.06204314609833166,0.9546413079186022,1.305265664919409,0.9250275492668152,0.4588812390568547,0.9395627420466999,9.28970424560077,0.9800165295600891,0.1380908367165756,1.0,-1.614428927344251,0.9899687170982361
56,2.3333333333333335,0.360620593031535,0.059314899941923994,-7.1738081735476475,0.9994514584541321,0.3196523314073097,0.15556168033257536,4.175042146747253,0.9952751994132996,0.2384784085204398,0.14435465083849292,-8.260490552428438,0.9993151426315308,0.4128271861352548,0.0925376591758456,9.635290840973651,0.35588395595550537,0.39747412008281574,0.16608065675109013,-8.604783834640939,0.9854112267494202,0.3864728830965998,0.053959438664186135,12.510953864712233,0.460283100605011,0.4277722107929508,0.021351825785092485,-2.3542147496718933,0.9665079712867737,0.37942672087094326,0.025570506573745065,13.114440109249081,0.4125705659389496,0.4242707195191175,0.01910346169009654,-2.512217044280256,0.9498071074485779,0.3008326853100504,0.49069451690274396,3.553506139257446,0.9994981288909912,0.19922644066239464,0.4910496664730799,-3.5635748942868415,0.9997389316558838,0.30645155574804855,0.6907958382140149,8.170322620846498,0.9071289300918579,0.16244923270762174,0.717831566444534,-2.3296458822636112,0.9907227158546448,0.34882059762511775,0.8959985300535152,13.1962562515841,0.9759494066238403,0.04160886955209287,0.9249388889435743,1.3269562842424458,0.993457019329071,0.32764608413474944,0.9317495972412253,13.619459487314177,0.9509384632110596,0.06204314609833166,0.9518910139677726,1.529050324210583,0.9215514659881592,0.47701069320445055,0.9329145298303982,11.901119491557074,0.976874828338623,0.14600722504946306,1.0,-2.123947935923006,0.9885696172714233
57,2.375,0.40946132203589886,0.059314899941923994,-8.793473643317311,0.999427318572998,0.34114117637609787,0.09858052233174416,8.907883890476095,0.9956585764884949,0.302157205170029,0.09489321179651629,-20.012565095292736,0.9993588328361511,0.39756758748161003,0.24521851239969567,15.177798903238239,0.32578709721565247,0.48010436996863104,0.18837228873968587,-20.959799612476793,0.9863079190254211,0.4081099041471069,0.3459147195947562,7.988188485351137,0.41985073685646057,0.6209708628017512,0.048669621627435385,-11.907764553655067,0.9670254588127136,0.40906756006912837,0.3761776803732568,6.900426109050297,0.37764084339141846,0.6462195394074505,0.01910346169009654,-13.866174339120546,0.9499154686927795,0.31143372866671626,0.4567443958935055,8.619128528658507,0.999503493309021,0.21517457211211252,0.4577978732803033,-8.63004037008706,0.9997351169586182,0.32799778185880374,0.6706518478631709,20.296057161252907,0.8930947184562683,0.16872518690249086,0.7006956484693185,-4.8989040269174415,0.9906466007232666,0.37005334783226634,0.8881027384894641,34.381824728978266,0.9740055203437805,0.04706132957869634,0.9206930713468328,3.814809103041816,0.9934257864952087,0.3478630660983029,0.9271761058142747,35.419598279578096,0.9486879110336304,0.06204314609833166,0.9484372964797835,4.242725668452382,0.9233924746513367,0.5049548148016226,0.9273458187584486,30.516029342353956,0.9765432476997375,0.1579109104820092,1.0,-4.203281270101094,0.9887920618057251
58,2.4166666666666665,0.4310049510976562,0.059314899941923994,-9.838278112993569,0.9994229078292847,0.36144766814019597,0.10077482924394125,5.427054839540585,0.9959156513214111,0.316741186320844,0.09945952578639047,-20.605441369185048,0.9993858933448792,0.46518173800060736,0.2374438936392364,10.736980187714613,0.30537205934524536,0.5044626542003412,0.21110295563493944,-21.798217053516204,0.9866927266120911,0.6251733135738506,0.2126682107722256,4.564492688948105,0.40253469347953796,0.698060537080964,0.14073013282447636,-18.02569595945434,0.9675813317298889,0.6678199475835185,0.20593481858343574,3.5415524235712192,0.3666428327560425,0.7433014417257608,0.123378650730506,-20.6240614742685,0.9503793120384216,0.3092346000207117,0.45641595984449745,7.536264897440823,0.9994489550590515,0.21639603358758014,0.4578583704044913,-7.543367347324142,0.9996898174285889,0.33356970549305326,0.6712134067456627,19.160438097609546,0.8854383230209351,0.16461886107284543,0.7017112850562995,-3.462031076147974,0.9910070896148682,0.3703912844357877,0.8869593703090387,32.88282435411313,0.9728510975837708,0.04881157304926933,0.9209751595407263,4.98065547473661,0.993801474571228,0.344233844645353,0.9285456837181183,33.984241534940764,0.947730302810669,0.06204314609833166,0.9480806268511413,5.456794590781551,0.9278761744499207,0.5060808764534337,0.9267895233560524,29.84196652498899,0.9764281511306763,0.15369575604827862,1.0,-2.121508888846451,0.9893748760223389
59,2.4583333333333335,0.44815425432269024,0.059314899941923994,-15.983973440477241,0.9994491338729858,0.3406099991447937,0.10083287863349918,10.241424028745573,0.9962661266326904,0.3636504316624084,0.10793465720387536,-38.58788859946984,0.9994392395019531,0.33545638472340017,0.2551165706325233,20.849613448210793,0.2782926857471466,0.5418104626484277,0.23107191753545628,-40.38475101251499,0.9874468445777893,0.47280111810357056,0.34855642505025825,15.89378228178133,0.3660627007484436,0.7793305517800843,0.214632097311988,-26.079050372183325,0.966620147228241,0.5096085539650209,0.3720043217637137,15.628040733866326,0.33467158675193787,0.8451601791611748,0.2177139167798259,-29.83235354160602,0.9486923813819885,0.2957945317563692,0.4525290925729703,14.999427470845054,0.9994611740112305,0.2223589526708694,0.4570207787160339,-15.020492473437216,0.9997026920318604,0.3399909360718955,0.6717197960958818,41.957140488671406,0.879034698009491,0.16608980449340632,0.7022557657022834,-4.8233301828933435,0.9914962649345398,0.37416198698198394,0.8865111170176053,70.49307552020241,0.9737502336502075,0.0514873352198219,0.9216288386473251,11.487849049087462,0.9941468834877014,0.3461350653953112,0.9292325526901134,72.7854106928275,0.9498557448387146,0.06204314609833166,0.9487797856362123,12.539771558574781,0.9321892261505127,0.5064754081337461,0.9267653908988568,65.7229241002209,0.9777849316596985,0.15759801849469282,1.0,-0.5539402505967842,0.9900354743003845
60,2.5,0.4717957548724539,0.059314899941923994,-6.651691841477784,0.9994854927062988,0.3238428982000584,0.1061809585327851,3.1739788847516226,0.9965987801551819,0.38817685225424414,0.11526526567750595,-15.395355326664836,0.9994925260543823,0.33033785148684724,0.26138262393907064,6.540933437342063,0.2564832270145416,0.5527673684455934,0.27153901125157176,-15.84865200061283,0.988325834274292,0.4264950454246768,0.3602566291465365,5.1827934961547255,0.33670464158058167,0.7451927405954091,0.36183260583955973,-12.544389065062289,0.9679085612297058,0.4530436006258117,0.3907439394559146,5.3132749547625195,0.3091711699962616,0.7994882019528486,0.39336609998608163,-14.251611546362666,0.9501461386680603,0.28867917126716264,0.4522530994278098,5.696523280659849,0.9994662404060364,0.2225075549578071,0.4579303289587846,-5.706591884658665,0.9997076988220215,0.33815240081321457,0.6729798802961312,15.227948133097234,0.8775134682655334,0.16393905944247922,0.7046106776364734,-0.9002924129351411,0.9919798970222473,0.3698522317681107,0.8871796690211621,25.653447186781204,0.9747080206871033,0.049493611563695826,0.9245710388002419,6.6398586533914665,0.9943795204162598,0.3425864668707754,0.9303137420728261,26.496573521250593,0.952250599861145,0.06204314609833166,0.9518660504968675,7.187203630472451,0.9358432292938232,0.49296261979844974,0.9280115512990955,23.993895871212736,0.9791224598884583,0.15687689973317706,1.0,2.6017403800983403,0.9905383586883545
61,2.5416666666666665,0.48347776691636307,0.059314899941923994,-8.342407445312391,0.9995216727256775,0.3316062638417695,0.11059315521774817,2.3487632447370776,0.9968973994255066,0.39357564162210285,0.1198278436722966,-17.16222946518818,0.9995412230491638,0.3461599555320903,0.2756287626525317,4.840366956256915,0.2372482866048813,0.5498691925554586,0.2890247553132356,-18.0274854647933,0.9888911247253418,0.43792116006879284,0.3925050662401093,2.4503185648457846,0.3094657361507416,0.7184594448132678,0.4202230713873744,-14.406989911457451,0.9677770733833313,0.42500943549103753,0.4136861492567482,2.405132899592137,0.28507986664772034,0.7521269496094247,0.4570744227622727,-16.242484681113293,0.9495155215263367,0.29049874803318365,0.4497690003606919,5.992905813635647,0.9994688034057617,0.22259151032328098,0.45649787331176156,-6.003672079250853,0.9997139573097229,0.33793004668085036,0.6743994131351096,15.567172394692978,0.8755468726158142,0.16410784513597385,0.7044740781011226,-1.4243842830442415,0.9923577308654785,0.3675509716900419,0.8896937952280636,26.370222194526242,0.9751332998275757,0.047976344187197324,0.9268290999952954,5.948026905743376,0.9945303201675415,0.34025854813668654,0.9329078214383418,27.254226269602853,0.9535930752754211,0.06204314609833166,0.9547832450770783,6.447827814891145,0.9382452368736267,0.49261459808990116,0.9296956770988523,24.689507789240263,0.9800533056259155,0.15696252114926545,1.0,1.494330801786547,0.9908800721168518
62,2.5833333333333335,0.4928016245996442,0.059314899941923994,-7.901784630956497,0.9995582699775696,0.33703789801713957,0.11282967393520031,1.6232318101046386,0.9971749186515808,0.407417157425325,0.13090152993837242,-15.168796812226793,0.9995845556259155,0.38455003783658503,0.2829221571600501,4.7761266670781515,0.21959108114242554,0.5438424797343899,0.3114290221965324,-15.514989166994152,0.9889839887619019,0.4840550906263002,0.39526707602780076,3.9348538432199875,0.2880095839500427,0.6798146007332757,0.4438252368626071,-11.717453814150677,0.9664943814277649,0.4602889681921372,0.40908510858122576,4.122158297004016,0.26622721552848816,0.7046803576464805,0.4818563103325989,-13.335925313650868,0.9474757313728333,0.28816922587184707,0.45151569729615015,5.025875866361772,0.9994877576828003,0.22575254314906495,0.45793381529603283,-5.034055544857449,0.9997192025184631,0.3387348897992008,0.6755624527042687,14.577016191645955,0.8712231516838074,0.1662050882527875,0.705881704126282,1.6554995801604142,0.9926558136940002,0.3669981905456008,0.8919621689996899,24.645317506442147,0.9738345742225647,0.046928883974321406,0.9263559040430694,10.563974075617393,0.9946975708007812,0.3375819210932679,0.9350470095135974,25.552304929659435,0.9526659846305847,0.06204314609833166,0.9547850016335352,11.292467924952444,0.940681517124176,0.4947234718068575,0.9315723265171633,23.787957693322664,0.980252206325531,0.1580846031626359,1.0,7.452332721959002,0.9911642670631409
63,2.625,0.5039299815590109,0.059314899941923994,-6.8703422968738455,0.9995891451835632,0.3411583698059314,0.11259404506054516,1.3401142424116328,0.9974319934844971,0.4195926877444662,0.13367102902565003,-12.994042968690476,0.9996243119239807,0.3904788240377896,0.28289170815341685,4.088378968753253,0.20264819264411926,0.521480725734218,0.32249460966992294,-12.795203617755092,0.9885035753250122,0.49685261761809973,0.390291212730951,3.039856456691081,0.26976922154426575,0.6405324023040683,0.452019107274943,-7.926137146991206,0.9619317054748535,0.5079671196505788,0.4109418772622226,3.0665981512734377,0.25094112753868103,0.6576458527625905,0.48679304473718826,-9.03709237679969,0.9411985278129578,0.2831499882498284,0.45254922804657627,4.431171410246554,0.9995099902153015,0.23580175943617074,0.45918160928281737,-4.43855670955737,0.9997344613075256,0.3389244391966713,0.6766706458344489,13.660578926185142,0.8630043268203735,0.17162359412097186,0.7055514633052835,1.382865451634492,0.9928905367851257,0.3673915192140121,0.8931062910321097,22.88946015025465,0.9714727997779846,0.04767501080302815,0.9247438203953062,8.644486388381662,0.9947975277900696,0.33914294625523217,0.9360692802981426,23.727798773851934,0.9502323269844055,0.06204314609833166,0.9541923647790109,9.231109465523385,0.9425461888313293,0.4951801928314307,0.9295193809330154,22.395430876440532,0.9798662066459656,0.15921741200687203,1.0,5.970984800122123,0.9913846850395203
64,2.6666666666666665,0.5185108957380039,0.059314899941923994,-6.785144308228052,0.9996135234832764,0.34698867345044354,0.11182899035525368,1.7663556128049605,0.9976645708084106,0.42088076530725116,0.13523716476994782,-13.141136926020643,0.9996604919433594,0.39236389673179667,0.29565685390798024,3.7569037098797597,0.18705445528030396,0.5015896764279016,0.330194163420529,-13.162952794753819,0.9879997968673706,0.491908807401054,0.42255500792878076,1.5072318855609008,0.25260496139526367,0.6052314271497246,0.46046096416101523,-8.613877680914014,0.9573522210121155,0.4988937789803726,0.4520662293306362,1.3070616938418806,0.23646098375320435,0.6246876721251066,0.5001785130742976,-9.80254222563621,0.93427973985672,0.27948531950480054,0.4586822738897397,4.620414494813953,0.9995348453521729,0.24475801607709752,0.4657534917857385,-4.62882157467745,0.999749481678009,0.3336083134728788,0.6771432139689911,14.77097424223144,0.8604952096939087,0.17615670171683376,0.7058577770235892,1.7783511795425662,0.9931223392486572,0.36633459034539695,0.8929489995847297,24.75062736310444,0.9711849689483643,0.04984673077456193,0.9238142601564139,9.93160853577136,0.9947546124458313,0.3391304579147377,0.9356525471925564,25.64292032807407,0.9507370591163635,0.06204314609833166,0.9547925090033594,10.614228016752147,0.9438559412956238,0.4949377892436842,0.9287553620427161,24.163996801388016,0.9804086685180664,0.16222925167039237,1.0,7.255707764888046,0.9914795160293579
65,2.7083333333333335,0.5278315778851016,0.059314899941923994,-7.368932476380289,0.9996448159217834,0.35041797526662843,0.11078886721466967,0.6980416918112581,0.9978806376457214,0.42755101218447744,0.13884032142940983,-13.371199127154878,0.9996932744979858,0.39530379199944493,0.30298355535294613,2.650937983293732,0.17464828491210938,0.49349555008852863,0.3365545887226394,-13.48251373307778,0.9877724051475525,0.48844782028097206,0.43887953124819323,0.5478573110553558,0.23976406455039978,0.5948878665758895,0.4694809902459005,-9.578145904149928,0.9554670453071594,0.501147596760477,0.45260640174751743,0.32926034845252256,0.22554336488246918,0.6110374063072795,0.5040890690103322,-10.744135833392791,0.9312742948532104,0.2801582548932557,0.45914809923483035,4.347529199108279,0.999559760093689,0.24967474071237125,0.467191893694087,-4.356331956915119,0.999765157699585,0.3344527462115571,0.6770397602980086,14.337529240522816,0.8558225035667419,0.1803781312228943,0.7055512904024944,1.8898270976131566,0.9932989478111267,0.3697143920358165,0.8929551623983794,24.271100953193898,0.9700430631637573,0.05123787745582587,0.9218727366316067,9.908615409729295,0.994760274887085,0.3426500161009041,0.9356317038190503,25.18043322043566,0.9496960043907166,0.06204314609833166,0.9540368418120331,10.586084086573335,0.9447672367095947,0.49814704698205275,0.9290996773862363,23.779128442532766,0.9804889559745789,0.16347887452752866,1.0,7.296503014575075,0.9915826320648193
66,2.75,0.52575556983254,0.059314899941923994,-6.283380312102187,0.9996662735939026,0.35111007533907074,0.10888502066428433,1.2399524604438732,0.998071551322937,0.426482157831571,0.14167156047884413,-12.590473894058563,0.9997224807739258,0.3819666234634536,0.2965259657912871,3.3573858450117346,0.16274523735046387,0.48831395580376624,0.33377554993138825,-12.328838337866259,0.987534761428833,0.4846653879189881,0.4243150436453594,1.397513466109007,0.22739829123020172,0.5914741819888467,0.46062400442441354,-7.940279457813684,0.9525793790817261,0.4983204408511771,0.45200878786084536,1.199361003729638,0.21532399952411652,0.6047687750129642,0.4965952623121958,-8.991806169179641,0.9271113872528076,0.2802072883279612,0.45906781780648065,4.335281358049002,0.9995812177658081,0.24978410685065575,0.46717324909865704,-4.3442765917470245,0.999779224395752,0.3363461797395544,0.6763331309785018,13.850195423954077,0.853611171245575,0.1817345159396397,0.7049146797999939,1.2638648363116125,0.9935818314552307,0.3708118923955532,0.8927346608400275,23.192668300543982,0.9697033166885376,0.05092261792506999,0.9206780298632464,8.33263366636149,0.9948965311050415,0.343140554008336,0.9355401880136965,24.025784260367523,0.94929039478302,0.06204314609833166,0.9534829719568232,8.897923838395474,0.9464296698570251,0.49956912679149174,0.9299333928808606,22.6097576735769,0.9807727336883545,0.16454720876409243,1.0,5.589769732463901,0.9918479323387146
67,2.7916666666666665,0.5245060016358969,0.059314899941923994,-7.590931460703479,0.9996740818023682,0.3578696019507862,0.10799843922442957,2.6362034804252734,0.9982340931892395,0.4167086140957032,0.1356492824258912,-15.649793503713823,0.9997485876083374,0.38235358162687805,0.29283787376815323,4.869794843745531,0.15217457711696625,0.48754899533705254,0.3223993069671632,-15.67106608114288,0.9872999787330627,0.486355087999399,0.4149439680301748,1.5406198103208844,0.21619147062301636,0.5935616527843756,0.44731871540306073,-10.986212586671343,0.9512684941291809,0.49424606710700714,0.43899490788866063,1.1385048211559146,0.2061842978000641,0.6058949368589891,0.48022100322746797,-12.41464258505499,0.925590455532074,0.2846263958663266,0.4588517390759276,5.624137240651238,0.9995853900909424,0.2519210724504155,0.465051854492138,-5.636031998787175,0.9997881054878235,0.3388641221120137,0.6751613645891537,16.99152569009705,0.8465787768363953,0.18423254456663282,0.703341862350278,-0.25644855938850897,0.9937535524368286,0.374069871696891,0.8922770290663796,28.287916844626317,0.9687414169311523,0.05128149836146045,0.9193414186694493,7.211331123600001,0.9949892163276672,0.3464375621768013,0.935644152190135,29.255622380180725,0.9484258890151978,0.06204314609833166,0.9525905611695697,7.7507435278099415,0.9480003714561462,0.5028720511450678,0.9304435871031228,27.31539638989026,0.9806592464447021,0.1655668723764358,1.0,3.4590750112892548,0.9920626878738403
68,2.8333333333333335,0.5229390715239637,0.059314899941923994,-9.891316392454716,0.9996709227561951,0.37092796306614667,0.10608379102655949,4.889365080306803,0.9983775615692139,0.40603026524096336,0.1317569228864302,-22.219477460135636,0.999772310256958,0.3738390158047883,0.2857223416204552,7.723197817465184,0.14278560876846313,0.47330195370886297,0.31752054976253025,-22.28119118975026,0.987694501876831,0.4651307985530704,0.40598151538468347,2.389372919686607,0.20467381179332733,0.6237701893567531,0.42462391325497273,-14.900242468887608,0.9514682292938232,0.46097680136556207,0.43075578196998243,1.6037225444536614,0.1966799795627594,0.6521109076918995,0.4494744532003149,-16.83328692042389,0.925868034362793,0.2938656902544509,0.45798339037915575,8.492300210568883,0.9995895028114319,0.24981350880451417,0.4617901244394917,-8.508749558435294,0.9998006820678711,0.3428080695516818,0.6742735546180584,25.304257725866556,0.8454042673110962,0.18667452041709787,0.7008885704936012,-3.406972440882625,0.9940509796142578,0.37759791981745333,0.8918428188596143,42.475722283218815,0.9693672060966492,0.0520462380712321,0.9175947712418302,5.120431602144706,0.9951541423797607,0.35027642017564814,0.9353545773744771,43.91450535944466,0.949464738368988,0.06204314609833166,0.950343919976651,5.63184557744709,0.9498208165168762,0.5053727082172518,0.9321178416337217,40.795401183725346,0.9811270236968994,0.16450670841182663,1.0,-1.4237677891932237,0.9923457503318787
69,2.875,0.5256341117126104,0.059314899941923994,-15.725975403479113,0.9996820688247681,0.3709344826200118,0.10432019675482429,7.690353018671603,0.998512327671051,0.3882762947145323,0.12726188186501075,-33.672248134623736,0.9997937679290771,0.3637485106173918,0.28767530973522215,11.813067618384867,0.133468359708786,0.46175982903904567,0.31184416033346,-34.56062984727545,0.9882293343544006,0.43525234556271203,0.409547801215071,3.35785101714407,0.1912188082933426,0.6386908618423631,0.4018225427960671,-23.480947178214905,0.9522372484207153,0.4309946271986803,0.43370885353464417,1.93952284541112,0.18516945838928223,0.679252544915072,0.4257178864935018,-26.533007386861797,0.9269809722900391,0.2972371336732012,0.4570491015780383,13.06709536308101,0.9995957612991333,0.248052539413741,0.4604508525184576,-13.088795797389349,0.999812662601471,0.34753617284728694,0.6736749324403216,38.65118020278258,0.8457013964653015,0.1884528477435007,0.6990778960839666,-5.575910325748155,0.9943413734436035,0.3808542475486997,0.8915323241840856,65.4167739440038,0.9703349471092224,0.052800868756600616,0.9167844265822901,7.676429415572425,0.9953358769416809,0.35368525736127376,0.9351293808868584,67.61942595657455,0.9508772492408752,0.06204314609833166,0.9494098723513943,8.466900952719524,0.951751708984375,0.5074574584403144,0.932326395961002,62.673703958960054,0.9818078279495239,0.1634843191149209,1.0,-2.3541835902510058,0.9926618933677673
70,2.9166666666666665,0.5192839346959988,0.059314899941923994,-14.970690486690131,0.9996944069862366,0.37450537769846254,0.10537009992991911,7.515904414631683,0.9986366629600525,0.35021275537041535,0.12397339180990169,-31.277047142533277,0.9998123049736023,0.3675974467512622,0.28509389752060305,12.686554883221087,0.12650834023952484,0.40797989110707283,0.30922519279327376,-31.853141323867444,0.9883902668952942,0.4662532649059004,0.40135045488771715,3.764132844013161,0.18497037887573242,0.6325661485228189,0.37476026877541063,-21.800032263635178,0.952418327331543,0.5027823600914858,0.4069349511025208,2.265357546955298,0.1815822571516037,0.6651079987527632,0.39184420853237245,-24.757568852843402,0.9274136424064636,0.30107746767841503,0.4570128254300206,12.211189095647978,0.9995923638343811,0.2418084167500296,0.4601103615987171,-12.232831748700717,0.9998189210891724,0.34911330723511436,0.6736007766380844,35.78828413826896,0.8496001362800598,0.1870789220318958,0.6984281315257803,-4.404241093509636,0.9946657419204712,0.3801126269821484,0.8912182156107743,60.34803323493012,0.9714093804359436,0.05241711663045902,0.9164885819642447,8.396241479852627,0.9955498576164246,0.3534152675360418,0.9346455309322301,62.38661941647734,0.9524057507514954,0.06204314609833166,0.9490482944164891,9.170585722191573,0.9539012908935547,0.506219562011221,0.9333508033428156,57.60843127013609,0.9824594855308533,0.16371945905535634,1.0,-1.2652021618136025,0.9929760098457336
71,2.9583333333333335,0.5028179240421756,0.059314899941923994,-6.2405371594027255,0.999690055847168,0.39417296201881535,0.10515579256670272,3.6145205017665685,0.9987295269966125,0.32306128530287853,0.1169002437845175,-12.975208496271529,0.99982750415802,0.3954298072733119,0.2728229122222342,7.036817279921881,0.12154781818389893,0.3788681830809795,0.3071940578163021,-13.688714163603834,0.9884454607963562,0.5648016005354055,0.3248202863260804,3.3717001010857546,0.18860867619514465,0.6076806326239474,0.33396689280128355,-10.114886737216587,0.9539874196052551,0.6246437115695667,0.3361980807437502,2.6754913124274156,0.18891122937202454,0.6561048960862104,0.3463318128284856,-11.663204568296429,0.9298958778381348,0.30937233866674696,0.45730504198195504,5.18926017162517,0.9995436668395996,0.23805570910842816,0.46010336554440195,-5.194237467378259,0.9998050332069397,0.35207205477226233,0.6744233908148176,14.584213568769616,0.8520115613937378,0.182718796746434,0.6989416025011348,-1.559875769020588,0.9949630498886108,0.37687355020364616,0.8912671908990144,24.48491351972341,0.9715127944946289,0.05089150935624638,0.9164394620719354,4.225250652699929,0.9957835078239441,0.34775547520937006,0.9333444497406771,25.29954849601539,0.9525991678237915,0.06204314609833166,0.9460319254886344,4.593027632368939,0.9562147259712219,0.5053496526738179,0.9345645085875668,22.989655641845506,0.9825275540351868,0.16092100381726443,1.0,0.11051513770462393,0.9932911992073059
72,3.0,0.4657744096012831,0.059314899941923994,-4.721891312544671,0.9997150301933289,0.3924688536332097,0.10153719857479528,2.614164340741817,0.9988365173339844,0.2961033199182529,0.11112078941446202,-8.933921770516188,0.9998434782028198,0.4068307814979272,0.2561607319310519,4.102705995005971,0.12086563557386398,0.3298177055071894,0.30469306006627955,-8.577263649075245,0.9886115789413452,0.5577327295595186,0.2603393314697681,-1.1183047877948635,0.19660620391368866,0.5490915119439148,0.2734984286877858,-4.980287986780565,0.9556281566619873,0.6230655610172918,0.25582859159933424,-1.935218426471752,0.2005169540643692,0.6101526417579506,0.2697277934344167,-5.661574530105686,0.9321104288101196,0.311750613731361,0.45710034921857057,3.628644839729095,0.999523937702179,0.23261218232476527,0.4599582411355944,-3.6312425896229414,0.9997972249984741,0.35475964520672665,0.6751381966522082,9.359506708354372,0.8522997498512268,0.17340852518269145,0.7002981837664201,-1.0892290288279771,0.9951163530349731,0.3756300099499305,0.8929321508414031,15.764011903858195,0.9697951078414917,0.0500787940821332,0.9161678373923186,2.9869034814099766,0.9959049224853516,0.347454057252654,0.9332509313066395,16.27451712721444,0.9504294395446777,0.06204314609833166,0.9425250147649658,3.2352927176945174,0.9579748511314392,0.5060566346387809,0.9369485984991711,14.477844440167754,0.9815846681594849,0.15576624745968334,1.0,-0.0763089088916085,0.9934273362159729
73,3.0416666666666665,0.4520915851924936,0.059314899941923994,-3.911219075746079,0.9997422695159912,0.39123091573113333,0.09933257994634995,2.670725074748285,0.998934268951416,0.27499244337750756,0.10453726846162034,-6.456391795519507,0.999858558177948,0.40642121003307907,0.24258648696497814,1.4042441810985873,0.11794134229421616,0.2886099452656804,0.2925969257894286,-5.691466576019532,0.9892166256904602,0.5424518507882081,0.22777271938131258,-5.832358076041,0.2038862705230713,0.48709527576901185,0.2391352779446902,-2.0044687782978836,0.9583954811096191,0.5853257216994393,0.22499143916331021,-6.969523084744502,0.21116507053375244,0.539162602577264,0.2306961620219914,-2.2590851640893814,0.9355859160423279,0.31240903552623933,0.45637218222320736,2.8489714564096382,0.9995059967041016,0.2231135943513559,0.4590866339519174,-2.852455336155418,0.9997942447662354,0.35517362220203946,0.6752111119124177,6.756942228162826,0.8558529615402222,0.16712096935760096,0.7011863093227029,-1.4048707450306503,0.9953578114509583,0.376032187459416,0.8918081780774109,11.270171301175399,0.9683985114097595,0.04978508029317908,0.9153103640122796,0.8546252944999652,0.9960219860076904,0.34702311958389936,0.9314308251159904,11.611613016004569,0.9483873248100281,0.06204314609833166,0.9403196574607505,0.9627215476136285,0.9594326019287109,0.5066515074398692,0.9371812200652146,10.197796074439033,0.9806053042411804,0.14783248048983352,1.0,-1.7006953806442202,0.9935572147369385
74,3.0833333333333335,0.4441889854068478,0.059314899941923994,-3.117991011740943,0.9997649192810059,0.3867355145179635,0.09894302025613862,2.6433792518102392,0.9990012049674988,0.2645121537618538,0.1024531766418324,-5.630552047948169,0.9998714923858643,0.39189795926977244,0.246215278579737,0.7554405236442455,0.11339959502220154,0.2673620955595724,0.2717499161771308,-4.769931623964009,0.989552915096283,0.4863632044025936,0.21378953949228044,-6.091306041458581,0.2001776397228241,0.4371972750220291,0.20589442272768513,-0.6143668503554878,0.9592844843864441,0.5227066838843499,0.20336690133256372,-7.178771549033752,0.2102774828672409,0.47761959784043395,0.19419618963296484,-0.6891881310041316,0.9360761642456055,0.3123874719544661,0.45611603759411873,2.5883791853843103,0.9994733929634094,0.21509273573032295,0.459257294699041,-2.5913251266981003,0.9997877478599548,0.3545229347164112,0.674772559184952,6.046991481669986,0.8600073456764221,0.16354329797101103,0.701389082054312,-1.5339886308323982,0.9955427646636963,0.37552645373953675,0.8905323740760265,10.061120296998405,0.9681341648101807,0.04916278311804196,0.9159906433012817,0.18065502644963016,0.9960925579071045,0.3448638372661495,0.929838202734717,10.34817749703205,0.9472980499267578,0.06204314609833166,0.9417802711749365,0.22636850631073158,0.9600927829742432,0.5048303352907615,0.9369481839879976,8.912155230836222,0.9802430868148804,0.14668455078557527,1.0,-2.338036747552491,0.9936382174491882
75,3.125,0.4286608368869179,0.059314899941923994,-2.2483914081299003,0.9997845888137817,0.3840778616720593,0.099557209600328,2.5850954782534235,0.9990744590759277,0.24001583775311194,0.09863719517875036,-4.034180159662491,0.999882698059082,0.38960836965435686,0.24102871731259568,0.6237355132785825,0.11719311028718948,0.24385635726110802,0.25702707500583705,-3.3711030567711457,0.9896611571311951,0.44388258220474114,0.2089073013911997,-5.397598636680242,0.206107959151268,0.3835352323266615,0.18380102220176317,0.10442578408897915,0.9592244625091553,0.4546602203080853,0.19297654038173778,-6.364306468366202,0.2165592461824417,0.4129381480350244,0.16603223098393574,0.08283111165743112,0.9347346425056458,0.32409554816235175,0.45300792037553206,2.0749387609124503,0.9994522333145142,0.2107096416926067,0.45636990961102786,-2.0771387699584745,0.9997826814651489,0.3531156539286772,0.6734527693690375,4.64413399924735,0.8660850524902344,0.1585776087376887,0.7018116839190488,-1.6196658343578991,0.9956531524658203,0.373640562521472,0.8887024527460279,7.8582648436619476,0.9687383770942688,0.048877969998064916,0.9156668912513546,-0.4619912470679377,0.9961075782775879,0.34234786623965363,0.9278861160765686,8.068785927741295,0.9470576047897339,0.06204314609833166,0.9417162405422639,-0.46468369099727197,0.9596394300460815,0.49723813655001237,0.9362799539143369,6.564132344908254,0.980190634727478,0.14406980431866434,1.0,-2.8498481912123568,0.9936002492904663
76,3.1666666666666665,0.39852963570595334,0.059314899941923994,-2.7199308287001345,0.999790370464325,0.37231916245688546,0.10700992498391375,2.085606340724586,0.9990450143814087,0.20817480325033144,0.08924786049381186,-3.6059980343461806,0.9998723864555359,0.3722680225716354,0.24506104805995363,2.9778671748091465,0.12471798062324524,0.18664704832405762,0.1559312081648317,-6.854291054249045,0.9887623190879822,0.38078053425083136,0.3293518297323874,1.8979970342510524,0.20152246952056885,0.27459903267268865,0.11801247898670664,-9.441628968336722,0.957120954990387,0.3792680614607403,0.3858534256814248,1.778809160028444,0.21094653010368347,0.2904592347450364,0.12478473883259465,-10.272010031606209,0.9331537485122681,0.32275172184005013,0.45149467354590717,1.8091169346837672,0.999397337436676,0.19223140983261872,0.4557713354817784,-1.8108449125837789,0.9997618198394775,0.3506178310677225,0.6733669887909635,3.483032918206701,0.8751789331436157,0.15084492634645694,0.7031749891488002,-1.8988837796195392,0.9958382844924927,0.36998517513131485,0.8906297342677544,5.99544440771795,0.9705517888069153,0.047643142177000705,0.9167781701351333,-0.5985668207198386,0.9963346719741821,0.34013472439519254,0.9293266728974706,6.12714820425478,0.9489085078239441,0.06204314609833166,0.9422787391553885,-0.5846091013418105,0.9605017900466919,0.4965314622118271,0.9382725915428876,4.608641087204451,0.9808995127677917,0.138558533302393,1.0,-2.860796294607218,0.9939013719558716
77,3.2083333333333335,0.3823060609182699,0.059314899941923994,-2.4193215591410526,0.9998022317886353,0.36136698324110134,0.11191375193570588,2.0272142029299105,0.9991108775138855,0.18508522936341468,0.08653631817597153,-2.9337005652758816,0.9998672008514404,0.369958285667276,0.2462106951007008,3.1227430583249824,0.164932519197464,0.15540176326904645,0.1633721181988811,-6.426239070598191,0.9886618256568909,0.40054867782551906,0.36853059704034224,2.3375320521744616,0.23895278573036194,0.219239048147855,0.10841844253171097,-9.45122836737394,0.9594877362251282,0.4096554811504074,0.4171552015356096,2.274810860594776,0.24034330248832703,0.23539285541351665,0.10235956493430635,-10.29736060907379,0.9368773698806763,0.3195563051768164,0.4449127562723838,1.6224962753221073,0.9994101524353027,0.18212966717626594,0.45071921618834937,-1.6243227805541973,0.9997544884681702,0.34695037845231835,0.6732642960309062,2.7144337024239387,0.8837713599205017,0.14724952540143119,0.703577881982433,-1.824611655190549,0.9958080053329468,0.3684680258967742,0.8934754722183766,4.8042573108209705,0.9720553755760193,0.046581727761344546,0.918724492926652,-0.5569735073832882,0.9964126348495483,0.340160556132324,0.9312984486409298,4.902828308700278,0.9501032829284668,0.06204314609833166,0.9435129046939805,-0.5384239494250054,0.9588267207145691,0.49607888685366763,0.9402182495708366,3.4569124708658756,0.981406033039093,0.13841796400466977,1.0,-2.64902645025376,0.99397873878479
78,3.25,0.37181774676804813,0.059314899941923994,-2.483909065446203,0.9997965693473816,0.34135442328280874,0.11213211872088132,2.0664674487542256,0.9991762042045593,0.1713919903590101,0.08843497409992497,-3.1365117799904128,0.9998539090156555,0.3672586176503468,0.24764539930093163,3.149665291158022,0.21648049354553223,0.1124244507162773,0.19333095263156325,-6.043786643141231,0.9883765578269958,0.4084859517998801,0.3728115050964205,2.336356440045046,0.29389750957489014,0.1840832188792491,0.11533406316899533,-8.611032595721237,0.9623599648475647,0.42531052461945346,0.4208181574248988,2.2490430591869566,0.2864944040775299,0.19771458311937556,0.09204189353291457,-9.404224725980484,0.9413259029388428,0.3125155452297114,0.4449175071211534,1.6497564217319811,0.999401867389679,0.17909375945054082,0.4510635813567187,-1.6521638186793937,0.9997292160987854,0.3418919988107854,0.6728214057475765,3.2724612632384456,0.8898021578788757,0.1430221503276803,0.703347371803258,-1.7478008104383962,0.9955352544784546,0.3672516573647421,0.8931927128366557,5.739079534053798,0.973036527633667,0.04608099698562814,0.9190751740675098,-0.24704298360686633,0.9962942004203796,0.3399164850955427,0.9309724328655593,5.872506046262775,0.9504952430725098,0.06204314609833166,0.9433147238023727,-0.2075743925101391,0.9552213549613953,0.4964730528281415,0.9395300329931742,4.461045708419459,0.9815534949302673,0.13859888882591487,1.0,-2.360661143829255,0.9937474131584167
