frame_id,timestamp,nose_x,nose_y,nose_z,nose_visibility,left_shoulder_x,left_shoulder_y,left_shoulder_z,left_shoulder_visibility,right_shoulder_x,right_shoulder_y,right_shoulder_z,right_shoulder_visibility,left_elbow_x,left_elbow_y,left_elbow_z,left_elbow_visibility,right_elbow_x,right_elbow_y,right_elbow_z,right_elbow_visibility,left_wrist_x,left_wrist_y,left_wrist_z,left_wrist_visibility,right_wrist_x,right_wrist_y,right_wrist_z,right_wrist_visibility,left_pinky_x,left_pinky_y,left_pinky_z,left_pinky_visibility,right_pinky_x,right_pinky_y,right_pinky_z,right_pinky_visibility,left_hip_x,left_hip_y,left_hip_z,left_hip_visibility,right_hip_x,right_hip_y,right_hip_z,right_hip_visibility,left_knee_x,left_knee_y,left_knee_z,left_knee_visibility,right_knee_x,right_knee_y,right_knee_z,right_knee_visibility,left_ankle_x,left_ankle_y,left_ankle_z,left_ankle_visibility,right_ankle_x,right_ankle_y,right_ankle_z,right_ankle_visibility,left_heel_x,left_heel_y,left_heel_z,left_heel_visibility,right_heel_x,right_heel_y,right_heel_z,right_heel_visibility,left_foot_index_x,left_foot_index_y,left_foot_index_z,left_foot_index_visibility,right_foot_index_x,right_foot_index_y,right_foot_index_z,right_foot_index_visibility
0,0.0,0.48999700797380086,0.008061552798340357,-1.1862439892500622,0.999984622001648,0.42573762891624833,0.11457453744857769,3.5406129817052885,0.9996935129165649,0.2927400730850905,0.08491967737175515,-4.508225027991585,0.9999821186065674,0.4911355096834937,0.2512023503233788,4.225402027592149,0.3173516094684601,0.3945795564959391,0.20609617679300743,-6.935505932412143,0.9992703795433044,0.6597388410442683,0.22589930555378268,1.7174041325840714,0.7180307507514954,0.6199436671927391,0.2019645255979074,-6.919766877085864,0.9988025426864624,0.7106286114292337,0.22327479820417157,1.4051010354774986,0.7238763570785522,0.6762909750584492,0.2077538410008685,-7.662819354807642,0.9967302083969116,0.3712753996729195,0.4417372337237094,2.1919767064997613,0.9994041919708252,0.24766376875824275,0.436127031424955,-2.1935519609658045,0.9993875026702881,0.4442711888810996,0.6858324495963573,2.0876621866827523,0.9640522599220276,0.17867075917303663,0.6978658071143848,-2.532743329103581,0.9982174038887024,0.4541958316888252,0.921584916103279,4.207571750768489,0.9872216582298279,0.051508675599515774,0.9134349635110661,-1.3765912340700341,0.9983818531036377,0.42019487485314305,0.9721293270136566,4.2858068912237925,0.968058705329895,0.031923717206801885,0.9461138123877033,-1.3670272024799048,0.9703900814056396,0.5929935783765348,0.9801918675094037,2.594260875450951,0.984099268913269,0.11369967613614027,1.0,-3.7591484384594893,0.9957600235939026
1,0.041666666666666664,0.47499440604085635,0.008061552798340357,-1.9646499924433138,0.9999854564666748,0.4173391307076344,0.11818483273694051,3.372077081793601,0.9997069835662842,0.28296316902773966,0.0866212451231516,-4.513105568350039,0.9999819397926331,0.48798853719453517,0.25395934766947303,3.6657875973128795,0.33925291895866394,0.39054996881751747,0.20976120610785698,-7.268748286829465,0.999225378036499,0.6561897367363763,0.2252678080966611,0.6566477114094909,0.7360399961471558,0.6074352919696335,0.1988908246529016,-7.680545154011791,0.998755931854248,0.7066923096021686,0.22193006644765387,0.21101253182080243,0.7395340204238892,0.6639073948052617,0.2043016441492569,-8.470047965468279,0.9966292381286621,0.3666308240324507,0.44462523723235625,2.158904249776591,0.9994126558303833,0.2436888285272165,0.43982227685891173,-2.1602988951607767,0.9994083642959595,0.44234147516929495,0.6864812730190719,2.902900203517874,0.9649571180343628,0.1712766204291946,0.6997673512122375,-2.515007812026451,0.998285710811615,0.45179426334729816,0.9212826497702274,5.197847209123962,0.9872747659683228,0.0514063647399465,0.9165969759465594,-1.6446021423195087,0.9983906149864197,0.4161754551949386,0.9716598123425357,5.289347937738774,0.9677411913871765,0.031923717206801885,0.9489155639911607,-1.6744896338343527,0.9700113534927368,0.5898115408238684,0.9790695805249086,3.6804939977098514,0.9841708540916443,0.12038674808214908,1.0,-4.142106354733891,0.9957823157310486
2,0.08333333333333333,0.43905161613088506,0.008061552798340357,-2.066879562402388,0.9999864101409912,0.3963776531146978,0.12504286055171687,3.0305097780875707,0.9997121691703796,0.2520614579300349,0.09256958304269007,-4.044530964493667,0.9999805688858032,0.488242496472276,0.2587770912150035,3.1438350763670213,0.3699661195278168,0.38314469993990724,0.20144997737083645,-7.5458205845118265,0.9991374611854553,0.6542594406183474,0.21294853120776533,0.5810154800663652,0.7521496415138245,0.5702265925531785,0.16301174894902962,-9.23571313412357,0.9986627101898193,0.7037734797071705,0.20260639455780946,0.21474813371639934,0.7515660524368286,0.6279018241511196,0.16502859768728642,-10.10804946296613,0.9963923096656799,0.34840211535630045,0.45100531958950896,1.9967351773987452,0.9994297623634338,0.22674366587217185,0.44620191856258673,-1.9980605080807992,0.9994324445724487,0.4388227078247391,0.687434941783621,2.7040824639486147,0.965547502040863,0.16318485173494784,0.7011335112601853,-2.243107721841995,0.9983412623405457,0.4514090415812013,0.9202463131874232,4.773347179348236,0.987278401851654,0.04723572463090612,0.9182447619046662,-1.3987096427225014,0.9983999133110046,0.41483695176863244,0.9703950960383315,4.856945745856134,0.9670661091804504,0.031923717206801885,0.9534432005980501,-1.4330923809225127,0.969721257686615,0.5885298974174775,0.9774340390324642,3.3246733183023145,0.9842899441719055,0.12324017619045656,1.0,-3.7790059289324343,0.9957983493804932
3,0.125,0.4217854623445369,0.008061552798340357,-2.03719134904841,0.9999873042106628,0.38446654309865164,0.1267638886830313,2.6062698746125386,0.9997251033782959,0.22981798086872296,0.09137109622081371,-3.5942162760144303,0.9999794363975525,0.4892265889419312,0.2585048817644776,2.0984212460723017,0.4081842005252838,0.3596490209030774,0.18190841879542421,-6.850805899966454,0.9990900754928589,0.6437406537834928,0.19712795498673857,-0.9250792599170407,0.7705174684524536,0.5417184259619419,0.1414114354226263,-8.180559296437776,0.99859219789505,0.691101760944362,0.1858782949857211,-1.4140434347188242,0.7669839262962341,0.5945257259554122,0.1408606270562678,-8.933594850498695,0.9961811900138855,0.3368721936313734,0.4511774480227182,1.8140764894156538,0.9994530081748962,0.21216312059578638,0.4465917180053447,-1.815724701970501,0.9994584918022156,0.4349899913112485,0.6854030975860174,2.4806214426223305,0.9659771919250488,0.15475406706883021,0.70062453656987,-2.0234725519024055,0.9983739256858826,0.45261671028401285,0.9178633562616496,4.379105068496488,0.9871446490287781,0.04246487144533316,0.9192326658604167,-1.26036000240191,0.9983593225479126,0.41517721407938296,0.9679387469049578,4.458073766344057,0.9659667611122131,0.031923717206801885,0.9568925354850779,-1.2981871433557168,0.9682282209396362,0.589746311687032,0.9746544028015517,3.032557389790224,0.9842663407325745,0.12676123478817514,1.0,-3.43870101420399,0.9957112669944763
4,0.16666666666666666,0.404950258156466,0.008061552798340357,-1.7553101902426973,0.9999882578849792,0.3734293184098388,0.12626997938677648,2.4968162718103355,0.9997395277023315,0.21431201010599366,0.08888147228997946,-3.321612384751935,0.9999784827232361,0.49150585014511944,0.2443265143005519,2.3405286388904853,0.45170313119888306,0.3017048690110707,0.16582834158510504,-6.6556919708069895,0.99903804063797,0.6455230691081653,0.1707315622181854,-0.08782548547640388,0.7888015508651733,0.4730081903481442,0.13455881187685215,-8.407796510275485,0.9985373020172119,0.6929290339300569,0.15808977163079926,-0.4483949133808674,0.7821657657623291,0.521454889745275,0.12975857487452366,-9.151724645891488,0.9960176944732666,0.32544119612187644,0.45003081760154223,1.7185176936243256,0.9994767308235168,0.1988099741546081,0.44601935522348723,-1.7201813838624962,0.9994842410087585,0.4287099815484329,0.6838098584230037,2.2841546350980555,0.9658583998680115,0.14574175934735173,0.6999884868300184,-1.9632612239210243,0.9983769059181213,0.4538236897245183,0.9168621147668577,4.164072150351838,0.9867724180221558,0.04011754831569521,0.9199696208287693,-1.3390342169542182,0.9983033537864685,0.4162421133160884,0.9669950461374165,4.294185297556586,0.9642517566680908,0.031923717206801885,0.9584622024329233,-1.3808006564898163,0.9670498967170715,0.5912355981016817,0.9733671332941628,2.895796381301878,0.9841206669807434,0.1286813211040105,1.0,-3.429509555462562,0.9956040978431702
5,0.20833333333333334,0.3781701484202616,0.008061552798340357,-2.1851060232507553,0.9999892115592957,0.35906457569499683,0.1346308150530273,2.064526505745716,0.9997565150260925,0.18962624313004633,0.09618823874731836,-3.159909841183873,0.9999780058860779,0.48965713523756593,0.23498961210178382,1.4186083667461526,0.49738749861717224,0.2228215184349728,0.16122570613520026,-6.708713555342848,0.9990021586418152,0.6286044773898639,0.1393152350179344,-1.160790846295585,0.8067722320556641,0.40512253431937856,0.12268316001849267,-8.550562272542638,0.9984532594680786,0.6782060414940569,0.11425677941633969,-1.5716201206734495,0.7978224158287048,0.4481286161380587,0.10933206549760581,-9.276049088445124,0.9957231879234314,0.3028391079721987,0.4560456904123603,1.5856216953847888,0.99951171875,0.1710473563283044,0.45229288609576396,-1.5872224534632646,0.9995208382606506,0.4186182112316057,0.6867750239068469,2.2836593717817317,0.9663792848587036,0.127213688862754,0.7031124380121565,-1.7831243784446125,0.9984040856361389,0.44988856015100337,0.9167767910799794,4.149665657220126,0.9867340326309204,0.038060472773526484,0.9225018576609133,-0.9403625830999267,0.9982515573501587,0.41308397360143395,0.967156822429601,4.2405013398221,0.9635497331619263,0.031923717206801885,0.9617913302753497,-0.9575146617381932,0.9653976559638977,0.5879059206340709,0.9717171094989292,2.8815799895575083,0.9842413067817688,0.129716697241056,1.0,-3.0023940493268504,0.9954997301101685
6,0.25,0.3459644078354924,0.008061552798340357,-1.8138063768466162,0.9999900460243225,0.3368322031905303,0.13840584908372033,1.758522439306914,0.999756932258606,0.14087153004005606,0.10030713162139317,-2.6713175502709654,0.9999772310256958,0.4831508021437832,0.20895328488349882,1.3685075074823179,0.538740873336792,0.14175528223741898,0.15123162023454811,-5.892329548753403,0.999051034450531,0.6049888982481986,0.10467318794438751,-0.37976190487124867,0.8221004605293274,0.33391204927713514,0.09540678115263478,-7.52863215034933,0.9984887838363647,0.6593380067431401,0.07376715335898561,-0.6367874324360524,0.8095784187316895,0.38656203632283165,0.07565816119886597,-8.150581387088577,0.9956845045089722,0.27566797245059677,0.4578291446930373,1.3189069873179438,0.9995437264442444,0.14245400112952653,0.45466114574220023,-1.3198281887002348,0.9995545744895935,0.399901443757739,0.6878179011957648,1.4600287413274944,0.9675588011741638,0.1064814657319847,0.7038302584426684,-1.5019583459599757,0.9984549880027771,0.4429436023120042,0.9153173607141212,2.7380740260979506,0.986935555934906,0.035633726744806624,0.9231127206822912,-0.6957307375042816,0.998257577419281,0.40847992896456536,0.9640316553381222,2.7673092040144933,0.9638208746910095,0.031923717206801885,0.9608296374742485,-0.7162484607850552,0.9652723670005798,0.5825917333548294,0.9683843999125369,1.479945831428179,0.9846471548080444,0.12650499794530695,1.0,-2.5481637921773697,0.9955168962478638
7,0.2916666666666667,0.33426102322435397,0.008061552798340357,-2.075014322927759,0.9999908208847046,0.32441572885858627,0.13652487677772882,1.822346222073243,0.999758780002594,0.1336443763449171,0.09913925303676475,-2.781756913415822,0.9999768733978271,0.4825681613058525,0.2023979911297536,1.6833204534923392,0.5768847465515137,0.13784860740645535,0.1484847246435954,-6.295245556201251,0.9990981817245483,0.6101215110632281,0.09535223687500562,0.0482142101540835,0.8368954658508301,0.33335324889136725,0.09321073444135894,-8.096438851211577,0.9985437393188477,0.6611061293424431,0.06795736264113761,-0.11242096711691446,0.8221372365951538,0.38214878456854706,0.07485204492555034,-8.759675049661608,0.9957522749900818,0.27149888191539984,0.4568618154440291,1.3596724686526078,0.9995688796043396,0.13929797633251864,0.4540363234112888,-1.360447099332553,0.9995841979980469,0.3938690040967314,0.6880443770951439,1.5423412242586991,0.9683637022972107,0.10303463253845822,0.703746918517777,-1.5982493239967008,0.9985083937644958,0.4396848564070991,0.9146420663376132,3.1894109423030206,0.987041711807251,0.03417312330538837,0.9264405661013413,-0.7671205580654963,0.9982785582542419,0.40811817867458833,0.9632317832365986,3.252712563088333,0.9641252756118774,0.031923717206801885,0.9619995358465729,-0.783255333135149,0.9654332399368286,0.5820482245736565,0.9658016058997829,1.9547073993617103,0.984878659248352,0.125657176397354,1.0,-2.6721234408999925,0.9955390691757202
8,0.3333333333333333,0.3221122431663586,0.008061552798340357,-1.8762684607085804,0.9999916553497314,0.3115175451412328,0.13386584981454278,1.8181926423451473,0.9997682571411133,0.11445760714842614,0.10276059233839323,-2.6994215696441826,0.9999769330024719,0.4749035697101133,0.1928930247118349,2.0603080140193204,0.6131598353385925,0.09932990878646294,0.1436113261544155,-6.186537784440132,0.9991410374641418,0.5985863297872654,0.08424077565819474,1.1420081073474353,0.8515640497207642,0.29003299846879554,0.09231312551137646,-8.045104426514632,0.9986010789871216,0.6424671259034687,0.05791342864541987,1.0559117504835425,0.8359336853027344,0.337754144644255,0.07439403178306177,-8.672303995475549,0.9958285689353943,0.259971091559813,0.458187912824973,1.3250110082921933,0.9995973706245422,0.1297122340424486,0.45608135145556844,-1.3257023152122698,0.9996137619018555,0.3786704074042103,0.6892191761777857,1.5205982578599302,0.9686506390571594,0.09201160879898866,0.7049431731818397,-1.5540232123377835,0.9984893202781677,0.4317759877566567,0.9141135285758304,2.933797901418572,0.9868724942207336,0.030292831300674325,0.9295899608674716,-0.7158991380711645,0.9982487559318542,0.4026601949173923,0.9626892056082945,2.976322332618787,0.963861882686615,0.031923717206801885,0.9629342140528271,-0.729584267602613,0.9653435349464417,0.5753688301279373,0.9604034105332788,1.766421996489616,0.984951376914978,0.12075413736872335,1.0,-2.527897123379326,0.9954914450645447
9,0.375,0.3014533313937295,0.008061552798340357,-1.5248974820939123,0.9999923706054688,0.30193818373408676,0.138958661291999,2.0581473244400295,0.9997816681861877,0.10109112933242852,0.11259138036717171,-2.3180868793278036,0.9999766945838928,0.4667660932530236,0.19087331735835097,2.31854762032571,0.6484005451202393,0.06691037682739458,0.15517025787637012,-5.728904948155706,0.9991769194602966,0.582976478800854,0.08491501271418146,1.5199145646001369,0.8655725717544556,0.2383266655801383,0.10001736791761881,-7.4587105665455775,0.9986643195152283,0.6241140769185238,0.05727911021789469,1.4340405097594486,0.8499579429626465,0.28547567399655044,0.07728927611579635,-8.053513989655544,0.9959234595298767,0.24918392430214265,0.45974881740336354,1.298575453545323,0.9996253252029419,0.11741697189407914,0.4590000174603261,-1.2992711268342416,0.9996406435966492,0.3609700383237134,0.6918220356026261,1.2241986753050815,0.9692385792732239,0.08151567205305567,0.7081210310891561,-1.5555161103432829,0.9984418749809265,0.4216906323016323,0.9145646306613345,2.338457921906432,0.9868301153182983,0.02748340430056099,0.9314379201026182,-0.7743763266903931,0.9982038736343384,0.3954337064736323,0.9632891538448782,2.350829021780397,0.9640297889709473,0.031923717206801885,0.9635206612317876,-0.8047999983528434,0.9650943875312805,0.5661580507739471,0.9565803032250682,1.1455294908321276,0.9850764274597168,0.11563597000306261,1.0,-2.5768542937508663,0.9954242706298828
10,0.4166666666666667,0.2894980297555092,0.008061552798340357,-2.219933829316955,0.9999929070472717,0.3156031655627362,0.13072608174410852,1.361499062098332,0.999794065952301,0.1107860854760479,0.11184539526238829,-2.4063792549495022,0.9999764561653137,0.4916835315367175,0.15816251986404034,0.8296212255808937,0.6824018955230713,0.06864854408471736,0.1453992382453055,-5.722075449723239,0.9992154836654663,0.5976154858411925,0.043371234064557666,-0.5448736809350836,0.878449559211731,0.1651794196956152,0.0774361820064419,-7.7596843004448415,0.9986773729324341,0.6330415916111856,0.011303727426949767,-0.7443183307337522,0.8628369569778442,0.2154803042628261,0.05958014461875071,-8.369241030772722,0.9957603216171265,0.2595308000863468,0.45354493999017015,1.2424425006299982,0.9996455311775208,0.1261071847151469,0.4557340517519992,-1.243135645536819,0.9996592998504639,0.3683625932832408,0.6893421420112715,1.0601068491447194,0.9694956541061401,0.09743769429562081,0.7053953355635534,-1.380724257308594,0.9983748197555542,0.4408435890524899,0.9092460628648855,2.243070282921873,0.9864904880523682,0.0577762519376205,0.9316334064679632,-0.28379401087172634,0.9980842471122742,0.41792533438055296,0.9593027371214551,2.2641103437701138,0.9633737206459045,0.031923717206801885,0.9630878505858291,-0.28891471522334383,0.9636286497116089,0.5902357097819498,0.9471344681193586,0.9793577206657421,0.9849809408187866,0.14558005436923516,1.0,-2.0934150203881234,0.9951983690261841
11,0.4583333333333333,0.2866074395041869,0.008061552798340357,-2.2878882285805227,0.9999933838844299,0.31959137814275806,0.12725196486849738,1.190268812045107,0.9998012781143188,0.1109846860424573,0.11082257253601643,-2.4200886080967936,0.9999765157699585,0.4933103734457686,0.15203924711280536,0.3795143504134741,0.7127935290336609,0.07038671134204015,0.14259256651884808,-5.747423572441224,0.9992651343345642,0.6006068305518841,0.038266658531658344,-1.2847537431000424,0.8899341225624084,0.17500989009721138,0.06670247243630392,-7.673717022610603,0.9987304210662842,0.6345057620693897,0.003458405174647464,-1.5479779277030234,0.8743107914924622,0.23029773348109325,0.04579349672575688,-8.2742685539332,0.9957871437072754,0.2659589405012143,0.4513443394519937,1.1808994386637142,0.999661922454834,0.13426400956958573,0.4542578848470022,-1.1816325781712524,0.9996762871742249,0.371353888309074,0.6885370302252712,0.9503652624942963,0.9689473509788513,0.10172026092256861,0.7042086543581645,-1.3072601680872762,0.9982559680938721,0.4463407226977096,0.9077384461860403,2.1029870804680324,0.9856619834899902,0.06610227113395954,0.9309788546494995,-0.19889439066448522,0.9978368878364563,0.4258417729155459,0.957856354917896,2.1237785243988334,0.9620603919029236,0.04096973992026518,0.9629103265912498,-0.19683209995248385,0.9607565999031067,0.59900877075136,0.9438135901962199,0.8738660799125366,0.9843975305557251,0.14821398435301555,1.0,-1.9444040753368763,0.9946529269218445
12,0.5,0.3121004636902377,0.008061552798340357,-2.3551707346111184,0.9999939203262329,0.34839005878040474,0.1364050092438076,1.255880757713225,0.9998130202293396,0.13748406129717042,0.12149579795968181,-2.2414863321868217,0.999976634979248,0.5211795816310595,0.14886208639014833,0.9273787124830121,0.7403944730758667,0.07212487859936294,0.1508055732095409,-5.259902897108594,0.9992699027061462,0.6247807515102308,0.03508434729897893,-0.4497848614918762,0.9003283977508545,0.15593728364072842,0.09099062905471739,-7.219688809761793,0.9986168742179871,0.6609754763883063,0.004645588654758239,-0.6871914431768973,0.8844411969184875,0.2054706444078478,0.07935917393743312,-7.772445072664552,0.9951184391975403,0.29218312926496304,0.4563682765024212,1.1500045558292278,0.9996750950813293,0.1611087245960734,0.45906270645683084,-1.1509145263577123,0.9996902942657471,0.39158851427016567,0.6915028412517514,1.0327675443871223,0.9684394001960754,0.12843984825210086,0.7073072331725772,-1.2376667254729803,0.9981127381324768,0.4708040786655683,0.9080433274770457,2.1801813229647773,0.9850630164146423,0.09726411504761841,0.9315076678462484,-0.10911477340128888,0.9976706504821777,0.4520702066620046,0.9581740227873031,2.2017416615898355,0.9608182907104492,0.07312058800982534,0.9632021440281494,-0.10178936642934007,0.9589672088623047,0.6239241179352667,0.9407766421422659,0.9784619745527703,0.9839828014373779,0.17796905482459707,1.0,-1.797983534371003,0.9943248629570007
13,0.5416666666666666,0.33183291695555256,0.020002845884831515,-2.2296072116334726,0.9999943375587463,0.36814583440770254,0.14580136487872522,1.1108494292345061,0.9998213052749634,0.1484737987596526,0.1317142827128732,-2.1637570531352557,0.9999764561653137,0.5456620072465014,0.14698866230042995,0.8021189335694563,0.7653390765190125,0.07386304585668572,0.16096195682277017,-4.995254865567099,0.9992939829826355,0.648011485723781,0.033262233962293004,-0.38288885021031216,0.9096382856369019,0.1589096966363169,0.10000768770902453,-6.999851132236621,0.9985702633857727,0.6850096120237679,0.0058327721348690135,-0.5530141061846239,0.8933542370796204,0.18185917931557422,0.07832538777568318,-7.538756690388222,0.9947265982627869,0.3137688539870082,0.46208087660892766,1.075670197095459,0.9996848702430725,0.18048981211430143,0.46469937715231985,-1.0763667360869031,0.9997021555900574,0.41213032147038653,0.6949354709939395,0.9560651679702314,0.9688918590545654,0.15128878950575192,0.7105443852984263,-1.178044400400882,0.998084545135498,0.4917099518109568,0.908027496213445,2.0494437463478627,0.9849674105644226,0.12522010245185392,0.9318780165901716,-0.11377731775578753,0.9976213574409485,0.4748891489658359,0.9579573040875692,2.067251152871267,0.9606898427009583,0.10162392109450057,0.9638085579003863,-0.11352437903549245,0.9584643840789795,0.6448120617767107,0.938518287197529,0.8531230066410309,0.9839968681335449,0.20584889020041522,1.0,-1.7710113410433705,0.9941998720169067
14,0.5833333333333334,0.37718059120751485,0.03285149814041736,-2.370809362827749,0.9999947547912598,0.41194937713639596,0.15226707615421417,0.9253145211044923,0.9998282790184021,0.18462241775154453,0.14459778402677143,-2.0795089865368883,0.9999778270721436,0.5959781786043258,0.14674800717386388,0.754084485804599,0.7881453633308411,0.07560121311400851,0.17707438640540937,-4.667285647409864,0.999346137046814,0.6991764839890187,0.029892744474751654,-0.40798303396210683,0.9181182980537415,0.16263981877939238,0.11698138706920702,-6.498816070327079,0.9986305832862854,0.7346973170188672,0.007019955614979789,-0.5711982911694109,0.901499330997467,0.21058040141947243,0.09725937006798027,-7.002881614570737,0.9947612881660461,0.36430500350037415,0.46790299250274253,1.0243216850071586,0.9996899962425232,0.22935009484233088,0.47134406380426996,-1.0253666394814707,0.9997138381004333,0.4585389393955484,0.6998341492727971,0.9668854462371664,0.9691435098648071,0.2024741381603191,0.7148455808210509,-1.0832825904478551,0.997954249382019,0.5393358837648331,0.9080915174218448,2.067997133389871,0.9848772287368774,0.18219739009017702,0.9324406635119284,0.12520390193500505,0.9975226521492004,0.5246911715102529,0.9573611285631192,2.0967125153990693,0.9608060717582703,0.16045674878628785,0.9642230649518888,0.14286666432369569,0.9579118490219116,0.6921239513092264,0.9371229602649024,0.9502290826429205,0.9840747117996216,0.2622140926408873,1.0,-1.4789395827332363,0.9940246939659119
15,0.625,0.37944808087661813,0.040489319262414995,-2.236093803126213,0.9999951124191284,0.41030444647107134,0.152786772300979,0.9860128399512728,0.9998345375061035,0.18411945841720215,0.14917106334295924,-2.084593241266903,0.99997878074646,0.6019822030370836,0.14404160119231438,0.8644405600577953,0.8085246086120605,0.0773393803713313,0.18453702862254806,-4.665671746510308,0.9993826746940613,0.704637656724046,0.031211571872642622,-0.29521916132252346,0.9257095456123352,0.1412170631621388,0.12751056771316682,-6.714640627586915,0.9986587166786194,0.738113027495661,0.008207139095090564,-0.45568816456831607,0.9088376760482788,0.18145492174481168,0.10968478916539726,-7.229195206519023,0.9947350025177002,0.3711721196363468,0.47065526605896774,1.0270269323248675,0.9996941685676575,0.23724564435178885,0.47411519342399316,-1.0281413208002679,0.9997226595878601,0.4635909834677076,0.7021994952788292,0.9735032032250152,0.9691389799118042,0.20884438920256845,0.7161504573222548,-1.1095518665820385,0.9978271722793579,0.5433586194384374,0.9081215924525055,2.115858160736823,0.9846582412719727,0.1912677399727781,0.9319379449316498,-0.014821877836328799,0.9973979592323303,0.5292302407648583,0.9569479546333787,2.147206146618579,0.9607939124107361,0.16958052693718328,0.9645198446212663,-0.004275737429549928,0.9571617841720581,0.6933600205868569,0.9357583008252135,0.9747719756767539,0.9840717911720276,0.2724398815239254,1.0,-1.577837526581438,0.9937747120857239
16,0.6666666666666666,0.3937148840249948,0.04622268463878878,-2.2879075516537166,0.9999954104423523,0.42589421531803506,0.15543174136663535,0.9445022891040706,0.9998375177383423,0.19438537774405368,0.15249276800590011,-1.959926335855208,0.9999796152114868,0.6155235749539738,0.14252822363439363,0.897534493618621,0.8269537091255188,0.07907754762865407,0.19461559570133713,-4.270202145673435,0.9994246959686279,0.7174757648166692,0.030523913158675673,-0.2513834678384006,0.9326872229576111,0.14987661903041466,0.13373346418926818,-6.288705015936714,0.9987218976020813,0.7497924642429082,0.009394322575201338,-0.43108401407986713,0.9160065054893494,0.19314389527531975,0.11477805264282519,-6.754511121758751,0.9948623180389404,0.38679603641706645,0.47197683128573836,0.9923734693076596,0.9996954202651978,0.25245445282072226,0.47591280150925996,-0.9937476192862101,0.9997270107269287,0.4775911800108087,0.7030190900907322,0.9305317142620309,0.9686042070388794,0.2266376815114964,0.7174044033927658,-1.0867659088288046,0.9976508021354675,0.5580412004259478,0.9076442004940525,1.9689425618784062,0.9844578504562378,0.20928838299997263,0.9320252592319337,-0.019104439209991733,0.9972302317619324,0.542468577676997,0.9556939323016647,1.9904563941108986,0.9609404802322388,0.1876606443358223,0.9645119186906755,-0.00421641745245696,0.9562394022941589,0.704383464418756,0.936546770974962,0.8821044663731327,0.9840666651725769,0.2903242462821939,1.0,-1.5009153891620775,0.9934635758399963
17,0.7083333333333334,0.40611485869808306,0.05038414974630348,-2.467225513843926,0.9999955892562866,0.43332158895352707,0.15669039552131062,0.8264146523869306,0.9998382329940796,0.1990940467906967,0.1561987306668776,-1.943363160598632,0.9999799728393555,0.6223043053831839,0.14309152353477403,0.8675133765028761,0.8435818552970886,0.08081571488597686,0.21014218556802136,-4.035026978388443,0.9994590878486633,0.7241265345056421,0.03134825434091591,-0.22576581631444106,0.9389775991439819,0.1384279540479308,0.1399788596555139,-5.877042391500901,0.9987741708755493,0.7544160204492762,0.010581506055312113,-0.3893470193468688,0.9224591851234436,0.17941256764308844,0.12138711701674233,-6.32901345694824,0.9949581623077393,0.3953583708671914,0.47213333099229166,0.9773050808739862,0.9996913075447083,0.2626381231923459,0.47696417206085545,-0.9787465425012168,0.9997239708900452,0.48645895128425726,0.7036745277282341,0.9325569099930775,0.9683181047439575,0.23868663916311258,0.7186450289890557,-1.0496641329548524,0.99749755859375,0.5678609366812257,0.9072041458928012,1.9602386793528062,0.9843868613243103,0.22174811902132838,0.932246011599862,0.040929261010691755,0.997086763381958,0.5511644701197124,0.9548495071899707,1.9834582819355555,0.9612115621566772,0.20041892435490358,0.964589346941975,0.060339403693030015,0.9553112387657166,0.7120936719935966,0.9362666125830719,0.9221938898839537,0.9841465950012207,0.3024741746917624,1.0,-1.421204236653626,0.993209719657898
18,0.75,0.4060885911849229,0.060821597524139744,-2.4101138787230205,0.9999957084655762,0.4359025821404991,0.16498872883487475,0.7530303665431147,0.9998330473899841,0.20435021093551076,0.16895250307438858,-1.8030931253178464,0.9999805092811584,0.6235080146208809,0.1433671448563424,0.7535025557934638,0.8585966229438782,0.08255388214329965,0.23727789368719168,-3.648798652611421,0.9994935989379883,0.7248886014897801,0.03248009965488741,-0.3789353620041869,0.944665253162384,0.12616897999483118,0.15158977455940137,-5.400977099860617,0.9988433718681335,0.7533187193101644,0.011768689535422889,-0.5471745247660542,0.9283044934272766,0.15620069747133186,0.12716639822756456,-5.8254863404791415,0.9951491355895996,0.40293231902709037,0.47662331313720907,0.947793003860023,0.9996712803840637,0.2724775607638375,0.482086161896771,-0.9497857309398521,0.9997122287750244,0.4931467465371993,0.7065712854426323,0.9287095809478395,0.9670448303222656,0.24898762971079672,0.7215560225108331,-1.0494466525301813,0.9972174167633057,0.5728312394840617,0.9075128143903143,1.8982552282024563,0.98384690284729,0.23213937028037315,0.9330019514595711,-0.014695643611472678,0.9967701435089111,0.5555417009441233,0.9548346848748275,1.9141628467434573,0.9604983925819397,0.21107824945965495,0.964976594228315,0.0017027495684252174,0.9530890583992004,0.714143694132904,0.9366240359337288,0.8669041845689518,0.9837270379066467,0.3123335531156672,1.0,-1.4492280152601336,0.9926026463508606
19,0.7916666666666666,0.39770789546598956,0.060845256320845975,-2.646409683605045,0.9999959468841553,0.43228818941787944,0.16465582824507075,0.7021398561890773,0.9998329281806946,0.19934802004870839,0.17100536276684958,-1.7370748994244358,0.9999811053276062,0.6217233662060158,0.14065841046467165,0.6814772853149295,0.8722265362739563,0.08429204940062243,0.24230481216068486,-3.6150661383252105,0.9995254874229431,0.7204376413403124,0.03200881690889542,-0.5200749618560171,0.9498389959335327,0.11774120012670752,0.14987971293882385,-5.457212777649654,0.9989026188850403,0.7481754721274547,0.012955873015533664,-0.7176163591601193,0.9337816834449768,0.14584293506346777,0.11999646588052082,-5.913418761168592,0.9952953457832336,0.40030049347032276,0.47564445902276314,0.942127888041532,0.9996656179428101,0.2689646659517403,0.4813868114253659,-0.9441888172445799,0.999711275100708,0.49075706447223516,0.706278073751939,0.9330279982804794,0.9655705690383911,0.24709978247685782,0.7201147614717431,-1.0489987045691944,0.9970277547836304,0.5702712022474523,0.9074628777482797,1.9187415942237853,0.9834885597229004,0.2303964704870753,0.9329577898953224,-0.03514669739044346,0.9965606331825256,0.552581759855853,0.9549692000394925,1.9382456554660699,0.9602680206298828,0.20905981588257144,0.9651491392502703,-0.02009307387576941,0.9516028761863708,0.7125970306750554,0.934917032175372,0.8784023865538578,0.9834671020507812,0.3124773057773977,1.0,-1.4801830678420773,0.9922318458557129
20,0.8333333333333334,0.39816331299215224,0.06631616077109122,-2.4561616480463533,0.9999960660934448,0.43411949378129017,0.16678628074088497,0.6779743980885168,0.9998316764831543,0.20039275550548336,0.1769613064988685,-1.653881585275508,0.9999815821647644,0.6240963321880615,0.14021154538758987,0.6265708027898442,0.8844109177589417,0.08603021665794522,0.25575575412487533,-3.421557757589481,0.9995518326759338,0.7224036233243736,0.03239224256340337,-0.5834706981578455,0.9544796943664551,0.10415882024588817,0.1557243096077482,-5.222792424513662,0.9989574551582336,0.749983650932913,0.01414305649564444,-0.7762036761029139,0.9386696815490723,0.12945411947160543,0.12599982748057098,-5.64689557764118,0.9954509735107422,0.40638260564258016,0.47822485291723027,0.9134753777941494,0.9996500015258789,0.2760770335456156,0.48455629785977256,-0.9157849605418149,0.9997013807296753,0.49684306868798617,0.7079828975860044,0.8885562973317549,0.9633218050003052,0.25316924119782075,0.7217387424057736,-1.0440819049498762,0.9967119097709656,0.5745190817259656,0.9082149570362358,1.7653658157719367,0.9828981757164001,0.2363900748468212,0.9334590027852023,-0.054520686879481785,0.9962092638015747,0.5565429826364535,0.9558238929633708,1.771341829696125,0.9596938490867615,0.21509956163229454,0.9656758747327917,-0.04197437286394333,0.9492757320404053,0.7161960013508291,0.9347446617410833,0.72807990496835,0.9830399751663208,0.3191753467201532,1.0,-1.4772144645879932,0.9915878176689148
21,0.875,0.3969648081027429,0.06561451434877343,-2.638606611935021,0.9999962449073792,0.436877600013374,0.16608952144237035,0.6310871866314405,0.9998338222503662,0.2010977870741186,0.17671498890281917,-1.6456245343206506,0.9999818801879883,0.6258225253857442,0.13954839192246468,0.583537520831675,0.8954805135726929,0.087768383915268,0.25885311023927593,-3.399230041861777,0.9995760917663574,0.7251372315957574,0.032566484887252035,-0.6631710795604617,0.9587299823760986,0.1021034310084895,0.1553807837845834,-5.230305835784762,0.9990041851997375,0.751783604134388,0.015330239975755213,-0.8653650852838731,0.9433531165122986,0.12736837000129073,0.1258365358909275,-5.665959776648696,0.995568573474884,0.4082724750362699,0.47820710657221593,0.9049762100498335,0.9996448159217834,0.2778594761507223,0.484200114322098,-0.9072170797566182,0.9996969103813171,0.4993717018964992,0.707781500270719,0.8913928809855832,0.9619250893592834,0.2545323134803078,0.7215250696527112,-0.995600040737206,0.9965791702270508,0.5764373634372162,0.9083302952698677,1.7799268007399816,0.982801079750061,0.23820854590527868,0.9334945670273669,0.06830472209892113,0.9960509538650513,0.5584027059099143,0.9566612601444778,1.7865388444199461,0.960086464881897,0.21715224034660335,0.965710528782516,0.09309170386424524,0.9481216073036194,0.7182557969852655,0.9336404484394609,0.727085246341916,0.9830107688903809,0.321984843011893,1.0,-1.324566009780776,0.9912976622581482
22,0.9166666666666666,0.3901012570742055,0.0656512913207297,-2.549300109646515,0.9999964237213135,0.432103394463277,0.16597337674262067,0.7069583580423161,0.99983811378479,0.19675340595127883,0.1782263241026525,-1.529924010989545,0.9999821186065674,0.6196450359213574,0.13870166232360845,0.634735633365663,0.9054433107376099,0.08950655117259079,0.26111541769590874,-3.2712337821688324,0.9995959997177124,0.7208969449436322,0.03280358036003414,-0.5595243920949189,0.9625911712646484,0.09595107175966422,0.1559662873020812,-5.140858376481385,0.9990472197532654,0.7475087845494689,0.016517423455865987,-0.7368104079625546,0.9477256536483765,0.1169372565709173,0.12474434042037251,-5.577016651690332,0.9956831336021423,0.40469176701054554,0.478646339586422,0.907506047333166,0.9996442198753357,0.27465211697980135,0.48450256997316776,-0.9097158327706186,0.999695897102356,0.49548186923269344,0.7077883668565053,0.9032515278588221,0.9607565999031067,0.25056813617489093,0.7215360910609119,-1.0066642569802997,0.9964708685874939,0.5720244931176879,0.9082756792408522,1.8147160210998037,0.9827569723129272,0.23380589322940984,0.9336504121521719,0.0606464224569977,0.9959272146224976,0.553653340901686,0.9569792794143479,1.8250028472366002,0.9605430960655212,0.21260990683051534,0.9657045425475853,0.07306665450098562,0.9472066164016724,0.7137754258976761,0.934354870652258,0.7708709321498748,0.9829760193824768,0.31795107783101995,1.0,-1.3621835318728994,0.9910846948623657
23,0.9583333333333334,0.3860132866901584,0.06583432678337238,-2.570160790714442,0.9999964833259583,0.42912302352306003,0.16637174219533757,0.7174387808838675,0.9998356699943542,0.19336847271200983,0.1806380602824081,-1.5564381076575275,0.9999818205833435,0.6148550404485622,0.14054805866311737,0.6749839505247498,0.9142937064170837,0.09124471842991358,0.2642033720610314,-3.278511056631482,0.9996116161346436,0.716807468952622,0.032824231756477175,-0.5027661292959774,0.9659923911094666,0.0885446195591955,0.15724326764822202,-5.1030397868416815,0.999080240726471,0.7435171248707543,0.017704606935976763,-0.6812204426868141,0.9513555765151978,0.10701267820059561,0.12463322204611667,-5.531958194121676,0.995753824710846,0.4016681047543128,0.47977513077955936,0.9061777702005855,0.9996348023414612,0.2716171131570248,0.4855121888164515,-0.9083516156685517,0.9996880292892456,0.4949393883496758,0.7077486478876899,0.9013275163826292,0.9594396948814392,0.24670080252846444,0.7220722451617977,-1.005122315932328,0.9963275194168091,0.5680978048000412,0.9085873943530414,1.8252702666753466,0.9825867414474487,0.23006830203722525,0.9338389194340183,0.020856572118082436,0.9957639575004578,0.5493876895625514,0.9574105264939089,1.8367816098072662,0.9607133269309998,0.20860625214542455,0.9658132836949908,0.03385775271308636,0.9459031224250793,0.7100426431331552,0.9346915015829371,0.7860269289987349,0.9828123450279236,0.3143209640602963,1.0,-1.3903172735712523,0.9907897710800171
24,1.0,0.38331760311631935,0.06842745876664158,-2.5668750049293467,0.999996542930603,0.42842299880249807,0.16897811483102018,0.7062765779756035,0.9998331665992737,0.19262655717647875,0.18449526321049592,-1.555697505974832,0.9999816417694092,0.6127985659381954,0.1423302688011234,0.6851009367041831,0.9222814440727234,0.09298288568723637,0.26778569116861256,-3.273679726222601,0.999625563621521,0.7144830423945998,0.033259994306543944,-0.49157236308344476,0.969048023223877,0.0870842275210411,0.16014356132534133,-5.0841040608621775,0.9991058111190796,0.7407400496211037,0.018891790416087538,-0.6740103087433844,0.9545860290527344,0.10479155699788174,0.12728256896821083,-5.511762637179016,0.9957913160324097,0.4008099622312431,0.4815694202957639,0.9042388071535513,0.9996283054351807,0.2708133952625971,0.4872209331567328,-0.9063997621500647,0.999683678150177,0.4955378597692382,0.708456712595563,0.9381396057590439,0.9583478569984436,0.24584869072157883,0.7229294743872049,-1.0074222372621857,0.9962308406829834,0.5662151447195,0.9087932146126267,1.8842832857635088,0.9825226664543152,0.22928309673138614,0.9338088824409558,-2.5880320527551898e-05,0.9956536293029785,0.5474457719052838,0.9577743457486517,1.8961048404099243,0.9609705805778503,0.20758189168867258,0.9655369113108914,0.014250799494018914,0.9448930025100708,0.7079951904186855,0.9350865726440619,0.8346294320024491,0.9827180504798889,0.31425549357177057,1.0,-1.402299092882302,0.9905917048454285
25,1.0416666666666667,0.37908432736060493,0.06905640660667017,-2.7146043334632237,0.9999964833259583,0.42580273462420754,0.1701289233257715,0.6552062696582145,0.9998247623443604,0.1925699934113092,0.185921063529725,-1.6060001558786428,0.9999812245368958,0.612997083257875,0.14121371800646548,0.6211834521696338,0.9293525218963623,0.09472105294455915,0.26870216032402905,-3.3793573701428667,0.9996390342712402,0.7115234351161233,0.033911783064393804,-0.5811061044655663,0.9716650247573853,0.08871091852222904,0.16146044193545642,-5.184204923318175,0.9991215467453003,0.7377213740886054,0.020078973896198313,-0.771145217785997,0.9569359421730042,0.10566138290805599,0.1278133955213747,-5.619666006719707,0.9957728981971741,0.4004699413332234,0.48237787558251183,0.9131294687689047,0.9996215105056763,0.27026729529085386,0.48814578369052,-0.9152216126216973,0.9996773600578308,0.49955193389492525,0.7088685021350755,0.9936649655698975,0.9578965306282043,0.24438363538367922,0.7233472278789402,-0.9711698433703987,0.9962044954299927,0.5646606657590797,0.9090032845269986,2.0249447856475733,0.9825857281684875,0.2268191378025426,0.9337163922835078,0.18402818549058578,0.9955836534500122,0.5446168855773338,0.9581718794820404,2.0452656889154244,0.9613086581230164,0.2047702409702531,0.9651569096108097,0.22084816646105218,0.9437851905822754,0.7055633024379327,0.9372216532601139,0.9609178760969045,0.9826820492744446,0.31243856459049574,1.0,-1.2151200974688576,0.9904254078865051
26,1.0833333333333333,0.37714642242730473,0.06756223682326648,-2.601104392870289,0.9999964237213135,0.42630731590885185,0.16985882423540272,0.6666408642301701,0.9998211860656738,0.18891729565979198,0.18695167806436538,-1.575461033547156,0.9999807476997375,0.6147044865368034,0.1412564076295337,0.6222432856968033,0.9357916116714478,0.09645922020188194,0.2692671296387652,-3.292043891550166,0.9996513724327087,0.7117139095174365,0.03339464005861083,-0.5615937581998623,0.9741177558898926,0.08979243474649655,0.16123416456927206,-5.036299200568779,0.9991403818130493,0.7354859436491719,0.02126615737630909,-0.746573731012145,0.9594361186027527,0.10622969225988173,0.12743455232259593,-5.457627341891641,0.9957800507545471,0.40167726694546624,0.4822059572584721,0.8997366932574214,0.9996153116226196,0.2732768453671208,0.48796305882355057,-0.9018841922862367,0.999670147895813,0.5029397313622913,0.7096376893275389,0.9832569907660695,0.9571399092674255,0.24296114726832313,0.7233016825200055,-0.965238915507775,0.9961618185043335,0.563419752929572,0.910209344806449,2.019385805131307,0.9824913740158081,0.22242537658719225,0.9333551565092036,0.14009411981925704,0.9954861998558044,0.5414382193730152,0.9598959948165,2.041723580838,0.9614266753196716,0.20019448035837578,0.9645201293568298,0.1748400909666945,0.9424344897270203,0.7022979569921248,0.9394327578123951,0.9828367661874913,0.9824650287628174,0.3088639397067639,1.0,-1.235755837902592,0.9902060627937317
27,1.125,0.3767005957206518,0.06638679824692276,-2.5901372849734177,0.9999963045120239,0.42673065535041127,0.16938950690397897,0.6616966162966893,0.9998168349266052,0.18728645785959028,0.18690824470422707,-1.575552590704081,0.9999803304672241,0.616357653612641,0.14102974041803668,0.6203598799075907,0.941604495048523,0.09819738745920473,0.26884654047421647,-3.2945536323004427,0.9996622800827026,0.7135990459166366,0.03312067275876368,-0.5519213110441276,0.9763328433036804,0.08997200113838058,0.16079030728613153,-5.0185979624392,0.9991581439971924,0.7360517728781096,0.022453340856419864,-0.7336440658829819,0.9617226719856262,0.1058149450042644,0.12685298979505097,-5.436512227465886,0.9957956075668335,0.4025045499615026,0.4819219881165977,0.9001210249798106,0.9996088147163391,0.2748035892342804,0.4877268456337723,-0.9023306435815946,0.9996640086174011,0.5047004850197211,0.7095605127977217,1.0278546090500236,0.9564924836158752,0.2425801078540778,0.7231160581165462,-0.9588821045645313,0.9961477518081665,0.5630446533118194,0.9102983507274124,2.068885637824556,0.982471227645874,0.22060804649727558,0.9330940883088729,0.10870778602302192,0.9954308867454529,0.5403375756369968,0.9601445999355808,2.0919659625662628,0.9616324305534363,0.19815987197635687,0.9642957045424612,0.14039241338017952,0.9415930509567261,0.7012496719763749,0.940378083343197,1.0523705898049716,0.9823380708694458,0.3082710137275464,1.0,-1.2581165050725338,0.9900667667388916
28,1.1666666666666667,0.384710454637606,0.0619248504831177,-2.3717107134833206,0.9999960064888,0.43528364291127075,0.16825603681714787,0.6546873157831035,0.9998080134391785,0.1913702636822146,0.18764489403241622,-1.5746893346862858,0.9999794960021973,0.6211000582756523,0.1409782225538053,0.6131798091118635,0.9467301368713379,0.09993555471652751,0.2674825378302275,-3.266109468985254,0.999674379825592,0.7172111261293896,0.03242373752552323,-0.45770086497509965,0.9782655239105225,0.09311407619106224,0.15919782242680602,-4.883131639220724,0.9991754293441772,0.7385067764054613,0.02364052433653064,-0.6162264185262702,0.9635571241378784,0.1103371975952429,0.12478369934635451,-5.282018902780573,0.9958134889602661,0.40508794083762656,0.4815801931712917,0.901852527096253,0.9996016621589661,0.27727758870345554,0.48719302539957704,-0.9040793387097482,0.9996592998504639,0.5088189630181933,0.7093034701666824,1.07669420478714,0.9559710025787354,0.2441524050413176,0.7225376100811194,-1.0185661803701327,0.9961879253387451,0.5640239333475947,0.9108969876116193,2.147150092157967,0.9824524521827698,0.218830104774372,0.9324947979123258,-0.020461869470202527,0.9954397678375244,0.5396845779562487,0.9608662618438112,2.1759799093464305,0.9616854190826416,0.19616399773682233,0.9637764355059771,0.004085563539385898,0.9414077401161194,0.7004705224354945,0.9416483790228943,1.1891599908996575,0.9822297096252441,0.308054874389759,1.0,-1.366294668759202,0.9900704026222229
29,1.2083333333333333,0.388033647407097,0.06004653100690335,-2.326095506547054,0.9999958872795105,0.4371986126465209,0.16743935463280993,0.6841266949969282,0.9998037219047546,0.19324518337721755,0.1877187122087918,-1.5780723048392415,0.9999789595603943,0.6205840458412573,0.14089122135767795,0.6627057699069521,0.9513660669326782,0.10167372197385029,0.26629869493796987,-3.2744503223605306,0.9996854066848755,0.7193121170660186,0.03233719903019773,-0.3892592065302103,0.9800359606742859,0.0943357594940994,0.1576752011129884,-4.865352030577188,0.9991917014122009,0.740021574985205,0.024827707816641415,-0.5441656361270142,0.9653367400169373,0.1123583316367963,0.12273916319121092,-5.265134923432503,0.9958319067955017,0.4064301874647056,0.48114975102661167,0.9099030250848357,0.999599814414978,0.27810333106576673,0.48650235160341926,-0.9121462759448856,0.9996587634086609,0.5105626356195128,0.7089866505484365,1.0813642864448234,0.9556246399879456,0.24536889410313825,0.7218345892221222,-1.0633184258578297,0.9962300062179565,0.5647365906241916,0.910822702328401,2.162709948283246,0.9824804663658142,0.21797969978743253,0.9318237690025308,-0.08858594073547775,0.9954677224159241,0.5393898763912919,0.9609768803009257,2.1929622099434485,0.961854100227356,0.19518936964208405,0.9631525705131184,-0.06683983416679051,0.9414598345756531,0.7003330817493093,0.9421217109940562,1.206486605069543,0.9821937084197998,0.3084753308472859,1.0,-1.4419914337701636,0.9901238679885864
30,1.25,0.39477007871258096,0.05756670413509357,-2.397453265728847,0.9999958276748657,0.43880103155065403,0.16733452715991579,0.7013741825655783,0.9997983574867249,0.2002790206325476,0.18764573624917308,-1.6798500495968034,0.9999780654907227,0.6244384474802507,0.1413636539650414,0.6882175627200954,0.9555330276489258,0.10341188923117307,0.26555397804843023,-3.430884549441135,0.9996944069862366,0.7249685566694388,0.03235156306344238,-0.3962509688544096,0.9816136956214905,0.09384943947648547,0.15557809738920614,-5.001641429487545,0.9992058873176575,0.7463827871436811,0.02601489129675219,-0.5577655891044051,0.9668808579444885,0.11349064431161854,0.12146030102374285,-5.406127669949125,0.9958526492118835,0.4084057067004759,0.48141846744836764,0.9506717153220022,0.9996021389961243,0.2806266817804065,0.4864169957001122,-0.9529643601877101,0.9996607899665833,0.5153954864220506,0.7087404335235098,1.1424566759649364,0.9562142491340637,0.24579471968679248,0.7215836823601698,-1.1548515317727652,0.996344268321991,0.5638609553085885,0.9109766965520473,2.374786802867567,0.9828192591667175,0.21635334586011798,0.9314278142457831,-0.145124344586462,0.9955724477767944,0.537638607680116,0.961200184751569,2.4171593972154843,0.9624722599983215,0.1934091245322878,0.9628196042825031,-0.12226237391499799,0.9419275522232056,0.6985748435663841,0.9447403436209485,1.4001986567175357,0.9823848009109497,0.3074409330694387,1.0,-1.5463073746443274,0.9903032779693604
31,1.2916666666666667,0.40034681442074027,0.05541184088307159,-2.4544957383314623,0.999995768070221,0.4381360329880479,0.16601443511525588,0.7019472804924471,0.9997909069061279,0.20263473856274952,0.18700994031584683,-1.8379789927744,0.9999774098396301,0.6235984508612752,0.14164333817706312,0.7230504601899355,0.9593056440353394,0.10515005648849586,0.2630151572051105,-3.6488280606277157,0.9997096657752991,0.7266562129028256,0.030985709086006914,-0.32076174359505544,0.9830279350280762,0.09058475914551586,0.1490947600945173,-5.202832482070599,0.9992405772209167,0.7513838851612566,0.027202074776862963,-0.4818964418900508,0.9682576656341553,0.10712135723637059,0.11613095641735804,-5.630138633550091,0.9959906339645386,0.40810402066890783,0.4831407775436828,0.979982753073001,0.9996117949485779,0.2786067720055235,0.48698093753213945,-0.9822848573737977,0.9996688961982727,0.5228740043047282,0.7077841322447477,1.1868273782572512,0.9580010175704956,0.24001537183654525,0.7211580092785431,-1.2224698952262376,0.9965436458587646,0.5578178439175284,0.9105512434130858,2.679979942171163,0.9835116863250732,0.20822097990220859,0.9302688021696828,-0.14195317705753568,0.9957780838012695,0.529771375534671,0.9608636689478518,2.750263820431542,0.963665246963501,0.1846402133347973,0.9616861669453323,-0.11371493718900814,0.9432300329208374,0.6923861552701769,0.9469188560442496,1.7541326344154489,0.9829318523406982,0.29955893556171986,1.0,-1.555967205957473,0.9906772375106812
32,1.3333333333333333,0.40153922598460207,0.053977654485143106,-2.4552986878289245,0.999995768070221,0.4390967607042711,0.16586140967166932,0.7277822939229134,0.9997875690460205,0.20504834904824662,0.18750794728325798,-1.8283448139810408,0.9999767541885376,0.624346539782774,0.14292800462151023,0.7915153714831326,0.9627335071563721,0.10688822374581865,0.2620100743904081,-3.652493122819346,0.9997216463088989,0.7282900759630504,0.03127215619065209,-0.2288576187848585,0.9843910932540894,0.09202050104548667,0.14706187837687595,-5.2323497930691945,0.9992682337760925,0.7537864728109587,0.028389258256973738,-0.3853716859902265,0.969876229763031,0.1066444275895459,0.11393532223844062,-5.661760657762585,0.9960929751396179,0.40866676263215734,0.48438725876200805,0.9948857077496144,0.9996187686920166,0.2787528702190418,0.4874788281214276,-0.9972488824720165,0.9996744990348816,0.52481944742926,0.7076565249740258,1.210530130206844,0.9594427347183228,0.23965659250195345,0.7212057147585128,-1.2293770511502584,0.9967013597488403,0.556615261031777,0.9105942877421869,2.637696676615875,0.9840816855430603,0.20594192047530266,0.9299653237772286,-0.1541718370803542,0.9959433078765869,0.5274237414019817,0.9608292880899828,2.6975118541878444,0.9646389484405518,0.18215416977956414,0.9615711022358829,-0.12541936984626323,0.9442538022994995,0.69107009060343,0.9488437128858768,1.6883399385820506,0.9833733439445496,0.2973789775179396,1.0,-1.5725470657744978,0.9909864068031311
33,1.375,0.40600186036514013,0.04368669429281378,-2.6394990806514818,0.9999959468841553,0.44256969971447674,0.15770337462718684,0.7028417253795701,0.9997875690460205,0.20645363595735203,0.1792984267547713,-1.8638411258603864,0.9999765157699585,0.6281375870988408,0.14406863434500816,0.7812356495375582,0.9659150242805481,0.10862639100314143,0.25150848461439895,-3.7053939830282165,0.9997343420982361,0.7337048924063283,0.03135925488320759,-0.2854145020385674,0.9856094121932983,0.08888640071805295,0.13337584562518365,-5.350900270791268,0.9992984533309937,0.7604963947955576,0.029576441737084513,-0.47851121294446486,0.9712724089622498,0.10393858486801749,0.10024558991233404,-5.806514763739375,0.9962157607078552,0.4113294603932951,0.48082437595633837,1.0009542453865987,0.9996300935745239,0.28063367735323624,0.48338514927557663,-1.003259241701285,0.9996864199638367,0.531379121221752,0.7037244207206048,1.265821034252821,0.9616901278495789,0.23616085995563352,0.7191258281879669,-1.2874500591849103,0.9969013929367065,0.5543024581845506,0.9091073271755135,2.987279648934052,0.9848789572715759,0.19901327021235726,0.9294717155114774,-0.20433995307126515,0.9961651563644409,0.5239121149676644,0.9596782209686993,3.077926868471177,0.9660401940345764,0.17483180783726374,0.961800703172588,-0.17635637575472687,0.945740818977356,0.6892248218564211,0.9515702002732203,2.0548819447442765,0.9840287566184998,0.2920028339297721,1.0,-1.6849497086942729,0.991401195526123
34,1.4166666666666667,0.40880331649224705,0.032886775953742106,-2.6409988633806205,0.9999961256980896,0.44523903340324145,0.1489810801296411,0.7269247552850064,0.9997906684875488,0.20840786570844338,0.17039356232263372,-1.8599255284487666,0.9999762773513794,0.6327689040408823,0.14792202815191646,0.8765624341047172,0.9687902927398682,0.11036455826046422,0.2396635363992122,-3.7131190429956087,0.999746561050415,0.7408450014574194,0.031194914113782835,-0.18883518055111784,0.9867534041404724,0.08642824982846017,0.11934848458836624,-5.373497067464439,0.9993313550949097,0.7673382841290436,0.03076362521719529,-0.37081702714177683,0.9727299809455872,0.10133149434504643,0.08498905966263558,-5.85424025648551,0.9963595867156982,0.4129461166463514,0.47718090959587484,1.0134337785585814,0.9996398687362671,0.2808353819352721,0.4786312219303691,-1.0157805126482398,0.9996949434280396,0.5369890332647912,0.7002753682822332,1.2965007181558263,0.963552713394165,0.23408673796299834,0.7173515430463001,-1.2829121923434996,0.9970694184303284,0.5555476408172698,0.9085153169338108,2.9437285313129493,0.9855412840843201,0.19280664742023837,0.9290201655532498,-0.19883117950715065,0.9963460564613342,0.522450235909966,0.9595970839796651,3.0247694570841586,0.9671685695648193,0.1679390243024462,0.9619750128712566,-0.17047931741765507,0.9467959403991699,0.6912205615578345,0.9548324576817634,2.0057205563442935,0.9845796823501587,0.28661623293900856,1.0,-1.6730224808154652,0.9917447566986084
35,1.4583333333333333,0.42457391377986436,0.0054538655573327715,-2.4537702288369436,0.9999962449073792,0.45652804909030875,0.1263400830287708,0.7974166389927727,0.9997988343238831,0.2147166498090795,0.14708452549618875,-1.8934768265555424,0.9999761581420898,0.6447371263063043,0.14404402256601342,1.0056092334095412,0.971139132976532,0.11210272551778701,0.21149714404245257,-3.793268444949567,0.9997565150260925,0.7720666846819245,0.031257487195052946,-0.1533985826466697,0.9877696633338928,0.08536346734084327,0.08101704059427517,-5.498573139081634,0.9993611574172974,0.8107923843035089,0.031950808697306064,-0.33872865198821606,0.9741224050521851,0.10195264143959673,0.04378359425325964,-5.9813208819043675,0.9965027570724487,0.425014177500402,0.4643374968243351,1.037557602871137,0.999653160572052,0.2911034995589751,0.46458612641192204,-1.0397154605900796,0.9997066259384155,0.5527976537664099,0.691090535233943,1.3648890151397237,0.9646589756011963,0.2360400861687541,0.7108735719022876,-1.4037776964235542,0.9972358345985413,0.5656626411446286,0.906668277890426,3.063627121626624,0.9860128164291382,0.18589364876527292,0.9273901695686138,-0.43416737331054117,0.9965236783027649,0.5278497251563092,0.9587875287474987,3.1514606343561447,0.9680067300796509,0.15947254465198993,0.9619306520413221,-0.4181385462433375,0.9483382105827332,0.7042804395215426,0.9578937753161153,2.1562889203119693,0.9849731922149658,0.2829970141613247,1.0,-1.9034733847164427,0.992083728313446
36,1.5,0.41519844421716323,0.0019540577316797918,-2.4024114549538242,0.9999964833259583,0.4488077683506756,0.12399315362164248,0.936343241597029,0.999809741973877,0.2073823663847722,0.14267941674505574,-1.8895699476974595,0.9999760389328003,0.6391535347614546,0.1428895865525004,1.1259187804059165,0.9734467267990112,0.1138408927751098,0.2026334042447125,-3.802501011818751,0.9997662901878357,0.7681147428594174,0.030512943503504378,0.011518283816965144,0.9887809157371521,0.08245038571637575,0.06510068392020606,-5.515336329365427,0.9993957877159119,0.8079899786366435,0.033137992177416836,-0.152981280503166,0.9757111668586731,0.09666014676196406,0.028531137424836647,-5.988719006371296,0.9966740608215332,0.41556744939012485,0.46189467818280483,1.050293389555878,0.9996687769889832,0.2806045130485645,0.4622049812492937,-1.05231437111795,0.9997190237045288,0.5455507056548166,0.6890492488187577,1.3943152673808021,0.9659048914909363,0.22706541711075987,0.7100703439732935,-1.3910487811000576,0.9974034428596497,0.5570368468385973,0.9076687149730942,2.9698014851777867,0.9864557385444641,0.1737211815475789,0.9268944920775122,-0.49382711141678926,0.9966946840286255,0.5172284941460079,0.9599692777956867,3.0434775149385516,0.9687960743904114,0.14587516516246707,0.9613930550480319,-0.48555524316919374,0.949780285358429,0.6961232832265165,0.960038361611291,2.046870041497206,0.985352635383606,0.27047971533640613,1.0,-1.968544509429252,0.992432177066803
37,1.5416666666666667,0.41858197584674217,0.0010281599306023142,-2.2073902425666647,0.9999967217445374,0.4467177281504939,0.12550998661647794,1.0709250105542696,0.9998220801353455,0.21049084359540823,0.14095047943393665,-1.9296889900074135,0.9999764561653137,0.6292088702231885,0.1618084980473332,1.3362964120953635,0.9753332138061523,0.11557906003243258,0.1884846177735551,-3.9360985385693885,0.9997768998146057,0.7634667733972333,0.06089392220830224,0.2490411174914952,0.9896907806396484,0.08813189281596241,0.045078606371952955,-5.541995720724253,0.9994252324104309,0.8053876780673095,0.034325175657527615,0.10279112205833059,0.9771945476531982,0.10182942982206263,0.009518902954023556,-6.015724699557806,0.9968053102493286,0.4203491014126453,0.46080835935897974,1.0884638845670775,0.9996786117553711,0.29108771952035695,0.4609626813235127,-1.0903643453753653,0.9997305870056152,0.5477951620975279,0.6878350556201681,1.546248662679177,0.9668011665344238,0.23081755921158256,0.7097705465452884,-1.551739468009736,0.9975533485412598,0.5483391254423687,0.9082594765099717,3.258224638493982,0.986748456954956,0.16273673171591632,0.9272141269529784,-0.8798424528587155,0.9968609809875488,0.5069285191018749,0.9600066332548582,3.350194462972488,0.9693290591239929,0.13236508529333732,0.9621715526976418,-0.8917114449162744,0.9513226747512817,0.6892540216265592,0.9626139934822228,2.4132155264802395,0.9855904579162598,0.2593395480294264,1.0,-2.3742098420827533,0.9927565455436707
38,1.5833333333333333,0.41554708438906174,0.00010226212952483666,-2.165975820582669,0.9999969601631165,0.44149708396897086,0.1289589787229956,1.1891787623603276,0.9998345375061035,0.20976480910469025,0.13894249915681753,-1.8970813116946788,0.9999772310256958,0.6157975545908135,0.17456548797159707,1.5193196940385953,0.976923406124115,0.11731722728975537,0.1733991235703406,-3.9828445680986277,0.9997851848602295,0.7593810740644276,0.08297914068604446,0.4167098771896445,0.990498960018158,0.0863790204200189,0.03618999151416367,-5.4681209811771945,0.9994519948959351,0.8042930650192702,0.058414096810549765,0.2737550884467151,0.9785099625587463,0.10028376540683402,0.009020775148703204,-5.945538516188969,0.9969295263290405,0.4212758280891985,0.45961867748180707,1.1123952717425067,0.9996859431266785,0.29514768595924157,0.4593084343451923,-1.1142617897659521,0.9997418522834778,0.5459569370811844,0.6863296897448607,1.6019911770816924,0.9674720764160156,0.23170920587215071,0.7090068210760809,-1.6668482022719668,0.9976886510848999,0.538693493271944,0.9073820054659828,3.3141488327005026,0.9869908094406128,0.14972853725546206,0.9265192347624026,-1.0935489766457833,0.9970049858093262,0.49516468163710625,0.9587942190690064,3.404719304105309,0.9697835445404053,0.11491267510289226,0.9631336861296785,-1.1131033791068767,0.9524976015090942,0.6782256560319653,0.9628358296735414,2.457256333435576,0.9857547283172607,0.248629843498133,1.0,-2.6049485695044394,0.993032693862915
39,1.625,0.411921187366131,0.010666837921458023,-2.1062210625747797,0.999997079372406,0.43776204276670105,0.1404645964389873,1.2131504093926837,0.9998458623886108,0.20865474306766296,0.14690091178440376,-1.9913964232966408,0.9999780654907227,0.6019765002235836,0.1987342610342284,1.6201885625585053,0.9781255722045898,0.11905539454707816,0.16783253182826866,-4.12266993458317,0.9997947812080383,0.745180333529481,0.1127020683341794,0.5783085251349362,0.9911940097808838,0.08958065123817549,0.03325602307680494,-5.511993337031229,0.9994750618934631,0.7892586358215365,0.08804784321402018,0.4506706201242114,0.9795899391174316,0.10582887738919095,0.008522647343382851,-5.979512808948752,0.997035801410675,0.4203186774693454,0.4654003129076026,1.1434329536257553,0.9996965527534485,0.29621843656386143,0.4646221557273629,-1.1454089555886273,0.9997542500495911,0.5410745062445332,0.6892426210900752,1.737441335447804,0.9680664539337158,0.23504325569935966,0.7129473708578759,-1.7202969388843963,0.9978320002555847,0.5236681711514174,0.9084883353192901,3.55086069819245,0.9874362945556641,0.1377602982115077,0.9262251851878613,-1.0439998711745546,0.997181236743927,0.48118696873362554,0.9604515517295554,3.6554337708452627,0.9706805944442749,0.10465546199553062,0.961597824316257,-1.0523709434627138,0.9545742869377136,0.6641685143344207,0.9635004827949544,2.725253997830278,0.9862333536148071,0.23618586804764455,1.0,-2.5237005532183057,0.9934168457984924
40,1.6666666666666667,0.3987324021538927,0.02111713322338125,-2.2243523885098933,0.9999972581863403,0.4289705168930765,0.15119649790720185,1.2004508435331824,0.9998555183410645,0.20194670052933297,0.1543703235757185,-2.022465557989808,0.9999784827232361,0.5834816580306398,0.22035522323133375,1.6589150270351631,0.9788255095481873,0.12079356180440094,0.1633390152475093,-4.17868323274561,0.9998048543930054,0.7268709858179083,0.1404977954881395,0.6205769969401698,0.9917743802070618,0.08934375913022044,0.0319015956533968,-5.5786592195366795,0.999498188495636,0.7715471557344438,0.11640877697291048,0.4946245364033184,0.9804055690765381,0.10415616803959478,0.0080245195380625,-6.076165637722135,0.9971363544464111,0.41398658796179577,0.471717674282538,1.1528735462555437,0.9997065663337708,0.2943910554941559,0.4702340825141074,-1.1548347334375026,0.9997642040252686,0.528794887537312,0.6938456942315202,1.6662111072197752,0.9684171080589294,0.23611313155971225,0.7168259919033898,-1.717266377014282,0.9979565143585205,0.5028400715908021,0.9109938974041328,3.550214116657049,0.9878409504890442,0.1218267267876942,0.9224900644864504,-0.8767763702056965,0.9973305463790894,0.4618192340709477,0.9610533887099767,3.6606572944201465,0.9714394211769104,0.08982620620938214,0.9550594974181251,-0.8676635437936071,0.9560475945472717,0.6432090860098622,0.9637306620343723,2.6920640028976734,0.9865986704826355,0.21665651714490253,1.0,-2.3481566134172795,0.9937452077865601
41,1.7083333333333333,0.3921674754945509,0.029198209898219644,-2.194847927068404,0.9999971389770508,0.42131402239872634,0.16038620440601017,1.2260805430796675,0.999862015247345,0.20124350357648607,0.1586330167433754,-2.1659845841011185,0.99997878074646,0.5714522733161521,0.24490392779442058,1.7159070695493637,0.978305995464325,0.12253172906172372,0.15407334989841162,-4.394706657143067,0.999805748462677,0.7104211619449919,0.1671628146446373,0.6582504279390184,0.9918702244758606,0.08656069432827906,0.02698750892223164,-5.801853261152427,0.999494194984436,0.7523022874920304,0.14334151586957666,0.5489026492564508,0.9798491597175598,0.1027548767490532,0.0075263917327421485,-6.313637612404498,0.9971134662628174,0.4089661941404941,0.4757176008506831,1.1919740822911777,0.9997108578681946,0.2910320169875751,0.4737539412249357,-1.1941672611500769,0.9997686147689819,0.5131470673541028,0.6959479535165356,1.6813577817969885,0.9679530262947083,0.2456079001429327,0.7182155890685391,-1.8498209492327549,0.9980382323265076,0.48392714874963905,0.9116149125209017,3.533470656914767,0.9880698323249817,0.11063946953984342,0.9154077868663445,-0.8392052000177245,0.9974719882011414,0.44512306926446893,0.9607988282143489,3.6467676816132095,0.9720140695571899,0.0774811676973333,0.9457686703491961,-0.8172288006339732,0.9581388831138611,0.6241596145204598,0.9631730898504717,2.6419689577747536,0.9869869351387024,0.19876395937360042,1.0,-2.3342052762562298,0.9940887689590454
42,1.75,0.3651675271760278,0.043700236318874486,-1.2900666575607045,0.9999971985816956,0.38799501862162983,0.18068873836868396,2.101562501410429,0.9998729228973389,0.1892021360386995,0.16569373163852483,-1.8571931163853386,0.9999791383743286,0.5240777487306543,0.2818575597407513,2.9849513238931884,0.9763838052749634,0.1242698963190465,0.13666348382349072,-4.307609678516638,0.999790608882904,0.6599969825967179,0.2187719765511218,2.2459214569861685,0.991994321346283,0.08272384189816889,0.025189853756490323,-5.850164886057861,0.9994843602180481,0.7115616131757863,0.19983033304795333,2.24881846089989,0.9797552227973938,0.09416545682048612,0.007028263927421797,-6.359714687561705,0.9971116781234741,0.3835795640623596,0.48173004093558414,1.3273508146554134,0.9997164011001587,0.27752220043445647,0.4735846131165125,-1.329189337768796,0.9997647404670715,0.4669448796360494,0.6981180760592235,1.2192135050402744,0.9639449715614319,0.24481551393397993,0.7199769865608475,-2.1555841740414823,0.9979522824287415,0.43942599641685653,0.9146701124689783,2.617547018658718,0.987186849117279,0.08398553152371475,0.9071750884066563,-1.1874428445426313,0.997484028339386,0.40316004124274224,0.9627252440816174,2.6813877358769025,0.9711700677871704,0.047331772076595564,0.9319122857578244,-1.1598523310786162,0.9595416188240051,0.5786535384218696,0.9636951105899881,1.6797210537094374,0.9866964221000671,0.15759997891674396,1.0,-2.6001976984561206,0.9942364692687988
43,1.7916666666666667,0.3255915044608621,0.05014383697388493,-1.196955727145953,0.9999972581863403,0.3456760631111651,0.19683600824942765,2.4377026167454745,0.9998812675476074,0.15666794513606258,0.16635001326442556,-1.935300193969371,0.9999790787696838,0.47205331290715696,0.2952026780389331,3.485260327208861,0.9722548127174377,0.1260080635763693,0.12489148746553036,-4.639416984365082,0.9997759461402893,0.6109002227360139,0.23253968006608927,2.9557364809408053,0.991499125957489,0.05820057754793847,0.023976984617483113,-6.451270375693252,0.9994927644729614,0.6632272356515492,0.21497687479867314,3.047919682529895,0.9780599474906921,0.06158658113144176,0.006530136122101445,-6.981935942270196,0.9972018003463745,0.34567565060311434,0.48165255858576844,1.4051507836067196,0.999725341796875,0.2448901711065061,0.4736449523039858,-1.4065965476967557,0.9997636079788208,0.41562376992390976,0.6989103737341275,1.1780658700705846,0.960220992565155,0.21800835062964316,0.7210284137378749,-2.1789000714242004,0.9978007078170776,0.3887311325692707,0.9167914427129904,2.4804988138805815,0.9859147667884827,0.04637328421859699,0.9040753778711249,-1.173179982269376,0.9974178671836853,0.3561343338884164,0.9645243076327373,2.5318680880258206,0.969271183013916,0.007813292072750288,0.9245964617076112,-1.1425256658023186,0.960216760635376,0.5286596843415061,0.9655421024967005,1.5020813774636372,0.9859784841537476,0.1087079257830182,1.0,-2.6632592913233806,0.9943104982376099
44,1.8333333333333333,0.3247285653535811,0.03760051156803177,-0.39427438672033943,0.9999973177909851,0.341421373937833,0.19940955838818752,3.4307335637922876,0.9998883605003357,0.17893690094937517,0.15029522080590627,-2.114826017595206,0.9999784231185913,0.44224436852528043,0.31165942585930123,5.671499337388099,0.9358927607536316,0.12774623083369208,0.1261139936882477,-6.071989132801483,0.9996489882469177,0.5998771460489785,0.25080632235092903,6.456052081184505,0.9876436591148376,0.09273756630875937,0.019537351500939833,-9.21489396396594,0.9994418621063232,0.649953939098102,0.2359364973450373,6.874253213256181,0.9719062447547913,0.07170517141615489,0.006032008316781093,-9.957673588078151,0.9971718192100525,0.35404688453090744,0.4737524698141088,1.6680205326848603,0.9997467994689941,0.2589541665570423,0.4617637602862661,-1.6694495754887195,0.9997768998146057,0.40239893611165384,0.6975017208696284,1.125858113152134,0.9547373056411743,0.24553226978085757,0.7185663966454752,-2.739127412854425,0.9972847104072571,0.37637788524388577,0.9182316830711397,2.4609493910233486,0.9836287498474121,0.04551441266798889,0.8945688626810412,-1.6431098432702804,0.9967767596244812,0.34304549421379166,0.9669668602213498,2.5115894464895656,0.9666306972503662,0.007813292072750288,0.9092503203364527,-1.5910294775473277,0.9582170844078064,0.5183243459995682,0.9688704993591405,1.3650659316100275,0.9845126271247864,0.09588537226295898,1.0,-3.1256318259046565,0.993794858455658
45,1.875,0.3201106930434929,0.03520096867456603,-0.3231073028317772,0.9999971389770508,0.33417641843613344,0.19960637022139638,3.5248694025707774,0.9998928904533386,0.17644639746654342,0.14636033201333906,-2.2741559741851027,0.9999749064445496,0.41930613035545294,0.306874737833131,6.149614524472572,0.9023876786231995,0.13713111835087724,0.12971666569702717,-6.35504155493192,0.9995411038398743,0.5956449589287962,0.25004776923544686,7.226323363599022,0.9842882752418518,0.08642199544667314,0.021831597960580217,-9.464447701653325,0.9994269013404846,0.6433959607669131,0.2368182521807725,7.695798434811911,0.9668697714805603,0.06058116526482485,0.0055338805114607415,-10.241826479104795,0.9972376227378845,0.35355202448040557,0.4702880994780582,1.7746567743081683,0.9997654557228088,0.2637011707010719,0.4570557627931557,-1.776102793479676,0.9997820854187012,0.3993112865192633,0.6978282174119121,0.8998280196400916,0.9502817988395691,0.24509696849335785,0.7154080479577746,-2.695977338928463,0.9967204332351685,0.3705733802657652,0.9214041232204726,2.164090838207048,0.9821082353591919,0.04512719492940257,0.8925803592265301,-1.6007598778383885,0.996295154094696,0.3351365965164596,0.969744615751601,2.2052104293495125,0.9648919105529785,0.007813292072750288,0.9071709117922857,-1.5553116858221516,0.9565635323524475,0.5147023039104606,0.9724102001815277,0.9907597602174616,0.983582615852356,0.08004812732848587,1.0,-3.170452855940101,0.9934099912643433
46,1.9166666666666667,0.306270731374287,0.0319215284466418,-2.0646359685992164,0.999991238117218,0.3121126272562959,0.18988971809794214,2.334135901258978,0.9998574256896973,0.17213255554110835,0.13395208908586584,-4.495094367209105,0.9999567866325378,0.37423362605471394,0.2972098653747397,6.783378861662374,0.8329378962516785,0.1641669092327884,0.11110450938724983,-9.278459255635818,0.9991046190261841,0.5269854357837541,0.26736986361022175,10.211308582709977,0.9601027965545654,0.11911847212767664,0.010227733811503811,-13.08454602024195,0.9992093443870544,0.593195478318745,0.25355320600308284,11.097203161645144,0.9413059949874878,0.09362043149360448,0.00503575270614039,-14.054368483018415,0.9969549775123596,0.3319198612227382,0.4675905133731902,1.959190813877696,0.9997745752334595,0.27281715168162196,0.45475543974305666,-1.9625176002689562,0.9997646808624268,0.3688422112376464,0.6979092303796911,1.336379461509524,0.9424924850463867,0.2849490630036356,0.7081747010721855,-2.4915942865349097,0.9957523941993713,0.35043275323230083,0.9235803127967085,3.1577350107628073,0.9811925888061523,0.04647360654677734,0.8807191506547443,-0.6459474472818318,0.996029257774353,0.3150454299621672,0.9707242094749231,3.2363697387090267,0.961493730545044,0.007813292072750288,0.8903418191566483,-0.5277706688216447,0.9568337798118591,0.49241420208387865,0.9737128382049883,1.8231665141564182,0.9825606346130371,0.05851403308971867,1.0,-2.13879435475113,0.9932222366333008
47,1.9583333333333333,0.25176520678204156,0.032477685898191444,-2.680001066248387,0.9999907612800598,0.24996348696115603,0.18481627982079482,3.035367606907763,0.999848484992981,0.15150068589648877,0.13426090325690634,-5.520126781045053,0.9999496936798096,0.3221228056467698,0.3018550893973514,8.835434553954302,0.7781967520713806,0.09889594408245665,0.1089772319446334,-11.174005131237916,0.9987313747406006,0.4630519735675868,0.2769081704640543,13.101531195039914,0.9389646053314209,0.08438120709836176,0.000291962420704749,-15.899289398309996,0.9990131855010986,0.5170905143098006,0.2634253524974446,14.18166856988406,0.9187990427017212,0.05941782891957538,0.004537624900820038,-17.146800407718647,0.9967375993728638,0.2797582685479143,0.46669291947853336,2.6651328250351325,0.9997850656509399,0.24751082289984283,0.4547261966675515,-2.670049948478232,0.9997687935829163,0.29981135245241813,0.6973429480551889,1.9874577522159937,0.9255528450012207,0.2752375097502111,0.7006179595340938,-3.4410454606759964,0.9954156279563904,0.3027046324073463,0.9232301061167287,3.8387397724882533,0.9784412980079651,0.01878889087955368,0.875450808328681,-2.107528163571504,0.9962402582168579,0.26037074355871215,0.9690226594621838,3.884969364633481,0.9576818346977234,0.007813292072750288,0.8997275332717973,-2.048928632308275,0.9600745439529419,0.3188714425090852,0.9890405073382696,2.1337320258968484,0.9809766411781311,0.020932944087943058,1.0,-3.298383928817483,0.9936245083808899
48,2.0,0.284415504001045,0.038957729358077064,-2.7324374786290453,0.9999898672103882,0.2702414744948991,0.1862713174736629,3.963976784098313,0.9998349547386169,0.1934595517332992,0.13854721545985654,-6.813759728873986,0.999941885471344,0.3407681919679777,0.3067672968256375,12.79101989614742,0.7151702046394348,0.149688665196502,0.11911533208810096,-13.953289267686701,0.9978352189064026,0.4794424030377915,0.28644290998353256,19.74116572905369,0.9092079401016235,0.11396633160245463,0.001505623594921791,-20.057962913017146,0.9987549185752869,0.5257026391431288,0.2734518481183398,21.427648289499384,0.8912898898124695,0.08527729291162811,0.004039497095499686,-21.64704656038399,0.9964950084686279,0.3035993336099748,0.46888626405115713,3.353446505892954,0.9997968077659607,0.28056454472945597,0.4573538374774742,-3.361431642620512,0.9997760057449341,0.318282712113534,0.69880910632506,2.68376616905155,0.9081923961639404,0.30032854871678827,0.6995192450419643,-5.5761404190078,0.9946098923683167,0.32639059250449765,0.9218374299745264,4.7714907085512595,0.9760593175888062,0.04587948488884186,0.8774574828593625,-4.638252373094823,0.9963425993919373,0.2888657223345365,0.9679577117341964,4.791256651946652,0.9542819261550903,0.007813292072750288,0.8921469401880365,-4.649428280701179,0.9623668789863586,0.3739921284398257,0.9873145758068603,2.61930206825111,0.9795043468475342,0.046771611377788805,1.0,-7.275087913668241,0.9938722848892212
49,2.0416666666666665,0.30649030788321463,0.039856407356803146,-3.6730369635526285,0.9999880790710449,0.27448862707829164,0.18492998642172906,4.390899738021851,0.999824583530426,0.20970257466610928,0.14060931818861205,-8.71839379698372,0.9999327659606934,0.3409149353719002,0.30129248655492796,14.547031633705194,0.6606599688529968,0.1601429231125105,0.1232812510756105,-17.405747295069173,0.9967405200004578,0.4847057502218645,0.29024485302999886,22.86435288528163,0.8870351314544678,0.11051853454254974,0.002719284769138833,-24.843591809404046,0.9983217716217041,0.528792082714764,0.2774360708997162,24.848555758434454,0.870183527469635,0.08090241043306091,0.0060456734974198775,-26.766172997763626,0.9960159063339233,0.31657079961672663,0.4663384960435923,3.9345023468442815,0.9998104572296143,0.28985082007607565,0.4575394483236885,-3.9455402857821755,0.999783992767334,0.32556924489103295,0.6997465119101494,3.9644067759922486,0.9018073678016663,0.31104368235087876,0.6972911259931331,-6.581879259783073,0.9942125678062439,0.3327835794864473,0.9219420576828034,6.842294369008939,0.97613525390625,0.0594589456513652,0.8735595070858506,-4.907991677578284,0.9964280128479004,0.2988230970735568,0.9677506871412294,6.918836733123976,0.9535912275314331,0.007813292072750288,0.8822390765832774,-4.869367000360505,0.9639336466789246,0.42646440741866404,0.9851496207768762,4.3476123485160105,0.979528546333313,0.05575997720955263,1.0,-8.178373326399434,0.9940881133079529
50,2.0833333333333335,0.2936545549612021,0.11707660134671505,-0.31037139009221976,0.9999800324440002,0.2386654146726953,0.22427850517782266,11.30630937831198,0.9996875524520874,0.21347767991564703,0.18700068565382671,-7.588055369382798,0.9998750686645508,0.2973116516266144,0.17591790439344937,23.033054734486562,0.5970157980918884,0.2915512696460279,0.058891639869433056,-8.697556113049362,0.9954509735107422,0.23625378360391847,0.1554401084937369,29.868920120381965,0.8006722331047058,0.1463657402873814,0.003932945943355875,0.6947282490693929,0.9865033626556396,0.22069394762519026,0.1474204581148127,31.165827853424524,0.7858832478523254,0.11380383548268803,0.005537595927341781,0.6161834889121484,0.9814398884773254,0.28414137528487304,0.49954101454345967,6.321201631206477,0.9998109340667725,0.2781796023940612,0.49280573829310104,-6.33214538457936,0.9997658729553223,0.2930289214707617,0.7232792930755944,5.280922127312556,0.870069682598114,0.28362300197382284,0.7208947932925355,-7.337846990773122,0.9930492043495178,0.29346232413136375,0.929025516189068,6.599892854973351,0.9668087363243103,0.057774328159356424,0.8798638881845563,-4.7313387098679724,0.9951750636100769,0.26408036304277455,0.9719454654177958,6.528797967059568,0.9437511563301086,0.007813292072750288,0.8811020693363125,-4.472584265778317,0.963421642780304,0.40228966241745073,0.987254838627082,3.433216862525419,0.9730142951011658,0.04775241506609894,1.0,-7.371664764208001,0.9927152395248413
51,2.125,0.2947160744183448,0.12848619401396072,-0.24629152719586175,0.9999693632125854,0.22859642432090732,0.22869344802503533,12.800618374340687,0.9995622634887695,0.2123081659045859,0.19631688364172592,-10.735984016336305,0.9998267889022827,0.2696368046296901,0.13164784783234992,26.646418817585054,0.5426530241966248,0.28310900498937175,0.058447794868010716,-13.611808699977622,0.9937828183174133,0.1835827272117568,0.0735455625211095,34.65701322152563,0.7260810732841492,0.14114142978544097,0.0033078574631702374,-2.744870986232226,0.9738566875457764,0.12133993054292412,0.019617580919320955,35.93561499653011,0.7135974168777466,0.1067484016303775,0.005029518357263685,-3.232084614063117,0.9649516344070435,0.2743815697892236,0.506787176630037,8.085496189318969,0.9998146295547485,0.2744247584838199,0.500783689466217,-8.093052193755216,0.9997563362121582,0.2831886152876944,0.7277926059920391,7.3674944047405955,0.8319206237792969,0.27956865269720726,0.7263391900421524,-8.421489532725857,0.9914122223854065,0.2831155565677935,0.9301768115847078,10.204153570777953,0.951222836971283,0.057199245051273835,0.8812771233191538,-3.2067889165170382,0.9935364127159119,0.25547121451953914,0.9732468019245779,10.27842207176785,0.9260846376419067,0.007813292072750288,0.8808098923317049,-2.7235617098509075,0.9618831276893616,0.3988997055065499,0.9877074285761575,4.358257809923013,0.9608661532402039,0.04195191175920397,1.0,-6.30070931064065,0.9906107187271118
52,2.1666666666666665,0.28263750691901013,0.15063837818589879,-1.0926524571287484,0.9999369978904724,0.21759461977016956,0.25127187802146483,10.592078915134392,0.9995063543319702,0.22135689720445123,0.20969637511288303,-9.295294064800876,0.9998246431350708,0.2624112622638978,0.3228238036653292,19.5308777366201,0.4906756281852722,0.30507001608674433,0.0896084280834681,-15.567847361725685,0.9942044019699097,0.2767399608055334,0.42273036972000105,20.20507493193613,0.6572273373603821,0.18518874302943109,0.012723870758064254,-10.345581462413621,0.9752079844474792,0.2801440395914244,0.44942438497402865,21.023003214641612,0.6475449800491333,0.15304928881554508,0.004521440787185589,-11.989656011797363,0.9652154445648193,0.2637152776071929,0.5229078321261289,6.719637165396643,0.9998204112052917,0.27344923284674494,0.515130819753307,-6.725985194941982,0.999762773513794,0.2717762733137219,0.737264406358074,6.611127225526386,0.7970053553581238,0.26764308655180236,0.7359616453581257,-6.613847523450832,0.9912742972373962,0.2707762271747925,0.9332946061793593,11.218219183089285,0.9448500275611877,0.05425302567998316,0.8882370879516078,-2.1158018531582408,0.9935981631278992,0.24612959294279668,0.975134482853994,11.468552696579803,0.9191421866416931,0.007813292072750288,0.8869048080715656,-1.7934322765614998,0.9630182385444641,0.38924490056642586,0.9888881904054733,7.530736658982507,0.9567533731460571,0.038403519453286905,1.0,-5.918616595968991,0.9905512928962708
53,2.2083333333333335,0.2618471952260617,0.17604162947065452,-0.4771355446539103,0.999916672706604,0.19895301379895766,0.27300504006006726,8.737734041243604,0.9994860291481018,0.22425603820843,0.2314678979398686,-7.8129710227573135,0.9998311400413513,0.24199102951786036,0.39584656031095056,14.725222916971719,0.4447323977947235,0.3179760810154427,0.11773836027147168,-11.259897175126108,0.9946743249893188,0.2563718749521225,0.5073850009651704,14.640272874773162,0.5972187519073486,0.227085158902676,0.021411318150100254,-4.122937793917957,0.9768637418746948,0.26475132528487155,0.5310916743016686,15.250122939301848,0.5904973745346069,0.20274353008401352,0.004013363217107492,-5.064221596865465,0.9663201570510864,0.24575457795817526,0.5368823326523616,5.555242120667127,0.9998317360877991,0.25715176241425675,0.5279021210956752,-5.563691140439064,0.9997796416282654,0.25698325375565084,0.744554357475859,6.1841819564135045,0.7586259841918945,0.2533333901219086,0.7424154198260611,-5.987912613285201,0.9910608530044556,0.252407076951877,0.933942829501393,10.875800868287948,0.9371123313903809,0.04719449534613925,0.8920427922369184,-2.4968241674975094,0.9935969114303589,0.23064596405513302,0.9741606868936135,11.149888098944372,0.9104375839233398,0.007813292072750288,0.8906066333913877,-2.241674187439552,0.9637303352355957,0.3722783394049,0.987380179049937,8.28148697355901,0.9517663717269897,0.03253387870820228,1.0,-5.697652386681601,0.9905797243118286
54,2.25,0.2593622966989432,0.20076266243356003,1.560603383839074,0.9998793601989746,0.1800829586309639,0.2954894952552773,7.816520968885278,0.9994858503341675,0.22324176402262394,0.255597516815462,-5.527959465480662,0.9998397827148438,0.193904407460375,0.4148826179460226,11.819330362838077,0.40441107749938965,0.3229992312408201,0.14413811672205395,-8.09568160295972,0.9950887560844421,0.24384716860119474,0.4910033034308193,12.039989035336864,0.5452713370323181,0.3278769402145018,0.02771183689160743,-4.074563027168457,0.9788255095481873,0.2500594569210098,0.5060112789028757,12.475720235955235,0.5412464737892151,0.31557858649585485,0.003505285647029396,-4.916487579006114,0.9689086675643921,0.22333933535406955,0.547948240182338,4.446971878622018,0.9998407363891602,0.24013439037818035,0.5391142729472043,-4.454399288353475,0.9997931718826294,0.23853910105813245,0.7484014654488924,4.805627618735899,0.7312824130058289,0.23972126174427683,0.7468977832518556,-4.938333038303345,0.9908437728881836,0.2326418242962127,0.9317320330267459,8.013536361576287,0.9311061501502991,0.04253291434184356,0.8925589561029192,-2.1362462098676667,0.9932079911231995,0.21335185902232903,0.9703832222216896,8.173208425521922,0.9042682647705078,0.007813292072750288,0.8925754843668158,-1.9089044936466322,0.9639195203781128,0.34927004910570597,0.9835554689121093,5.9186771671326746,0.9488301277160645,0.023500423556253213,1.0,-4.4533493160722735,0.9902715086936951
55,2.2916666666666665,0.24684654676687684,0.18767318453728632,1.4405561801522826,0.9998193383216858,0.16769436479345365,0.27970038197299474,7.310015478227761,0.9994387030601501,0.214529557343437,0.2411872115177938,-5.4224713350530935,0.9998421669006348,0.17490429252080836,0.4014694784605904,10.708754486840302,0.3694256842136383,0.34414877372473934,0.13540113908741133,-7.837651374075758,0.9954466819763184,0.22099824751510466,0.46261459447712167,9.086311629109634,0.49900582432746887,0.4220191828343919,0.023909751193482123,-4.403073455954212,0.9804751873016357,0.22615259385140993,0.478748690714385,9.302926440630069,0.4967348873615265,0.44651652070295855,0.0029972080769513,-5.157571889846116,0.9709883332252502,0.21254852023450785,0.5362570455058129,4.3654124230737015,0.9998311996459961,0.22754342591238594,0.5275473852095417,-4.372802654507392,0.9997932314872742,0.23081948643869316,0.7369129558438393,5.578079035321244,0.7087010741233826,0.2319000016424339,0.7388765768059612,-4.8829572884655414,0.9903721213340759,0.2209605588147245,0.9242176242360403,8.624537151284075,0.9264971613883972,0.04373991876855227,0.8899629595452664,-2.8118445202592417,0.9929987192153931,0.20295519876742876,0.9610271067447937,8.775855174035073,0.898434579372406,0.007813292072750288,0.8901929796345339,-2.6450590581453226,0.9641038179397583,0.3404620253812371,0.9792876391298212,6.976758600397884,0.9459510445594788,0.019874600569202528,1.0,-4.856125949339726,0.9900241494178772
56,2.3333333333333335,0.24636359086149043,0.18958141962738542,0.5163678805638651,0.9997175335884094,0.1657310036164864,0.2804643256114953,6.989284385787947,0.9993321895599365,0.2147005826328863,0.24338312455401964,-5.516119740507474,0.9998369812965393,0.17170883857435246,0.40090962775505956,10.749454892152258,0.33740994334220886,0.34226232662377115,0.13910868271967344,-9.07257189006602,0.9958085417747498,0.22188153905672192,0.4477051528319965,9.3383579334215,0.45691636204719543,0.42741585415563443,0.024752886060175505,-7.166516636803406,0.9821309447288513,0.2269041535781794,0.46398687029175767,9.566055504578387,0.456205815076828,0.4533893591776241,0.0024891305068732036,-8.174325105788244,0.9732001423835754,0.21052534683875504,0.5364857009650583,4.299730281695963,0.999805212020874,0.22440177361124886,0.5306200324941591,-4.307869443143888,0.9997744560241699,0.2315050824174707,0.7357136170174694,5.359409958278393,0.6864985823631287,0.2303738157473614,0.7391639168783245,-4.91358214978359,0.9899471998214722,0.21899877702026496,0.9237617838542275,8.444070112717734,0.9217898845672607,0.051529807847142846,0.8903128407436453,-2.531673233437437,0.9928320646286011,0.2019992654622663,0.9596956887896184,8.582822452160176,0.8925530910491943,0.007813292072750288,0.8916757409301721,-2.3521525800395615,0.9644332528114319,0.33969396403645646,0.9788761183840893,6.69267798218277,0.9431158304214478,0.023367132001525244,1.0,-4.825695613010866,0.989803671836853
57,2.375,0.24642585495177913,0.17441389867550705,1.4575083235762227,0.9997056722640991,0.16106768416031675,0.26581374949425995,6.506669227531205,0.9993146657943726,0.2148400096231025,0.22663700457511773,-5.258809350766265,0.9998435974121094,0.15820935537746714,0.4006663813646584,10.24261552948775,0.3140189051628113,0.36013016905819883,0.1275981914693914,-6.906682501772491,0.9961298108100891,0.2137821021384304,0.4471551566022208,10.165307012076516,0.42143523693084717,0.466299162415085,0.020773505924052364,-2.6268197250746597,0.9834160208702087,0.2224721464383825,0.448348395314338,10.633768646860235,0.4220368564128876,0.5070888312998743,0.0019810529367951073,-3.19929187046316,0.9746522903442383,0.21006880177036483,0.527631936926466,4.057635215451341,0.9997953176498413,0.2274347518931898,0.52248268732309,-4.064950081331341,0.9997731447219849,0.23369163741786148,0.7294764922121469,5.35796201121657,0.6680418848991394,0.23197413747519746,0.735196806280539,-4.691904955067702,0.989161491394043,0.22020194579978244,0.9239515694593212,8.352555800962383,0.9175891876220703,0.05703949187450954,0.889577843966345,-2.569932803633376,0.9924251437187195,0.20421327835795075,0.9605617745105075,8.52108992001119,0.8872544765472412,0.007813292072750288,0.8921018871474478,-2.425463362837243,0.9635916352272034,0.34508569186728993,0.9799930798655146,7.011639545091218,0.9397869110107422,0.02571029240706698,1.0,-4.694408686762656,0.9892244338989258
58,2.4166666666666665,0.29620634197467344,0.06434904939175534,2.1523760836532633,0.9997048377990723,0.18367002244282066,0.1606105214732468,6.948396644548087,0.9992187023162842,0.24173484805407805,0.11549645058987577,-5.400206425671787,0.9998370409011841,0.17772879403827332,0.3197204089268653,9.571420352577288,0.28851553797721863,0.4458413390157591,0.03659071301058825,-7.799249208445035,0.9962812662124634,0.24441595899593005,0.40804951039270376,8.565449629117788,0.38481074571609497,0.5938332903945617,0.042619006193966746,-6.784579943276675,0.982390284538269,0.2549151087614516,0.4318851852345849,8.800604301226796,0.3860759437084198,0.6466625342486428,0.0014729753667170116,-7.90394612174158,0.9721022248268127,0.24150183209325693,0.46407761083526555,4.3238365145034345,0.9997586011886597,0.2632805642739592,0.45909128455254883,-4.335663590767784,0.9997391104698181,0.26708575843793664,0.693952840358795,5.437582723458627,0.6601525545120239,0.2653683011713744,0.7011503612823787,-4.741367471223373,0.989189863204956,0.2516572844865611,0.9180360390843443,8.411767966858001,0.9135096073150635,0.06778209193483511,0.8787293025175693,-2.2868847712241576,0.9924317002296448,0.23300234209354473,0.9596288498937763,8.55890806098406,0.8834440112113953,0.007813292072750288,0.8788160692561438,-2.1017670807615074,0.9641300439834595,0.39513699106148154,0.9810372088441234,6.731822240830584,0.9371770024299622,0.030146714879770265,1.0,-4.554942644590782,0.9892114996910095
59,2.4583333333333335,0.31961037293363526,0.0010762281044267089,1.580514828231141,0.999707043170929,0.19001328523294025,0.10472056069487407,7.364885662274311,0.9991730451583862,0.24806245492977305,0.059338460485297055,-6.307678462387439,0.9998376369476318,0.16673377269380393,0.2720694286585305,10.384321588585719,0.2693820893764496,0.45651049094802987,0.02104617701112994,-12.40702402028789,0.9964375495910645,0.23448156985148935,0.34805564959900104,10.560348605546245,0.352204293012619,0.6678937219591325,0.06446450646388113,-15.199739185705676,0.9823091626167297,0.245330564792659,0.371381687865884,11.010962696616026,0.35365530848503113,0.7261192870367301,0.00824772892833445,-16.78885764259573,0.9718183279037476,0.2545913977299368,0.43117786091603977,4.671286210355813,0.9996969103813171,0.2807683816988812,0.42581990781065365,-4.683366957608899,0.999673068523407,0.28364673985675004,0.6777859467454952,5.8323410768403425,0.660163938999176,0.2846157827440653,0.6849780697838636,-4.861346963290492,0.9893858432769775,0.2678818616709134,0.918749380390477,9.051455594110013,0.9127460718154907,0.07968051461780522,0.8755044960702861,-2.011456363567813,0.9926270842552185,0.2486944503558665,0.9643361435040553,9.189745762948197,0.8830846548080444,0.007813292072750288,0.8730522632804923,-1.794722057932789,0.9653971195220947,0.42033037491739167,0.9860507317541312,7.186190266106987,0.9368639588356018,0.04357876300211759,1.0,-4.2578836878484765,0.9894624352455139
60,2.5,0.3215211923543171,0.0010762281044267089,1.476656426372746,0.9997186660766602,0.19077572560215597,0.10521284041708918,8.327822327753982,0.9992021918296814,0.24675153179270365,0.0689305208628025,-7.107631348682473,0.9998437762260437,0.17105730642951805,0.26662391943091085,11.320801792139706,0.259419709444046,0.4440343477859606,0.10668184937490713,-14.244760165409783,0.9964990019798279,0.22149401790035472,0.3425759653164291,11.57207434296944,0.3282977342605591,0.6759520760458445,0.0863100067337955,-17.712540804390628,0.9816787242889404,0.22535715355687766,0.37193442903787954,11.961119300495005,0.3290344476699829,0.7280344354519755,0.10349133926124493,-19.53607572576338,0.9711020588874817,0.2548873300691818,0.42843487410376074,5.320517254941262,0.9996510744094849,0.280472184035898,0.4246274345164023,-5.334021102973233,0.9996268153190613,0.28433451541705396,0.6774613490392227,6.583170375800135,0.6630507111549377,0.28494516148944565,0.6847061610107006,-5.829214067728463,0.9897981286048889,0.2685908753753201,0.9186101478238018,10.172071941010154,0.9120641350746155,0.07738104214382818,0.876098263147238,-3.400154392882339,0.9929589629173279,0.2496308376065489,0.9647584630378164,10.318282745600072,0.8825159668922424,0.007813292072750288,0.8735056815017269,-3.2047344206482347,0.9667232632637024,0.4208070762559615,0.9850665165888831,8.078574600566096,0.9371213912963867,0.04062430065743481,1.0,-6.015038169380027,0.9899407029151917
61,2.5416666666666665,0.3140365610475141,0.0010762281044267089,2.535554197545283,0.9997140765190125,0.19069182891396352,0.10307130954721651,9.034918046713132,0.999213695526123,0.24638012612119387,0.07059291300834937,-7.281264213307964,0.9998459815979004,0.1738370422111758,0.26649985871164705,10.029058211690533,0.2440871000289917,0.42898924702245095,0.18139606951266465,-9.369723916213209,0.9947560429573059,0.2885374777649086,0.34082375829428907,7.321627868052885,0.30247947573661804,0.5658646234650331,0.24229978476371306,-5.370643770039531,0.961430013179779,0.30001246189381825,0.36903694364070866,7.093776415547287,0.302963525056839,0.6055176465839047,0.26070020780534303,-6.078680655378395,0.9462788701057434,0.2531894314303623,0.4280113247585596,5.595357315607158,0.9995996356010437,0.2774660742262931,0.42483409413479617,-5.605585303411305,0.9995381832122803,0.28195476603673014,0.677478656621905,6.210852037088094,0.6590315103530884,0.2832158173064275,0.6847142872349037,-6.068285997908148,0.9899269938468933,0.2670467862272074,0.9190977066701157,8.263292789605199,0.908871591091156,0.06914593751299161,0.8777323530646318,-3.684786328057405,0.9929722547531128,0.24790110980143515,0.9658945782025511,8.241761249469397,0.88038170337677,0.007813292072750288,0.8798873268062868,-3.463364508395297,0.966804027557373,0.4196466425489021,0.9844786660612121,5.963248671488953,0.93440181016922,0.03592635452551517,1.0,-6.238741168272458,0.9898130893707275
62,2.5833333333333335,0.31167619010092235,0.0010762281044267089,2.5009297064427125,0.9997117519378662,0.1879807913641151,0.10120780721242581,5.462773735053905,0.9992599487304688,0.2910612033522435,0.07063075806241823,-3.925730142503401,0.9998568892478943,0.1652468798631987,0.26060613310104236,5.851009978845083,0.2391686737537384,0.40724693374098175,0.2098583878762122,-4.584662440619745,0.9938467741012573,0.23862088154104932,0.3445430952906998,4.824101699935017,0.2822212874889374,0.5893406726399973,0.2889310708149075,-1.701306071602289,0.9512584209442139,0.24490462928768145,0.37106312727158686,4.776771504296866,0.2811523973941803,0.6121476609101204,0.3249091666815769,-1.9495044601466827,0.9325088262557983,0.2538151199956737,0.42533916365999824,3.363121621812829,0.9995843172073364,0.27649882262971426,0.42265633151402,-3.369785216376201,0.9995172619819641,0.2810651657817375,0.676121446956217,3.5607901861696494,0.657444179058075,0.28293229231270584,0.6834524441113493,-3.6781111461557945,0.9900667071342468,0.2679000390211854,0.9186390190544409,4.44267933274938,0.90399169921875,0.06523639580951468,0.8790502070575473,-2.5170743917099445,0.9927963614463806,0.2485720879711617,0.9647199028752441,4.399462143920046,0.8762842416763306,0.007813292072750288,0.8811744592771412,-2.3770645828784955,0.9665471911430359,0.42091661186746626,0.983887828868078,3.133048229178417,0.9295071363449097,0.03356354693528896,1.0,-3.865109685518696,0.9894216656684875
63,2.625,0.31359465385411844,0.0010762281044267089,3.1138694320055382,0.9997212290763855,0.17662813968571003,0.10176961915987857,3.4517268656132427,0.9993244409561157,0.3353489262588212,0.07493451851218727,-2.0836002750577967,0.999870240688324,0.13966716409734173,0.26383582902892266,4.104231061573726,0.28142809867858887,0.42896705583044903,0.22918860911136232,-1.9741972341247902,0.9939786791801453,0.2032234535833479,0.335335419985384,4.424757038303697,0.26983246207237244,0.560295809562754,0.37600956244159356,0.36831815235406284,0.9474043250083923,0.1934509088033739,0.36770169238141864,4.712221474170224,0.26490575075149536,0.5886274355452158,0.4103113644556511,0.4270166870361051,0.9232912659645081,0.24745871653814455,0.4246701458087892,2.1970937827592785,0.9996132850646973,0.2867462989157033,0.4208331546355925,-2.20001210092409,0.9995502233505249,0.28311744546375933,0.6766438886052963,2.3861816397176523,0.6666322946548462,0.2852075916747129,0.6831003912737177,-2.4313431729376678,0.9903680682182312,0.272258200034058,0.9217034273327968,3.1147131661099383,0.9049714803695679,0.0663176672488643,0.8799193514206861,-1.6349553878233352,0.9927740097045898,0.25226563957168785,0.9666822408782385,3.10517349193733,0.8777615427970886,0.007813292072750288,0.8810564990096323,-1.5250326442508837,0.9672819972038269,0.42512794800245995,0.9859030790826077,2.3875051595419015,0.9259656071662903,0.03407280012413675,1.0,-2.248252246135059,0.9890596270561218
64,2.6666666666666665,0.31377375402126856,0.0010762281044267089,2.526886731267672,0.9997378587722778,0.1650515603856205,0.10361902653744867,2.6056716975219176,0.999381959438324,0.34986017612648806,0.08095800504270204,-1.9868892482603804,0.9998824596405029,0.12490527655953627,0.2629031590884454,3.760795048003493,0.32054656744003296,0.444817377864797,0.2326355042010956,-1.6824126686011236,0.9943063855171204,0.20090811976900919,0.3206927738400425,5.371834894795745,0.25410670042037964,0.5547724640053457,0.3802313704997726,0.7070388515410535,0.9458640813827515,0.19030162596484745,0.35318594542360277,5.758406317522994,0.2469484657049179,0.5760194753469445,0.41509901387373416,0.8585882181939134,0.9179332852363586,0.24176945892998697,0.4256291568002481,1.8723732753247144,0.9996371269226074,0.2932276720895873,0.4203619588536614,-1.8748894016932318,0.9995808005332947,0.28287736889610043,0.6772354744607073,2.2047007334871505,0.6714524626731873,0.2869760136224547,0.6833359500892084,-2.0203610981418825,0.9905682802200317,0.27375161631719513,0.9239454123628372,2.8515518735528698,0.9061294794082642,0.06872556158019785,0.8804854599423956,-1.3767057621554886,0.9928706884384155,0.2534403082712252,0.9692077112968768,2.8651554890114044,0.8790016174316406,0.007813292072750288,0.8812106920189384,-1.3173278447280792,0.9681764245033264,0.42682439232321284,0.9881333116702062,2.4883151911327195,0.9232926368713379,0.03309921933252824,1.0,-1.617871974211359,0.9890133142471313
65,2.7083333333333335,0.31980492737579985,0.0010762281044267089,1.7612770247411271,0.9997549057006836,0.1631661671137942,0.10750498796737938,2.429460989478557,0.9994340538978577,0.35963476686356405,0.0878146905847138,-2.3734775832704367,0.9998936653137207,0.11965496069612769,0.2674325805258059,3.6090139572905837,0.3549945652484894,0.4342803666143421,0.2491303948937732,-2.3923511251612557,0.9946137070655823,0.2048557950653653,0.3227925156797095,4.823775853469812,0.2391635924577713,0.5497797128100277,0.3888911740954363,-0.6907166679192495,0.945903480052948,0.21237247791331065,0.3497074767589453,5.133272530350119,0.23044180870056152,0.5542874843606177,0.423003124347834,-0.6984060636147982,0.9159198999404907,0.23370247820568268,0.4304225178876223,1.7961844482255627,0.99965900182724,0.29881876665386276,0.42507452965912446,-1.7984388418472874,0.9996109008789062,0.27840449567339826,0.6800340159715774,2.636991574325822,0.674790620803833,0.28553489459988884,0.684829521911266,-1.989477543610944,0.9908816814422607,0.2734402205089894,0.9248212750041084,3.648876936473032,0.9057136178016663,0.07097597811040975,0.8814849877052527,-1.265892248137625,0.9930446147918701,0.2531661872773814,0.9698027093812097,3.6948792801099555,0.8784501552581787,0.007813292072750288,0.8849302390292443,-1.2298971349385233,0.9693299531936646,0.42573493754832953,0.9884593708759163,3.3906049435190995,0.9190986752510071,0.03305260579078059,1.0,-1.5363994419882199,0.9891836643218994
66,2.75,0.33002250637952896,0.0010762281044267089,1.9900691630063359,0.9997632503509521,0.16660103271916957,0.10727163997614399,2.5756101274954153,0.9994791746139526,0.35699327106726236,0.09052812934581317,-2.268801358809182,0.9999034404754639,0.1345882302188236,0.2682924936300465,3.3493391221073874,0.3676418960094452,0.39598487560006673,0.26162796850820375,-2.2358690402351598,0.9944956302642822,0.21018588803940494,0.34818736911218384,3.550507801095805,0.22567325830459595,0.4352760410624252,0.4078426301207708,-0.7734819883792433,0.9447141885757446,0.2223141243079079,0.3642758673936899,3.726612236213588,0.21637867391109467,0.4301964069420322,0.44613925732878534,-0.8548965479238008,0.9128044843673706,0.22722235756669032,0.4300577138602467,1.856314398049229,0.999675452709198,0.30680058747002753,0.42523429908134985,-1.858933837511123,0.9996355175971985,0.25781920046462176,0.6786196046904468,2.695365235755259,0.675203800201416,0.28579654833640367,0.6848878062675362,-2.2581503604012614,0.9911646246910095,0.27396580671244275,0.9256299674625627,3.3044996132997477,0.9021500945091248,0.07049342986882517,0.881975715204239,-1.536787873707005,0.9931747317314148,0.2534774316823178,0.9698964448508026,3.3141029941334685,0.8756556510925293,0.007813292072750288,0.8855302293969461,-1.4452836336279415,0.9701135158538818,0.42645582630384854,0.9883981624376195,2.875147011595367,0.9113520383834839,0.0336647721688947,1.0,-2.081508932283262,0.9891532063484192
67,2.7916666666666665,0.3331775055899171,0.0010762281044267089,2.0277086521694536,0.9997764825820923,0.1668088620023875,0.10872220595236785,2.457945872830038,0.9995231628417969,0.36188881771142567,0.0912959571520071,-2.209170974581156,0.999912440776825,0.1342306330229932,0.2695747893289041,3.1450989549625663,0.3883291482925415,0.3888609269140165,0.2615055127088058,-2.2283896483964165,0.9946271777153015,0.21146389228775134,0.35277501139855755,3.338195562448151,0.2141580879688263,0.4215069399538554,0.40882834722352207,-0.8791328095729235,0.9432457685470581,0.22599644206758415,0.36743491457671273,3.516022781899736,0.20403167605400085,0.41458701893412914,0.44737615965550176,-0.9748207773103962,0.9090529084205627,0.2209299237295768,0.4309537701116441,1.8196816704638392,0.9996958374977112,0.30860127314088603,0.42658091705836537,-1.8223401305921363,0.9996619820594788,0.2479118603610053,0.6776331197051892,2.429840534058976,0.6809645295143127,0.2840522551101748,0.6865471520287618,-2.3328617406685392,0.9917117357254028,0.2726699758391402,0.9278488317681768,3.1148174948824003,0.9033071994781494,0.06963045793348926,0.8841893452226071,-1.7687318182929614,0.9935407638549805,0.25172964007470255,0.9721346531116689,3.1141971060357347,0.8780598044395447,0.007813292072750288,0.8878470638389274,-1.6812412946378794,0.9716771245002747,0.42505791757387695,0.9905702040521966,2.6467836434009984,0.9079831838607788,0.03214204233021338,1.0,-2.367034333116716,0.9894812107086182
68,2.8333333333333335,0.3321821255439695,0.0010762281044267089,2.237118141563789,0.9997811317443848,0.16475833159954098,0.10912982440059725,2.4517754848182003,0.9995629191398621,0.364110209404181,0.09075850470056278,-2.078356763144429,0.9999203681945801,0.12171460254826762,0.2704715606706183,2.9897198685239106,0.4157413840293884,0.37525311977665016,0.2598755726383636,-2.0153102111838717,0.9947049617767334,0.20750624102025808,0.3507988318766695,2.997839844773147,0.2051573097705841,0.4045810462069959,0.40947259173962125,-0.5367947738619226,0.9384557604789734,0.2201636082872595,0.37033506783389974,3.132739443971042,0.19360657036304474,0.4033815805640837,0.4494511377345406,-0.5945815717896764,0.8999918699264526,0.21499136796496987,0.43039161248154484,1.8074689128420593,0.9997133016586304,0.3076338511744996,0.4261975295115238,-1.8100023626137476,0.9996834397315979,0.24759207727448146,0.6787147911788084,2.3029312363409034,0.6879095435142517,0.2822753102451373,0.6879916300445708,-2.250788385372483,0.9922189712524414,0.26937002710786284,0.9315376859185657,3.0540714888603486,0.9040353298187256,0.06747459621100986,0.8880029306782004,-1.6021438823455925,0.993798017501831,0.24694626174381934,0.9760221192957409,3.0501102968122007,0.8799661993980408,0.007813292072750288,0.8918832870154051,-1.5079979173671074,0.9730176329612732,0.42123759339399564,0.9942197815416542,2.5847072480990847,0.9021245837211609,0.030380696292031453,1.0,-2.192560605724883,0.9894536733627319
69,2.875,0.33855646825044733,0.0010762281044267089,2.1135159205331036,0.9997683763504028,0.16339176999032934,0.11028438532377946,2.4110759548507965,0.9995975494384766,0.3696856424049367,0.09002899160423118,-1.9465162129711189,0.9999273419380188,0.10350554970245991,0.27376366411320996,2.993840603092376,0.43893834948539734,0.3714217073393081,0.2563655545063072,-1.9131594429470569,0.9945216774940491,0.20266286636188155,0.34780910249879243,3.080914042324395,0.19506341218948364,0.40241951677681737,0.407356708402205,-0.4706061989980354,0.9303522706031799,0.21508490282361045,0.36885131402278754,3.22792287754832,0.18264015018939972,0.403645350592532,0.4491486571460071,-0.5218719740830636,0.88657146692276,0.2124412640331323,0.4296885072521648,1.7627726775141903,0.9997261166572571,0.3125882828763553,0.4254071747875576,-1.7653813324502774,0.9997006058692932,0.25091503545324584,0.6805461848498513,2.204350886891119,0.6924591660499573,0.2834089712558974,0.6876753094633964,-2.31508857053444,0.9926072955131531,0.2707184188154882,0.9343063729754961,2.974206024092531,0.9036208391189575,0.06758009136243483,0.8916209614232382,-1.770618232334175,0.993965208530426,0.24767106802763486,0.9790209328762842,2.981655860675708,0.8797276616096497,0.007813292072750288,0.8950679147465321,-1.6827731915154094,0.9738399982452393,0.42329127902738933,0.9963365080821786,2.4804089243414555,0.8956089615821838,0.027771455441879807,1.0,-2.3517057306971045,0.9893906116485596
70,2.9166666666666665,0.3419475931767103,0.0010762281044267089,2.1292880991136607,0.9997565150260925,0.16325326322046504,0.11141790625281348,2.3689294987913856,0.9996284246444702,0.37349807920998507,0.09002874545674372,-1.8768542880124044,0.9999333620071411,0.09699450048719863,0.2768384659089668,2.8559825605599936,0.46388548612594604,0.3680614815297402,0.2576999805872068,-1.806507318470549,0.9943128228187561,0.20174939581933837,0.3459692353690226,2.8620239888441814,0.18580664694309235,0.39775091898477233,0.4084516182464819,-0.331336407107771,0.9185521006584167,0.21110749959922706,0.3677489370822892,2.9865166256374085,0.1723783016204834,0.3994171795044573,0.4504458112671283,-0.3740748327125379,0.8682736158370972,0.212226007567384,0.4289217307965049,1.734890334642567,0.9997382760047913,0.3136580298609687,0.42538243786598606,-1.7371918826209345,0.9997159242630005,0.25042396616212526,0.6810112973519437,2.144286786419363,0.6995682120323181,0.2839367032242958,0.6872503040262782,-2.2918025920431195,0.9930497407913208,0.27240724069258626,0.935122881762379,2.905068474556214,0.9043075442314148,0.06369142971642136,0.8927590179736669,-1.7864494786164806,0.9941705465316772,0.2483464469129672,0.9798187181270042,2.9105531677915026,0.8808845281600952,0.007813292072750288,0.8960417756404127,-1.7055005148741238,0.9748240113258362,0.4240346121521444,0.9959292545614351,2.4076546624322033,0.8899303674697876,0.026024060387547957,1.0,-2.3669740780628836,0.9893344044685364
71,2.9583333333333335,0.34649118410276153,0.0010762281044267089,2.064489378560959,0.9997477531433105,0.1659964537446223,0.11237863972686353,2.3916983001048804,0.9996576309204102,0.3752107131616757,0.09010582536943976,-1.9038030594355326,0.9999390244483948,0.09815952449951568,0.27931541852708525,2.86113781554413,0.4815118908882141,0.36919464789714285,0.25926332638143795,-1.8621055954680266,0.9940632581710815,0.20367189326733062,0.346493372206955,2.8162735795697533,0.1773807257413864,0.40071779994774,0.41043048914560387,-0.33932680977497076,0.9095633625984192,0.21491360932112036,0.36882485828844963,2.925186254030057,0.1631777137517929,0.40217650215261114,0.4511860160805304,-0.3801280979434193,0.854142427444458,0.21572244458053663,0.4295284660906186,1.7461249741835134,0.999750554561615,0.3161666042887351,0.42609945238876096,-1.7483578102599966,0.9997298121452332,0.25381230086025575,0.6826873379753371,2.1002087093265076,0.7031139135360718,0.28637144391723574,0.6882670036686367,-2.268980836046061,0.9933395981788635,0.275275923755255,0.938113798210487,2.801667029616651,0.9039558172225952,0.05973839942213694,0.8948145747076018,-1.6974471161062357,0.9942383170127869,0.2510683673155244,0.982366119191124,2.8052666071000023,0.8805030584335327,0.007813292072750288,0.898217331159138,-1.6118595005770517,0.975257933139801,0.42704741036596555,0.9974638345813585,2.2703512053278367,0.8853299617767334,0.023446147066553714,1.0,-2.2690572632774484,0.9892044067382812
72,3.0,0.3515531485340978,0.0010762281044267089,1.9837518680354898,0.9997527003288269,0.17095223709487511,0.11267181216426451,2.415315546014174,0.9996854066848755,0.3788672770651298,0.09016204383192594,-1.9426142042125276,0.9999445080757141,0.1028709662821303,0.2791256119476978,2.962554634075328,0.49549344182014465,0.3749552556563373,0.25962767813752635,-1.9623355635260522,0.9940564036369324,0.20754801404422005,0.3466789708515572,3.0290202205925874,0.1707233339548111,0.4126539450037997,0.4098352551997208,-0.48585772792122556,0.9078786373138428,0.22000039546253625,0.36908824277648944,3.1636813075004127,0.15576452016830444,0.4142313105220758,0.4490835869185885,-0.5457078377017526,0.8504712581634521,0.2200068166325835,0.43041123211449334,1.759116008666837,0.9997628331184387,0.3205725319060805,0.42695225992570196,-1.7614026190105718,0.9997453093528748,0.2589969765462177,0.6839638718473074,2.1499291151155226,0.7060959339141846,0.2918459498113195,0.6882513788188636,-2.3091128704009325,0.9936263561248779,0.2809029000857787,0.9406219117229772,2.931511708547713,0.9043776988983154,0.05649253676578507,0.8961016974719752,-1.7003866632730975,0.9943947196006775,0.25659428683020064,0.9843548701415185,2.9452084642987972,0.8804240226745605,0.007813292072750288,0.8990597164737462,-1.6102667768931893,0.9757595658302307,0.432539900946827,0.9990129744327355,2.4304054441252663,0.8834717273712158,0.022447034520210157,1.0,-2.2597124858202373,0.9893952012062073
73,3.0416666666666665,0.3550302620466813,0.0010762281044267089,1.9739754986114395,0.9997545480728149,0.1745599916771722,0.11284749845986883,2.426224008475456,0.9997100234031677,0.3818829071963902,0.09031726701181923,-1.9681700637658022,0.9999493360519409,0.10663434431212239,0.27906074440351025,3.0022840540139173,0.5090379118919373,0.3789710394151174,0.2591482768890575,-1.9895791331486343,0.9940515756607056,0.2108487448441306,0.34704141830777324,3.1043347461679796,0.16450965404510498,0.41840278202758774,0.40979431599818855,-0.5116795704864477,0.9056391716003418,0.2237700370039452,0.3689319853616146,3.2464837773255675,0.14889641106128693,0.42000023458950914,0.4491464001729843,-0.5736473298035932,0.8459504246711731,0.22305698689154624,0.43098876418246573,1.7658694891545295,0.9997735023498535,0.3237104206699876,0.42752132724624553,-1.7681286934435532,0.9997587203979492,0.2623257917905911,0.68480410756031,2.173961235554271,0.708747923374176,0.29549776833979985,0.6883418193538385,-2.3199197470836084,0.9938856363296509,0.2846209747500092,0.942031708342003,2.9774600733041305,0.9046522378921509,0.05612640702707778,0.8969276933935515,-1.702234929335789,0.9945288896560669,0.2601470162254344,0.9854847231231819,2.9937534394749443,0.8804358839988708,0.007813292072750288,0.899692687743004,-1.6111987904083387,0.9762549996376038,0.4359849597525998,1.0,2.47988539856759,0.8812689781188965,0.022539819019293493,0.9995719251435076,-2.2585630990419157,0.9895280003547668
74,3.0833333333333335,0.37317972793921084,0.0010762281044267089,1.4827748552117528,0.9997612237930298,0.19360299254016994,0.11178056690873213,2.8255904669232668,0.9997304677963257,0.3858287299889532,0.08738361513678154,-2.332132518935858,0.9999539852142334,0.14423818623964738,0.2780884411238874,3.595769764493721,0.49090099334716797,0.39545457373427106,0.26150824195914446,-2.5881703790855792,0.9941921234130859,0.23077582497360685,0.3448921720486214,3.7553487149576372,0.1573237031698227,0.44192304934588666,0.41133648156838276,-1.2761648500720626,0.9102403521537781,0.24764848749781604,0.3735046248987852,3.9363449068403726,0.14265313744544983,0.443889871812825,0.44890468774653486,-1.4340374587146154,0.8528174757957458,0.24291200896880832,0.4337099540656589,1.903221848820298,0.9997819662094116,0.34221043348118496,0.4278657864989937,-1.9059886833337545,0.9997697472572327,0.28117886345117776,0.6904545365070257,2.386181721861711,0.7090024948120117,0.3103812406504793,0.6899277454864003,-2.472548383560499,0.9940847158432007,0.3029665422936695,0.9421994488939786,3.371293767008485,0.9038413166999817,0.05694743523147744,0.896361184650503,-1.7731021983909803,0.9946819543838501,0.27788986181756464,0.9859787914853028,3.399995365476999,0.8783563375473022,0.007813292072750288,0.8991762783504597,-1.666448399658494,0.9765509366989136,0.453113559315292,0.9999959203018731,2.839640448898047,0.8820928335189819,0.02633220757463269,1.0,-2.378279676178602,0.9899047613143921
75,3.125,0.3827353728176951,0.0010762281044267089,1.6750861999703344,0.9997665882110596,0.206986320578115,0.11208249067015694,2.9358872014767683,0.9997491240501404,0.3927343191278138,0.08730860090160796,-2.4400143017126035,0.9999581575393677,0.16351468348439957,0.2780608111537048,3.6895080659662,0.485211580991745,0.4086386163686341,0.2639997578755166,-2.7255781897158924,0.9944241046905518,0.24495670802008815,0.350006735870518,3.846673388918849,0.15325310826301575,0.46854954798334564,0.41222916144832017,-1.4131289499107922,0.9150120615959167,0.2658552812995318,0.3813552326912075,4.036797897302041,0.13843844830989838,0.47094704912823976,0.4500772128455598,-1.5794548588848276,0.8595638275146484,0.25835482323995573,0.43456259743319514,1.9681915089432933,0.9997909069061279,0.3547118076651149,0.4278200012350794,-1.971389189982874,0.999780535697937,0.2944406955005404,0.6948342904519595,2.4938437225544874,0.7111331820487976,0.3223687763766397,0.691210983157878,-2.541980643056704,0.9942945241928101,0.31607781978723615,0.9418043206176537,3.5271766412532486,0.9034409523010254,0.05839118267415891,0.8955664928248203,-1.806009629281298,0.9948067665100098,0.29064639288529026,0.9857920008021903,3.559151820248499,0.8763144612312317,0.007813292072750288,0.8983910746556606,-1.690881284202365,0.9767722487449646,0.46574055750181337,0.9994730531550878,2.982426708934681,0.8823074698448181,0.03494057046403319,1.0,-2.4356989753421954,0.9902054071426392
