frame,0_x,0_y,0_z,0_v,11_x,11_y,11_z,11_v,12_x,12_y,12_z,12_v,13_x,13_y,13_z,13_v,14_x,14_y,14_z,14_v,15_x,15_y,15_z,15_v,16_x,16_y,16_z,16_v,17_x,17_y,17_z,17_v,18_x,18_y,18_z,18_v,23_x,23_y,23_z,23_v,24_x,24_y,24_z,24_v,25_x,25_y,25_z,25_v,26_x,26_y,26_z,26_v,27_x,27_y,27_z,27_v,28_x,28_y,28_z,28_v,29_x,29_y,29_z,29_v,30_x,30_y,30_z,30_v,31_x,31_y,31_z,31_v,32_x,32_y,32_z,32_v
0,0.4737645983695984,0.29726144671440125,-0.03389351814985275,0.9999996423721313,0.43809252977371216,0.3651074171066284,0.28306686878204346,0.9999794960021973,0.36734479665756226,0.35141298174858093,-0.19427254796028137,0.9999985694885254,0.47188669443130493,0.4397745430469513,0.2627919316291809,0.7966235876083374,0.3097586929798126,0.4492994546890259,-0.3466949760913849,0.9985890984535217,0.5361867547035217,0.3819005787372589,0.019145669415593147,0.9867547154426575,0.4111129343509674,0.4568159878253937,-0.44242697954177856,0.9978138208389282,0.5595312714576721,0.36678051948547363,-0.013645253144204617,0.9828270673751831,0.4358383119106293,0.4626655876636505,-0.4781099855899811,0.9949979782104492,0.4385291039943695,0.5584285259246826,0.1575208455324173,0.9993717074394226,0.4208076000213623,0.5589248538017273,-0.15760259330272675,0.9996306896209717,0.4105965197086334,0.7250767350196838,0.19000832736492157,0.7013517022132874,0.46620574593544006,0.7139437198638916,-0.19676344096660614,0.9885179996490479,0.34538471698760986,0.8686414957046509,0.24964316189289093,0.912503182888031,0.49499091506004333,0.8795616626739502,-0.21725602447986603,0.9913091659545898,0.32020699977874756,0.8974754810333252,0.24795730412006378,0.9004861116409302,0.481812983751297,0.9122129678726196,-0.22434967756271362,0.9791836142539978,0.40983444452285767,0.9077955484390259,0.16143016517162323,0.9330215454101562,0.5804214477539062,0.9140479564666748,-0.3622853755950928,0.9847633242607117
1,0.47343963384628296,0.29719647765159607,0.035641275346279144,0.999971330165863,0.40283292531967163,0.3594760000705719,0.30594995617866516,0.9998729825019836,0.40386396646499634,0.34603428840637207,-0.20094060897827148,0.9999896287918091,0.41985833644866943,0.43976184725761414,0.4316025972366333,0.7242245674133301,0.42133504152297974,0.42822030186653137,-0.2992793619632721,0.9973598718643188,0.4774223864078522,0.3880486786365509,0.4640171229839325,0.9043485522270203,0.5042825937271118,0.39799246191978455,-0.21789664030075073,0.9948117733001709,0.4966088831424713,0.3744255006313324,0.48112165927886963,0.9044860601425171,0.52336585521698,0.38978496193885803,-0.23360493779182434,0.9904791712760925,0.4116153120994568,0.5581395030021667,0.15950238704681396,0.9990056753158569,0.43077099323272705,0.553021252155304,-0.15947668254375458,0.9993279576301575,0.3960728645324707,0.7156785130500793,0.1896631419658661,0.6890345215797424,0.47134464979171753,0.7141261100769043,-0.14795196056365967,0.98325514793396,0.345201313495636,0.8688098192214966,0.2331772744655609,0.8992930054664612,0.4971102476119995,0.8789953589439392,-0.13363562524318695,0.9877907633781433,0.32008111476898193,0.8976133465766907,0.22964432835578918,0.8896807432174683,0.4847923517227173,0.9101828932762146,-0.1332174837589264,0.9758808612823486,0.4093691110610962,0.9055402874946594,0.1528233289718628,0.9217875003814697,0.5862495303153992,0.9133522510528564,-0.23244312405586243,0.9814761877059937
2,0.47170230746269226,0.2970060706138611,0.028422169387340546,0.9999414682388306,0.3893994688987732,0.3554772734642029,0.3031664788722992,0.9997742772102356,0.41300925612449646,0.3411279320716858,-0.22009307146072388,0.9999774098396301,0.41161102056503296,0.4398193359375,0.4582408368587494,0.659085750579834,0.44279730319976807,0.4262177050113678,-0.28884023427963257,0.9960957169532776,0.4689887762069702,0.3907196521759033,0.5477139353752136,0.8320266604423523,0.5200209617614746,0.39107561111450195,-0.16329552233219147,0.9906466603279114,0.48678621649742126,0.3777373731136322,0.5727559924125671,0.835601270198822,0.537385880947113,0.3821011185646057,-0.17291803658008575,0.9842057228088379,0.40117761492729187,0.5598426461219788,0.1602710485458374,0.998695969581604,0.43367260694503784,0.5531051754951477,-0.1601908802986145,0.9990386366844177,0.39160746335983276,0.7148351669311523,0.19286838173866272,0.6766519546508789,0.4760857820510864,0.7145668864250183,-0.1323365420103073,0.978270947933197,0.34478721022605896,0.870680034160614,0.23427195847034454,0.8878301978111267,0.4982233941555023,0.8789715766906738,-0.10868281126022339,0.9847102761268616,0.31960606575012207,0.8997131586074829,0.23137396574020386,0.8799493908882141,0.4873421788215637,0.9095689058303833,-0.10784760862588882,0.9729799032211304,0.40906822681427,0.9048457741737366,0.16353854537010193,0.912390947341919,0.5894685387611389,0.9129558205604553,-0.20140381157398224,0.9785577058792114
3,0.47009456157684326,0.29700884222984314,0.016803845763206482,0.9999026656150818,0.38612931966781616,0.35356104373931885,0.28291773796081543,0.999657392501831,0.4146050810813904,0.33678871393203735,-0.22948648035526276,0.9999647736549377,0.40959617495536804,0.44170624017715454,0.4585706889629364,0.5991644263267517,0.4583647847175598,0.42147642374038696,-0.2890094816684723,0.9948775768280029,0.4664386212825775,0.39202260971069336,0.5752989649772644,0.7641928791999817,0.5291334986686707,0.3854645788669586,-0.14508280158042908,0.9853154420852661,0.4830726087093353,0.3793511390686035,0.6050187945365906,0.7705178260803223,0.5463460087776184,0.3746183216571808,-0.1506393700838089,0.9760478138923645,0.40076956152915955,0.5626039505004883,0.16003204882144928,0.9983202219009399,0.43480050563812256,0.5533528923988342,-0.15991656482219696,0.9986865520477295,0.3893689811229706,0.7157030701637268,0.19298045337200165,0.6647576689720154,0.47709304094314575,0.7171100974082947,-0.11015842854976654,0.9720127582550049,0.34397441148757935,0.8726246953010559,0.2361578792333603,0.8775768876075745,0.498617947101593,0.8789476156234741,-0.058875877410173416,0.9808749556541443,0.31877490878105164,0.9019516110420227,0.23330314457416534,0.8717510104179382,0.48802450299263,0.9088137745857239,-0.05569803714752197,0.9692259430885315,0.40801745653152466,0.9037665724754333,0.1621914505958557,0.9034391641616821,0.5902861952781677,0.9126237034797668,-0.1487184464931488,0.974729597568512
4,0.46869903802871704,0.296104371547699,0.017627758905291557,0.9998900890350342,0.38501009345054626,0.3522651493549347,0.2777995467185974,0.9995655417442322,0.416625440120697,0.3356345593929291,-0.22483070194721222,0.9999579787254333,0.4058227837085724,0.44252917170524597,0.4923010468482971,0.5464316606521606,0.4698873460292816,0.41593635082244873,-0.3475874066352844,0.9939473867416382,0.4599553048610687,0.3914068937301636,0.6677463054656982,0.7016353011131287,0.5434321165084839,0.3757544755935669,-0.3058583736419678,0.9828192591667175,0.4696368873119354,0.37854546308517456,0.7091044187545776,0.710192859172821,0.559470534324646,0.3666755259037018,-0.3277280330657959,0.9725804328918457,0.4002171754837036,0.5638718008995056,0.15791797637939453,0.9981377124786377,0.43420132994651794,0.5536050200462341,-0.15776385366916656,0.9985735416412354,0.38871458172798157,0.7159696221351624,0.19379761815071106,0.6575912237167358,0.4776168763637543,0.7177820205688477,-0.11726588010787964,0.9675031304359436,0.34376955032348633,0.8736849427223206,0.24864615499973297,0.8717114329338074,0.4989294707775116,0.8787710666656494,-0.08275908976793289,0.9790410995483398,0.3187516927719116,0.9034574031829834,0.24739660322666168,0.8668757081031799,0.4890320897102356,0.9080125093460083,-0.08177550137042999,0.9675329923629761,0.4070082902908325,0.9037305116653442,0.17293329536914825,0.8978577256202698,0.5921062231063843,0.9121720194816589,-0.18031269311904907,0.9727643132209778
5,0.46744951605796814,0.29607129096984863,0.012547108344733715,0.9998831152915955,0.3818570375442505,0.35205698013305664,0.27844515442848206,0.9994794130325317,0.4203830659389496,0.33659282326698303,-0.23090428113937378,0.999954879283905,0.39399030804634094,0.4301625192165375,0.5748563408851624,0.4972726106643677,0.48083919286727905,0.4098705053329468,-0.4744974374771118,0.9935059547424316,0.4560526907444,0.39096391201019287,0.8422824144363403,0.6394974589347839,0.5508954524993896,0.3678726851940155,-0.6413348317146301,0.9824501872062683,0.4611783027648926,0.37947431206703186,0.9068100452423096,0.6503226161003113,0.5695428848266602,0.36016467213630676,-0.6929736137390137,0.9725722074508667,0.3996480703353882,0.5655903816223145,0.15800394117832184,0.9981015920639038,0.4351576864719391,0.5563070178031921,-0.15786615014076233,0.9985858201980591,0.38729166984558105,0.716326892375946,0.20540259778499603,0.6589006185531616,0.47931697964668274,0.7182182669639587,-0.11991250514984131,0.9667389988899231,0.34372976422309875,0.874230682849884,0.29243963956832886,0.8717473149299622,0.49949637055397034,0.8784715533256531,-0.09596465528011322,0.9795628190040588,0.3190724551677704,0.9047655463218689,0.2950209379196167,0.8683273792266846,0.49019116163253784,0.9065127968788147,-0.09604619443416595,0.9683645367622375,0.40694037079811096,0.9034720063209534,0.2204134464263916,0.8970962166786194,0.5931119918823242,0.9112091064453125,-0.1945573091506958,0.9731574058532715
6,0.4660836458206177,0.2963283360004425,0.010905618779361248,0.9998725652694702,0.37367549538612366,0.3509213626384735,0.27791690826416016,0.9994022250175476,0.42454302310943604,0.3371336758136749,-0.24445338547229767,0.9999489784240723,0.40135350823402405,0.41625815629959106,0.5511181354522705,0.45366010069847107,0.4995689392089844,0.4030143618583679,-0.44254061579704285,0.9930863976478577,0.46835169196128845,0.39161378145217896,0.7732140421867371,0.5857089161872864,0.5570383071899414,0.3623470366001129,-0.5059775114059448,0.9811631441116333,0.47928890585899353,0.3842044174671173,0.8265734314918518,0.5988441705703735,0.5765469074249268,0.35247406363487244,-0.5441506505012512,0.9711281061172485,0.39824071526527405,0.5663748979568481,0.16003333032131195,0.9980376362800598,0.4373301565647125,0.5584887862205505,-0.15997329354286194,0.9985299706459045,0.3865985572338104,0.7160714864730835,0.20712825655937195,0.6605907678604126,0.4811491370201111,0.7186154723167419,-0.1170981153845787,0.965753972530365,0.3435308635234833,0.874506413936615,0.2893832325935364,0.8705468773841858,0.5000938773155212,0.8783762454986572,-0.08951269090175629,0.9797561764717102,0.3195115327835083,0.9053235650062561,0.2913968861103058,0.8675379157066345,0.49102410674095154,0.905849039554596,-0.08908932656049728,0.9686198234558105,0.40544864535331726,0.9035147428512573,0.2177571952342987,0.8958684802055359,0.5935662388801575,0.910914957523346,-0.18508267402648926,0.9731488823890686
7,0.46439945697784424,0.2966502904891968,0.03116167150437832,0.9998547434806824,0.36441493034362793,0.3514312207698822,0.28088197112083435,0.9992919564247131,0.4275335669517517,0.33750665187835693,-0.2530277669429779,0.9999409317970276,0.40276771783828735,0.4130760431289673,0.5540682077407837,0.41217920184135437,0.5099597573280334,0.39497020840644836,-0.3652210831642151,0.9925855398178101,0.4696359634399414,0.39440760016441345,0.7521505951881409,0.5337929725646973,0.5614581108093262,0.35414573550224304,-0.2331884801387787,0.9780129194259644,0.4840892255306244,0.3911014497280121,0.7981733083724976,0.5484241843223572,0.5792284607887268,0.34065520763397217,-0.24855516850948334,0.9671533107757568,0.39574724435806274,0.5683164000511169,0.16223424673080444,0.99793940782547,0.43950486183166504,0.5612661838531494,-0.16221418976783752,0.9984260201454163,0.3853616714477539,0.7161255478858948,0.2092268168926239,0.658565878868103,0.4836818277835846,0.7197062969207764,-0.10620032250881195,0.9643641114234924,0.34295737743377686,0.8747348189353943,0.2862396538257599,0.8676992058753967,0.5010210871696472,0.8783515095710754,-0.07331229001283646,0.9793728590011597,0.3197994828224182,0.9058678150177002,0.2881874144077301,0.8652582168579102,0.4916195869445801,0.9054933190345764,-0.07190850377082825,0.9679887890815735,0.40457943081855774,0.9035497903823853,0.22118213772773743,0.8938090801239014,0.5943756103515625,0.9105390310287476,-0.16155403852462769,0.9723734855651855
8,0.46270832419395447,0.2966490089893341,0.06946900486946106,0.9998185634613037,0.3539882302284241,0.3517601191997528,0.27488020062446594,0.9991770386695862,0.4319465458393097,0.3373710513114929,-0.24744528532028198,0.9999374151229858,0.37190303206443787,0.4264797270298004,0.5446779131889343,0.37839072942733765,0.5218510031700134,0.3857436180114746,-0.33280354738235474,0.9928090572357178,0.42316561937332153,0.442282497882843,0.7908551692962646,0.48205336928367615,0.5656334757804871,0.3458050787448883,-0.22431333363056183,0.9751507043838501,0.43598759174346924,0.4497126638889313,0.8457732200622559,0.49573415517807007,0.5808303952217102,0.3313625752925873,-0.2342076450586319,0.9627317786216736,0.3917931914329529,0.5695279836654663,0.1580466777086258,0.9978090524673462,0.44103285670280457,0.5632644891738892,-0.15811778604984283,0.9983505010604858,0.3819175958633423,0.7157437801361084,0.19393780827522278,0.6593599319458008,0.4848441779613495,0.7207700610160828,-0.09740949422121048,0.963316023349762,0.3422887921333313,0.8748052716255188,0.24518512189388275,0.8670511245727539,0.5020062327384949,0.8783592581748962,-0.08603114634752274,0.9791322350502014,0.319874107837677,0.9066380858421326,0.24649427831172943,0.8643682599067688,0.49190792441368103,0.9052872061729431,-0.08650310337543488,0.9674127697944641,0.4045259356498718,0.9034368395805359,0.21041010320186615,0.8925004601478577,0.5949397087097168,0.9100311398506165,-0.16489718854427338,0.9716225862503052
9,0.46120259165763855,0.29588770866394043,0.12366962432861328,0.999822199344635,0.3468465507030487,0.3519692122936249,0.27548953890800476,0.9991592168807983,0.4383719861507416,0.33614468574523926,-0.21487724781036377,0.99993896484375,0.35374292731285095,0.4359200596809387,0.5505211353302002,0.36291658878326416,0.5283418893814087,0.37405258417129517,-0.3318714499473572,0.993257462978363,0.39951324462890625,0.45976755023002625,0.8218153119087219,0.43541592359542847,0.5674979090690613,0.3393154442310333,-0.27612432837486267,0.9740862846374512,0.4121040403842926,0.4686663746833801,0.8807988166809082,0.44784989953041077,0.581591784954071,0.32348617911338806,-0.2898499369621277,0.960578441619873,0.3889869749546051,0.5707730054855347,0.15333425998687744,0.9978561401367188,0.44144579768180847,0.5647271275520325,-0.15350227057933807,0.9984030723571777,0.37986770272254944,0.7158944010734558,0.18473997712135315,0.6686449646949768,0.48448219895362854,0.7224496006965637,-0.09603151679039001,0.9634902477264404,0.34166136384010315,0.8750783801078796,0.21931737661361694,0.8699644207954407,0.5024571418762207,0.8784432411193848,-0.09303111582994461,0.9794086217880249,0.3201967477798462,0.9067548513412476,0.21925939619541168,0.866547167301178,0.4920569360256195,0.9052967429161072,-0.09192829579114914,0.967582106590271,0.40431123971939087,0.9034345149993896,0.1882956475019455,0.8929779529571533,0.5951291918754578,0.9097195267677307,-0.1769484132528305,0.9715961217880249
10,0.45985227823257446,0.29555144906044006,0.15623851120471954,0.9998247027397156,0.34229058027267456,0.3520382046699524,0.27346670627593994,0.9991528391838074,0.44353002309799194,0.3360726535320282,-0.1923322230577469,0.9999396204948425,0.33223676681518555,0.43706730008125305,0.5647198557853699,0.3540695011615753,0.5378522872924805,0.36483293771743774,-0.25937509536743164,0.9935702681541443,0.3912908732891083,0.44241422414779663,0.8524208664894104,0.3934880793094635,0.5712007284164429,0.3300504982471466,-0.13197214901447296,0.9706549048423767,0.4078342020511627,0.4546639025211334,0.9119256734848022,0.4048776626586914,0.5843073129653931,0.3157464563846588,-0.1307782530784607,0.955161988735199,0.3883832097053528,0.57235187292099,0.15062351524829865,0.9979168772697449,0.4425841271877289,0.5662969350814819,-0.15088118612766266,0.9984664916992188,0.37998077273368835,0.7185208201408386,0.1855107992887497,0.6832501888275146,0.48531296849250793,0.7250787615776062,-0.09088156372308731,0.9646381139755249,0.3408142924308777,0.8755500912666321,0.22149847447872162,0.8754276037216187,0.503205418586731,0.8784706592559814,-0.09589509665966034,0.9801307320594788,0.3203060030937195,0.9070078730583191,0.2214501053094864,0.8715819716453552,0.4925096035003662,0.9052273631095886,-0.09356148540973663,0.9684456586837769,0.4044358730316162,0.9034143686294556,0.1919395476579666,0.8934951424598694,0.5950330495834351,0.9095686078071594,-0.16913430392742157,0.9717715382575989
11,0.45752856135368347,0.29486215114593506,0.184820756316185,0.9998176097869873,0.34114381670951843,0.352810263633728,0.2728554904460907,0.9991148710250854,0.4500559866428375,0.33619359135627747,-0.17908865213394165,0.9999361038208008,0.32371070981025696,0.4369005858898163,0.5594314932823181,0.34590840339660645,0.5450590252876282,0.35869744420051575,-0.17472879588603973,0.9938467144966125,0.3874412477016449,0.4438171982765198,0.8312652707099915,0.3559507429599762,0.5744906663894653,0.3226819336414337,0.04900828376412392,0.9652293920516968,0.3973374366760254,0.45588815212249756,0.8865274786949158,0.36641183495521545,0.5879992246627808,0.3099685609340668,0.06207339093089104,0.9466073513031006,0.38981813192367554,0.5735485553741455,0.14886222779750824,0.9979599714279175,0.44498109817504883,0.5667223930358887,-0.14922715723514557,0.9984973073005676,0.3782472610473633,0.7204134464263916,0.18579424917697906,0.6937059164047241,0.48611700534820557,0.7274292707443237,-0.0875205546617508,0.9649845957756042,0.3396626114845276,0.8762074708938599,0.20881810784339905,0.8793212175369263,0.5037307739257812,0.8789636492729187,-0.0997527465224266,0.9802950620651245,0.3203132152557373,0.9073190093040466,0.20828258991241455,0.8756108283996582,0.4927951991558075,0.905277669429779,-0.09794546663761139,0.9686063528060913,0.4040103256702423,0.9031147956848145,0.18744130432605743,0.8925973773002625,0.5948938727378845,0.9090978503227234,-0.1640811264514923,0.9709239602088928
12,0.4541531205177307,0.29357293248176575,0.2087760716676712,0.999815046787262,0.3407069146633148,0.3528880774974823,0.2581328749656677,0.9990537166595459,0.4559224843978882,0.3356604278087616,-0.16485841572284698,0.9999296069145203,0.31549474596977234,0.43443039059638977,0.5685076713562012,0.34906795620918274,0.5482869148254395,0.3518897294998169,-0.12863962352275848,0.9940632581710815,0.3793386220932007,0.4406871497631073,0.8744181394577026,0.32279860973358154,0.5766966938972473,0.31580373644828796,0.11268671602010727,0.959909200668335,0.3885264992713928,0.44295230507850647,0.9371541738510132,0.33248886466026306,0.5894523859024048,0.3047466576099396,0.13300494849681854,0.9387996196746826,0.38973337411880493,0.5759546160697937,0.14394409954547882,0.99801105260849,0.4478747546672821,0.5687391757965088,-0.14449816942214966,0.9985508918762207,0.3740130066871643,0.7234985828399658,0.18818119168281555,0.7161805033683777,0.4870205819606781,0.730421781539917,-0.08067671209573746,0.9670414924621582,0.33921530842781067,0.8767738342285156,0.21659718453884125,0.8865754008293152,0.5040186643600464,0.8793679475784302,-0.10123539716005325,0.9812108278274536,0.32065877318382263,0.9075444340705872,0.21699319779872894,0.8834033012390137,0.49286359548568726,0.9055932760238647,-0.10011392831802368,0.969921886920929,0.40261924266815186,0.9022080898284912,0.20514804124832153,0.8915799260139465,0.5947033762931824,0.909049928188324,-0.15253067016601562,0.9704296588897705
13,0.45265066623687744,0.29112139344215393,0.2245868593454361,0.9998248815536499,0.34277936816215515,0.35274484753608704,0.2510562539100647,0.9990633130073547,0.46215125918388367,0.33371126651763916,-0.1504794806241989,0.9999271631240845,0.3092114329338074,0.43082478642463684,0.5647843480110168,0.379818856716156,0.553653359413147,0.34678733348846436,-0.17357240617275238,0.9942724704742432,0.3707030713558197,0.4061335325241089,0.8834853172302246,0.29653558135032654,0.5783677697181702,0.3127087652683258,-0.04282672703266144,0.957703173160553,0.3839138150215149,0.3963305354118347,0.9460967183113098,0.30518007278442383,0.5911257266998291,0.3000353276729584,-0.03821249678730965,0.9356597065925598,0.39051973819732666,0.5755988955497742,0.14280711114406586,0.9981050491333008,0.44920310378074646,0.5687006115913391,-0.14339110255241394,0.9986331462860107,0.37235814332962036,0.7244111895561218,0.19564436376094818,0.7383666038513184,0.486880362033844,0.7304373979568481,-0.08720170706510544,0.9691793918609619,0.33880916237831116,0.8767710328102112,0.2213577777147293,0.8934983611106873,0.50405353307724,0.879386305809021,-0.12202399969100952,0.982218325138092,0.32071399688720703,0.9075025916099548,0.22494547069072723,0.8910905718803406,0.49285462498664856,0.9058084487915039,-0.12280339747667313,0.9715338945388794,0.40231338143348694,0.9020606279373169,0.22519850730895996,0.8897584080696106,0.5944589376449585,0.9088876247406006,-0.16480925679206848,0.9702674746513367
14,0.45043236017227173,0.2886483669281006,0.23968471586704254,0.9998371005058289,0.34252622723579407,0.3528381288051605,0.23462940752506256,0.9990728497505188,0.46754029393196106,0.33199068903923035,-0.1378631740808487,0.9999233484268188,0.2978276014328003,0.43025633692741394,0.5503508448600769,0.41665345430374146,0.5569624304771423,0.3416604697704315,-0.18855459988117218,0.9944583177566528,0.35809409618377686,0.39750632643699646,0.8610177636146545,0.2747868001461029,0.5822803974151611,0.30725541710853577,-0.10671021789312363,0.9569556713104248,0.3711971938610077,0.38664549589157104,0.9240008592605591,0.2821043133735657,0.595607340335846,0.2920430898666382,-0.10886843502521515,0.9348374009132385,0.39060720801353455,0.5762959122657776,0.13775122165679932,0.9982019662857056,0.4501098692417145,0.5699607133865356,-0.13835324347019196,0.9987210631370544,0.3697206377983093,0.7254763245582581,0.19703464210033417,0.7611419558525085,0.4869062304496765,0.7311397194862366,-0.09067884087562561,0.9715315103530884,0.338499516248703,0.8770987391471863,0.22166365385055542,0.9008551239967346,0.5040996074676514,0.8793857097625732,-0.14507323503494263,0.9833315014839172,0.32093483209609985,0.9075226783752441,0.2280966341495514,0.8992343544960022,0.4928477108478546,0.9059358239173889,-0.14789120852947235,0.9733067154884338,0.40228044986724854,0.9018832445144653,0.22954608500003815,0.8878835439682007,0.5939921140670776,0.9078019857406616,-0.1762445718050003,0.9701732397079468
15,0.44921553134918213,0.2878287136554718,0.25120386481285095,0.9998497366905212,0.3426434397697449,0.3528769612312317,0.23179744184017181,0.9990895986557007,0.46904391050338745,0.33118757605552673,-0.12925700843334198,0.9999213814735413,0.29174700379371643,0.4282711446285248,0.5449032187461853,0.4533424377441406,0.5558132529258728,0.33589863777160645,-0.1980331391096115,0.9946945309638977,0.3515939712524414,0.3863038718700409,0.8551444411277771,0.2586287558078766,0.5858402252197266,0.29848790168762207,-0.14596588909626007,0.9573356509208679,0.36493512988090515,0.3763793408870697,0.9174779653549194,0.2647312879562378,0.5998895764350891,0.28175801038742065,-0.15167976915836334,0.9356268644332886,0.3908027410507202,0.5774357914924622,0.13579678535461426,0.9983155131340027,0.45066434144973755,0.5717009902000427,-0.13638167083263397,0.9988170266151428,0.37064090371131897,0.7260696887969971,0.19762180745601654,0.7826035022735596,0.48844680190086365,0.7312132716178894,-0.0921553447842598,0.9739164710044861,0.33854028582572937,0.8770720362663269,0.22483472526073456,0.9082686305046082,0.504096508026123,0.8791821599006653,-0.16791407763957977,0.9845445156097412,0.32184505462646484,0.9071850776672363,0.22932420670986176,0.9073614478111267,0.4928256869316101,0.9059599041938782,-0.17226578295230865,0.9752097725868225,0.40225648880004883,0.9018662571907043,0.22848370671272278,0.887206494808197,0.5931586623191833,0.9066975712776184,-0.20444318652153015,0.970558762550354
16,0.44946256279945374,0.2876536250114441,0.2355661243200302,0.9998604655265808,0.3422144055366516,0.3529658317565918,0.21714361011981964,0.9991020560264587,0.4696536958217621,0.33022916316986084,-0.1406717598438263,0.9999202489852905,0.286567360162735,0.42632895708084106,0.5442600250244141,0.4876548945903778,0.5597886443138123,0.3316858112812042,-0.18247252702713013,0.9949331283569336,0.34318995475769043,0.3814884424209595,0.8424344062805176,0.2453284114599228,0.5894307494163513,0.29080522060394287,-0.10985405743122101,0.9583130478858948,0.35371413826942444,0.3713133633136749,0.9046210050582886,0.25029996037483215,0.6021142601966858,0.2728290855884552,-0.11039462685585022,0.9370595812797546,0.3903099000453949,0.5777541399002075,0.1352555900812149,0.9984186887741089,0.4512014389038086,0.57292640209198,-0.13583071529865265,0.9989047646522522,0.3714713752269745,0.726433515548706,0.19685009121894836,0.8019568920135498,0.4900665581226349,0.7311732172966003,-0.11167135089635849,0.9761573672294617,0.3385564982891083,0.8770528435707092,0.21909880638122559,0.9152436256408691,0.5041083693504333,0.878774106502533,-0.21580186486244202,0.9856972098350525,0.3218507766723633,0.9071580767631531,0.22169797122478485,0.9147570729255676,0.49281588196754456,0.905971348285675,-0.22303932905197144,0.9769288301467896,0.4028090536594391,0.9018707275390625,0.22268131375312805,0.8888006806373596,0.5921273827552795,0.9062837958335876,-0.25791484117507935,0.9714101552963257
17,0.4485276937484741,0.28697460889816284,0.2202267050743103,0.9998716115951538,0.34219321608543396,0.3526535928249359,0.22574111819267273,0.9991207122802734,0.46739643812179565,0.3278994858264923,-0.14903491735458374,0.9999205470085144,0.2805316150188446,0.4216938316822052,0.5503286719322205,0.5164808630943298,0.5587100982666016,0.3247772753238678,-0.1910993605852127,0.9951908588409424,0.3391280472278595,0.37667524814605713,0.8620685338973999,0.23287563025951385,0.5921523571014404,0.28386473655700684,-0.17184266448020935,0.9597485661506653,0.3502572178840637,0.36435210704803467,0.9254110455513,0.2368382215499878,0.6042147874832153,0.2648521959781647,-0.1779528111219406,0.9391241073608398,0.3892425298690796,0.5777273178100586,0.13612601161003113,0.9985167384147644,0.4510068893432617,0.5731573700904846,-0.13661928474903107,0.9989849328994751,0.3710789382457733,0.726441502571106,0.2014261782169342,0.819223165512085,0.49265503883361816,0.7309247255325317,-0.12317140400409698,0.9781454205513,0.33853402733802795,0.8770719170570374,0.2214260995388031,0.9212145805358887,0.5041033625602722,0.8786821961402893,-0.2216588407754898,0.9867249727249146,0.3218059837818146,0.907145082950592,0.2245217114686966,0.9211239814758301,0.49257251620292664,0.9060681462287903,-0.22842341661453247,0.9784875512123108,0.4028201699256897,0.9018466472625732,0.22987478971481323,0.8892485499382019,0.591667115688324,0.9060139060020447,-0.2662622928619385,0.9722070097923279
18,0.44668343663215637,0.2870284914970398,0.23026299476623535,0.9998776316642761,0.3410402536392212,0.3526061177253723,0.2248612642288208,0.999122679233551,0.4693801701068878,0.3268823027610779,-0.1465260088443756,0.9999165534973145,0.2757347524166107,0.4193812608718872,0.5537410974502563,0.5424854159355164,0.5623041987419128,0.3171399235725403,-0.142466738820076,0.9954428672790527,0.33017683029174805,0.3768175542354584,0.8638415336608887,0.22067278623580933,0.6001111268997192,0.2676600217819214,-0.0013301133876666427,0.9605108499526978,0.3458406329154968,0.36408549547195435,0.9273630380630493,0.22390729188919067,0.6105207204818726,0.25001251697540283,0.0066187409684062,0.939995527267456,0.3888726830482483,0.5779600739479065,0.13661707937717438,0.998600423336029,0.4513114094734192,0.5736833214759827,-0.13714991509914398,0.9990485906600952,0.3704887926578522,0.7268392443656921,0.2012455016374588,0.8351925611495972,0.493648499250412,0.7307676076889038,-0.12206855416297913,0.9799690246582031,0.33844080567359924,0.8775568604469299,0.22029465436935425,0.926733672618866,0.5040983557701111,0.8785184621810913,-0.2159334123134613,0.9875858426094055,0.32159528136253357,0.9071824550628662,0.2229592502117157,0.9270827770233154,0.49232274293899536,0.9060600399971008,-0.2215702086687088,0.979817271232605,0.402831494808197,0.9018749594688416,0.22744858264923096,0.8887268304824829,0.5908676385879517,0.905900776386261,-0.252630352973938,0.972345769405365
19,0.4466318190097809,0.2866668999195099,0.22633282840251923,0.9998825788497925,0.33909592032432556,0.3526342809200287,0.22715239226818085,0.9991240501403809,0.4695279002189636,0.3258780837059021,-0.1483522206544876,0.9999121427536011,0.2710176706314087,0.4199422299861908,0.5639320015907288,0.5656554698944092,0.5652067065238953,0.311521053314209,-0.13600297272205353,0.9956525564193726,0.3273848593235016,0.3789871335029602,0.8811882734298706,0.2070533186197281,0.6022986173629761,0.25981131196022034,0.026691937819123268,0.9608056545257568,0.3431869447231293,0.36792707443237305,0.9456167221069336,0.2097020149230957,0.6125439405441284,0.241709366440773,0.03697611764073372,0.9402230381965637,0.38863036036491394,0.5782896876335144,0.13695722818374634,0.9986764788627625,0.45187148451805115,0.5746293067932129,-0.13751965761184692,0.9991052746772766,0.3683907091617584,0.7280493378639221,0.20279496908187866,0.8502007126808167,0.4979081451892853,0.7317643761634827,-0.12086699903011322,0.9816921949386597,0.3384483754634857,0.8779997229576111,0.22209115326404572,0.932222843170166,0.5041562914848328,0.8786157965660095,-0.20957107841968536,0.9884116649627686,0.321601003408432,0.9072461128234863,0.224245086312294,0.932783305644989,0.4921145439147949,0.9062662720680237,-0.21440577507019043,0.9810434579849243,0.40282806754112244,0.9019081592559814,0.23703420162200928,0.8896439671516418,0.5908124446868896,0.9054754376411438,-0.24179545044898987,0.972581684589386
20,0.44686099886894226,0.28657808899879456,0.22458229959011078,0.9998844861984253,0.33539047837257385,0.3540298640727997,0.2270357459783554,0.9991032481193542,0.4697580933570862,0.3262355327606201,-0.14889805018901825,0.9999068975448608,0.26615485548973083,0.42010071873664856,0.5716720819473267,0.5822911858558655,0.5651319622993469,0.30687177181243896,-0.11443936079740524,0.9958599805831909,0.3258426785469055,0.3805748224258423,0.8923447728157043,0.19368939101696014,0.605172336101532,0.25014761090278625,0.0826508179306984,0.9614819884300232,0.34270334243774414,0.37019655108451843,0.956673800945282,0.19600005447864532,0.6162412762641907,0.23343607783317566,0.09660498797893524,0.9409649968147278,0.38829347491264343,0.578798770904541,0.13563580811023712,0.9987393021583557,0.45281118154525757,0.5753360390663147,-0.13627368211746216,0.9991551637649536,0.3664226233959198,0.7294099926948547,0.20316512882709503,0.863531231880188,0.5000035762786865,0.7331324219703674,-0.11993107944726944,0.9831939339637756,0.33878934383392334,0.8784472346305847,0.2230362594127655,0.9369651079177856,0.5041735172271729,0.8792634606361389,-0.2055249661207199,0.9890714287757874,0.3219955265522003,0.9072331786155701,0.22437907755374908,0.9377593398094177,0.4918845295906067,0.9069920778274536,-0.21047312021255493,0.982018232345581,0.4026159942150116,0.901816725730896,0.24050793051719666,0.8896728754043579,0.5907467603683472,0.9050768613815308,-0.23690204322338104,0.9723111987113953
21,0.4462029039859772,0.28658226132392883,0.25469738245010376,0.9998877644538879,0.3332407772541046,0.35454973578453064,0.2282920926809311,0.999099850654602,0.47254544496536255,0.3261960744857788,-0.13105764985084534,0.9999034404754639,0.26473191380500793,0.42005452513694763,0.5800238251686096,0.5952857136726379,0.5646713376045227,0.30087217688560486,-0.061363715678453445,0.9960280060768127,0.32507041096687317,0.3822373151779175,0.9022825360298157,0.18169556558132172,0.6086024045944214,0.24314936995506287,0.1829969435930252,0.9613118767738342,0.34261319041252136,0.3721614480018616,0.9682566523551941,0.18392537534236908,0.6204345226287842,0.22570569813251495,0.2050388753414154,0.9404691457748413,0.38710033893585205,0.5789628028869629,0.1351185292005539,0.9988073110580444,0.4534987211227417,0.5754510164260864,-0.13582678139209747,0.9992093443870544,0.3638403117656708,0.7295277118682861,0.20961175858974457,0.8757157325744629,0.5038172006607056,0.7329416871070862,-0.12514252960681915,0.9846083521842957,0.33880433440208435,0.8790490627288818,0.22954991459846497,0.9413492679595947,0.504351794719696,0.8794707655906677,-0.2278682291507721,0.98965984582901,0.32216787338256836,0.9075220823287964,0.23293331265449524,0.9422404170036316,0.4918442964553833,0.9071133136749268,-0.233525812625885,0.9828703999519348,0.4020202159881592,0.9015660881996155,0.25352051854133606,0.8895773887634277,0.5907265543937683,0.9048136472702026,-0.2510070502758026,0.9718357920646667
22,0.44395092129707336,0.2865891456604004,0.28368616104125977,0.9998919367790222,0.3332034647464752,0.3545982241630554,0.22945789992809296,0.9991110563278198,0.47460290789604187,0.32582852244377136,-0.11973652243614197,0.9999022483825684,0.26144155859947205,0.4203156530857086,0.5789376497268677,0.6130231618881226,0.5641651749610901,0.2961769998073578,-0.04755524918437004,0.996239423751831,0.3171194791793823,0.3827742040157318,0.8935677409172058,0.17307445406913757,0.6130300760269165,0.2350189983844757,0.1987118124961853,0.9623064994812012,0.3323941230773926,0.37296998500823975,0.9594597220420837,0.17511366307735443,0.6272435188293457,0.21718306839466095,0.2196389138698578,0.9414290189743042,0.3865269124507904,0.5789287090301514,0.13475215435028076,0.998870313167572,0.4538739025592804,0.5753438472747803,-0.1354941576719284,0.9992624521255493,0.3636821210384369,0.7295487523078918,0.20970232784748077,0.8865930438041687,0.5062364339828491,0.7328137755393982,-0.1414385735988617,0.9858942031860352,0.3388802111148834,0.879612147808075,0.23006752133369446,0.9451058506965637,0.5050340294837952,0.8798310160636902,-0.256125807762146,0.9901949763298035,0.3223348557949066,0.9078057408332825,0.23395532369613647,0.946117639541626,0.4918292462825775,0.9073241353034973,-0.26306578516960144,0.983650267124176,0.40157464146614075,0.9007626175880432,0.25083622336387634,0.8883193731307983,0.5907467603683472,0.904846727848053,-0.2855217158794403,0.9713327288627625
23,0.43591028451919556,0.2866089940071106,0.30929359793663025,0.9998976588249207,0.3323771357536316,0.35452449321746826,0.23064446449279785,0.9991331100463867,0.4759552776813507,0.3241949677467346,-0.10059495270252228,0.9999028444290161,0.2588559687137604,0.4198436737060547,0.5760432481765747,0.6300597190856934,0.5624986290931702,0.2924155294895172,-0.027448691427707672,0.9964450001716614,0.3150745928287506,0.3832184076309204,0.8937066197395325,0.16703148186206818,0.6166057586669922,0.23188342154026031,0.2092297375202179,0.9634173512458801,0.3304085433483124,0.3728531301021576,0.9608643651008606,0.1688782274723053,0.6329934597015381,0.2135237455368042,0.2297356277704239,0.9425773620605469,0.3850221633911133,0.5787829160690308,0.13292501866817474,0.998934268951416,0.4538768231868744,0.5750464797019958,-0.13371913135051727,0.9993162155151367,0.3635682165622711,0.7294613718986511,0.21752381324768066,0.8962473273277283,0.5085192322731018,0.7311996817588806,-0.16197705268859863,0.9870699644088745,0.33933091163635254,0.879603385925293,0.2311382293701172,0.948468029499054,0.5054742693901062,0.8797414302825928,-0.3031497001647949,0.9907510280609131,0.3228963017463684,0.9076567888259888,0.23483924567699432,0.9495307803153992,0.49181678891181946,0.9068995118141174,-0.31257277727127075,0.9844392538070679,0.4011395573616028,0.9005441665649414,0.25089672207832336,0.8872725367546082,0.5907097458839417,0.9059445261955261,-0.3366062343120575,0.9714771509170532
24,0.43067002296447754,0.28676265478134155,0.33647117018699646,0.9999038577079773,0.3293895423412323,0.3539568781852722,0.2312304973602295,0.9991655349731445,0.4763369560241699,0.32157379388809204,-0.07662282884120941,0.999905526638031,0.2524796724319458,0.4198590815067291,0.5738822817802429,0.64671391248703,0.5612867474555969,0.28852516412734985,-0.00033131486270576715,0.9966444969177246,0.31339842081069946,0.3807235360145569,0.8943411707878113,0.16274014115333557,0.6201074123382568,0.22856774926185608,0.23674491047859192,0.9643748998641968,0.32883208990097046,0.3688003122806549,0.9624166488647461,0.16445960104465485,0.6379537582397461,0.210195854306221,0.25994375348091125,0.9435219764709473,0.3843015432357788,0.5777977705001831,0.1294611692428589,0.9990003108978271,0.45459139347076416,0.5737423300743103,-0.13032996654510498,0.9993699789047241,0.3635885417461395,0.7288755178451538,0.22947080433368683,0.9049250483512878,0.5103810429573059,0.7288354635238647,-0.1684359610080719,0.988136351108551,0.33964550495147705,0.8784639239311218,0.2311624139547348,0.9517050385475159,0.5058079957962036,0.879627525806427,-0.33712533116340637,0.9913116693496704,0.3237575888633728,0.9063945412635803,0.23480261862277985,0.9527385234832764,0.49180930852890015,0.9063433408737183,-0.3491111993789673,0.9852271676063538,0.4003809988498688,0.8999722599983215,0.25026246905326843,0.8879714012145996,0.5907042026519775,0.9070669412612915,-0.3729490637779236,0.9720472097396851
25,0.4312371611595154,0.2867903709411621,0.3300219178199768,0.9999106526374817,0.3255966007709503,0.3539355397224426,0.2321760654449463,0.999192476272583,0.4756578207015991,0.32035666704177856,-0.08331666886806488,0.9999082684516907,0.2475913017988205,0.4199727475643158,0.5789612531661987,0.6656471490859985,0.5604426860809326,0.2849060595035553,-0.025776127353310585,0.9968161582946777,0.30748888850212097,0.3767615556716919,0.9086848497390747,0.16090939939022064,0.6236962676048279,0.22601769864559174,0.18825213611125946,0.9655097126960754,0.3233405351638794,0.3615741431713104,0.9770047664642334,0.16224123537540436,0.6428214311599731,0.2069912552833557,0.20765778422355652,0.9449384212493896,0.38414111733436584,0.5775120258331299,0.12981180846691132,0.9990558624267578,0.45554667711257935,0.5733168721199036,-0.13066251575946808,0.9994163513183594,0.36349448561668396,0.7288346290588379,0.23157383501529694,0.9132448434829712,0.5131595134735107,0.7284836769104004,-0.16912062466144562,0.989136815071106,0.33969807624816895,0.8782864809036255,0.23781538009643555,0.9548988342285156,0.5067681670188904,0.8794078230857849,-0.32313472032546997,0.9918662905693054,0.3239581882953644,0.9062550663948059,0.24178022146224976,0.9559634923934937,0.4920152425765991,0.9055432677268982,-0.3330490291118622,0.9860559701919556,0.3999304473400116,0.8999794721603394,0.2617490589618683,0.888170599937439,0.5907000303268433,0.9088106751441956,-0.35442277789115906,0.9724867343902588
26,0.43056851625442505,0.2874740660190582,0.31959083676338196,0.9999181032180786,0.32222816348075867,0.3541924059391022,0.22388526797294617,0.9992313385009766,0.4750979542732239,0.31987327337265015,-0.0908677875995636,0.999912440776825,0.2433173656463623,0.4204944372177124,0.5743351578712463,0.6876653432846069,0.5602003931999207,0.2825008034706116,-0.03526809439063072,0.9969785809516907,0.3014099597930908,0.37214142084121704,0.9024138450622559,0.16566342115402222,0.6261875033378601,0.22387059032917023,0.17559078335762024,0.9665639400482178,0.3165082037448883,0.3554985821247101,0.9714221954345703,0.16594626009464264,0.6461278796195984,0.20443589985370636,0.19555996358394623,0.9462817907333374,0.38404056429862976,0.5774184465408325,0.13022054731845856,0.999113917350769,0.4562458097934723,0.5730974674224854,-0.131049245595932,0.9994608759880066,0.36287054419517517,0.7282818555831909,0.2376394122838974,0.9208507537841797,0.5181644558906555,0.7248170971870422,-0.1804884374141693,0.9900770783424377,0.33970487117767334,0.8776257038116455,0.23277069628238678,0.9579432606697083,0.5074384808540344,0.8787036538124084,-0.35052490234375,0.9924224019050598,0.32398784160614014,0.9060158133506775,0.23541370034217834,0.9590690732002258,0.4921553134918213,0.9039971232414246,-0.3610161542892456,0.9868929386138916,0.39710089564323425,0.899985671043396,0.2572895884513855,0.8895584940910339,0.5904626846313477,0.9107558727264404,-0.37350326776504517,0.9732853174209595
27,0.4302823543548584,0.2889072597026825,0.30521366000175476,0.999925434589386,0.3182986080646515,0.35637956857681274,0.20596010982990265,0.9992774724960327,0.4748997688293457,0.3192002773284912,-0.1033635213971138,0.999918520450592,0.23484794795513153,0.42489656805992126,0.5463396310806274,0.7124025821685791,0.559647798538208,0.27449923753738403,-0.050499048084020615,0.9971606135368347,0.2910802364349365,0.3701010048389435,0.8879537582397461,0.1875908374786377,0.6302207112312317,0.21696870028972626,0.12592388689517975,0.9683557748794556,0.3041002154350281,0.35005542635917664,0.9578191637992859,0.18523141741752625,0.6520686149597168,0.19874265789985657,0.14167797565460205,0.9489192366600037,0.38408613204956055,0.5773867964744568,0.13135641813278198,0.999173641204834,0.458871454000473,0.572902262210846,-0.1322353482246399,0.9995051622390747,0.3620002269744873,0.7276113629341125,0.2768169641494751,0.9278110861778259,0.5234608054161072,0.720674455165863,-0.19963760673999786,0.9909598231315613,0.33951637148857117,0.877280592918396,0.24370485544204712,0.9610821008682251,0.5092263221740723,0.8777357339859009,-0.40666356682777405,0.9930118322372437,0.32376208901405334,0.9059494137763977,0.24399621784687042,0.9622024893760681,0.4929668605327606,0.900662899017334,-0.4208388328552246,0.987806499004364,0.3959866762161255,0.8999839425086975,0.2689145803451538,0.8933872580528259,0.5904496908187866,0.9114471077919006,-0.43706268072128296,0.974676251411438
28,0.43075859546661377,0.29090234637260437,0.30206209421157837,0.9999318718910217,0.316339373588562,0.35822489857673645,0.19619208574295044,0.9993181824684143,0.47456496953964233,0.31913501024246216,-0.11525242775678635,0.9999237656593323,0.23252251744270325,0.42740893363952637,0.530022382736206,0.7348429560661316,0.5593380928039551,0.2736962139606476,-0.07326915115118027,0.9973292946815491,0.28771212697029114,0.3693971335887909,0.8663289546966553,0.21081219613552094,0.6307092905044556,0.2159791886806488,0.09194469451904297,0.9700326919555664,0.2997521758079529,0.3481229245662689,0.933302104473114,0.20557281374931335,0.6531502604484558,0.19738346338272095,0.1047888919711113,0.951370120048523,0.3842485249042511,0.5773730278015137,0.13192075490951538,0.9992239475250244,0.4600220024585724,0.5727332234382629,-0.13280662894248962,0.9995434284210205,0.361478328704834,0.7267737984657288,0.2746451497077942,0.9339520335197449,0.5246732831001282,0.7180204391479492,-0.20385649800300598,0.9917404651641846,0.33922916650772095,0.8771212100982666,0.24784433841705322,0.9637756943702698,0.5106267929077148,0.8767297863960266,-0.40146127343177795,0.9935169219970703,0.3233632445335388,0.9059451222419739,0.24803347885608673,0.9648923277854919,0.49385467171669006,0.898176908493042,-0.41475263237953186,0.9885768890380859,0.3958984315395355,0.9000372886657715,0.27089083194732666,0.8964534401893616,0.5904619097709656,0.912205696105957,-0.4327620565891266,0.9758114218711853
29,0.43130558729171753,0.2922215163707733,0.27675315737724304,0.9999380707740784,0.3154112696647644,0.3593088388442993,0.20102901756763458,0.9993637204170227,0.4731050133705139,0.31932464241981506,-0.13447417318820953,0.9999293088912964,0.2309015691280365,0.42837122082710266,0.5366871953010559,0.7565340399742126,0.5587049722671509,0.2716647684574127,-0.1216452568769455,0.997519314289093,0.2849082052707672,0.36854618787765503,0.8672571182250977,0.23860925436019897,0.6324782967567444,0.2141043245792389,0.021791500970721245,0.9721078276634216,0.29636821150779724,0.3465011417865753,0.9335731863975525,0.2297808676958084,0.6552486419677734,0.196682870388031,0.029022447764873505,0.9544782638549805,0.38432565331459045,0.577350914478302,0.1375967562198639,0.9992755055427551,0.4605090022087097,0.5724518299102783,-0.13845396041870117,0.9995798468589783,0.36122778058052063,0.7260587811470032,0.28481003642082214,0.9397744536399841,0.5274903178215027,0.7154564261436462,-0.21762581169605255,0.9924777150154114,0.3389665484428406,0.8769563436508179,0.2527855634689331,0.9664679169654846,0.512010395526886,0.8756082057952881,-0.422127902507782,0.9940325617790222,0.3229946792125702,0.9059252142906189,0.25242504477500916,0.9675589799880981,0.49465909600257874,0.8963960409164429,-0.43552494049072266,0.9894089102745056,0.39596471190452576,0.9000688791275024,0.2768034338951111,0.9002358317375183,0.5905603170394897,0.9122563004493713,-0.44960668683052063,0.9772395491600037
30,0.43167844414711,0.2929781973361969,0.2829964756965637,0.9999437928199768,0.3147132992744446,0.36032310128211975,0.20341292023658752,0.9994092583656311,0.4719957709312439,0.3194495141506195,-0.12268604338169098,0.9999346733093262,0.2296985387802124,0.4290865957736969,0.5374937057495117,0.776250958442688,0.5571742653846741,0.2702174782752991,-0.11252178251743317,0.9976959228515625,0.2821671962738037,0.36828184127807617,0.8770526051521301,0.2634862959384918,0.6321070194244385,0.21335773169994354,0.027003422379493713,0.9740606546401978,0.29264673590660095,0.34677454829216003,0.9454340934753418,0.25064748525619507,0.656683087348938,0.1971888691186905,0.034216612577438354,0.9574069976806641,0.38438665866851807,0.5772057771682739,0.13908475637435913,0.9993286728858948,0.46111422777175903,0.5717155337333679,-0.1399795114994049,0.9996148347854614,0.3610821068286896,0.7251707315444946,0.28430601954460144,0.9448056221008301,0.5288282632827759,0.7138691544532776,-0.22192896902561188,0.9931322932243347,0.3384716808795929,0.8764883279800415,0.22262832522392273,0.9688810706138611,0.513826847076416,0.8748391270637512,-0.4691148102283478,0.9945064187049866,0.32257136702537537,0.9057925343513489,0.2179190218448639,0.969982385635376,0.4960426390171051,0.8953325152397156,-0.4864349067211151,0.9901847243309021,0.39601463079452515,0.9002656936645508,0.24074408411979675,0.9047841429710388,0.5907435417175293,0.9124284386634827,-0.5022656917572021,0.978741466999054
31,0.43192046880722046,0.2932073771953583,0.2884274423122406,0.9999489784240723,0.31433966755867004,0.3617708384990692,0.21115007996559143,0.9994516968727112,0.47047409415245056,0.31954526901245117,-0.11254030466079712,0.9999395608901978,0.2287142276763916,0.4295639097690582,0.5424405932426453,0.7945526838302612,0.5563964247703552,0.26925575733184814,-0.11037461459636688,0.9978653788566589,0.2806193232536316,0.3675811290740967,0.8863710165023804,0.28785598278045654,0.6324466466903687,0.21172861754894257,0.010676030069589615,0.9759413599967957,0.28981778025627136,0.3466503322124481,0.9563792943954468,0.2706215977668762,0.6581324338912964,0.19624564051628113,0.01680242456495762,0.9602326154708862,0.3845944404602051,0.5771009922027588,0.1392117738723755,0.9993775486946106,0.462047815322876,0.5709694027900696,-0.14011381566524506,0.9996464252471924,0.36092880368232727,0.7242756485939026,0.28802797198295593,0.9493131637573242,0.5297169089317322,0.7133835554122925,-0.2176000326871872,0.9937060475349426,0.33785951137542725,0.8763447999954224,0.19933822751045227,0.9710577130317688,0.5152959823608398,0.8739920854568481,-0.4897032380104065,0.9949309825897217,0.3223513662815094,0.9057862162590027,0.19246156513690948,0.9721880555152893,0.4969833195209503,0.894529402256012,-0.509389340877533,0.9908888936042786,0.39604729413986206,0.9003828167915344,0.21365229785442352,0.9091898202896118,0.5914649367332458,0.9124718308448792,-0.5255371928215027,0.9801416397094727
32,0.43205133080482483,0.2934207022190094,0.3021053671836853,0.9999535083770752,0.3140408992767334,0.36335289478302,0.2167198210954666,0.9994892477989197,0.4698444902896881,0.31965869665145874,-0.10441306978464127,0.9999437928199768,0.22690652310848236,0.43036726117134094,0.5440037846565247,0.8111701607704163,0.5559232234954834,0.2683308720588684,-0.10954029858112335,0.998020350933075,0.27839410305023193,0.3674256503582001,0.8841444849967957,0.3120410740375519,0.6336424946784973,0.21093617379665375,-0.0021559344604611397,0.9776912331581116,0.2864619493484497,0.3468188941478729,0.9543586373329163,0.29006102681159973,0.6598153710365295,0.19554126262664795,0.002323219319805503,0.9628519415855408,0.3852273225784302,0.5767778754234314,0.13915207982063293,0.9994208812713623,0.4631773829460144,0.5697646737098694,-0.14004799723625183,0.999674379825592,0.36097607016563416,0.7236952781677246,0.2891395390033722,0.9529812932014465,0.5303907990455627,0.71348637342453,-0.21526266634464264,0.9941692352294922,0.33756223320961,0.8763738870620728,0.18562325835227966,0.9728158116340637,0.5165290832519531,0.8729773163795471,-0.5057557225227356,0.9952769875526428,0.32222551107406616,0.9059334397315979,0.17748717963695526,0.9740127325057983,0.498094379901886,0.8935853242874146,-0.5276031494140625,0.991454541683197,0.3960059881210327,0.9007812142372131,0.19267942011356354,0.9127992391586304,0.5919812917709351,0.9124305248260498,-0.5501763224601746,0.9813162684440613
33,0.43101003766059875,0.2933488190174103,0.3116823434829712,0.9999576210975647,0.3146893382072449,0.36527374386787415,0.21763914823532104,0.9995227456092834,0.4697645604610443,0.3197023868560791,-0.09924318641424179,0.9999476075172424,0.22647622227668762,0.4307250678539276,0.538550078868866,0.8265876770019531,0.5558459758758545,0.26639506220817566,-0.10769088566303253,0.9981678128242493,0.27662980556488037,0.36668306589126587,0.8671739101409912,0.33808019757270813,0.6353490948677063,0.2103995978832245,-0.001373519073240459,0.9792941808700562,0.2830083966255188,0.3464987874031067,0.9339330196380615,0.31160783767700195,0.6609288454055786,0.19510361552238464,0.0016733374213799834,0.96523517370224,0.3865113854408264,0.5763956904411316,0.13910222053527832,0.9994598627090454,0.4644790589809418,0.5684953331947327,-0.13999395072460175,0.9996997714042664,0.36103641986846924,0.7232541441917419,0.2894301414489746,0.9560093283653259,0.5302629470825195,0.713666558265686,-0.21940173208713531,0.9945929050445557,0.33753788471221924,0.8762887120246887,0.18751364946365356,0.9742924571037292,0.5185908079147339,0.8719279766082764,-0.5113920569419861,0.9955968260765076,0.3222188353538513,0.905911386013031,0.17980189621448517,0.9756155014038086,0.5000329613685608,0.892806351184845,-0.5333330631256104,0.9919922351837158,0.39603009819984436,0.9009630680084229,0.19231732189655304,0.9158509373664856,0.593650758266449,0.9124127626419067,-0.5599060654640198,0.9824105501174927
34,0.43114742636680603,0.2933144271373749,0.3054245710372925,0.9999613761901855,0.31509947776794434,0.36670827865600586,0.21511368453502655,0.9995518326759338,0.46960777044296265,0.319824755191803,-0.10744431614875793,0.9999509453773499,0.22622166574001312,0.4310629367828369,0.5334601998329163,0.8410218358039856,0.5557586550712585,0.2656574845314026,-0.13757531344890594,0.9982994794845581,0.2746203541755676,0.36683031916618347,0.8630953431129456,0.36001089215278625,0.6367199420928955,0.20984844863414764,-0.061234548687934875,0.9807743430137634,0.2798026502132416,0.3468640148639679,0.929919421672821,0.3287000358104706,0.6622850298881531,0.1948009878396988,-0.06281290203332901,0.9674633741378784,0.3874185085296631,0.5763212442398071,0.13939380645751953,0.9994937777519226,0.46546459197998047,0.5678550601005554,-0.14027708768844604,0.9997223615646362,0.36116424202919006,0.7229072451591492,0.29648101329803467,0.959151029586792,0.5311845541000366,0.7138481140136719,-0.21938291192054749,0.9949977397918701,0.33756083250045776,0.8761489391326904,0.19231712818145752,0.97581547498703,0.5210264325141907,0.8717367649078369,-0.4977549612522125,0.9959045648574829,0.32234108448028564,0.9058145880699158,0.18921056389808655,0.9771586656570435,0.5025002360343933,0.8928977847099304,-0.5184667706489563,0.9924993515014648,0.3960492014884949,0.9010193943977356,0.2024422585964203,0.9190486073493958,0.5968266129493713,0.9122766256332397,-0.5423740148544312,0.9834771752357483
35,0.4311804175376892,0.29327788949012756,0.2652442753314972,0.9999647736549377,0.31540176272392273,0.3674198389053345,0.20425216853618622,0.9995746612548828,0.46935683488845825,0.3201942443847656,-0.1340627372264862,0.9999538660049438,0.22532962262630463,0.43227577209472656,0.5241804122924805,0.8540968894958496,0.555732250213623,0.26523956656455994,-0.19400379061698914,0.9984167814254761,0.2716047167778015,0.36710360646247864,0.8582152724266052,0.378669410943985,0.6386319398880005,0.20922496914863586,-0.161294087767601,0.9821479916572571,0.2768740952014923,0.347390353679657,0.9252342581748962,0.3428203761577606,0.6640321612358093,0.19441872835159302,-0.17012116312980652,0.9695748686790466,0.38885822892189026,0.5763077735900879,0.14004047214984894,0.9995214939117432,0.46648108959198,0.5677099227905273,-0.14089809358119965,0.9997420310974121,0.36132076382637024,0.722787618637085,0.3044840693473816,0.9621509313583374,0.5326235294342041,0.7140471935272217,-0.2173331379890442,0.9953656792640686,0.33759602904319763,0.8760436177253723,0.21777670085430145,0.9772928357124329,0.5229637622833252,0.8717606067657471,-0.48555317521095276,0.9961898922920227,0.32252517342567444,0.9057546257972717,0.21215565502643585,0.978625476360321,0.5048293471336365,0.8931466341018677,-0.5057008862495422,0.9929687976837158,0.396119624376297,0.9011354446411133,0.2264285683631897,0.9222409725189209,0.6006259322166443,0.9120065569877625,-0.5304049253463745,0.9844650626182556
36,0.43172845244407654,0.29309073090553284,0.23471345007419586,0.9999678730964661,0.3159003257751465,0.36795300245285034,0.18843981623649597,0.9995970726013184,0.4694158732891083,0.3203011453151703,-0.15826350450515747,0.9999566078186035,0.22619295120239258,0.43258631229400635,0.5001956820487976,0.8664088845252991,0.556735634803772,0.2652701139450073,-0.24679741263389587,0.9985333681106567,0.2675837576389313,0.3679488003253937,0.8195185661315918,0.3997209966182709,0.6422781348228455,0.20883996784687042,-0.2620536983013153,0.9835155010223389,0.2743598520755768,0.347738653421402,0.8834847807884216,0.3591560423374176,0.6673764586448669,0.1941898912191391,-0.2801705598831177,0.9717179536819458,0.389990895986557,0.5762321352958679,0.14133164286613464,0.999546229839325,0.4671304523944855,0.5675590634346008,-0.14214245975017548,0.9997599124908447,0.3614332377910614,0.7224334478378296,0.314284086227417,0.9648692607879639,0.5338120460510254,0.7140825986862183,-0.21553561091423035,0.9957076907157898,0.3376316726207733,0.8756281137466431,0.24448317289352417,0.978687584400177,0.5245645046234131,0.8724083304405212,-0.47502240538597107,0.996458888053894,0.3227197229862213,0.9055519700050354,0.23875516653060913,0.9799925684928894,0.5066924691200256,0.8947411775588989,-0.49478745460510254,0.9934102296829224,0.39631205797195435,0.9011965394020081,0.25100773572921753,0.9256720542907715,0.6036984920501709,0.9119398593902588,-0.5224801898002625,0.9854415655136108
37,0.4318159818649292,0.29307931661605835,0.2374422550201416,0.9999707937240601,0.3172224462032318,0.36853131651878357,0.18638086318969727,0.9996222853660583,0.47016841173171997,0.32034602761268616,-0.15476630628108978,0.9999594688415527,0.22701974213123322,0.43250229954719543,0.5036922693252563,0.8777296543121338,0.5585890412330627,0.26505497097969055,-0.21121299266815186,0.9986472129821777,0.26640406250953674,0.3683710992336273,0.827789843082428,0.424983412027359,0.6477230787277222,0.20814689993858337,-0.17862246930599213,0.9847992062568665,0.2727005183696747,0.348026305437088,0.8930474519729614,0.3803316354751587,0.6726083159446716,0.19320057332515717,-0.19021831452846527,0.9737213253974915,0.3913021385669708,0.5761774182319641,0.14140470325946808,0.9995740056037903,0.46793267130851746,0.5674295425415039,-0.1422204077243805,0.9997777938842773,0.36155492067337036,0.7220511436462402,0.32934504747390747,0.967357873916626,0.5343849062919617,0.7142313718795776,-0.21585935354232788,0.9960272908210754,0.33769723773002625,0.8748881816864014,0.24617533385753632,0.9800293445587158,0.5256599187850952,0.8728744387626648,-0.49554532766342163,0.9967124462127686,0.3228824734687805,0.9051419496536255,0.23927029967308044,0.981285572052002,0.5077977180480957,0.8961520791053772,-0.5176390409469604,0.9938256144523621,0.39632996916770935,0.9012040495872498,0.2522487938404083,0.9293395280838013,0.6052048802375793,0.9119018912315369,-0.5464279651641846,0.9864132404327393
38,0.4323881268501282,0.2928501069545746,0.2297246754169464,0.9999733567237854,0.31884485483169556,0.36908411979675293,0.18293435871601105,0.9996427893638611,0.4716057777404785,0.3203875720500946,-0.16341173648834229,0.9999617338180542,0.2270839810371399,0.4324597120285034,0.502224326133728,0.8880972266197205,0.5592589974403381,0.26552605628967285,-0.22029203176498413,0.998744547367096,0.2649708688259125,0.369509220123291,0.8266271948814392,0.4494667053222656,0.6493118405342102,0.20834045112133026,-0.18932217359542847,0.9859452843666077,0.2705034017562866,0.34837526082992554,0.8922901749610901,0.40116268396377563,0.6743611097335815,0.19337782263755798,-0.2020137459039688,0.9755282402038574,0.3929317593574524,0.5762869715690613,0.1414840668439865,0.9995965361595154,0.46936386823654175,0.5676388740539551,-0.1423015594482422,0.9997926950454712,0.3617360591888428,0.7219847440719604,0.32480525970458984,0.969908595085144,0.5361712574958801,0.7149568796157837,-0.21540239453315735,0.9963292479515076,0.3377017378807068,0.8743806481361389,0.24854376912117004,0.9813039898872375,0.5256829857826233,0.8738231062889099,-0.4813136160373688,0.9969402551651001,0.322857141494751,0.9050515294075012,0.24204161763191223,0.9824985265731812,0.5077922344207764,0.8981859087944031,-0.5014211535453796,0.99420166015625,0.39613473415374756,0.9011245965957642,0.2556856870651245,0.932470977306366,0.6052842140197754,0.9118569493293762,-0.5280103087425232,0.9872248768806458
39,0.43501096963882446,0.2924658954143524,0.22445641458034515,0.9999756217002869,0.3212150037288666,0.36944568157196045,0.17943260073661804,0.9996591210365295,0.4745446443557739,0.32042017579078674,-0.16692091524600983,0.9999635219573975,0.22860044240951538,0.43219220638275146,0.5022369027137756,0.897017776966095,0.5605953335762024,0.26570454239845276,-0.21066120266914368,0.998827338218689,0.264861524105072,0.370559424161911,0.8286739587783813,0.47074615955352783,0.6502716541290283,0.20862291753292084,-0.1588459461927414,0.986923336982727,0.2700388431549072,0.34842449426651,0.8948045969009399,0.4195631444454193,0.6753367185592651,0.1937238872051239,-0.1683608591556549,0.9770626425743103,0.39470842480659485,0.5763739347457886,0.1414804905653,0.9996160864830017,0.470594584941864,0.5680580735206604,-0.14229948818683624,0.9998054504394531,0.36211833357810974,0.721964418888092,0.3185597062110901,0.972098171710968,0.5371147990226746,0.7158514261245728,-0.21269263327121735,0.9965857267379761,0.3377108573913574,0.8739175200462341,0.2449694275856018,0.9823522567749023,0.5255754590034485,0.8740882277488708,-0.4784132242202759,0.9971289038658142,0.3228243589401245,0.9048944711685181,0.2388889342546463,0.983540952205658,0.507569432258606,0.8988290429115295,-0.49961432814598083,0.9945159554481506,0.39423638582229614,0.9011222124099731,0.25258970260620117,0.9348751306533813,0.6053991913795471,0.9118310213088989,-0.523070216178894,0.9878787398338318
40,0.4408196806907654,0.29236578941345215,0.21718533337116241,0.9999776482582092,0.3241198658943176,0.3693667948246002,0.18354128301143646,0.9996724724769592,0.47693049907684326,0.3204464316368103,-0.16847752034664154,0.9999648928642273,0.23126067221164703,0.43181028962135315,0.5065582394599915,0.9050090312957764,0.5626209378242493,0.26592326164245605,-0.2199704796075821,0.9989013671875,0.2654808461666107,0.3709731101989746,0.8328847885131836,0.49070534110069275,0.6537933349609375,0.20869939029216766,-0.1784028708934784,0.9878255128860474,0.27085405588150024,0.3485831618309021,0.8990108966827393,0.4368561804294586,0.6780169010162354,0.19395186007022858,-0.1893826723098755,0.9785033464431763,0.3961420953273773,0.5763075351715088,0.14215640723705292,0.9996297955513,0.47143200039863586,0.5680633187294006,-0.14297142624855042,0.9998151063919067,0.3630543649196625,0.721894383430481,0.3151800036430359,0.9740492701530457,0.5382308959960938,0.7158945202827454,-0.21194323897361755,0.9968091249465942,0.3377089500427246,0.8736510872840881,0.24479979276657104,0.983199417591095,0.525432825088501,0.8740983009338379,-0.4560612738132477,0.9972829222679138,0.322600781917572,0.9048164486885071,0.2393685132265091,0.9844074845314026,0.5073793530464172,0.8989090323448181,-0.47447505593299866,0.9947781562805176,0.39348095655441284,0.9011213779449463,0.2531494200229645,0.9365388751029968,0.6054459810256958,0.9118596911430359,-0.5009104013442993,0.9883900284767151
41,0.4459740221500397,0.29158931970596313,0.19894050061702728,0.9999794960021973,0.32718759775161743,0.3692843019962311,0.18593059480190277,0.9996820688247681,0.47864529490470886,0.3204948604106903,-0.17481637001037598,0.9999662041664124,0.23461446166038513,0.4308231770992279,0.51559978723526,0.911932647228241,0.5647629499435425,0.2661030888557434,-0.23068833351135254,0.998971164226532,0.2663320302963257,0.37097570300102234,0.8534108996391296,0.5077844858169556,0.6573301553726196,0.20864665508270264,-0.18649961054325104,0.9886724352836609,0.2716432213783264,0.3482670783996582,0.921640932559967,0.4513489007949829,0.6820498108863831,0.19378238916397095,-0.1965472400188446,0.9798535108566284,0.39827287197113037,0.5762295722961426,0.14367574453353882,0.9996397495269775,0.47307005524635315,0.5680201053619385,-0.1445019543170929,0.9998233914375305,0.3645276129245758,0.7214941382408142,0.31274378299713135,0.9757248759269714,0.5404139757156372,0.7157966494560242,-0.21149753034114838,0.9969962239265442,0.3376885652542114,0.8729891777038574,0.24546028673648834,0.9838669896125793,0.5253316760063171,0.8741046190261841,-0.45440900325775146,0.9974146485328674,0.32236719131469727,0.9044105410575867,0.24036364257335663,0.9851062297821045,0.5072852373123169,0.8990857005119324,-0.4726599156856537,0.9950132966041565,0.39312005043029785,0.9011138677597046,0.253745436668396,0.9378229379653931,0.6055709719657898,0.9118596911430359,-0.4998358190059662,0.9888748526573181
42,0.4481547772884369,0.29109641909599304,0.17598465085029602,0.9999810457229614,0.33050909638404846,0.3692447543144226,0.18030674755573273,0.9996889233589172,0.48109346628189087,0.32064980268478394,-0.1887822449207306,0.9999669194221497,0.2387118637561798,0.43001872301101685,0.5147091150283813,0.918053388595581,0.5669518113136292,0.2662421762943268,-0.2309068739414215,0.9990294575691223,0.2669459879398346,0.3708576261997223,0.8529931306838989,0.5228689312934875,0.6604037284851074,0.20878785848617554,-0.166512593626976,0.9893659949302673,0.27242472767829895,0.34804314374923706,0.9209674000740051,0.4639138877391815,0.6855150461196899,0.19394035637378693,-0.17475338280200958,0.9809273481369019,0.39972448348999023,0.5762636065483093,0.14483079314231873,0.9996490478515625,0.4748663306236267,0.5681955814361572,-0.14566218852996826,0.9998302459716797,0.36606645584106445,0.72133469581604,0.3075316250324249,0.9772459268569946,0.5433862209320068,0.7155709862709045,-0.2131127119064331,0.9971718192100525,0.3376542925834656,0.8727735280990601,0.24490270018577576,0.984470546245575,0.5252903699874878,0.8741134405136108,-0.44685450196266174,0.9975307583808899,0.32217586040496826,0.9041695594787598,0.24010176956653595,0.9857205152511597,0.5072453022003174,0.899141252040863,-0.46391215920448303,0.9952191114425659,0.3930789828300476,0.9011375308036804,0.25294581055641174,0.9391096830368042,0.6059335470199585,0.9117466807365417,-0.49050602316856384,0.9893302917480469
43,0.4500234127044678,0.2910606265068054,0.17925596237182617,0.9999823570251465,0.3338164985179901,0.3692264258861542,0.17670838534832,0.999695897102356,0.4838343560695648,0.3210260570049286,-0.18713532388210297,0.9999675750732422,0.24207593500614166,0.4291611313819885,0.5135849118232727,0.9232957363128662,0.570250391960144,0.26630765199661255,-0.22007568180561066,0.999078631401062,0.26734763383865356,0.3704250752925873,0.8526443839073181,0.5374703407287598,0.6646072864532471,0.20884910225868225,-0.1376917064189911,0.9899348020553589,0.2729661464691162,0.3474312424659729,0.9204290509223938,0.477141797542572,0.6902440786361694,0.1939944475889206,-0.14173412322998047,0.9817991256713867,0.4017564654350281,0.5763442516326904,0.1450563222169876,0.9996591210365295,0.47705331444740295,0.5687337517738342,-0.14590252935886383,0.9998373985290527,0.3684913218021393,0.721138596534729,0.3055481016635895,0.9785033464431763,0.5455859899520874,0.7154658436775208,-0.2136106640100479,0.997318685054779,0.33765777945518494,0.8721820116043091,0.24451705813407898,0.9849621653556824,0.5252431035041809,0.8741556406021118,-0.4454016089439392,0.9976273775100708,0.3221644461154938,0.9034361839294434,0.23991316556930542,0.9862375855445862,0.5072499513626099,0.8992910385131836,-0.46241113543510437,0.995395302772522,0.39305609464645386,0.9011397957801819,0.2524517774581909,0.9401512145996094,0.6058801412582397,0.9117172360420227,-0.48896780610084534,0.9897041916847229
44,0.450966477394104,0.29149335622787476,0.1939951628446579,0.9999833703041077,0.3359873592853546,0.3692367672920227,0.17910076677799225,0.999699056148529,0.48703423142433167,0.3219592869281769,-0.18250830471515656,0.9999681711196899,0.2455991804599762,0.42822691798210144,0.5161497592926025,0.9270767569541931,0.5733108520507812,0.26724502444267273,-0.20210225880146027,0.999117910861969,0.2683742642402649,0.37042009830474854,0.860020101070404,0.5496671199798584,0.6681623458862305,0.20890700817108154,-0.10183613747358322,0.9904530644416809,0.2733701467514038,0.3474067151546478,0.9277777075767517,0.4890422523021698,0.6939126253128052,0.19406506419181824,-0.10528747737407684,0.982612669467926,0.4044375419616699,0.5773565769195557,0.14501509070396423,0.999667227268219,0.48179516196250916,0.5703346729278564,-0.14586655795574188,0.9998440146446228,0.3712889552116394,0.720991849899292,0.30079394578933716,0.9792013764381409,0.5474961400032043,0.7156252861022949,-0.21881377696990967,0.997411847114563,0.33777618408203125,0.8717390894889832,0.2333993762731552,0.9851429462432861,0.5253637433052063,0.8743311166763306,-0.46500343084335327,0.9976857900619507,0.3222220838069916,0.902631938457489,0.2276361733675003,0.9864853024482727,0.5075064301490784,0.8993077874183655,-0.48419731855392456,0.9954844117164612,0.3949531614780426,0.9011756777763367,0.23378901183605194,0.9409656524658203,0.6058606505393982,0.9117218255996704,-0.5154010653495789,0.9900090098381042
45,0.4528111517429352,0.29183489084243774,0.19937318563461304,0.9999843835830688,0.3384452760219574,0.36931177973747253,0.1856764853000641,0.9997014403343201,0.4898844063282013,0.32278186082839966,-0.1786489188671112,0.9999688267707825,0.24965542554855347,0.42753365635871887,0.5290095806121826,0.9297735095024109,0.5754154920578003,0.2692395746707916,-0.19991479814052582,0.9991551041603088,0.2709735035896301,0.3703874945640564,0.8737331628799438,0.5605617165565491,0.6714799404144287,0.2092144787311554,-0.1024966835975647,0.9909817576408386,0.27417176961898804,0.34732934832572937,0.941924512386322,0.5002714395523071,0.6975324153900146,0.1943870335817337,-0.10667657107114792,0.9834815859794617,0.4076465666294098,0.5782654881477356,0.1451166421175003,0.9996724724769592,0.48604288697242737,0.5715942978858948,-0.14597110450267792,0.9998489618301392,0.37322762608528137,0.7206270694732666,0.30137982964515686,0.9796883463859558,0.550410807132721,0.7160726189613342,-0.21805539727210999,0.9974833726882935,0.3377644121646881,0.8713371157646179,0.23350749909877777,0.9852386713027954,0.5254937410354614,0.8745927214622498,-0.4645572602748871,0.9977362155914307,0.322224885225296,0.9014915823936462,0.22763963043689728,0.986676812171936,0.5076507925987244,0.8993821144104004,-0.4838081896305084,0.9955663681030273,0.39539745450019836,0.9011327624320984,0.23386049270629883,0.9418268203735352,0.6059888601303101,0.911827802658081,-0.5152741074562073,0.9903141260147095
46,0.45495304465293884,0.29234322905540466,0.23973846435546875,0.9999852180480957,0.3412175178527832,0.369436115026474,0.20231804251670837,0.9997081160545349,0.49325260519981384,0.3233717381954193,-0.1436730921268463,0.999969482421875,0.2525530755519867,0.4271713197231293,0.5411882996559143,0.9314184188842773,0.5790867805480957,0.26965969800949097,-0.14634238183498383,0.999187171459198,0.27465108036994934,0.37012824416160583,0.8790347576141357,0.5718439817428589,0.6747064590454102,0.20968596637248993,-0.023362256586551666,0.9913716912269592,0.27595055103302,0.34670063853263855,0.9463231563568115,0.5131543874740601,0.7008098363876343,0.19537629187107086,-0.02194191887974739,0.9841153621673584,0.41064921021461487,0.5787785649299622,0.145049586892128,0.9996825456619263,0.48992663621902466,0.5719277262687683,-0.14591829478740692,0.9998547434806824,0.3782239556312561,0.7204403877258301,0.2901083827018738,0.9796730875968933,0.5534027814865112,0.7160772681236267,-0.22005029022693634,0.9975137710571289,0.3379174470901489,0.871380090713501,0.21244628727436066,0.9849735498428345,0.5256658792495728,0.874608039855957,-0.46832093596458435,0.9977266192436218,0.3220881223678589,0.9014351963996887,0.20556989312171936,0.9865283370018005,0.507860004901886,0.8993604183197021,-0.48758065700531006,0.9955415725708008,0.3966641128063202,0.901323139667511,0.2101236879825592,0.9420850872993469,0.6062058210372925,0.9119742512702942,-0.5169137120246887,0.9904568791389465
47,0.4572901725769043,0.2933385670185089,0.2729871869087219,0.9999858736991882,0.3434046804904938,0.3698389232158661,0.2125656008720398,0.9997174739837646,0.49606502056121826,0.3237488567829132,-0.1263924092054367,0.9999704957008362,0.25458720326423645,0.4271788001060486,0.5425196290016174,0.9331194162368774,0.5835769772529602,0.27031782269477844,-0.12732648849487305,0.9992207288742065,0.27624961733818054,0.37012943625450134,0.875253438949585,0.5878102779388428,0.6786036491394043,0.2108658403158188,-0.0010051316348835826,0.9917436838150024,0.27662548422813416,0.3462351858615875,0.9423800110816956,0.5309362411499023,0.7050018906593323,0.1964113414287567,0.0021516175474971533,0.9847398400306702,0.4141590893268585,0.5801593065261841,0.14501626789569855,0.9996974468231201,0.4944555461406708,0.5731934309005737,-0.1459052562713623,0.9998615980148315,0.3816806375980377,0.7204453349113464,0.29037415981292725,0.9796912670135498,0.5580801963806152,0.7160718441009521,-0.21307946741580963,0.9975423216819763,0.3384172320365906,0.8712339401245117,0.1924584060907364,0.984936535358429,0.5260077714920044,0.8744690418243408,-0.4720330834388733,0.9977443814277649,0.32213351130485535,0.9011149406433105,0.18253101408481598,0.9866577386856079,0.5080682635307312,0.8991147875785828,-0.4923153817653656,0.995577335357666,0.39666974544525146,0.9015507698059082,0.18360435962677002,0.9433664679527283,0.606618344783783,0.9122061133384705,-0.5189160704612732,0.990732729434967
48,0.4609009027481079,0.29436299204826355,0.27160459756851196,0.9999864101409912,0.34580639004707336,0.3700980842113495,0.2132352888584137,0.9997245073318481,0.49952372908592224,0.324153870344162,-0.12779229879379272,0.9999712705612183,0.25712546706199646,0.4271838068962097,0.5398508906364441,0.9347473978996277,0.588428795337677,0.27112194895744324,-0.13197630643844604,0.9992497563362122,0.2784257233142853,0.37037393450737,0.8671323657035828,0.6034421324729919,0.6831288933753967,0.21321257948875427,-0.009526245296001434,0.9920405745506287,0.2781411409378052,0.34612569212913513,0.932805061340332,0.5483478307723999,0.7090572714805603,0.19958055019378662,-0.007538060192018747,0.9852228164672852,0.4183003902435303,0.580621600151062,0.1450040191411972,0.9997074604034424,0.4979970157146454,0.5738293528556824,-0.14590191841125488,0.9998665452003479,0.38665971159935,0.7202601432800293,0.2914290130138397,0.9795681834220886,0.5625353455543518,0.7162613272666931,-0.2126341313123703,0.9975716471672058,0.33914831280708313,0.870639979839325,0.19695855677127838,0.9848422408103943,0.5261993408203125,0.8743503093719482,-0.4704781770706177,0.997757077217102,0.3221924901008606,0.9002419710159302,0.1879606544971466,0.9867144823074341,0.5081329345703125,0.8991418480873108,-0.49044883251190186,0.9956093430519104,0.3978969156742096,0.9015480875968933,0.18983153998851776,0.9445423483848572,0.6065850853919983,0.9122100472450256,-0.5175126194953918,0.9909763932228088
49,0.4664115905761719,0.29528430104255676,0.26181378960609436,0.9999871253967285,0.3489796817302704,0.370789110660553,0.21218489110469818,0.9997327923774719,0.5019800066947937,0.3254128396511078,-0.1331322193145752,0.9999721050262451,0.25932204723358154,0.4272324740886688,0.5383067727088928,0.9369071125984192,0.5921902656555176,0.2736768126487732,-0.1427423059940338,0.9992787837982178,0.2819206118583679,0.37037697434425354,0.8607034683227539,0.6213136315345764,0.6871557235717773,0.2161099761724472,-0.02480459399521351,0.992322564125061,0.28113189339637756,0.3457252085208893,0.9262591600418091,0.5676026940345764,0.7136560082435608,0.2033541202545166,-0.02350674755871296,0.9856659173965454,0.4216993451118469,0.5821925401687622,0.14507627487182617,0.9997162222862244,0.5008155703544617,0.5752584338188171,-0.14598828554153442,0.9998711943626404,0.39275702834129333,0.7202172875404358,0.3010721206665039,0.9788800477981567,0.5648648738861084,0.7168317437171936,-0.20560449361801147,0.997534453868866,0.3400881588459015,0.8695207834243774,0.2030794620513916,0.984761655330658,0.5265999436378479,0.8743528723716736,-0.4702227711677551,0.9977683424949646,0.32219502329826355,0.8989226222038269,0.19475704431533813,0.9867606163024902,0.5084642171859741,0.8994026184082031,-0.4893834590911865,0.9956335425376892,0.39976736903190613,0.9012312889099121,0.19721046090126038,0.9463976621627808,0.6058898568153381,0.9122081398963928,-0.5166922211647034,0.991308331489563
50,0.47187483310699463,0.2959181070327759,0.2538563311100006,0.9999879002571106,0.35153016448020935,0.3713749349117279,0.21706357598304749,0.9997397661209106,0.5042274594306946,0.32693547010421753,-0.13558174669742584,0.9999727010726929,0.26180171966552734,0.4272398352622986,0.5447338819503784,0.9390122890472412,0.5973970890045166,0.27601751685142517,-0.14731144905090332,0.99930739402771,0.2865101099014282,0.3701942265033722,0.8691420555114746,0.634242594242096,0.6929728388786316,0.2192641645669937,-0.03830613195896149,0.9925655126571655,0.2857784628868103,0.34512898325920105,0.9363908767700195,0.5813499093055725,0.7204750776290894,0.20668546855449677,-0.0369969867169857,0.9860143661499023,0.42477884888648987,0.583209753036499,0.145280122756958,0.9997183084487915,0.5029556155204773,0.5761948227882385,-0.1462017297744751,0.9998723864555359,0.3961767554283142,0.7203664779663086,0.3060775399208069,0.9788961410522461,0.5672513842582703,0.7181192636489868,-0.18448421359062195,0.9974936842918396,0.34118327498435974,0.8687368631362915,0.2082022726535797,0.9847090840339661,0.5268791317939758,0.8744532465934753,-0.43432188034057617,0.9977564215660095,0.32203996181488037,0.8985083103179932,0.19932588934898376,0.9868086576461792,0.5085614323616028,0.8999127745628357,-0.45324283838272095,0.9956463575363159,0.3993111550807953,0.9007797837257385,0.20666374266147614,0.9477542042732239,0.6051452159881592,0.9122064113616943,-0.4773148000240326,0.9915162324905396
51,0.4749222695827484,0.2965598702430725,0.2785777449607849,0.9999886751174927,0.35533738136291504,0.37168413400650024,0.24176563322544098,0.9997494220733643,0.5079399943351746,0.3281383514404297,-0.12010546773672104,0.9999736547470093,0.26446428894996643,0.4273791015148163,0.5649725794792175,0.9411006569862366,0.6016597747802734,0.27883389592170715,-0.13690273463726044,0.9993350505828857,0.29023733735084534,0.37019941210746765,0.8917922377586365,0.6472868919372559,0.698561429977417,0.22307336330413818,-0.024981027469038963,0.9928116202354431,0.2900174856185913,0.344925194978714,0.9605452418327332,0.5948204398155212,0.7267693877220154,0.21104279160499573,-0.020346540957689285,0.9863631129264832,0.4278934895992279,0.5832650065422058,0.14568103849887848,0.9997239112854004,0.5059488415718079,0.576408326625824,-0.14661984145641327,0.9998748898506165,0.40011295676231384,0.7209845185279846,0.31129488348960876,0.9787740111351013,0.5707700848579407,0.7207318544387817,-0.18034958839416504,0.9974488615989685,0.34317445755004883,0.867372453212738,0.2080874890089035,0.9845264554023743,0.5272133946418762,0.8748201131820679,-0.43940863013267517,0.9977352619171143,0.3230380713939667,0.8970897197723389,0.19875694811344147,0.9867743849754333,0.5085639953613281,0.901148796081543,-0.456858366727829,0.995647668838501,0.3991372585296631,0.9008896946907043,0.20622746646404266,0.9488586187362671,0.6051279306411743,0.9122129082679749,-0.4834141135215759,0.991711437702179
52,0.4750420153141022,0.29671967029571533,0.3132532835006714,0.9999893307685852,0.3597054183483124,0.3724606931209564,0.2477446049451828,0.999758243560791,0.5121333599090576,0.3297107517719269,-0.10153886675834656,0.9999744296073914,0.26783081889152527,0.42761561274528503,0.5651286244392395,0.9430854320526123,0.605911374092102,0.2822563648223877,-0.11709640920162201,0.9993631839752197,0.29435136914253235,0.3700505197048187,0.8994066119194031,0.6606888771057129,0.7046327590942383,0.22771969437599182,-0.008134476840496063,0.9929512143135071,0.29442232847213745,0.3438289165496826,0.9688549041748047,0.6082441210746765,0.734049379825592,0.21659880876541138,-0.0024079475551843643,0.9864437580108643,0.4322177767753601,0.5846167206764221,0.14523431658744812,0.9997333884239197,0.5098119974136353,0.5772507786750793,-0.1461942344903946,0.9998788833618164,0.4044274687767029,0.7221726775169373,0.31505531072616577,0.9777954816818237,0.5727270245552063,0.7237618565559387,-0.16722217202186584,0.997321605682373,0.34437423944473267,0.8670059442520142,0.1958453506231308,0.9842849373817444,0.5283496379852295,0.874915361404419,-0.4429273307323456,0.9977255463600159,0.32363611459732056,0.8968568444252014,0.18404796719551086,0.9867681860923767,0.5089848637580872,0.9016184210777283,-0.465973436832428,0.9956887364387512,0.39907437562942505,0.9010225534439087,0.18509601056575775,0.9502436518669128,0.6054791808128357,0.9122107028961182,-0.4963644742965698,0.9919999241828918
53,0.4759518504142761,0.2969735562801361,0.30998116731643677,0.9999895691871643,0.36316609382629395,0.37309929728507996,0.2392006814479828,0.9997621178627014,0.5172988772392273,0.3312137722969055,-0.10858257859945297,0.9999749660491943,0.2717451751232147,0.4274299442768097,0.5536762475967407,0.9440728425979614,0.6149188280105591,0.2857738733291626,-0.12839291989803314,0.9993919730186462,0.2971654534339905,0.37004366517066956,0.8738937973976135,0.6737666726112366,0.7114667296409607,0.23264117538928986,-0.015173844993114471,0.9931143522262573,0.29747486114501953,0.343041330575943,0.9401030540466309,0.6220845580101013,0.7409078478813171,0.22159963846206665,-0.010991498827934265,0.9865747094154358,0.43785563111305237,0.5853272676467896,0.1448819637298584,0.9997398853302002,0.5142857432365417,0.5780385732650757,-0.14585208892822266,0.9998812675476074,0.410817414522171,0.7232398390769958,0.3239152431488037,0.9766088724136353,0.5761285424232483,0.7268322706222534,-0.14671841263771057,0.9971339702606201,0.3488335609436035,0.8637190461158752,0.1994825154542923,0.9839534759521484,0.5283309817314148,0.8751313090324402,-0.4237770736217499,0.9977043271064758,0.3270633816719055,0.8934434056282043,0.18911246955394745,0.9868190288543701,0.5086232423782349,0.9018110036849976,-0.44609323143959045,0.9957445859909058,0.3990860879421234,0.9012818336486816,0.18852883577346802,0.9510799646377563,0.6054736375808716,0.912438154220581,-0.4798192083835602,0.9922059178352356
54,0.47679123282432556,0.29741424322128296,0.2652626633644104,0.9999898672103882,0.3649234175682068,0.3738739490509033,0.21206960082054138,0.9997644424438477,0.5210202932357788,0.33354195952415466,-0.1444164663553238,0.9999753832817078,0.2748735547065735,0.42699962854385376,0.5198723673820496,0.9457879662513733,0.6210559606552124,0.29269737005233765,-0.16949881613254547,0.9994159936904907,0.2998993992805481,0.36960169672966003,0.8330972790718079,0.6906569600105286,0.7181791663169861,0.23876266181468964,-0.06795128434896469,0.993198812007904,0.3002531826496124,0.3415064215660095,0.8964091539382935,0.6399960517883301,0.7480432391166687,0.22735251486301422,-0.06736500561237335,0.9865000247955322,0.4421919882297516,0.5869762897491455,0.1449635624885559,0.9997358322143555,0.5182120203971863,0.5802047848701477,-0.14592553675174713,0.9998797178268433,0.41644877195358276,0.7234567403793335,0.3305870294570923,0.9751291275024414,0.5774915814399719,0.7285845279693604,-0.13561086356639862,0.9968700408935547,0.3504815399646759,0.8626928925514221,0.24718056619167328,0.9833469986915588,0.5283212661743164,0.8757715225219727,-0.3627377450466156,0.9976435303688049,0.3282562494277954,0.8915550708770752,0.23999637365341187,0.9866980314254761,0.507741391658783,0.902075469493866,-0.3802443742752075,0.9957563281059265,0.3990896940231323,0.9017564654350281,0.2367275506258011,0.9508755207061768,0.6054632067680359,0.9125504493713379,-0.4154118001461029,0.992233157157898
55,0.4789290130138397,0.298329621553421,0.2654174864292145,0.9999902248382568,0.3672896921634674,0.3748824894428253,0.21257957816123962,0.9997721314430237,0.5242294073104858,0.33544209599494934,-0.1429177075624466,0.9999759793281555,0.2773230969905853,0.42598193883895874,0.5140260457992554,0.9482812285423279,0.6279071569442749,0.29847249388694763,-0.1763213872909546,0.9994468092918396,0.3037548363208771,0.3690219223499298,0.8210558891296387,0.7078429460525513,0.7248029708862305,0.24719110131263733,-0.09517049044370651,0.9933758974075317,0.3045058846473694,0.3394114375114441,0.8837167620658875,0.6573549509048462,0.7543969750404358,0.23411208391189575,-0.09753251820802689,0.9865840673446655,0.4458952844142914,0.5871793627738953,0.146202951669693,0.9997335076332092,0.5214613080024719,0.5806854963302612,-0.14714592695236206,0.9998781085014343,0.42488226294517517,0.7234777212142944,0.328052282333374,0.9729655981063843,0.5789750814437866,0.7289519309997559,-0.14907610416412354,0.9966694116592407,0.35429590940475464,0.8604341149330139,0.24205780029296875,0.9824879765510559,0.5282520055770874,0.8755457997322083,-0.386058509349823,0.9976119995117188,0.3299350440502167,0.8881804943084717,0.23484866321086884,0.9863882064819336,0.5058987736701965,0.9017776846885681,-0.40435928106307983,0.9957966804504395,0.39936262369155884,0.9017888307571411,0.2250225692987442,0.950462818145752,0.6049294471740723,0.9126694798469543,-0.4392566978931427,0.9923597574234009
56,0.479599267244339,0.29921406507492065,0.2829672694206238,0.999990701675415,0.3663522005081177,0.375663697719574,0.22063234448432922,0.999782145023346,0.5244935750961304,0.33651837706565857,-0.12617003917694092,0.999976634979248,0.2773016691207886,0.42555615305900574,0.5184006094932556,0.9511774778366089,0.6290425062179565,0.30145829916000366,-0.16083115339279175,0.9994778037071228,0.30549782514572144,0.368706613779068,0.8244253993034363,0.7251824736595154,0.7252572774887085,0.2500426769256592,-0.0941660925745964,0.9935749769210815,0.30577218532562256,0.33898892998695374,0.8872550129890442,0.6746984720230103,0.7547881603240967,0.23659653961658478,-0.0959743931889534,0.986714780330658,0.44658762216567993,0.5873504877090454,0.14625151455402374,0.9997376799583435,0.5217061042785645,0.5811471343040466,-0.1472034454345703,0.9998788237571716,0.42607876658439636,0.723986029624939,0.31263992190361023,0.9708817601203918,0.5789666175842285,0.7289078831672668,-0.1444653868675232,0.9963642954826355,0.3563064634799957,0.8601515293121338,0.20195677876472473,0.9817981719970703,0.5282003879547119,0.8755390644073486,-0.3921128511428833,0.9975423812866211,0.33253014087677,0.8869364857673645,0.19159236550331116,0.9860618710517883,0.5033136606216431,0.9021580815315247,-0.41146060824394226,0.9957433342933655,0.3992752134799957,0.9020395278930664,0.18039335310459137,0.9507609605789185,0.6045175194740295,0.9126306772232056,-0.4456912577152252,0.9924696087837219
57,0.48695793747901917,0.3008994460105896,0.20678959786891937,0.9999914169311523,0.3689501881599426,0.3768036365509033,0.1895182728767395,0.9997930526733398,0.5304392576217651,0.3397425711154938,-0.186555415391922,0.9999780058860779,0.28012970089912415,0.42260611057281494,0.47801902890205383,0.9545273184776306,0.6340475678443909,0.31249549984931946,-0.23856134712696075,0.9995071887969971,0.31056657433509827,0.3647907078266144,0.7721630334854126,0.7430247068405151,0.730411946773529,0.26770028471946716,-0.16451947391033173,0.9937840104103088,0.3111000061035156,0.33354347944259644,0.8320142030715942,0.6928249597549438,0.7627245187759399,0.2546677589416504,-0.16748851537704468,0.9869001507759094,0.45135602355003357,0.5883204936981201,0.1502269208431244,0.9997361898422241,0.5262354016304016,0.5828872323036194,-0.151182621717453,0.999879777431488,0.43885537981987,0.7246190309524536,0.3158009946346283,0.971220850944519,0.5826818943023682,0.73004549741745,-0.13798289000988007,0.9963540434837341,0.3589492738246918,0.8566074967384338,0.24416464567184448,0.9820670485496521,0.5281885266304016,0.8753432631492615,-0.3205873370170593,0.9975912570953369,0.3337887227535248,0.881568431854248,0.23856070637702942,0.986331582069397,0.5011889338493347,0.9020781517028809,-0.3327876627445221,0.9958803653717041,0.39927154779434204,0.9020829200744629,0.23563224077224731,0.9516944885253906,0.6037958264350891,0.9127587080001831,-0.3562767803668976,0.992672860622406
58,0.4935491979122162,0.3012188673019409,0.14821264147758484,0.9999921321868896,0.37126874923706055,0.37854650616645813,0.1791846603155136,0.9997989535331726,0.5321945548057556,0.3442640006542206,-0.22529557347297668,0.9999791383743286,0.2851932644844055,0.42075321078300476,0.47773703932762146,0.957676351070404,0.6375833749771118,0.32224351167678833,-0.30906927585601807,0.9995298385620117,0.31559014320373535,0.36067995429039,0.7870847582817078,0.7576712369918823,0.7357466816902161,0.27938538789749146,-0.27584558725357056,0.9940134882926941,0.3157341182231903,0.33013129234313965,0.8492083549499512,0.707353413105011,0.7684037089347839,0.2699878513813019,-0.286199152469635,0.9872195720672607,0.4550730586051941,0.5906712412834167,0.15666422247886658,0.9997144937515259,0.527072548866272,0.5860565304756165,-0.15758639574050903,0.9998752474784851,0.4477332830429077,0.7250181436538696,0.3308955729007721,0.9711717963218689,0.5845903158187866,0.7321498394012451,-0.1291700154542923,0.9962127804756165,0.3604879081249237,0.8521163463592529,0.30550718307495117,0.981772780418396,0.5283448696136475,0.8754754662513733,-0.2653295397758484,0.9976052045822144,0.3347482979297638,0.8754640817642212,0.30411428213119507,0.9861631989479065,0.500525951385498,0.9021275043487549,-0.27382856607437134,0.9959754943847656,0.39926302433013916,0.9021382331848145,0.31140926480293274,0.9510293006896973,0.6029428243637085,0.9132066965103149,-0.29504644870758057,0.9927693605422974
59,0.4973137378692627,0.3017100989818573,0.1332828849554062,0.9999927282333374,0.37325000762939453,0.380130797624588,0.1697547882795334,0.9997960329055786,0.5356491804122925,0.3491451144218445,-0.2345973700284958,0.999979555606842,0.28921404480934143,0.4180070459842682,0.4628201425075531,0.9599994421005249,0.641946017742157,0.3339897394180298,-0.32450494170188904,0.9995474219322205,0.3214173913002014,0.3560357689857483,0.7763081192970276,0.7681573629379272,0.7404243350028992,0.29209020733833313,-0.3031054735183716,0.9941697120666504,0.32019561529159546,0.3269748389720917,0.8369648456573486,0.7174445390701294,0.7743110060691833,0.28654858469963074,-0.31667330861091614,0.9874148964881897,0.4585217535495758,0.5929815173149109,0.15821610391139984,0.9996507167816162,0.5284085273742676,0.5887080430984497,-0.15909364819526672,0.9998596906661987,0.4532027244567871,0.7260662913322449,0.3322419226169586,0.9692971110343933,0.5859605669975281,0.7353736162185669,-0.12742893397808075,0.9957299828529358,0.3610309660434723,0.8511046171188354,0.327688604593277,0.9808821082115173,0.5283448100090027,0.8758046627044678,-0.25609514117240906,0.9975473284721375,0.3359931707382202,0.8731379508972168,0.32744354009628296,0.9854907989501953,0.5001372694969177,0.9021624326705933,-0.26519596576690674,0.9959767460823059,0.3938150405883789,0.903596818447113,0.3277278542518616,0.9496784210205078,0.6029353141784668,0.9134598970413208,-0.2981765866279602,0.9927452206611633
60,0.5055035352706909,0.30210837721824646,0.13518352806568146,0.9999933242797852,0.3758511543273926,0.3800945281982422,0.17827869951725006,0.9998040795326233,0.5350412130355835,0.3507152497768402,-0.22732718288898468,0.9999809265136719,0.2940727770328522,0.4158474802970886,0.4775765538215637,0.9625269770622253,0.6439997553825378,0.3448241949081421,-0.3453076183795929,0.9995704889297485,0.3274878263473511,0.3472788333892822,0.7919942736625671,0.781857430934906,0.7421139478683472,0.3047773838043213,-0.3505348265171051,0.9944325089454651,0.3239763379096985,0.321785569190979,0.8542667627334595,0.7320070862770081,0.7756989002227783,0.3009192943572998,-0.36394810676574707,0.9878690838813782,0.4613055884838104,0.593738853931427,0.15975727140903473,0.9996298551559448,0.5306902527809143,0.5891014337539673,-0.16061247885227203,0.9998561143875122,0.4616627097129822,0.7268688678741455,0.3338650166988373,0.9685636758804321,0.5866062641143799,0.7362100481987,-0.12310709804296494,0.9954127073287964,0.36249545216560364,0.8506266474723816,0.29868119955062866,0.9807753562927246,0.5293660163879395,0.8758592009544373,-0.2879941463470459,0.9975581169128418,0.33795109391212463,0.87028968334198,0.2950349748134613,0.9854382276535034,0.500275731086731,0.902167022228241,-0.3005470335483551,0.9960452914237976,0.3948712944984436,0.9046022891998291,0.29305869340896606,0.9505373239517212,0.6031740307807922,0.9136743545532227,-0.3335318863391876,0.9929473996162415
61,0.5130091905593872,0.3031749427318573,0.1169433519244194,0.9999938011169434,0.37879133224487305,0.3799439072608948,0.18351751565933228,0.9998059868812561,0.5337198376655579,0.35117948055267334,-0.23246949911117554,0.9999820590019226,0.2991848886013031,0.413593590259552,0.48208871483802795,0.9640121459960938,0.6472464799880981,0.3571310341358185,-0.3663296103477478,0.9995850324630737,0.33151939511299133,0.34276720881462097,0.7985218167304993,0.7940363883972168,0.7432630658149719,0.3182731866836548,-0.3767155110836029,0.9946109056472778,0.32710832357406616,0.3179837167263031,0.8601842522621155,0.7457563877105713,0.7758645415306091,0.31488075852394104,-0.3906971514225006,0.9882206320762634,0.46469879150390625,0.5934109687805176,0.16082488000392914,0.9995913505554199,0.5332885384559631,0.5886041522026062,-0.1616692841053009,0.9998484253883362,0.46735820174217224,0.7277536392211914,0.32226085662841797,0.9686399102210999,0.5874651670455933,0.7366979718208313,-0.11487769335508347,0.9951959252357483,0.36476436257362366,0.8493527173995972,0.3283638656139374,0.9805117845535278,0.5295004844665527,0.8771418333053589,-0.22900304198265076,0.9975497722625732,0.3393567204475403,0.8674368858337402,0.3306393027305603,0.9852656126022339,0.5003228783607483,0.9028710126876831,-0.23683948814868927,0.9961025714874268,0.3979380428791046,0.9056841731071472,0.32362374663352966,0.9496516585350037,0.6040211319923401,0.9135875105857849,-0.28150397539138794,0.9928802251815796
62,0.5170204043388367,0.3036777973175049,0.15037955343723297,0.9999942183494568,0.3837239742279053,0.37836289405822754,0.1908499300479889,0.9998122453689575,0.5328950881958008,0.3514297306537628,-0.21809212863445282,0.9999832510948181,0.30736833810806274,0.4100695848464966,0.4713015556335449,0.9650121927261353,0.6480928659439087,0.3704552948474884,-0.352326899766922,0.9995860457420349,0.3350178599357605,0.33155062794685364,0.788261890411377,0.8069182634353638,0.7420706152915955,0.33742383122444153,-0.3878695070743561,0.9946260452270508,0.3304852545261383,0.31015318632125854,0.8493490815162659,0.760288655757904,0.7737005352973938,0.333943247795105,-0.40124228596687317,0.9882379770278931,0.4660158157348633,0.5903996229171753,0.1605815887451172,0.9995692372322083,0.5342094898223877,0.585843026638031,-0.16139991581439972,0.9998459815979004,0.47413039207458496,0.7275518774986267,0.2790542542934418,0.9682473540306091,0.587978720664978,0.7361924052238464,-0.1378609836101532,0.9950089454650879,0.3665582239627838,0.846523106098175,0.321085661649704,0.9800378084182739,0.5299755334854126,0.8776601552963257,-0.2778155207633972,0.997552752494812,0.33953389525413513,0.86448073387146,0.3092212975025177,0.9849600791931152,0.5003764033317566,0.903193473815918,-0.2890693247318268,0.9961707592010498,0.3985798954963684,0.9067469239234924,0.28928783535957336,0.9490353465080261,0.6052645444869995,0.9135822653770447,-0.31518498063087463,0.9929119944572449
63,0.5203242897987366,0.3037802577018738,0.15579451620578766,0.9999943971633911,0.38928917050361633,0.3746804893016815,0.1927134096622467,0.9998106956481934,0.5324185490608215,0.3540949523448944,-0.2121395319700241,0.999984085559845,0.31707677245140076,0.4047228693962097,0.461752325296402,0.9646879434585571,0.6453633904457092,0.3877500295639038,-0.3486507833003998,0.9995632767677307,0.33932390809059143,0.32230666279792786,0.7716847658157349,0.8183683753013611,0.7399483323097229,0.35705816745758057,-0.3883073925971985,0.9944794178009033,0.3346913456916809,0.3013477921485901,0.8291730284690857,0.773533284664154,0.7716098427772522,0.35695064067840576,-0.40363433957099915,0.988012433052063,0.46771353483200073,0.5881399512290955,0.16023142635822296,0.9995121955871582,0.5348880887031555,0.5848171710968018,-0.16102413833141327,0.9998344779014587,0.48152780532836914,0.7266125679016113,0.24181810021400452,0.967215359210968,0.5883253216743469,0.7358313798904419,-0.14558835327625275,0.9945905208587646,0.3690571188926697,0.8437795639038086,0.3113062381744385,0.9783397912979126,0.5315883159637451,0.8792737722396851,-0.2110498994588852,0.9973698258399963,0.33981776237487793,0.8609578609466553,0.3144882619380951,0.9835692644119263,0.5008043050765991,0.9052674770355225,-0.21335071325302124,0.9959858655929565,0.40023940801620483,0.9067324995994568,0.29650408029556274,0.9458915591239929,0.6061725616455078,0.913842499256134,-0.2687564790248871,0.9924150705337524
64,0.5230414867401123,0.301840603351593,0.13899606466293335,0.9999940991401672,0.397487074136734,0.3692287802696228,0.19059839844703674,0.9997901320457458,0.5321078896522522,0.3569585382938385,-0.21513499319553375,0.9999839663505554,0.3292343318462372,0.39856770634651184,0.45815742015838623,0.9610953330993652,0.641033411026001,0.4044288694858551,-0.3287387490272522,0.9995037913322449,0.34469491243362427,0.3157521188259125,0.7688643932342529,0.8252687454223633,0.7397695183753967,0.36952656507492065,-0.323971688747406,0.9941104650497437,0.339756578207016,0.2950095236301422,0.8257012963294983,0.7817898392677307,0.7710563540458679,0.3697272837162018,-0.3351123034954071,0.9874929785728455,0.46925774216651917,0.5874762535095215,0.16037164628505707,0.9994196891784668,0.5339269638061523,0.5845955014228821,-0.16113033890724182,0.9998109340667725,0.48688608407974243,0.7257685661315918,0.24938015639781952,0.9611577987670898,0.5879772305488586,0.7356863021850586,-0.12626910209655762,0.9929379224777222,0.3756674528121948,0.8394015431404114,0.3451988995075226,0.9740021228790283,0.5317394733428955,0.8809870481491089,-0.12740853428840637,0.9967808723449707,0.34411343932151794,0.8535019159317017,0.354575514793396,0.9802347421646118,0.5010031461715698,0.9075262546539307,-0.12538990378379822,0.9953211545944214,0.4048384428024292,0.9066435098648071,0.33720794320106506,0.9408431649208069,0.6062744855880737,0.914520800113678,-0.18435271084308624,0.9913105964660645
65,0.5264331102371216,0.3003224730491638,0.14415085315704346,0.9999935626983643,0.40292149782180786,0.3655334711074829,0.19128380715847015,0.9997695088386536,0.530284583568573,0.3590739369392395,-0.21555957198143005,0.9999837875366211,0.341943621635437,0.39233389496803284,0.4621720314025879,0.9552846550941467,0.6291184425354004,0.4200272262096405,-0.32147499918937683,0.9993622303009033,0.3497820496559143,0.3098565638065338,0.7720628380775452,0.8314235210418701,0.7305388450622559,0.3912771940231323,-0.30578771233558655,0.9934856295585632,0.34443140029907227,0.28915688395500183,0.82863450050354,0.7899684906005859,0.7611084580421448,0.3897225260734558,-0.316107839345932,0.9867721796035767,0.4711988866329193,0.5871825218200684,0.16130128502845764,0.9993664622306824,0.5338791608810425,0.5845146775245667,-0.1620279997587204,0.9997970461845398,0.49134793877601624,0.7257108092308044,0.2483515739440918,0.9581714868545532,0.5877150297164917,0.7354891300201416,-0.11717471480369568,0.9920315146446228,0.37975725531578064,0.8365020155906677,0.3459536135196686,0.9715568423271179,0.5317249298095703,0.8818888068199158,-0.11397869884967804,0.9964172840118408,0.3471167981624603,0.848839282989502,0.3555065095424652,0.9784470796585083,0.5010391473770142,0.9085727334022522,-0.11151926219463348,0.9948828220367432,0.4068913459777832,0.9062896966934204,0.3367101848125458,0.9372261166572571,0.6064057946205139,0.9145241379737854,-0.17192749679088593,0.99039226770401
66,0.5303969979286194,0.29833656549453735,0.1360752433538437,0.9999934434890747,0.41117867827415466,0.3623619079589844,0.19854508340358734,0.9997542500495911,0.5222930908203125,0.3616160750389099,-0.21546180546283722,0.9999839663505554,0.3571662902832031,0.38555198907852173,0.47870662808418274,0.9451156854629517,0.6130232810974121,0.42946264147758484,-0.26842114329338074,0.999172031879425,0.3566517233848572,0.30526748299598694,0.7779991030693054,0.8357276320457458,0.7092796564102173,0.40844884514808655,-0.1619194746017456,0.9928065538406372,0.3505766987800598,0.28440386056900024,0.8324602246284485,0.7965699434280396,0.7429956197738647,0.4067460596561432,-0.1625255048274994,0.9860214591026306,0.4741085171699524,0.5860635042190552,0.16186200082302094,0.9993469715118408,0.5340926051139832,0.5837171077728271,-0.16260011494159698,0.9997902512550354,0.4972459673881531,0.7257036566734314,0.22942957282066345,0.9541845917701721,0.5876564383506775,0.7353119254112244,-0.10846647620201111,0.9908249974250793,0.3837738037109375,0.8346768617630005,0.3300109803676605,0.9688748717308044,0.531639039516449,0.8817606568336487,-0.08858945220708847,0.9959722757339478,0.3496082127094269,0.8458713889122009,0.3383520841598511,0.9764241576194763,0.5010794401168823,0.9088644981384277,-0.08442945778369904,0.9943296313285828,0.40698811411857605,0.9060549139976501,0.3201342225074768,0.9339227080345154,0.6060093641281128,0.9145453572273254,-0.14600089192390442,0.9894087910652161
67,0.5341965556144714,0.2966664731502533,0.0740780234336853,0.9999929070472717,0.41019293665885925,0.36185896396636963,0.2040935903787613,0.9997397065162659,0.5141663551330566,0.36127930879592896,-0.25028371810913086,0.999984622001648,0.3714240789413452,0.3762000799179077,0.48501214385032654,0.9204686284065247,0.5840652585029602,0.4429859220981598,-0.3611685037612915,0.9987000823020935,0.3615441918373108,0.3014698624610901,0.7749521732330322,0.836097776889801,0.6923254728317261,0.4276427924633026,-0.3587518036365509,0.9921463131904602,0.3523910939693451,0.28180643916130066,0.8253776431083679,0.801112949848175,0.7286731004714966,0.42743805050849915,-0.37984856963157654,0.9856774210929871,0.47529441118240356,0.5852216482162476,0.16882485151290894,0.9993298053741455,0.5337247848510742,0.5834812521934509,-0.16953445971012115,0.9997904300689697,0.5010902285575867,0.7246729731559753,0.26550042629241943,0.9470208883285522,0.587191641330719,0.7352063059806824,-0.11163312196731567,0.9889177083969116,0.3874014914035797,0.8324159383773804,0.4289844334125519,0.9636869430541992,0.5286273956298828,0.8835978507995605,-0.0743526816368103,0.9953413605690002,0.3536091446876526,0.8426839709281921,0.44375959038734436,0.9724791049957275,0.4992996156215668,0.9129099249839783,-0.0694965347647667,0.9935856461524963,0.40682274103164673,0.9025661945343018,0.4241326153278351,0.9290427565574646,0.6059811115264893,0.9143850803375244,-0.14073775708675385,0.9882598519325256
68,0.5370767712593079,0.29433780908584595,0.012960091233253479,0.9999931454658508,0.4252083897590637,0.35945364832878113,0.21372246742248535,0.9997354745864868,0.5051203370094299,0.361096054315567,-0.2952263653278351,0.9999856352806091,0.381465345621109,0.37649574875831604,0.5447409152984619,0.8989224433898926,0.5546112656593323,0.45184507966041565,-0.516940712928772,0.998237133026123,0.36238762736320496,0.3017454445362091,0.8735446929931641,0.8394919633865356,0.6760478019714355,0.44642066955566406,-0.6723068356513977,0.9919103980064392,0.352560430765152,0.2852832078933716,0.9310892224311829,0.8088882565498352,0.7085568904876709,0.44605329632759094,-0.7194279432296753,0.9858388900756836,0.47928816080093384,0.5842979550361633,0.17868834733963013,0.9993588924407959,0.5325336456298828,0.584065854549408,-0.17931389808654785,0.999800980091095,0.5094300508499146,0.7225568294525146,0.31457486748695374,0.9408045411109924,0.5862603187561035,0.7334091663360596,-0.12292603403329849,0.9876003861427307,0.39294078946113586,0.8280166387557983,0.48926854133605957,0.9583835005760193,0.5248315334320068,0.8855048418045044,-0.0794433206319809,0.994931161403656,0.3565545678138733,0.83838951587677,0.5048859119415283,0.9681990146636963,0.4957525432109833,0.9186080694198608,-0.07489422708749771,0.9931159615516663,0.4083772301673889,0.8957080245018005,0.48656779527664185,0.9264931082725525,0.6059404611587524,0.9140622019767761,-0.1550242304801941,0.987972617149353
69,0.5400956273078918,0.29367831349372864,-0.01772494986653328,0.9999932050704956,0.4419715106487274,0.3575359284877777,0.2520870566368103,0.9997174739837646,0.48687246441841125,0.3604501485824585,-0.31079819798469543,0.9999861717224121,0.38887763023376465,0.3801875710487366,0.6043649911880493,0.8419070839881897,0.5197159647941589,0.4650554955005646,-0.52419513463974,0.9977039694786072,0.38922110199928284,0.30679795145988464,0.9230803847312927,0.8175022602081299,0.6481891870498657,0.4682255685329437,-0.6471057534217834,0.9915086030960083,0.38137784600257874,0.28608012199401855,0.9862436056137085,0.7957432270050049,0.683688223361969,0.468572199344635,-0.6926820278167725,0.9857165217399597,0.48252660036087036,0.583078145980835,0.183617502450943,0.9993597865104675,0.5273918509483337,0.5840556621551514,-0.1841111183166504,0.9997986555099487,0.5141506195068359,0.719756007194519,0.2938387989997864,0.9231948256492615,0.584912896156311,0.7295307517051697,-0.14025209844112396,0.9850425720214844,0.3981334865093231,0.8256118297576904,0.4302341639995575,0.94901043176651,0.5227041840553284,0.8853387832641602,-0.08263461291790009,0.9943944811820984,0.36084362864494324,0.8352646827697754,0.4416365325450897,0.9614961743354797,0.4939268231391907,0.9175879955291748,-0.07837791740894318,0.9923492074012756,0.40809354186058044,0.8899530172348022,0.41469329595565796,0.9239584803581238,0.6022996306419373,0.9133733510971069,-0.16018901765346527,0.9876272082328796
70,0.5419819355010986,0.2947070896625519,-0.043004389852285385,0.9999827146530151,0.44575628638267517,0.356510192155838,0.2468590885400772,0.9996088147163391,0.4796498715877533,0.3600010573863983,-0.31308427453041077,0.9999857544898987,0.40166836977005005,0.4047733247280121,0.5934403538703918,0.7673733830451965,0.49901607632637024,0.47085583209991455,-0.49825823307037354,0.9964686036109924,0.4179614186286926,0.36916685104370117,0.8980581164360046,0.7557389736175537,0.6211376786231995,0.4779122471809387,-0.5991016626358032,0.9902207851409912,0.4147659242153168,0.36180827021598816,0.9603767991065979,0.7448902726173401,0.6578245759010315,0.4828304648399353,-0.6460285186767578,0.9845835566520691,0.4850721061229706,0.5812186002731323,0.18311430513858795,0.999171257019043,0.5260567665100098,0.583999514579773,-0.1834769994020462,0.9997473359107971,0.5144506096839905,0.716576874256134,0.2925393581390381,0.8872401118278503,0.5808700919151306,0.7273920774459839,-0.14629189670085907,0.9799001812934875,0.401152104139328,0.8202788829803467,0.4517998993396759,0.9331002235412598,0.5208704471588135,0.8854310512542725,-0.06128978729248047,0.993166983127594,0.3604705035686493,0.831663191318512,0.4653744697570801,0.9499196410179138,0.49388250708580017,0.916990339756012,-0.05418909341096878,0.9903593063354492,0.40924012660980225,0.886691153049469,0.4327169358730316,0.91853928565979,0.5980798602104187,0.9124867916107178,-0.1364937424659729,0.9865220189094543
71,0.5439639091491699,0.2959362268447876,-0.023372992873191833,0.9999668598175049,0.4553532600402832,0.3565709590911865,0.27763959765434265,0.9995076656341553,0.47818630933761597,0.35973259806632996,-0.30205753445625305,0.9999852776527405,0.435605525970459,0.40684807300567627,0.5836620330810547,0.7019473314285278,0.4894554913043976,0.4712052345275879,-0.4442962110042572,0.9957156181335449,0.4502027630805969,0.36782926321029663,0.8611600995063782,0.6980600953102112,0.5998343825340271,0.4887063205242157,-0.5489822626113892,0.9886326789855957,0.4461251199245453,0.35971081256866455,0.9156321287155151,0.6931198239326477,0.6351011395454407,0.4949788451194763,-0.5957313179969788,0.9824628233909607,0.4901371896266937,0.5779657363891602,0.18484321236610413,0.9988692998886108,0.5213087797164917,0.581677258014679,-0.18506285548210144,0.9996369481086731,0.5177730321884155,0.7157354950904846,0.28627073764801025,0.8532031178474426,0.5706606507301331,0.7269065380096436,-0.1497734934091568,0.975862443447113,0.4058281183242798,0.8146823048591614,0.4336565136909485,0.9121546745300293,0.5183192491531372,0.8859596848487854,-0.06935367733240128,0.9918825626373291,0.3655036985874176,0.8263002038002014,0.4449875056743622,0.9361530542373657,0.4932759702205658,0.9177247285842896,-0.06326735019683838,0.9885731935501099,0.4176512360572815,0.8575806021690369,0.41239240765571594,0.908036470413208,0.592698335647583,0.91256183385849,-0.15045620501041412,0.9851768016815186
72,0.5479860305786133,0.2963341772556305,-0.13540901243686676,0.999670147895813,0.4843915104866028,0.3580329120159149,0.23154529929161072,0.9989557862281799,0.475578635931015,0.3610009253025055,-0.391225129365921,0.9999784231185913,0.47954896092414856,0.47470971941947937,0.2892187535762787,0.6346911787986755,0.4732409119606018,0.47554633021354675,-0.5136908888816833,0.9950354695320129,0.5422329902648926,0.5521087646484375,0.16595661640167236,0.632117509841919,0.5858480334281921,0.5019638538360596,-0.5566881895065308,0.9871492385864258,0.5514504313468933,0.5639569759368896,0.16586676239967346,0.6298486590385437,0.6164263486862183,0.5088978409767151,-0.6156874895095825,0.9803768992424011,0.49942296743392944,0.5762657523155212,0.182996466755867,0.9979221820831299,0.5126299858093262,0.5801442861557007,-0.18323712050914764,0.9993022680282593,0.5170153379440308,0.7154871821403503,0.30831658840179443,0.8287829756736755,0.5691826343536377,0.7251134514808655,-0.13601742684841156,0.9736529588699341,0.40576910972595215,0.8165609240531921,0.48958003520965576,0.899928867816925,0.5187281370162964,0.8843348026275635,0.002392672235146165,0.9902437925338745,0.36830630898475647,0.8266517519950867,0.5015362501144409,0.9267745018005371,0.49357232451438904,0.9141218662261963,0.010546425357460976,0.9862719178199768,0.4208438992500305,0.8531326651573181,0.4357829689979553,0.9024436473846436,0.5891624093055725,0.9118791222572327,-0.11741232872009277,0.9834449887275696
73,0.5510027408599854,0.29720914363861084,-0.1337921917438507,0.9992212057113647,0.48509445786476135,0.35927170515060425,0.22251668572425842,0.9985185861587524,0.4792671501636505,0.3607094883918762,-0.40051910281181335,0.999972403049469,0.4707155227661133,0.4763082265853882,0.2773187756538391,0.5732294321060181,0.4521709084510803,0.469112753868103,-0.5018799901008606,0.9936944246292114,0.5278459787368774,0.542382538318634,0.14489465951919556,0.5718839168548584,0.5543540120124817,0.5158725380897522,-0.5103691220283508,0.9841668605804443,0.5450739860534668,0.5561620593070984,0.14167910814285278,0.5718603730201721,0.5851131677627563,0.525240957736969,-0.5648206472396851,0.9762798547744751,0.49832284450531006,0.57679283618927,0.1846364438533783,0.9967262744903564,0.5107414126396179,0.580187201499939,-0.18469880521297455,0.998916745185852,0.5139309763908386,0.7161942720413208,0.32844850420951843,0.8065000772476196,0.5683396458625793,0.7282296419143677,-0.11833308637142181,0.9725559949874878,0.4048159420490265,0.8185409307479858,0.5158364176750183,0.8891196250915527,0.5180470943450928,0.8843057155609131,0.042673707008361816,0.9891270399093628,0.3674352169036865,0.8277422189712524,0.5283438563346863,0.919016420841217,0.493745893239975,0.9136928915977478,0.05368257313966751,0.9846718311309814,0.41503408551216125,0.8596170544624329,0.4592113792896271,0.8977435827255249,0.5872973203659058,0.9120290875434875,-0.07194406539201736,0.9822638034820557
74,0.5539011359214783,0.29924359917640686,-0.1048823818564415,0.9989868998527527,0.4816296398639679,0.3603988587856293,0.2219904661178589,0.9974400997161865,0.47289344668388367,0.3628496527671814,-0.35874202847480774,0.9999697208404541,0.4677005112171173,0.4554544985294342,0.4523037075996399,0.5182549357414246,0.4338914155960083,0.47191154956817627,-0.49447575211524963,0.9929018020629883,0.5178303718566895,0.45732566714286804,0.5836777091026306,0.5179172158241272,0.5308438539505005,0.5214791893959045,-0.4213891327381134,0.9821057915687561,0.5285583138465881,0.45804139971733093,0.6297634840011597,0.520311713218689,0.5586063265800476,0.5319353938102722,-0.4600803256034851,0.9729611873626709,0.49913740158081055,0.577765166759491,0.18353679776191711,0.9951058030128479,0.5075768828392029,0.5832090973854065,-0.18367916345596313,0.9985095858573914,0.5161929130554199,0.7164499759674072,0.32315152883529663,0.7591128945350647,0.5641298890113831,0.7326456308364868,-0.10100316256284714,0.960806667804718,0.4113769829273224,0.810425877571106,0.5014258027076721,0.8513681292533875,0.5164158344268799,0.8856841325759888,0.04410867765545845,0.9844790697097778,0.37916144728660583,0.8217652440071106,0.5141187906265259,0.8970467448234558,0.49387165904045105,0.913508415222168,0.05482861027121544,0.9811958074569702,0.4253288209438324,0.8415910005569458,0.46720409393310547,0.8722581267356873,0.5834029316902161,0.9127850532531738,-0.05212292820215225,0.9762083292007446
75,0.5577641129493713,0.2992943823337555,-0.1465221792459488,0.999065637588501,0.4980836510658264,0.35636961460113525,0.22938156127929688,0.9969879388809204,0.46631184220314026,0.3609045743942261,-0.34601056575775146,0.9999699592590332,0.5552963614463806,0.3242260813713074,0.484226256608963,0.4846999943256378,0.407032310962677,0.4672492742538452,-0.4768849313259125,0.9929707646369934,0.5414644479751587,0.2629101872444153,0.7099651098251343,0.49097976088523865,0.5039629340171814,0.5180737972259521,-0.3988076448440552,0.9819658994674683,0.5315773487091064,0.24585393071174622,0.7666306495666504,0.4896535575389862,0.5304039120674133,0.5333936214447021,-0.4141460359096527,0.9719405770301819,0.49893131852149963,0.5778518319129944,0.18344047665596008,0.9950471520423889,0.5027593970298767,0.5832177996635437,-0.18365052342414856,0.9983952641487122,0.5164123773574829,0.7192961573600769,0.2984101176261902,0.7310964465141296,0.5611218214035034,0.736463725566864,-0.1052437424659729,0.9515514373779297,0.41617175936698914,0.8112987875938416,0.4902518391609192,0.8237481713294983,0.5158162117004395,0.8870397806167603,0.03832230344414711,0.9802394509315491,0.3892446756362915,0.8242283463478088,0.5021081566810608,0.8846797943115234,0.4939771592617035,0.913478672504425,0.049796637147665024,0.9791178703308105,0.4357095956802368,0.8426262736320496,0.44339779019355774,0.853803813457489,0.5845686197280884,0.9129454493522644,-0.05960368737578392,0.9713804125785828
76,0.5579406023025513,0.29976868629455566,-0.18528074026107788,0.99915611743927,0.5218396186828613,0.35640421509742737,0.2293354570865631,0.9971075057983398,0.4622313678264618,0.36067748069763184,-0.32316911220550537,0.9999709725379944,0.5965551733970642,0.316731721162796,0.48586174845695496,0.4953197240829468,0.3914335370063782,0.46392884850502014,-0.40359482169151306,0.9933929443359375,0.5765093564987183,0.24488487839698792,0.6987442374229431,0.5167756676673889,0.48297858238220215,0.5162879228591919,-0.3501925468444824,0.9830107688903809,0.5623511672019958,0.23114515841007233,0.7482198476791382,0.5042341351509094,0.5092463493347168,0.5320693254470825,-0.36398518085479736,0.972893238067627,0.5091382265090942,0.5766980051994324,0.18332278728485107,0.9951895475387573,0.5004954934120178,0.582632303237915,-0.18354195356369019,0.9983651638031006,0.5223665237426758,0.721282422542572,0.2822842001914978,0.6961281895637512,0.5559681057929993,0.7420406937599182,-0.1161298006772995,0.9397940635681152,0.4204840064048767,0.7970482707023621,0.48366037011146545,0.7769545316696167,0.5125073194503784,0.8878012895584106,0.012301091104745865,0.9734118580818176,0.40269213914871216,0.8126732110977173,0.4990291893482208,0.857620894908905,0.49072983860969543,0.9109419584274292,0.023218417540192604,0.9751293659210205,0.45135921239852905,0.8334634900093079,0.44158050417900085,0.8187358379364014,0.5788272023200989,0.914481520652771,-0.08742444217205048,0.9630352854728699
77,0.5591859221458435,0.2991068661212921,-0.2029905617237091,0.9992401003837585,0.5396459698677063,0.356693297624588,0.23113654553890228,0.9973329901695251,0.4553164541721344,0.36397483944892883,-0.32267341017723083,0.9999727606773376,0.6139575242996216,0.31468769907951355,0.5690359473228455,0.5206490755081177,0.37851351499557495,0.4621327817440033,-0.4284757375717163,0.9939067959785461,0.6160395741462708,0.24400179088115692,0.8481612205505371,0.5522608757019043,0.4688631296157837,0.5155974626541138,-0.4353545606136322,0.9841277003288269,0.607928991317749,0.2342376708984375,0.9107087254524231,0.5320185422897339,0.4903169870376587,0.5342522263526917,-0.4422292411327362,0.974024772644043,0.5167664885520935,0.5763288736343384,0.1818627119064331,0.9955399632453918,0.4958316683769226,0.582621693611145,-0.18213976919651031,0.9984680414199829,0.5336946249008179,0.7209039926528931,0.25842636823654175,0.6830152273178101,0.5542963147163391,0.7414190769195557,-0.14038442075252533,0.9369136691093445,0.41982322931289673,0.7847276329994202,0.46595498919487,0.755182683467865,0.5122240781784058,0.8880265951156616,0.002566660288721323,0.9724084138870239,0.39371466636657715,0.7924201488494873,0.48054367303848267,0.8452394008636475,0.490997314453125,0.9099082946777344,0.014075320214033127,0.9743933081626892,0.448856920003891,0.8236111402511597,0.43745455145835876,0.8047615885734558,0.5739681720733643,0.9142637848854065,-0.09959680587053299,0.9617353677749634
78,0.5601984858512878,0.2955988645553589,-0.24755455553531647,0.9993160367012024,0.5515643358230591,0.35678979754447937,0.2361738532781601,0.997570812702179,0.4530060887336731,0.3644099831581116,-0.314872682094574,0.9999746084213257,0.640891969203949,0.31819722056388855,0.566226065158844,0.5618882775306702,0.3637257218360901,0.4546683132648468,-0.4763924479484558,0.9944078326225281,0.6653958559036255,0.24988657236099243,0.7908896803855896,0.5956018567085266,0.44975653290748596,0.5083922743797302,-0.5805763602256775,0.9853748083114624,0.6688426733016968,0.2407827079296112,0.8475306034088135,0.575343668460846,0.46617183089256287,0.5262422561645508,-0.6054555177688599,0.9756324291229248,0.5203819870948792,0.5765883922576904,0.18145157396793365,0.9959148168563843,0.48947691917419434,0.5823769569396973,-0.18181495368480682,0.9985852837562561,0.5351961255073547,0.7219822406768799,0.24900703132152557,0.679526150226593,0.5509270429611206,0.74063640832901,-0.16879108548164368,0.9365454316139221,0.41113802790641785,0.7867617607116699,0.47812893986701965,0.7461404204368591,0.5090290904045105,0.888304591178894,-0.00782936904579401,0.9725855588912964,0.3863157033920288,0.7911744117736816,0.497791051864624,0.8396955132484436,0.48884159326553345,0.909060537815094,0.0028130956925451756,0.9745590090751648,0.4010581970214844,0.8174313306808472,0.4559624195098877,0.8034881353378296,0.5737525820732117,0.9214668273925781,-0.10953595489263535,0.9621331095695496
79,0.5614679455757141,0.295254647731781,-0.20291048288345337,0.9993842244148254,0.5579858422279358,0.3569468855857849,0.2354622483253479,0.9977949261665344,0.45188310742378235,0.3654269874095917,-0.2963588535785675,0.9999758005142212,0.643720269203186,0.3286430835723877,0.4793241024017334,0.6029540300369263,0.3551996350288391,0.44819873571395874,-0.4056430459022522,0.9948777556419373,0.7161045670509338,0.27260881662368774,0.5252260565757751,0.635236382484436,0.4434918463230133,0.5071994066238403,-0.4309992790222168,0.9864630103111267,0.7230815291404724,0.2555895745754242,0.5506407022476196,0.615574836730957,0.45967671275138855,0.5258724689483643,-0.4479060173034668,0.9768216609954834,0.5218831300735474,0.576680064201355,0.17818112671375275,0.9962223768234253,0.4854946732521057,0.5822446346282959,-0.1786046326160431,0.9986807107925415,0.5312514901161194,0.7215750217437744,0.2564792335033417,0.6728444695472717,0.5528344511985779,0.7377444505691528,-0.16450761258602142,0.9385220408439636,0.41216838359832764,0.7883875966072083,0.5180407166481018,0.7413930296897888,0.50956791639328,0.8879609107971191,-0.007569121662527323,0.9730187654495239,0.38759997487068176,0.7953848242759705,0.5380778312683105,0.8366299867630005,0.4903010129928589,0.9073852896690369,0.003461100161075592,0.9745103120803833,0.4078845679759979,0.8166702389717102,0.4826675355434418,0.8045808672904968,0.5712877511978149,0.9210987687110901,-0.11946067959070206,0.962541937828064
80,0.562029242515564,0.29538676142692566,-0.15195989608764648,0.9994454383850098,0.5527406930923462,0.35660529136657715,0.2378598004579544,0.9980046153068542,0.4502515196800232,0.36644232273101807,-0.2502579689025879,0.9999758005142212,0.648141086101532,0.33395659923553467,0.40442705154418945,0.6407707929611206,0.35235413908958435,0.4385673999786377,-0.37547293305397034,0.9952474236488342,0.738814115524292,0.2880288064479828,0.3749287724494934,0.6712746024131775,0.42857685685157776,0.5036634802818298,-0.42655566334724426,0.987305760383606,0.7713581323623657,0.27346283197402954,0.3813461363315582,0.6527696251869202,0.4434811472892761,0.5239675641059875,-0.44924667477607727,0.9775704741477966,0.5222451686859131,0.5756494402885437,0.1673484891653061,0.9963807463645935,0.486089825630188,0.5816489458084106,-0.167621910572052,0.9986723065376282,0.5307647585868835,0.7212982773780823,0.20634177327156067,0.6546837687492371,0.5523538589477539,0.7371260523796082,-0.18653453886508942,0.9378998875617981,0.4284780025482178,0.7921032309532166,0.36280494928359985,0.7186386585235596,0.5094053149223328,0.8879095315933228,-0.09161006659269333,0.9702752828598022,0.39996516704559326,0.8070862889289856,0.3715399205684662,0.8216264247894287,0.49027663469314575,0.9069145321846008,-0.08878728747367859,0.9710633158683777,0.4486989974975586,0.8229917287826538,0.3032543361186981,0.7900967597961426,0.566075325012207,0.9208076000213623,-0.2288527488708496,0.9583460092544556
81,0.5617401599884033,0.2954719662666321,-0.15557311475276947,0.9995002746582031,0.5558071136474609,0.3560221493244171,0.23079513013362885,0.9981934428215027,0.4467354118824005,0.36651355028152466,-0.2654605805873871,0.9999760985374451,0.6703054308891296,0.33747026324272156,0.3859221637248993,0.6747449040412903,0.3488214612007141,0.43097493052482605,-0.39141303300857544,0.9955611228942871,0.7605574131011963,0.3190656900405884,0.32355526089668274,0.7035321593284607,0.4186244606971741,0.5015641450881958,-0.4534350335597992,0.9879218339920044,0.8003484606742859,0.3229624927043915,0.3231351375579834,0.6857913732528687,0.43281587958335876,0.5224026441574097,-0.4872284233570099,0.9779520630836487,0.5238791108131409,0.5753077268600464,0.16678301990032196,0.9964963793754578,0.48651745915412903,0.5803961157798767,-0.1670328974723816,0.9986712336540222,0.5299868583679199,0.7204923033714294,0.2309599071741104,0.636102557182312,0.5514572262763977,0.7369045615196228,-0.19876046478748322,0.9387969970703125,0.4314754605293274,0.7938064336776733,0.4392620921134949,0.700709879398346,0.5095816254615784,0.8878604173660278,-0.08483387529850006,0.96946120262146,0.3990417420864105,0.8082791566848755,0.45659372210502625,0.8114535212516785,0.491891086101532,0.9069611430168152,-0.08021342754364014,0.9695682525634766,0.4524577558040619,0.8284468054771423,0.3461882472038269,0.7823742628097534,0.5684286952018738,0.9204414486885071,-0.23137599229812622,0.9566034078598022
82,0.5626870393753052,0.29552382230758667,-0.17918550968170166,0.9995481967926025,0.5562350153923035,0.35590416193008423,0.21312156319618225,0.9983680248260498,0.44669947028160095,0.3665371239185333,-0.2896192669868469,0.999974250793457,0.6732683181762695,0.3401320278644562,0.38609036803245544,0.7062187790870667,0.3468463718891144,0.42430251836776733,-0.42027774453163147,0.9957687258720398,0.7694790363311768,0.35893696546554565,0.3174119293689728,0.7327296137809753,0.41196444630622864,0.4973487854003906,-0.5059544444084167,0.9881810545921326,0.8042110800743103,0.37601006031036377,0.31608226895332336,0.7159168720245361,0.42490822076797485,0.5198791027069092,-0.5487021803855896,0.9776759147644043,0.523725688457489,0.5753675699234009,0.16736413538455963,0.9965628981590271,0.4868903160095215,0.5803987383842468,-0.1676696538925171,0.9986181259155273,0.5300310850143433,0.719856321811676,0.2561304569244385,0.614631175994873,0.5507922172546387,0.7371952533721924,-0.19010186195373535,0.9384952783584595,0.4299990236759186,0.792750358581543,0.5422525405883789,0.6798281073570251,0.5090566277503967,0.8878175020217896,-0.0473516620695591,0.9684158563613892,0.4026433229446411,0.8028907775878906,0.5648703575134277,0.8018315434455872,0.4925645589828491,0.9070008397102356,-0.03870594874024391,0.9684170484542847,0.4562033712863922,0.8289964199066162,0.4907837212085724,0.770233154296875,0.5636159777641296,0.9202691912651062,-0.19616779685020447,0.9541332125663757
83,0.5643540024757385,0.2955997884273529,-0.18860265612602234,0.9995909333229065,0.5557163953781128,0.355866938829422,0.2089099884033203,0.9985281229019165,0.44668060541152954,0.366352915763855,-0.31422632932662964,0.9999731183052063,0.6679627299308777,0.35628587007522583,0.3815866708755493,0.7346529960632324,0.3447284400463104,0.4189152717590332,-0.468490868806839,0.9959939122200012,0.7666945457458496,0.39382869005203247,0.2844841480255127,0.7589864730834961,0.4060768783092499,0.49333474040031433,-0.5851048231124878,0.9885587096214294,0.7976435422897339,0.4113270938396454,0.27750226855278015,0.7429916858673096,0.416296124458313,0.5191465020179749,-0.6361165046691895,0.9777294993400574,0.5238809585571289,0.5759361982345581,0.17218849062919617,0.9966525435447693,0.4863414168357849,0.5815092921257019,-0.17232999205589294,0.9985337257385254,0.5295124053955078,0.7200385928153992,0.2571447789669037,0.5876031517982483,0.5505282282829285,0.7384257316589355,-0.1868467777967453,0.9355593919754028,0.43459847569465637,0.7939062714576721,0.5306743383407593,0.6568522453308105,0.5069779753684998,0.8795076608657837,-0.018560415133833885,0.9661307334899902,0.4048788249492645,0.8039849400520325,0.5518776774406433,0.7897377610206604,0.4920346140861511,0.8992469310760498,-0.007774429861456156,0.9662872552871704,0.4584287106990814,0.8293413519859314,0.4809999465942383,0.753638505935669,0.543971836566925,0.9136236906051636,-0.16998296976089478,0.9505003094673157
84,0.5650442242622375,0.2956545948982239,-0.19374126195907593,0.9996285438537598,0.5568656921386719,0.3558829128742218,0.20197458565235138,0.9986720085144043,0.4468533992767334,0.3662796914577484,-0.3185388445854187,0.999971330165863,0.6681569218635559,0.3617760241031647,0.3741670846939087,0.7603081464767456,0.34464889764785767,0.41706496477127075,-0.4691064953804016,0.9961808919906616,0.7677444815635681,0.3976905941963196,0.27509304881095886,0.782587468624115,0.4050959348678589,0.4911669194698334,-0.5818972587585449,0.9888357520103455,0.7976457476615906,0.41515639424324036,0.2677048146724701,0.7672408223152161,0.41496542096138,0.5189615488052368,-0.6314804553985596,0.9776239991188049,0.5242522954940796,0.576081395149231,0.17222023010253906,0.9967612624168396,0.48582956194877625,0.58159339427948,-0.17238320410251617,0.9984663128852844,0.5290517210960388,0.7207100987434387,0.24547995626926422,0.5610024929046631,0.5493699312210083,0.7385531663894653,-0.18171824514865875,0.9296900629997253,0.43280211091041565,0.796099066734314,0.5185074210166931,0.6326106786727905,0.5057075619697571,0.8639249801635742,0.018117602914571762,0.9625430107116699,0.4067402780056,0.8047738671302795,0.5402122139930725,0.7770792245864868,0.4918205440044403,0.8851631283760071,0.03126855939626694,0.9632734060287476,0.4593271017074585,0.8299170732498169,0.46838587522506714,0.7363071441650391,0.5424890518188477,0.9132314324378967,-0.12170401960611343,0.9458573460578918
85,0.566669225692749,0.2956790030002594,-0.2857339382171631,0.9996310472488403,0.5674335956573486,0.35827600955963135,0.054141588509082794,0.9988029599189758,0.4449886381626129,0.36472198367118835,-0.29082971811294556,0.9999567866325378,0.6760948896408081,0.38906118273735046,0.1639600247144699,0.7836317420005798,0.346694678068161,0.40925106406211853,-0.4386477470397949,0.9962716102600098,0.7546356320381165,0.4614345133304596,-0.024676166474819183,0.8036699295043945,0.40010806918144226,0.4845912754535675,-0.6230771541595459,0.9888389706611633,0.7713655233383179,0.49019020795822144,-0.07139277458190918,0.7883895635604858,0.4080619513988495,0.5128967761993408,-0.6865832805633545,0.976752758026123,0.5269500613212585,0.5715363621711731,0.09164821356534958,0.9970211982727051,0.47407814860343933,0.5732915997505188,-0.09153377264738083,0.9984825849533081,0.5338011980056763,0.7082552909851074,0.11190441995859146,0.5670282244682312,0.5369181632995605,0.7186248898506165,-0.02717881090939045,0.9085724353790283,0.47929030656814575,0.7964413166046143,0.5006023049354553,0.6164737939834595,0.47387105226516724,0.8121418952941895,0.3793521225452423,0.9335277676582336,0.45568224787712097,0.8186761736869812,0.5272170901298523,0.7483441233634949,0.45972543954849243,0.8248926401138306,0.4136776924133301,0.9269280433654785,0.4938814640045166,0.8406961560249329,0.40031829476356506,0.717873215675354,0.4816451370716095,0.8533316254615784,0.27409234642982483,0.9208551049232483
86,0.5690277814865112,0.2945798635482788,-0.2700267732143402,0.9996465444564819,0.5752224326133728,0.3621513545513153,0.0857686772942543,0.9989193081855774,0.4439156651496887,0.36325564980506897,-0.2624721825122833,0.9999474883079529,0.676730215549469,0.40873047709465027,0.16328254342079163,0.8042888641357422,0.3479776680469513,0.40522342920303345,-0.4121534824371338,0.9963103532791138,0.7348654866218567,0.48684853315353394,-0.07669208943843842,0.822318434715271,0.39348772168159485,0.47286713123321533,-0.6343596577644348,0.988848865032196,0.7510831356048584,0.5106546878814697,-0.12901559472084045,0.80701744556427,0.40239521861076355,0.4998334050178528,-0.7047077417373657,0.9763268232345581,0.5320295691490173,0.5692170858383179,0.1058182492852211,0.9971765875816345,0.47243884205818176,0.5722032785415649,-0.10564827919006348,0.9984890818595886,0.5369613766670227,0.7100149989128113,0.061299748718738556,0.5693736672401428,0.5339168310165405,0.7193015813827515,-0.08664344251155853,0.8889839053153992,0.468400776386261,0.7900205254554749,0.49631085991859436,0.5868982076644897,0.4816315472126007,0.8271779417991638,0.22213265299797058,0.922084391117096,0.43699726462364197,0.7946891784667969,0.5257447957992554,0.7214915752410889,0.47689780592918396,0.8428666591644287,0.24536189436912537,0.9102089405059814,0.45942777395248413,0.836681067943573,0.411521315574646,0.6843079924583435,0.5120516419410706,0.8692104816436768,0.07098804414272308,0.9072363376617432
87,0.5699124336242676,0.2943745255470276,-0.25540798902511597,0.9996459484100342,0.5788289308547974,0.3656216263771057,0.06518261134624481,0.9990246295928955,0.44377216696739197,0.3610546588897705,-0.24398498237133026,0.9999288320541382,0.6678579449653625,0.4247073233127594,0.15095597505569458,0.8227657079696655,0.35195013880729675,0.3990849554538727,-0.38061225414276123,0.996049165725708,0.7297319173812866,0.5115258693695068,-0.04541575908660889,0.839083194732666,0.39615747332572937,0.4687905013561249,-0.5945802330970764,0.9879990816116333,0.7295805215835571,0.539143443107605,-0.09365656226873398,0.8236021995544434,0.40415501594543457,0.4935651123523712,-0.658944308757782,0.9741473197937012,0.5358079075813293,0.5658833980560303,0.0909338966012001,0.9973668456077576,0.47165125608444214,0.56845623254776,-0.09074892848730087,0.9985076189041138,0.5394326448440552,0.7029047608375549,0.04102908447384834,0.5702636241912842,0.5307541489601135,0.7096052169799805,-0.08315686881542206,0.8580191135406494,0.46310538053512573,0.785521388053894,0.453644335269928,0.5600969195365906,0.5135042071342468,0.799950122833252,0.2672809660434723,0.8894643187522888,0.44146448373794556,0.789829432964325,0.491629034280777,0.6919836401939392,0.5113727450370789,0.8127199411392212,0.2963324785232544,0.8721204996109009,0.4634990096092224,0.831756591796875,0.3760601878166199,0.652395486831665,0.5140711069107056,0.8381491303443909,0.14161324501037598,0.8756073713302612
88,0.5704730153083801,0.2941475510597229,-0.2557351589202881,0.9996502995491028,0.5812668204307556,0.3687676787376404,0.050158701837062836,0.999118447303772,0.4441039562225342,0.3596089482307434,-0.23557142913341522,0.9999218583106995,0.6606765389442444,0.4367198050022125,0.16097162663936615,0.8374336361885071,0.3548506796360016,0.3969024121761322,-0.2981317937374115,0.9958862066268921,0.6856539845466614,0.5320451259613037,0.008520783856511116,0.8507891893386841,0.39910054206848145,0.4666220247745514,-0.4224510192871094,0.9866458177566528,0.6815680265426636,0.5628184676170349,-0.0335773266851902,0.831095814704895,0.40605732798576355,0.4890023469924927,-0.4737934172153473,0.9705836176872253,0.5430672764778137,0.563646674156189,0.06820095330476761,0.9975964426994324,0.47284018993377686,0.5670543313026428,-0.0680859312415123,0.9986022710800171,0.53861004114151,0.7012422680854797,0.056750815361738205,0.5760650038719177,0.5325571298599243,0.7109683156013489,-0.03218074142932892,0.8222662210464478,0.4711419343948364,0.7765287756919861,0.44718465209007263,0.5372666120529175,0.5335990786552429,0.7636443972587585,0.42113298177719116,0.8280268907546997,0.455145001411438,0.7815220952033997,0.4851575493812561,0.662272572517395,0.5333237051963806,0.7699843049049377,0.4647112488746643,0.8157883286476135,0.4747125208377838,0.8180951476097107,0.3855871856212616,0.6263958811759949,0.521590530872345,0.7917258143424988,0.36073529720306396,0.8223357200622559
89,0.5719788670539856,0.2937842905521393,-0.26980289816856384,0.999549388885498,0.5846490859985352,0.3719231188297272,0.022300003096461296,0.9991840124130249,0.44458380341529846,0.35846778750419617,-0.2242070734500885,0.9998775720596313,0.6545243859291077,0.4490504264831543,0.1119798868894577,0.8486230969429016,0.3562794029712677,0.3953900933265686,-0.3074456751346588,0.9958099722862244,0.6513334512710571,0.5421755909919739,-0.06999000161886215,0.8579994440078735,0.40223950147628784,0.4656802713871002,-0.4617076516151428,0.9855351448059082,0.6419448256492615,0.5738403797149658,-0.12011465430259705,0.8315278887748718,0.40839388966560364,0.4856984615325928,-0.5160075426101685,0.9674490094184875,0.5477506518363953,0.5632249116897583,0.04061531275510788,0.997762143611908,0.4705774784088135,0.5667083263397217,-0.040297672152519226,0.9986348152160645,0.54122394323349,0.6751298904418945,-0.09120971709489822,0.5928494930267334,0.5175268054008484,0.697999894618988,0.0895884707570076,0.7828372120857239,0.47421154379844666,0.7671372294425964,0.2548752725124359,0.526955783367157,0.5277789235115051,0.7990524768829346,0.5295875668525696,0.7906731963157654,0.4481830894947052,0.7765992283821106,0.2865023612976074,0.6509848237037659,0.5248867869377136,0.812226414680481,0.5661750435829163,0.779426097869873,0.47122859954833984,0.8129022121429443,0.12865866720676422,0.6213010549545288,0.5278589725494385,0.8322598338127136,0.3845674395561218,0.7898873090744019
90,0.5734819769859314,0.29372942447662354,-0.27596819400787354,0.9994922876358032,0.5859168767929077,0.3756900727748871,-0.013434335589408875,0.9992603659629822,0.44476813077926636,0.35765379667282104,-0.2075318843126297,0.9998363852500916,0.6391583681106567,0.4638461768627167,0.056276123970746994,0.8570461273193359,0.36401307582855225,0.3953234553337097,-0.30167660117149353,0.9951630234718323,0.6238571405410767,0.5517092347145081,-0.13274183869361877,0.8660759329795837,0.4049279987812042,0.46377554535865784,-0.48647093772888184,0.9835214614868164,0.6152557730674744,0.5807011127471924,-0.1857149600982666,0.8376398086547852,0.41032126545906067,0.48246532678604126,-0.5306563377380371,0.9635294675827026,0.5530031323432922,0.564316987991333,0.01234299223870039,0.9979745745658875,0.4713605046272278,0.5673090219497681,-0.012073653750121593,0.9987338185310364,0.5402103662490845,0.6835839152336121,-0.059034738689661026,0.6222695112228394,0.473777174949646,0.6974062323570251,0.12341795116662979,0.7554255723953247,0.5121515393257141,0.7720178961753845,0.3412875533103943,0.5347381830215454,0.4829440414905548,0.7614964842796326,0.7211763262748718,0.7443259358406067,0.5032117962837219,0.7792991995811462,0.376338392496109,0.631581723690033,0.4792431890964508,0.7771517038345337,0.7766461372375488,0.728199303150177,0.5065025091171265,0.8270397782325745,0.2195177525281906,0.6288465857505798,0.4491482377052307,0.799065113067627,0.6404600739479065,0.7544535994529724
91,0.5763197541236877,0.29375898838043213,-0.29912611842155457,0.9995144605636597,0.5869221687316895,0.3764672875404358,-0.03906906768679619,0.9993281960487366,0.44480428099632263,0.35706478357315063,-0.17629708349704742,0.9997966885566711,0.6243120431900024,0.4730360805988312,0.018032509833574295,0.8637527823448181,0.370248019695282,0.3966250419616699,-0.23437170684337616,0.9942100644111633,0.5944822430610657,0.559097409248352,-0.16892310976982117,0.8719220161437988,0.4060160219669342,0.46260565519332886,-0.43414291739463806,0.9811699986457825,0.5795749425888062,0.58696448802948,-0.21738222241401672,0.8419827818870544,0.41102907061576843,0.4801572561264038,-0.5043646693229675,0.9595979452133179,0.5492637157440186,0.5764503479003906,-0.012020670808851719,0.9981458783149719,0.4605553150177002,0.5693323612213135,0.012233397923409939,0.9988206624984741,0.5420799851417542,0.7083631157875061,-0.05660273879766464,0.6572602987289429,0.3754289150238037,0.6852191090583801,-0.1408793330192566,0.7775658369064331,0.5283805131912231,0.8147172927856445,0.37799569964408875,0.5712125301361084,0.4743787944316864,0.75691819190979,0.42380285263061523,0.752655029296875,0.5240063071250916,0.8244017362594604,0.4121554493904114,0.6211214661598206,0.47650569677352905,0.7640340924263,0.4691314697265625,0.724642276763916,0.520716667175293,0.872130274772644,0.2532699406147003,0.6535147428512573,0.4311992824077606,0.8021750450134277,0.3469259440898895,0.7607036232948303
92,0.5798345804214478,0.2947179079055786,-0.2993048131465912,0.9994940757751465,0.5872573256492615,0.37690842151641846,-0.039556656032800674,0.9993884563446045,0.44430285692214966,0.356046199798584,-0.19742661714553833,0.9997655153274536,0.6123022437095642,0.4800490140914917,-0.0022673225030303,0.8663777709007263,0.37734290957450867,0.3966105282306671,-0.29437896609306335,0.9931848049163818,0.5692107081413269,0.5644877552986145,-0.2041761428117752,0.8750742673873901,0.40590980648994446,0.4592854976654053,-0.5245183706283569,0.9783360362052917,0.5516871213912964,0.5911546349525452,-0.25831785798072815,0.8425000905990601,0.41086435317993164,0.4787501394748688,-0.6081013083457947,0.9549910426139832,0.5472052693367004,0.5768013596534729,-0.003821545047685504,0.9982764720916748,0.4559156894683838,0.5687292814254761,0.004173480439931154,0.9988576173782349,0.5424387454986572,0.7131719589233398,-0.03128495439887047,0.6847020983695984,0.38773512840270996,0.6667822599411011,-0.1376672089099884,0.7869225740432739,0.522699773311615,0.8309854865074158,0.38880297541618347,0.5896040797233582,0.4430530369281769,0.7596886157989502,0.3761759400367737,0.7382670044898987,0.5164137482643127,0.8424035906791687,0.4226950705051422,0.5992807745933533,0.4582498371601105,0.7688756585121155,0.42013150453567505,0.7003811001777649,0.5143851637840271,0.8918581008911133,0.2535575032234192,0.6626325845718384,0.42274296283721924,0.8056978583335876,0.2774815261363983,0.7494968175888062
93,0.5836215615272522,0.2959420084953308,-0.2863266170024872,0.9994753003120422,0.5881558060646057,0.3766210973262787,-0.029647624120116234,0.9994418621063232,0.4442671239376068,0.3558945953845978,-0.1448194682598114,0.9997092485427856,0.6043058633804321,0.482889860868454,-0.009240847080945969,0.8707000613212585,0.3793899714946747,0.3980732262134552,-0.22980907559394836,0.9910509586334229,0.5449947714805603,0.5629194974899292,-0.22462724149227142,0.8801144957542419,0.40673133730888367,0.46088507771492004,-0.4726162552833557,0.9738739728927612,0.5274012088775635,0.5875698924064636,-0.280169278383255,0.8472226858139038,0.4125935435295105,0.48059964179992676,-0.5567679405212402,0.9492542147636414,0.5469923615455627,0.5781453251838684,-0.010020684450864792,0.9984035491943359,0.4535254240036011,0.567634642124176,0.010393836535513401,0.99893718957901,0.5424587726593018,0.7238010764122009,-0.056371498852968216,0.7116192579269409,0.3724898397922516,0.6453094482421875,-0.3278665542602539,0.8040118217468262,0.5097910761833191,0.8272973299026489,0.41544780135154724,0.6051968336105347,0.4483787715435028,0.7393189668655396,0.09372789412736893,0.7369676828384399,0.5013778209686279,0.8354855179786682,0.45937949419021606,0.5788877606391907,0.4663388431072235,0.7467380166053772,0.13255788385868073,0.6899880766868591,0.5036734342575073,0.8841230273246765,0.2741706371307373,0.6648255586624146,0.41677579283714294,0.7896054983139038,-0.009058737196028233,0.7475230693817139
94,0.5865054726600647,0.2966500222682953,-0.3116168975830078,0.997994065284729,0.5896953344345093,0.37694650888442993,-0.04267028719186783,0.9994691014289856,0.4441649317741394,0.3557233512401581,-0.1796761006116867,0.9994798302650452,0.593507707118988,0.4870092570781708,0.011558989062905312,0.8693232536315918,0.3810825049877167,0.4012066721916199,-0.2376323789358139,0.9877522587776184,0.5254987478256226,0.5600897669792175,-0.16904744505882263,0.8781144618988037,0.40748172998428345,0.4620172083377838,-0.42319318652153015,0.9670692086219788,0.5054683685302734,0.5841822028160095,-0.2241264134645462,0.8433793783187866,0.4127107858657837,0.4812549650669098,-0.4906459152698517,0.9399251937866211,0.5451001524925232,0.5760895013809204,0.012485339306294918,0.9983989000320435,0.4560496211051941,0.565353512763977,-0.012191600166261196,0.9987063407897949,0.5446245074272156,0.7144991755485535,-0.016405075788497925,0.7182425260543823,0.42849797010421753,0.6598045229911804,-0.0575685016810894,0.7670649290084839,0.5074185729026794,0.820769727230072,0.4139283001422882,0.5915545225143433,0.44956138730049133,0.748009204864502,0.3406989276409149,0.7033641934394836,0.49960002303123474,0.8292276859283447,0.45217835903167725,0.5460576415061951,0.47122758626937866,0.7577453255653381,0.3738703727722168,0.6511166095733643,0.4992712140083313,0.8789179921150208,0.27321791648864746,0.6453461050987244,0.4457087814807892,0.8057084679603577,0.1841447800397873,0.7213168740272522
95,0.5890863537788391,0.2973770499229431,-0.3367941975593567,0.9974519610404968,0.5910000801086426,0.37665534019470215,-0.018628498539328575,0.9994820356369019,0.44418781995773315,0.35542017221450806,-0.2175142765045166,0.9994446635246277,0.5869342684745789,0.48512494564056396,0.0590863972902298,0.8628189563751221,0.38554152846336365,0.40489381551742554,-0.23901796340942383,0.9872991442680359,0.5159094333648682,0.5491918325424194,-0.11428994685411453,0.871123194694519,0.4080376923084259,0.4623853862285614,-0.37460318207740784,0.9641322493553162,0.49139705300331116,0.5716318488121033,-0.16865675151348114,0.8315344452857971,0.4135511517524719,0.4810222387313843,-0.4410601556301117,0.9348040819168091,0.5446652770042419,0.5728277564048767,0.0338052362203598,0.9982989430427551,0.458194762468338,0.5647010803222656,-0.03336628898978233,0.9986414313316345,0.5448536276817322,0.7138826251029968,0.10034674406051636,0.7186160683631897,0.4968865215778351,0.676538348197937,-0.05989108607172966,0.7510072588920593,0.49006521701812744,0.80279141664505,0.5810506939888,0.5774333477020264,0.4964287579059601,0.797559380531311,0.33109337091445923,0.6998882293701172,0.47310343384742737,0.8117676377296448,0.6221751570701599,0.5281971096992493,0.49709177017211914,0.8132986426353455,0.3443804383277893,0.6334945559501648,0.4757454991340637,0.8708536028862,0.46175822615623474,0.6310809850692749,0.5134661197662354,0.8502417802810669,0.11193535476922989,0.718773603439331
96,0.5908975005149841,0.2988109886646271,-0.38473421335220337,0.9961598515510559,0.5919002890586853,0.3768417537212372,-0.034897297620773315,0.9994738101959229,0.4441429674625397,0.3552078604698181,-0.24205930531024933,0.9994015097618103,0.5806559920310974,0.4844992756843567,0.005175722297281027,0.8579056859016418,0.3901773691177368,0.40776821970939636,-0.28027233481407166,0.9858810305595398,0.5026211738586426,0.54501873254776,-0.20203295350074768,0.8660013675689697,0.4096871316432953,0.4614953100681305,-0.4938940405845642,0.9596644639968872,0.4753480553627014,0.5670807957649231,-0.2669948935508728,0.8238189816474915,0.4138386845588684,0.4794875383377075,-0.5771791338920593,0.9293081164360046,0.5443747639656067,0.5718458294868469,0.05576701834797859,0.9980648756027222,0.46219101548194885,0.564611554145813,-0.05532897263765335,0.9985637068748474,0.5449486374855042,0.7135184407234192,0.09820006042718887,0.7083228230476379,0.5203444361686707,0.69441819190979,-0.15897265076637268,0.7326837182044983,0.47205111384391785,0.8028969168663025,0.5782095193862915,0.5525797605514526,0.5191994905471802,0.8192946314811707,0.15030735731124878,0.696540117263794,0.45177942514419556,0.806483268737793,0.6190511584281921,0.5081252455711365,0.5138553380966187,0.8360643982887268,0.17120146751403809,0.6158754229545593,0.46262630820274353,0.8688567280769348,0.46309298276901245,0.6079029440879822,0.5418733358383179,0.8711133599281311,-0.06372972577810287,0.714364230632782
97,0.5921854376792908,0.299806147813797,-0.4055531322956085,0.9947380423545837,0.5924718379974365,0.37668558955192566,-0.051115091890096664,0.9994667172431946,0.44427481293678284,0.35516688227653503,-0.27146443724632263,0.9994083046913147,0.5744541883468628,0.4828983247280121,-0.021875619888305664,0.8498803973197937,0.38996052742004395,0.407695472240448,-0.33665236830711365,0.9847649335861206,0.4855162501335144,0.541022777557373,-0.22863367199897766,0.8579739332199097,0.41070815920829773,0.4611751437187195,-0.5492897629737854,0.9554898738861084,0.45594802498817444,0.5622161030769348,-0.29479464888572693,0.8147109150886536,0.4150024950504303,0.47932103276252747,-0.6348826885223389,0.9241898655891418,0.5438796877861023,0.5717741847038269,0.0678379237651825,0.99789959192276,0.4653835892677307,0.5648801922798157,-0.06746052950620651,0.9985819458961487,0.5446876287460327,0.7133397459983826,0.15028530359268188,0.6915128231048584,0.524493396282196,0.6955581307411194,-0.21321308612823486,0.7204033136367798,0.46615007519721985,0.7991331815719604,0.6828179955482483,0.5210347771644592,0.5271390676498413,0.820029616355896,0.09308130294084549,0.6981371641159058,0.44503384828567505,0.7949385643005371,0.7299409508705139,0.48572829365730286,0.5201300978660583,0.8367043137550354,0.11517147719860077,0.6012988686561584,0.46180763840675354,0.857523500919342,0.5869715213775635,0.5799110531806946,0.5492241978645325,0.8704617023468018,-0.12111076712608337,0.7142336368560791
98,0.5930339097976685,0.30025407671928406,-0.40400341153144836,0.9931644797325134,0.5928136110305786,0.3766426146030426,-0.034208815544843674,0.9994499683380127,0.4447149932384491,0.3552256226539612,-0.2915937900543213,0.9994226098060608,0.5671156048774719,0.48260927200317383,-0.01376970112323761,0.8350639939308167,0.39328399300575256,0.41041868925094604,-0.3994002044200897,0.9825712442398071,0.470472127199173,0.5384958386421204,-0.22740525007247925,0.8453179597854614,0.41334009170532227,0.4615335166454315,-0.649596631526947,0.9487090706825256,0.44564470648765564,0.5582666993141174,-0.29294025897979736,0.8023749589920044,0.41764402389526367,0.47982892394065857,-0.7417091727256775,0.9174644351005554,0.5432629585266113,0.5725443363189697,0.0993807464838028,0.9976733922958374,0.46730154752731323,0.5651679635047913,-0.09908568859100342,0.9985945820808411,0.5445564389228821,0.7130587697029114,0.18242241442203522,0.6653760075569153,0.5338034629821777,0.7026011347770691,-0.26006028056144714,0.7129747867584229,0.45424145460128784,0.7981988191604614,0.715064525604248,0.4883967638015747,0.5313306450843811,0.8248146176338196,0.03479050099849701,0.7035974264144897,0.42884567379951477,0.7889996767044067,0.7626489400863647,0.4654029309749603,0.5210853815078735,0.8406212329864502,0.05537762865424156,0.5912352204322815,0.455012708902359,0.8513801693916321,0.6298822164535522,0.5519251823425293,0.5628648996353149,0.8772581219673157,-0.1817203164100647,0.7165864706039429
99,0.5939714312553406,0.30077341198921204,-0.37901532649993896,0.9917706847190857,0.5930912494659424,0.3767003118991852,-0.013440658338367939,0.9994251728057861,0.4461246430873871,0.35540199279785156,-0.2870215177536011,0.9994434118270874,0.5641965866088867,0.4833953380584717,0.01440473459661007,0.820414125919342,0.3925701677799225,0.41032078862190247,-0.39301005005836487,0.9814575910568237,0.4630790054798126,0.5376045107841492,-0.18904109299182892,0.8344296813011169,0.4133652448654175,0.46111759543418884,-0.6275307536125183,0.9446288347244263,0.43848714232444763,0.5504104495048523,-0.2505728602409363,0.7914859056472778,0.4177161753177643,0.4800299108028412,-0.7155557870864868,0.9136061072349548,0.5418124198913574,0.5750935673713684,0.11865974962711334,0.9974566698074341,0.46945732831954956,0.5669049024581909,-0.1184125542640686,0.998600423336029,0.54432612657547,0.7146881222724915,0.18332868814468384,0.6363152265548706,0.5391452312469482,0.7072160243988037,-0.2679159343242645,0.710307240486145,0.4488820433616638,0.7984334826469421,0.683516800403595,0.46199437975883484,0.5330579876899719,0.8293067812919617,0.022833185270428658,0.7118655443191528,0.421673059463501,0.7897093892097473,0.7280244827270508,0.4539931118488312,0.5207576751708984,0.8436708450317383,0.043034136295318604,0.5895284414291382,0.45376601815223694,0.850181519985199,0.6000146865844727,0.531048059463501,0.5674228668212891,0.883562445640564,-0.18469224870204926,0.7212740182876587
100,0.5948512554168701,0.3010798990726471,-0.3691341280937195,0.989361047744751,0.5936711430549622,0.3766552209854126,0.011457784101366997,0.9993577599525452,0.4475075304508209,0.35551390051841736,-0.2741253972053528,0.9994460940361023,0.5640259385108948,0.4832228124141693,0.031293854117393494,0.8058032989501953,0.3914615511894226,0.40900367498397827,-0.36291253566741943,0.981025218963623,0.4636727571487427,0.5368164777755737,-0.17481492459774017,0.8225446343421936,0.4135211110115051,0.46127066016197205,-0.5513644218444824,0.9421197772026062,0.43855851888656616,0.5469393730163574,-0.22911342978477478,0.778712272644043,0.4178159832954407,0.4801897704601288,-0.640530526638031,0.9104253649711609,0.5409274697303772,0.5754093527793884,0.11221949756145477,0.997071385383606,0.47024139761924744,0.5670296549797058,-0.11191920191049576,0.9985301494598389,0.5442113876342773,0.7146374583244324,0.15883596241474152,0.6085972785949707,0.5379728078842163,0.706915020942688,-0.2694814205169678,0.7000137567520142,0.4537663161754608,0.8014505505561829,0.616485059261322,0.43860554695129395,0.5293660163879395,0.8304300308227539,-0.0027654601726680994,0.7098832130432129,0.42890989780426025,0.7978379726409912,0.6577122211456299,0.44047412276268005,0.5177565217018127,0.8457859754562378,0.014533434994518757,0.5806575417518616,0.45654475688934326,0.8559765219688416,0.5221742391586304,0.5102053880691528,0.562598466873169,0.8834336996078491,-0.21534079313278198,0.7177786827087402
101,0.5955632925033569,0.3015839755535126,-0.3434057831764221,0.9874741435050964,0.5938512086868286,0.37658965587615967,0.02403423748910427,0.999308168888092,0.4483611285686493,0.3555377423763275,-0.262271523475647,0.9994568824768066,0.5664882659912109,0.48267069458961487,0.06512157618999481,0.7942774295806885,0.39119306206703186,0.4081709384918213,-0.29832035303115845,0.9814727902412415,0.4710960388183594,0.5367130637168884,-0.13441815972328186,0.8137508034706116,0.41354987025260925,0.4614146649837494,-0.4502316415309906,0.9422346949577332,0.44582319259643555,0.5443003177642822,-0.19184647500514984,0.7680552005767822,0.417881041765213,0.4803435206413269,-0.5249400734901428,0.9100687503814697,0.5408927798271179,0.5755679607391357,0.10694863647222519,0.9967767000198364,0.4713432788848877,0.5670897960662842,-0.10663414746522903,0.9984579086303711,0.5441055297851562,0.7147204875946045,0.13942208886146545,0.5877101421356201,0.5328351855278015,0.7073027491569519,-0.25429290533065796,0.6900420784950256,0.4553088843822479,0.8039389252662659,0.5898257493972778,0.4180264472961426,0.5261101126670837,0.8320472836494446,0.01819641888141632,0.705159068107605,0.4320860803127289,0.803792417049408,0.6246709823608398,0.42750439047813416,0.5139354467391968,0.8477716445922852,0.036170266568660736,0.5739200711250305,0.4587462842464447,0.8595317006111145,0.48317694664001465,0.49131661653518677,0.5540943741798401,0.8847237825393677,-0.18952228128910065,0.7130227088928223
102,0.5961984395980835,0.3019772171974182,-0.3124637305736542,0.9847893714904785,0.5939557552337646,0.37629276514053345,0.022233562543988228,0.999302327632904,0.44889166951179504,0.35541409254074097,-0.22988371551036835,0.9994129538536072,0.5704273581504822,0.4814831614494324,0.06995140761137009,0.7931063175201416,0.39105692505836487,0.407090425491333,-0.26692265272140503,0.9815994501113892,0.48514288663864136,0.5362070202827454,-0.1268887221813202,0.8157027959823608,0.41361111402511597,0.4615147113800049,-0.43074315786361694,0.941839337348938,0.4586878716945648,0.5444387793540955,-0.18523667752742767,0.7687191963195801,0.4179990887641907,0.48040279746055603,-0.5033513903617859,0.9088904857635498,0.5407688617706299,0.5755885243415833,0.10435634851455688,0.9965289831161499,0.4717532992362976,0.5671308040618896,-0.10417316108942032,0.9981645345687866,0.5466882586479187,0.7146243453025818,0.0711938664317131,0.5763599276542664,0.5275499224662781,0.7064306735992432,-0.23635044693946838,0.6692456007003784,0.4594730734825134,0.8106074333190918,0.4774964451789856,0.4018420875072479,0.5118374824523926,0.8304200768470764,0.07004735618829727,0.6864138841629028,0.43844521045684814,0.8120684623718262,0.5104587078094482,0.4113278388977051,0.49875643849372864,0.8467615246772766,0.09301120787858963,0.5592666864395142,0.46420735120773315,0.8664178848266602,0.3586518168449402,0.4743187129497528,0.5446124076843262,0.8799387216567993,-0.11752276122570038,0.6983580589294434
103,0.596709132194519,0.30208954215049744,-0.30444207787513733,0.9833245873451233,0.5943790674209595,0.3762693703174591,0.0333380289375782,0.9992833137512207,0.4500903785228729,0.3554149568080902,-0.2324807196855545,0.9993979334831238,0.5723997950553894,0.4808219075202942,0.08957827091217041,0.7877385020256042,0.3899146020412445,0.4060048460960388,-0.27603819966316223,0.9821403622627258,0.49102726578712463,0.5352212190628052,-0.10331026464700699,0.8143694400787354,0.4137859642505646,0.46160340309143066,-0.4361771047115326,0.9424791932106018,0.4635215699672699,0.5452041625976562,-0.15886180102825165,0.765509307384491,0.41915881633758545,0.48051315546035767,-0.5079562664031982,0.9090689420700073,0.5409857630729675,0.5755612850189209,0.0999234989285469,0.996256947517395,0.47216978669166565,0.567175030708313,-0.09965123236179352,0.9979811906814575,0.5484911799430847,0.7145272493362427,0.0784151628613472,0.5639789700508118,0.526035487651825,0.7063841223716736,-0.2271038293838501,0.6567744612693787,0.4604920446872711,0.8130679130554199,0.4819910526275635,0.3862994611263275,0.5093614459037781,0.8295779824256897,0.06713821738958359,0.6751088500022888,0.43952322006225586,0.8145687580108643,0.5144755244255066,0.39853566884994507,0.4957842230796814,0.8455066084861755,0.08715946227312088,0.5487918257713318,0.4718516170978546,0.8675874471664429,0.3633419871330261,0.45885762572288513,0.5423416495323181,0.8805140852928162,-0.13194206357002258,0.6887621879577637
104,0.5974758863449097,0.30235961079597473,-0.30015483498573303,0.9838526248931885,0.5944785475730896,0.37622109055519104,0.05108193680644035,0.9992984533309937,0.4503074884414673,0.3554120361804962,-0.23441484570503235,0.9994234442710876,0.5735343098640442,0.4805779755115509,0.1194446012377739,0.7852055430412292,0.38832995295524597,0.4056418538093567,-0.2574291527271271,0.9830363988876343,0.49378702044487,0.5387499928474426,-0.08031975477933884,0.8139469623565674,0.4137420952320099,0.4614697992801666,-0.3805239498615265,0.9442304968833923,0.4671816825866699,0.5544955730438232,-0.13496527075767517,0.763277530670166,0.41947057843208313,0.480292409658432,-0.44696810841560364,0.9109190702438354,0.5423982739448547,0.5755385756492615,0.10699080675840378,0.9959890842437744,0.4738931953907013,0.5672569274902344,-0.10666105151176453,0.9979174137115479,0.5496665835380554,0.7144507169723511,0.09173732995986938,0.5504583716392517,0.5345645546913147,0.7074801921844482,-0.23455318808555603,0.6537007689476013,0.4535098373889923,0.8106665015220642,0.4946284890174866,0.3751804232597351,0.5200831890106201,0.839397132396698,0.013182513415813446,0.6761949062347412,0.4300057888031006,0.8144663572311401,0.5264251232147217,0.39779460430145264,0.5042132139205933,0.8568629026412964,0.027689596638083458,0.5541383028030396,0.46892574429512024,0.8672589659690857,0.3795658051967621,0.448991596698761,0.5593816637992859,0.8905515670776367,-0.19752608239650726,0.689244270324707
105,0.597879946231842,0.3024383783340454,-0.28089597821235657,0.9849239587783813,0.5943702459335327,0.37615078687667847,0.07559336721897125,0.9993260502815247,0.4509378969669342,0.35540661215782166,-0.24687591195106506,0.9994675517082214,0.5755447745323181,0.48019570112228394,0.1552051305770874,0.7741632461547852,0.38493698835372925,0.4053111672401428,-0.2576964497566223,0.9842255115509033,0.50870281457901,0.5417925119400024,-0.04722367599606514,0.8032026290893555,0.41416212916374207,0.46326154470443726,-0.33103325963020325,0.9464696645736694,0.4817282557487488,0.5600837469100952,-0.10036458820104599,0.7496986985206604,0.421993225812912,0.4813272953033447,-0.38884133100509644,0.9130662679672241,0.5439782738685608,0.5749390125274658,0.11812350898981094,0.9958102703094482,0.4754280149936676,0.567225992679596,-0.11779425293207169,0.9979301691055298,0.5497391819953918,0.7149842977523804,0.13894492387771606,0.5330874919891357,0.5392411947250366,0.7103058099746704,-0.2284444123506546,0.6518476605415344,0.4495277404785156,0.810259997844696,0.5064967274665833,0.3647947311401367,0.5252379775047302,0.84430330991745,-0.00031820806907489896,0.6751084923744202,0.42683470249176025,0.8177704811096191,0.5371436476707458,0.39847469329833984,0.5081555843353271,0.8630468845367432,0.011803719215095043,0.5576847195625305,0.47026458382606506,0.8674849271774292,0.39472225308418274,0.4413006901741028,0.5705671310424805,0.8942610621452332,-0.2088955193758011,0.6879857182502747
106,0.5978353023529053,0.3024466633796692,-0.2622617483139038,0.9859952926635742,0.5942979454994202,0.3761397898197174,0.08315227180719376,0.9993534684181213,0.45212867856025696,0.3554122745990753,-0.2523912787437439,0.9995049238204956,0.5810055732727051,0.4798804819583893,0.16713713109493256,0.767012357711792,0.38070860505104065,0.4050956964492798,-0.2646706700325012,0.985410213470459,0.5267960429191589,0.5436283946037292,-0.03369475528597832,0.7970170378684998,0.4157419800758362,0.46701377630233765,-0.3442709445953369,0.9493753910064697,0.5035908818244934,0.5643962025642395,-0.08608847111463547,0.7405752539634705,0.42441442608833313,0.48442408442497253,-0.404703825712204,0.9163259267807007,0.5444900393486023,0.5727683901786804,0.11696922779083252,0.9956556558609009,0.4759604334831238,0.5660712122917175,-0.11665362119674683,0.9978705048561096,0.5477829575538635,0.71514892578125,0.13182364404201508,0.5117328763008118,0.5402204394340515,0.71114182472229,-0.2041929066181183,0.6425458192825317,0.45159125328063965,0.8146288394927979,0.4338061213493347,0.3564267158508301,0.5281944870948792,0.8462289571762085,0.03130132332444191,0.6689966320991516,0.42848843336105347,0.8340477347373962,0.45530515909194946,0.3995131254196167,0.510704755783081,0.8727443218231201,0.04525168985128403,0.5567142963409424,0.47704261541366577,0.8751704692840576,0.303677499294281,0.43554604053497314,0.5714900493621826,0.893515944480896,-0.17036037147045135,0.6820809841156006
107,0.5977651476860046,0.3024355173110962,-0.22914624214172363,0.9873214364051819,0.5940940976142883,0.37606093287467957,0.1433534175157547,0.9994006752967834,0.4530954360961914,0.35541608929634094,-0.25794675946235657,0.99955153465271,0.5858153700828552,0.4791080355644226,0.22758708894252777,0.7541921138763428,0.37715011835098267,0.40490031242370605,-0.3119591176509857,0.9865623116493225,0.5426481366157532,0.5465219616889954,0.012989952228963375,0.7899302244186401,0.4161495566368103,0.4684048295021057,-0.4151579737663269,0.9528437256813049,0.5235551595687866,0.5685608983039856,-0.03771739453077316,0.7329524755477905,0.4259589910507202,0.48676934838294983,-0.4816548228263855,0.921319305896759,0.5443710684776306,0.5728185772895813,0.14208488166332245,0.9957770109176636,0.4782267212867737,0.5665861368179321,-0.14181679487228394,0.9980253577232361,0.5347083806991577,0.7162562012672424,0.2594246566295624,0.497354120016098,0.5510755777359009,0.7190671563148499,-0.22679953277111053,0.6597856879234314,0.43309304118156433,0.8141970038414001,0.5513463020324707,0.3670828342437744,0.5343915224075317,0.8607218265533447,-0.0946853905916214,0.6879920959472656,0.4011971056461334,0.8288449645042419,0.5694457292556763,0.4230765700340271,0.5167792439460754,0.8859105110168457,-0.09188561141490936,0.5824832916259766,0.46650606393814087,0.8741559386253357,0.4387750029563904,0.4503730833530426,0.5894486904144287,0.9056999087333679,-0.3025059700012207,0.6988301873207092
108,0.5977199077606201,0.3024035394191742,-0.25021037459373474,0.9883867502212524,0.5931910276412964,0.3761752247810364,0.10935556888580322,0.9994382262229919,0.45330020785331726,0.35541149973869324,-0.2573002278804779,0.9995874762535095,0.5900928974151611,0.47897836565971375,0.1868370920419693,0.7551305294036865,0.37686124444007874,0.4049418866634369,-0.32776305079460144,0.9874069690704346,0.5556599497795105,0.5543484091758728,-0.017613345757126808,0.7937636971473694,0.41747453808784485,0.4692303538322449,-0.4808136820793152,0.9558582901954651,0.5385457873344421,0.5777933597564697,-0.06840153783559799,0.7359389066696167,0.4274875223636627,0.48893216252326965,-0.5542505383491516,0.9256611466407776,0.5451487302780151,0.5724676847457886,0.12949810922145844,0.9958527088165283,0.4789506196975708,0.5664847493171692,-0.1292096972465515,0.9980871081352234,0.5352668166160583,0.7159261107444763,0.19285863637924194,0.4718983471393585,0.5471199154853821,0.7163233160972595,-0.2216741293668747,0.64056396484375,0.4393574893474579,0.8155937790870667,0.5149456262588501,0.35058847069740295,0.533679723739624,0.852827787399292,-0.031244391575455666,0.6750096082687378,0.4119489789009094,0.8344237208366394,0.5369548201560974,0.4155128300189972,0.5190040469169617,0.8748345971107483,-0.016928918659687042,0.5755046606063843,0.4777980446815491,0.8745723366737366,0.39610448479652405,0.43501317501068115,0.5789703726768494,0.8994061946868896,-0.22424528002738953,0.6868037581443787
109,0.5976287722587585,0.30236324667930603,-0.24805957078933716,0.9895171523094177,0.5925068259239197,0.3766023814678192,0.0521722175180912,0.9994788765907288,0.45327791571617126,0.3554241359233856,-0.17623159289360046,0.9996118545532227,0.5939874649047852,0.47895702719688416,0.10518166422843933,0.7614479660987854,0.3752082288265228,0.40640076994895935,-0.26020461320877075,0.9879506826400757,0.5731356739997864,0.5582087635993958,-0.10459361970424652,0.8008390069007874,0.4177950918674469,0.4695321321487427,-0.47258830070495605,0.9588624835014343,0.5590533018112183,0.5807998180389404,-0.15009523928165436,0.743581235408783,0.42863044142723083,0.4889771640300751,-0.5476527214050293,0.9303712248802185,0.5452227592468262,0.5754550099372864,0.024584436789155006,0.9961534142494202,0.4745410978794098,0.5665748119354248,-0.024122443050146103,0.998207688331604,0.5403450131416321,0.7206730842590332,-0.05429480969905853,0.5102340579032898,0.4195001721382141,0.6287959218025208,-0.45245158672332764,0.666325032711029,0.5069087743759155,0.8479719758033752,0.26745569705963135,0.38303548097610474,0.49367424845695496,0.7452446818351746,-0.07247553020715714,0.66397625207901,0.4937828779220581,0.8624452352523804,0.29075661301612854,0.4169541001319885,0.5110690593719482,0.7541386485099792,-0.03886483982205391,0.5720570683479309,0.5150298476219177,0.9038404822349548,0.11341609805822372,0.45730337500572205,0.4932507872581482,0.7996373176574707,-0.2064429521560669,0.6802772283554077
110,0.5975263714790344,0.30191412568092346,-0.25597167015075684,0.9905357360839844,0.5906753540039062,0.37672320008277893,0.04978051036596298,0.999518871307373,0.4535248279571533,0.35560548305511475,-0.2031063586473465,0.9996307492256165,0.5956172943115234,0.47827261686325073,0.10765478760004044,0.7643176317214966,0.3713753819465637,0.40866324305534363,-0.28716033697128296,0.9887847900390625,0.5915901064872742,0.558210551738739,-0.1065608412027359,0.808933675289154,0.42294907569885254,0.47116509079933167,-0.4970521032810211,0.9619325399398804,0.5811150670051575,0.5837544202804565,-0.15219350159168243,0.7533206939697266,0.436862051486969,0.4890662133693695,-0.5728834271430969,0.9350647926330566,0.5475125908851624,0.5746057629585266,0.03663567453622818,0.9964839816093445,0.4747353792190552,0.5671760439872742,-0.03633806109428406,0.9982938766479492,0.5456479787826538,0.7263972163200378,-0.03710233047604561,0.5528441667556763,0.4135352075099945,0.6610201001167297,-0.3267154097557068,0.693983793258667,0.5238152742385864,0.8416051268577576,0.30157527327537537,0.4297504127025604,0.4957997798919678,0.7106755375862122,0.27767214179039,0.6396392583847046,0.5139215588569641,0.8524876832962036,0.32928088307380676,0.4346039295196533,0.5139467716217041,0.7043700218200684,0.3360382914543152,0.5549144744873047,0.5210795402526855,0.9001635909080505,0.17828269302845,0.4954291880130768,0.5004058480262756,0.7584250569343567,0.26061010360717773,0.6584058403968811
111,0.596994936466217,0.30166471004486084,-0.23887555301189423,0.9914032816886902,0.5886096358299255,0.37619471549987793,0.10105930268764496,0.999556303024292,0.4539676010608673,0.3555971384048462,-0.26367107033729553,0.9996647238731384,0.5994806289672852,0.4741303324699402,0.22950901091098785,0.7728115916252136,0.36872851848602295,0.41187217831611633,-0.36859214305877686,0.9896641373634338,0.6158437728881836,0.5566908717155457,0.06270334869623184,0.8174441456794739,0.42793452739715576,0.47284552454948425,-0.5373729467391968,0.9650452733039856,0.6106640100479126,0.5836808085441589,0.02225564979016781,0.7614268660545349,0.44365277886390686,0.489504873752594,-0.6052746772766113,0.9400132894515991,0.5532602071762085,0.5663519501686096,0.10523831844329834,0.9967126250267029,0.48225393891334534,0.5644075870513916,-0.1052156314253807,0.9984029531478882,0.5369671583175659,0.7230532169342041,0.2090224027633667,0.5354909300804138,0.49551478028297424,0.6789774894714355,-0.16854509711265564,0.678130030632019,0.4555712342262268,0.8253393173217773,0.570065438747406,0.42380714416503906,0.5001673698425293,0.780282735824585,0.14165477454662323,0.6366525888442993,0.4357348084449768,0.8345701098442078,0.6001493334770203,0.43962493538856506,0.49978724122047424,0.7955529689788818,0.18148554861545563,0.5576746463775635,0.4993706941604614,0.8723820447921753,0.478385329246521,0.4968365728855133,0.5188840627670288,0.8162168264389038,0.0522453635931015,0.6595159769058228
112,0.5967727899551392,0.3015204071998596,-0.2318967878818512,0.9922343492507935,0.5880656838417053,0.3758227229118347,0.14157700538635254,0.99959397315979,0.4543958902359009,0.35551005601882935,-0.2760050892829895,0.9996963739395142,0.600533664226532,0.47200295329093933,0.2641550302505493,0.7776721715927124,0.3667750954627991,0.4125727713108063,-0.4152093529701233,0.9905310273170471,0.6176140904426575,0.5556908249855042,0.09852980822324753,0.8270420432090759,0.4293179512023926,0.4739589989185333,-0.6337353587150574,0.9680302143096924,0.6118318438529968,0.5836209058761597,0.062210749834775925,0.772570013999939,0.4447884261608124,0.48961758613586426,-0.7078639268875122,0.9449096322059631,0.554556667804718,0.5660224556922913,0.1367901712656021,0.9969940185546875,0.4847601652145386,0.564225971698761,-0.13682959973812103,0.9985312223434448,0.5211797952651978,0.7170736789703369,0.18448249995708466,0.5385526418685913,0.5279038548469543,0.712565541267395,-0.20511473715305328,0.6950806975364685,0.4403836131095886,0.8088998198509216,0.5654618144035339,0.436898797750473,0.49525436758995056,0.7817106246948242,0.13393908739089966,0.6464293003082275,0.4112612307071686,0.817291259765625,0.5992543697357178,0.45614808797836304,0.4836440086364746,0.787049412727356,0.16716326773166656,0.5710500478744507,0.44802430272102356,0.8387709259986877,0.5073828101158142,0.5131113529205322,0.5156828165054321,0.8251324892044067,0.04275927692651749,0.6690032482147217
113,0.5960589647293091,0.3014102876186371,-0.21910378336906433,0.9929921627044678,0.5831567049026489,0.3756563365459442,0.15475192666053772,0.9996273517608643,0.45493727922439575,0.355440616607666,-0.30010882019996643,0.9997245669364929,0.6032166481018066,0.47095537185668945,0.2827657461166382,0.7896137833595276,0.36352452635765076,0.419963002204895,-0.46229439973831177,0.9913462400436401,0.6453481316566467,0.5543205738067627,0.12148220092058182,0.8395260572433472,0.43871620297431946,0.4757578670978546,-0.6718806028366089,0.97098308801651,0.6541863083839417,0.5815663933753967,0.09281018376350403,0.7875645756721497,0.45840996503829956,0.49020588397979736,-0.7427027225494385,0.9498502612113953,0.5461447834968567,0.5698714852333069,0.1509474813938141,0.9970949292182922,0.4851442873477936,0.5675869584083557,-0.15095412731170654,0.9985216856002808,0.523193895816803,0.721568763256073,0.16042760014533997,0.5239697694778442,0.5445855855941772,0.7260702252388,-0.16995403170585632,0.6911550164222717,0.43389979004859924,0.8105064630508423,0.47344040870666504,0.42473772168159485,0.49399834871292114,0.8400610089302063,0.11683230847120285,0.6532619595527649,0.4066535532474518,0.8190596699714661,0.49510353803634644,0.4616292417049408,0.469489723443985,0.8480908870697021,0.1563768982887268,0.5864377021789551,0.456258088350296,0.8487480878829956,0.445789098739624,0.508840024471283,0.5226274132728577,0.8850435614585876,0.04011712223291397,0.6744866371154785
114,0.5944271087646484,0.3010033369064331,-0.18478825688362122,0.9936865568161011,0.5787057280540466,0.37570828199386597,0.18388499319553375,0.9996597766876221,0.4553510546684265,0.3554253876209259,-0.3011617064476013,0.9997507333755493,0.6057065725326538,0.46967336535453796,0.3149726986885071,0.8016648888587952,0.36265072226524353,0.4250280559062958,-0.4905908405780792,0.9920949339866638,0.659111499786377,0.5483098030090332,0.17572058737277985,0.8521690964698792,0.44915771484375,0.47764790058135986,-0.7030337452888489,0.9736754298210144,0.6731244921684265,0.5814849138259888,0.15572062134742737,0.8030345439910889,0.4695834517478943,0.4913374185562134,-0.7740035057067871,0.9543600082397461,0.5358684659004211,0.5731119513511658,0.16047433018684387,0.9972822070121765,0.4846009314060211,0.5710349082946777,-0.16053494811058044,0.9985845685005188,0.5237594246864319,0.7225111126899719,0.20563466846942902,0.5058436393737793,0.5527364611625671,0.726109504699707,-0.1576692759990692,0.700749933719635,0.4317640960216522,0.811449408531189,0.46288859844207764,0.41884902119636536,0.4713079333305359,0.8311446309089661,0.11165827512741089,0.6670339703559875,0.39794883131980896,0.8195903301239014,0.48104092478752136,0.47010838985443115,0.4457065463066101,0.8412565588951111,0.14188778400421143,0.607282817363739,0.4546457529067993,0.8547019362449646,0.4104902446269989,0.5109279155731201,0.5173918008804321,0.8856391906738281,-0.013165613636374474,0.6861106157302856
115,0.5922225117683411,0.300565630197525,-0.17534218728542328,0.9943131804466248,0.5735076069831848,0.3753478527069092,0.2029484659433365,0.9996896982192993,0.4569672644138336,0.3552989661693573,-0.31021925806999207,0.9997743964195251,0.6070430278778076,0.4669557809829712,0.34574824571609497,0.8145648241043091,0.3633653223514557,0.42922693490982056,-0.5135350227355957,0.9927893877029419,0.6721389293670654,0.5386812686920166,0.21627134084701538,0.8648608326911926,0.4584752917289734,0.4784989655017853,-0.7257136702537537,0.9761704802513123,0.6931273341178894,0.5726964473724365,0.20303796231746674,0.8191098570823669,0.47900909185409546,0.49172309041023254,-0.7968078255653381,0.9585795402526855,0.5318762063980103,0.5739356279373169,0.16942794620990753,0.9974645376205444,0.4846912920475006,0.5741583704948425,-0.16953204572200775,0.9986512660980225,0.5243890881538391,0.7229874134063721,0.2294785976409912,0.49518322944641113,0.5550292134284973,0.7264468669891357,-0.1632344126701355,0.71658855676651,0.4261553883552551,0.81203693151474,0.4749870300292969,0.41973450779914856,0.47621551156044006,0.8350769281387329,0.09734591096639633,0.6863484382629395,0.39596596360206604,0.8199127912521362,0.48944151401519775,0.48231369256973267,0.4436085820198059,0.835744321346283,0.11864333599805832,0.6330646276473999,0.4460453391075134,0.8556969165802002,0.42413824796676636,0.518490731716156,0.5116435885429382,0.8825871348381042,-0.02132422849535942,0.7031918168067932
