frame,0_x,0_y,0_z,0_v,11_x,11_y,11_z,11_v,12_x,12_y,12_z,12_v,13_x,13_y,13_z,13_v,14_x,14_y,14_z,14_v,15_x,15_y,15_z,15_v,16_x,16_y,16_z,16_v,17_x,17_y,17_z,17_v,18_x,18_y,18_z,18_v,23_x,23_y,23_z,23_v,24_x,24_y,24_z,24_v,25_x,25_y,25_z,25_v,26_x,26_y,26_z,26_v,27_x,27_y,27_z,27_v,28_x,28_y,28_z,28_v,29_x,29_y,29_z,29_v,30_x,30_y,30_z,30_v,31_x,31_y,31_z,31_v,32_x,32_y,32_z,32_v
0,0.5199310779571533,0.375413715839386,-0.09434874355792999,0.999984622001648,0.4824235141277313,0.4422897398471832,0.2816051244735718,0.9996935129165649,0.4047941565513611,0.424980491399765,-0.3585648238658905,0.9999821186065674,0.5205956101417542,0.5220380425453186,0.33607029914855957,0.3173516094684601,0.464236855506897,0.49571001529693604,-0.5516203045845032,0.9992703795433044,0.6190077066421509,0.5072689056396484,0.13659493625164032,0.7180307507514954,0.5957796573638916,0.49329841136932373,-0.5503684878349304,0.9988025426864624,0.6487115621566772,0.5057370066642761,0.11175569146871567,0.7238763570785522,0.628669023513794,0.49667757749557495,-0.6094676852226257,0.9967302083969116,0.4506344497203827,0.6332513689994812,0.1743403971195221,0.9994041919708252,0.3784835636615753,0.629976749420166,-0.17446568608283997,0.9993875026702881,0.4932413697242737,0.7757273316383362,0.16604366898536682,0.9640522599220276,0.3382130265235901,0.7827510833740234,-0.20144350826740265,0.9982174038887024,0.4990342855453491,0.9133337140083313,0.3346521556377411,0.9872216582298279,0.26398977637290955,0.9085766673088074,-0.10948814451694489,0.9983818531036377,0.4791882634162903,0.9428359866142273,0.34087464213371277,0.968058705329895,0.23392467200756073,0.9276509881019592,-0.10872746258974075,0.9703900814056396,0.5800491571426392,0.9475420117378235,0.2063363492488861,0.984099268913269,0.300290048122406,0.9591038227081299,-0.2989864945411682,0.9957600235939026
1,0.5126546025276184,0.37262752652168274,-0.15917782485485077,0.9999854564666748,0.4788128435611725,0.441998153924942,0.2732089161872864,0.9997069835662842,0.39993855357170105,0.4234713613986969,-0.36565613746643066,0.9999819397926331,0.5202817320823669,0.5216933488845825,0.29700562357902527,0.33925291895866394,0.4630884826183319,0.4957504868507385,-0.5889209508895874,0.999225378036499,0.619010329246521,0.5048523545265198,0.053202226758003235,0.7360399961471558,0.59039306640625,0.4893699288368225,-0.6222851276397705,0.998755931854248,0.6486536860466003,0.5028932094573975,0.017096437513828278,0.7395340204238892,0.6235403418540955,0.4925459027290344,-0.6862514019012451,0.9966292381286621,0.4490487277507782,0.6336079835891724,0.17491649091243744,0.9994126558303833,0.3768858015537262,0.6307888031005859,-0.17502948641777039,0.9994083642959595,0.4934884011745453,0.7755695581436157,0.23519575595855713,0.9649571180343628,0.33438220620155334,0.7833680510520935,-0.20376834273338318,0.998285710811615,0.49903687834739685,0.9133902788162231,0.4211345613002777,0.9872747659683228,0.2640222907066345,0.9106399416923523,-0.1332472413778305,0.9983906149864197,0.4781298041343689,0.9429600238800049,0.42854803800582886,0.9677411913871765,0.233848437666893,0.9296098947525024,-0.13566875457763672,0.9700113534927368,0.5800485014915466,0.9473093152046204,0.2981971502304077,0.9841708540916443,0.30451151728630066,0.9595947861671448,-0.335597425699234,0.9957823157310486
2,0.49171119928359985,0.3683903217315674,-0.18107561767101288,0.9999864101409912,0.46643757820129395,0.44244685769081116,0.2654975354671478,0.9997121691703796,0.3809664249420166,0.4232145845890045,-0.35433411598205566,0.9999805688858032,0.5208444595336914,0.5216508507728577,0.2754257619380951,0.3699661195278168,0.45860037207603455,0.48769891262054443,-0.6610758304595947,0.9991374611854553,0.6191678643226624,0.49450892210006714,0.05090172588825226,0.7521496415138245,0.5693994760513306,0.4649339020252228,-0.8091242909431458,0.9986627101898193,0.6484925150871277,0.48838379979133606,0.01881369948387146,0.7515660524368286,0.6035575866699219,0.4661283791065216,-0.8855481147766113,0.9963923096656799,0.43802410364151,0.6354978680610657,0.1749303936958313,0.9994297623634338,0.36597198247909546,0.6326530575752258,-0.17504650354385376,0.9994324445724487,0.4915756285190582,0.7755231261253357,0.23689982295036316,0.965547502040863,0.32832932472229004,0.7836360931396484,-0.19651465117931366,0.9983412623405457,0.49902987480163574,0.9134054780006409,0.41818439960479736,0.987278401851654,0.259658545255661,0.9122200608253479,-0.12253844738006592,0.9983999133110046,0.47737008333206177,0.9431060552597046,0.4255083203315735,0.9670661091804504,0.23168322443962097,0.9330663084983826,-0.12555065751075745,0.969721257686615,0.5802395939826965,0.9472748637199402,0.2912686765193939,0.9842899441719055,0.30467212200164795,0.9606395363807678,-0.3310719430446625,0.9957983493804932
3,0.48058584332466125,0.3671184182167053,-0.1923559308052063,0.9999873042106628,0.45837467908859253,0.4425646960735321,0.24608953297138214,0.9997251033782959,0.3663322329521179,0.42149990797042847,-0.33937352895736694,0.9999794363975525,0.520724892616272,0.5209732055664062,0.19813738763332367,0.4081842005252838,0.4436039924621582,0.4753851592540741,-0.6468676328659058,0.9990900754928589,0.6126872897148132,0.48444339632987976,-0.08734794706106186,0.7705174684524536,0.5519665479660034,0.4512825012207031,-0.7724257707595825,0.99859219789505,0.6408752799034119,0.47774791717529297,-0.13351698219776154,0.7669839262962341,0.5833959579467773,0.4509546756744385,-0.8435289859771729,0.9961811900138855,0.430047869682312,0.6356464624404907,0.17128895223140717,0.9994530081748962,0.3558245599269867,0.6329171657562256,-0.1714445799589157,0.9994584918022156,0.48844480514526367,0.775050938129425,0.2342255413532257,0.9659771919250488,0.32165631651878357,0.7841103076934814,-0.19106057286262512,0.9983739256858826,0.498935729265213,0.9134047031402588,0.4134843945503235,0.9871446490287781,0.2548249661922455,0.9142196774482727,-0.11900586634874344,0.9983593225479126,0.4766528010368347,0.9432081580162048,0.4209407866001129,0.9659667611122131,0.22955107688903809,0.9366337656974792,-0.12257758527994156,0.9682282209396362,0.5805513858795166,0.947205126285553,0.28634050488471985,0.9842663407325745,0.3049957752227783,0.9622901082038879,-0.32468944787979126,0.9957112669944763
4,0.4696706235408783,0.36681607365608215,-0.17103716731071472,0.9999882578849792,0.45087969303131104,0.44209080934524536,0.24328941106796265,0.9997395277023315,0.35602331161499023,0.4198019802570343,-0.32365742325782776,0.9999784827232361,0.5212699770927429,0.5124691724777222,0.2280607670545578,0.45170313119888306,0.408121794462204,0.46567317843437195,-0.6485296487808228,0.99903804063797,0.6130859851837158,0.4685961902141571,-0.008557702414691448,0.7888015508651733,0.510242760181427,0.4470321238040924,-0.819254457950592,0.9985373020172119,0.6413466334342957,0.46105989813804626,-0.04369153454899788,0.7821657657623291,0.5391238331794739,0.4441705048084259,-0.8917427062988281,0.9960176944732666,0.4222719967365265,0.6350979804992676,0.1674521118402481,0.9994767308235168,0.3467819094657898,0.6327065825462341,-0.16761422157287598,0.9994842410087585,0.48383477330207825,0.7744632959365845,0.22256769239902496,0.9658583998680115,0.3151457607746124,0.78410804271698,-0.19129988551139832,0.9983769059181213,0.49880608916282654,0.913395345211029,0.40574657917022705,0.9867724180221558,0.252178817987442,0.9152478575706482,-0.13047529757022858,0.9983033537864685,0.4764021635055542,0.9432816505432129,0.4184247851371765,0.9642517566680908,0.22826309502124786,0.9381948709487915,-0.13454501330852509,0.9670498967170715,0.580722987651825,0.9470803141593933,0.2821659743785858,0.9841206669807434,0.30497533082962036,0.9629572629928589,-0.3341709077358246,0.9956040978431702
5,0.4546177387237549,0.36106404662132263,-0.22850796580314636,0.9999892115592957,0.44311827421188354,0.4420970678329468,0.215898334980011,0.9997565150260925,0.3411349356174469,0.418958842754364,-0.33044829964637756,0.9999780058860779,0.5217207074165344,0.5025020837783813,0.1483512967824936,0.49738749861717224,0.36111485958099365,0.45810428261756897,-0.7015652656555176,0.9990021586418152,0.6053518056869507,0.44491657614707947,-0.1213899701833725,0.8067722320556641,0.47084012627601624,0.43490588665008545,-0.8941770195960999,0.9984532594680786,0.6352065205574036,0.42983412742614746,-0.16435253620147705,0.7978224158287048,0.49672508239746094,0.4268699884414673,-0.9700449705123901,0.9957231879234314,0.40927669405937195,0.6355536580085754,0.1658167541027069,0.99951171875,0.3299524784088135,0.6332948803901672,-0.1659841537475586,0.9995208382606506,0.47896304726600647,0.7744274735450745,0.23881420493125916,0.9663792848587036,0.30356940627098083,0.7842608094215393,-0.1864706426858902,0.9984040856361389,0.4977843761444092,0.9128633737564087,0.4339522421360016,0.9867340326309204,0.2499089241027832,0.9163092374801636,-0.09833863377571106,0.9982515573501587,0.47563204169273376,0.9431866407394409,0.4434514045715332,0.9635497331619263,0.22700068354606628,0.9399572014808655,-0.10013231635093689,0.9653976559638977,0.5808557271957397,0.9459314346313477,0.3013418912887573,0.9842413067817688,0.3050759434700012,0.9629546403884888,-0.3139760494232178,0.9954997301101685
6,0.4377633035182953,0.3584352433681488,-0.21887455880641937,0.9999900460243225,0.43224310874938965,0.4420982003211975,0.21220336854457855,0.999756932258606,0.3137896656990051,0.41906845569610596,-0.3223516345024109,0.9999772310256958,0.5206891298294067,0.4847424030303955,0.16513971984386444,0.538740873336792,0.31432387232780457,0.44985106587409973,-0.7110356688499451,0.999051034450531,0.5943372845649719,0.4217076301574707,-0.04582640156149864,0.8221004605293274,0.43047794699668884,0.41610631346702576,-0.9084905982017517,0.9984887838363647,0.6271899938583374,0.40302568674087524,-0.07684203237295151,0.8095784187316895,0.4623035788536072,0.4041687548160553,-0.9835420846939087,0.9956845045089722,0.39527082443237305,0.6351817846298218,0.15915435552597046,0.9995437264442444,0.314746230840683,0.633266806602478,-0.15926551818847656,0.9995545744895935,0.4703669250011444,0.7742043733596802,0.17618371546268463,0.9675588011741638,0.2930017113685608,0.7838834524154663,-0.1812434196472168,0.9984549880027771,0.496384859085083,0.9117222428321838,0.3304072320461273,0.986935555934906,0.25017598271369934,0.9164343476295471,-0.08395480364561081,0.998257577419281,0.47555240988731384,0.9411688446998596,0.33393508195877075,0.9638208746910095,0.2286362648010254,0.9392333030700684,-0.08643070608377457,0.9652723670005798,0.5807987451553345,0.9437999725341797,0.1785871386528015,0.9846471548080444,0.30510544776916504,0.9629108309745789,-0.3074904978275299,0.9955168962478638
7,0.4311695396900177,0.359086811542511,-0.24356715381145477,0.9999908208847046,0.42522484064102173,0.4415220618247986,0.21390873193740845,0.999758780002594,0.31003496050834656,0.4189482033252716,-0.3265252709388733,0.9999768733978271,0.520719051361084,0.48129698634147644,0.19758975505828857,0.5768847465515137,0.31257352232933044,0.4487435519695282,-0.7389419078826904,0.9990981817245483,0.597737193107605,0.4166615605354309,0.00565942982211709,0.8368954658508301,0.4306214153766632,0.4153684973716736,-0.9503676891326904,0.9985437393188477,0.6285222768783569,0.40012022852897644,-0.01319607999175787,0.8221372365951538,0.4600847065448761,0.4042833149433136,-1.0282189846038818,0.9957522749900818,0.3932730555534363,0.6349450945854187,0.1595996469259262,0.9995688796043396,0.3134486675262451,0.6332390308380127,-0.15969057381153107,0.9995841979980469,0.46716150641441345,0.7745357155799866,0.18104147911071777,0.9683637022972107,0.29155245423316956,0.7840170860290527,-0.18760402500629425,0.9985083937644958,0.4948256313800812,0.9113579392433167,0.3743760883808136,0.987041711807251,0.2499731034040451,0.9184820055961609,-0.09004534035921097,0.9982785582542419,0.47576531767845154,0.9406969547271729,0.38180649280548096,0.9641252756118774,0.22933898866176605,0.9399529099464417,-0.09193925559520721,0.9654332399368286,0.5807862281799316,0.9422486424446106,0.2294454127550125,0.984878659248352,0.30521219968795776,0.9628980159759521,-0.31365638971328735,0.9955390691757202
8,0.4272520840167999,0.35666942596435547,-0.22692610323429108,0.9999916553497314,0.4208291172981262,0.43782472610473633,0.21990209817886353,0.9997682571411133,0.3013628125190735,0.4189673662185669,-0.32648271322250366,0.9999769330024719,0.5198808312416077,0.4736095666885376,0.24918484687805176,0.6131598353385925,0.292191743850708,0.4437328577041626,-0.7482334971427917,0.9991410374641418,0.594862699508667,0.4077398478984833,0.13812066614627838,0.8515640497207642,0.4078042507171631,0.41263365745544434,-0.9730186462402344,0.9986010789871216,0.6214651465415955,0.3917790651321411,0.12770770490169525,0.8359336853027344,0.4367348849773407,0.40177032351493835,-1.0488755702972412,0.9958285689353943,0.3895794153213501,0.6344428658485413,0.16025403141975403,0.9995973706245422,0.310610830783844,0.6331657767295837,-0.1603376418352127,0.9996137619018555,0.4615401029586792,0.7745040655136108,0.18390941619873047,0.9686506390571594,0.2877550721168518,0.7840366363525391,-0.18795201182365417,0.9984893202781677,0.49373501539230347,0.9108448028564453,0.35482946038246155,0.9868724942207336,0.25033846497535706,0.9202272891998291,-0.08658473193645477,0.9982487559318542,0.47608375549316406,0.9402934908866882,0.35997259616851807,0.963861882686615,0.23197363317012787,0.9404420256614685,-0.088239885866642,0.9653435349464417,0.5807872414588928,0.9389077425003052,0.21364067494869232,0.984951376914978,0.30518004298210144,0.962912917137146,-0.30573761463165283,0.9954914450645447
9,0.41839417815208435,0.35003891587257385,-0.18928180634975433,0.9999923706054688,0.4186912775039673,0.43518757820129395,0.2554728090763092,0.9997816681861877,0.2956197261810303,0.41903069615364075,-0.28773847222328186,0.9999766945838928,0.5196916460990906,0.4669989347457886,0.28779566287994385,0.6484005451202393,0.27467504143714905,0.4451214373111725,-0.7111150026321411,0.9991769194602966,0.5909010171890259,0.40207165479660034,0.1886632889509201,0.8655725717544556,0.3797125220298767,0.4113258123397827,-0.9258315563201904,0.9986643195152283,0.6161085963249207,0.3851374089717865,0.1780039519071579,0.8499579429626465,0.4086036682128906,0.3973988890647888,-0.9996630549430847,0.9959234595298767,0.38636544346809387,0.6317557692527771,0.161189004778862,0.9996253252029419,0.3056235909461975,0.6312969326972961,-0.16127535700798035,0.9996406435966492,0.4548637866973877,0.7739615440368652,0.15195679664611816,0.9692385792732239,0.2836246192455292,0.7839489579200745,-0.19308242201805115,0.9984418749809265,0.49207109212875366,0.9104498624801636,0.29026708006858826,0.9868301153182983,0.2505156695842743,0.9207891821861267,-0.09612144529819489,0.9982038736343384,0.47598183155059814,0.9403064250946045,0.29180267453193665,0.9640297889709473,0.23367486894130707,0.9404482841491699,-0.09989786148071289,0.9650943875312805,0.5805953145027161,0.9361954927444458,0.1421917825937271,0.9850764274597168,0.3045322597026825,0.962801456451416,-0.3198586404323578,0.9954242706298828
10,0.39222702383995056,0.3515382707118988,-0.27894631028175354,0.9999929070472717,0.40817490220069885,0.4314000904560089,0.17107948660850525,0.999794065952301,0.28305017948150635,0.4198656976222992,-0.3023741543292999,0.9999764561653137,0.5157440900802612,0.4481612741947174,0.10424625128507614,0.6824018955230713,0.21536989510059357,0.4403640627861023,-0.71900874376297,0.9992154836654663,0.58045893907547,0.37803417444229126,-0.06846623122692108,0.878449559211731,0.3162795901298523,0.39884477853775024,-0.9750449657440186,0.9986773729324341,0.6021010875701904,0.35844382643699646,-0.09352749586105347,0.8628369569778442,0.3470088839530945,0.3879363536834717,-1.0516389608383179,0.9957603216171265,0.3739197552204132,0.6286132335662842,0.15611940622329712,0.9996455311775208,0.2924099862575531,0.6299505829811096,-0.15620650351047516,0.9996592998504639,0.4404061436653137,0.7726640105247498,0.13320797681808472,0.9694956541061401,0.2748955190181732,0.7824710607528687,-0.17349523305892944,0.9983748197555542,0.484685480594635,0.9070054292678833,0.2818535268306732,0.9864904880523682,0.25066596269607544,0.9206820726394653,-0.03566020354628563,0.9980842471122742,0.4706844985485077,0.9375855326652527,0.28449732065200806,0.9633737206459045,0.23487240076065063,0.939897894859314,-0.036303646862506866,0.9636286497116089,0.575950562953949,0.9301518201828003,0.12306142598390579,0.9849809408187866,0.30430614948272705,0.9624478816986084,-0.26304855942726135,0.9951983690261841
11,0.3845669627189636,0.35281604528427124,-0.29184430837631226,0.9999933838844299,0.4046739935874939,0.4303889274597168,0.15183135867118835,0.9998012781143188,0.2775072157382965,0.4203735589981079,-0.3087078630924225,0.9999765157699585,0.5105732083320618,0.4454992711544037,0.048411063849925995,0.7127935290336609,0.20985087752342224,0.4397405683994293,-0.7331445813179016,0.9992651343345642,0.5759811997413635,0.3761434257030487,-0.16388390958309174,0.8899341225624084,0.3165370225906372,0.3934779167175293,-0.9788636565208435,0.9987304210662842,0.5966460108757019,0.3549242913722992,-0.19746093451976776,0.8743107914924622,0.3502405285835266,0.3807317912578583,-1.05547034740448,0.9957871437072754,0.37197962403297424,0.6279558539390564,0.1506361961364746,0.999661922454834,0.29169830679893494,0.6297319531440735,-0.1507297158241272,0.9996762871742249,0.4362284541130066,0.7725486755371094,0.1212291270494461,0.9689473509788513,0.27185961604118347,0.782102108001709,-0.1667548418045044,0.9982559680938721,0.48194047808647156,0.9061740040779114,0.2682582139968872,0.9856619834899902,0.25014686584472656,0.9203413724899292,-0.02537108026444912,0.9978368878364563,0.46944430470466614,0.936725914478302,0.270910382270813,0.9620603919029236,0.23482605814933777,0.9398068189620972,-0.025108013302087784,0.9607565999031067,0.5750070214271545,0.9281654357910156,0.11147084832191467,0.9843975305557251,0.30020222067832947,0.9624167084693909,-0.24802927672863007,0.9946529269218445
12,0.38224104046821594,0.3504079282283783,-0.30722424387931824,0.9999939203262329,0.40463051199913025,0.429591566324234,0.16382549703121185,0.9998130202293396,0.274508535861969,0.42039307951927185,-0.2923944890499115,0.999976634979248,0.5112358927726746,0.4372771680355072,0.12097349017858505,0.7403944730758667,0.18968544900417328,0.43847623467445374,-0.6861369609832764,0.9992699027061462,0.5751543641090393,0.36708009243011475,-0.0586729496717453,0.9003283977508545,0.2858935594558716,0.40157240629196167,-0.9417845606803894,0.9986168742179871,0.5974853038787842,0.3454342186450958,-0.08964185416698456,0.8844411969184875,0.3164539933204651,0.39439618587493896,-1.0138897895812988,0.9951184391975403,0.3699527084827423,0.626998245716095,0.15001429617404938,0.9996750950813293,0.28908416628837585,0.6286606192588806,-0.15013299882411957,0.9996902942657471,0.43128252029418945,0.772068440914154,0.13472111523151398,0.9684394001960754,0.26892855763435364,0.781819224357605,-0.16144953668117523,0.9981127381324768,0.480155885219574,0.905666708946228,0.2843974530696869,0.9850630164146423,0.24969416856765747,0.9201434254646301,-0.014233661815524101,0.9976706504821777,0.4685977101325989,0.9365956783294678,0.2872099280357361,0.9608182907104492,0.23479841649532318,0.9396978616714478,-0.013278086669743061,0.9589672088623047,0.5746258497238159,0.9258620738983154,0.1276371330022812,0.9839828014373779,0.2994864284992218,0.9624009132385254,-0.23454101383686066,0.9943248629570007
13,0.37848514318466187,0.350810706615448,-0.30631858110427856,0.9999943375587463,0.40114933252334595,0.42932605743408203,0.15261603891849518,0.9998213052749634,0.2640441656112671,0.42053380608558655,-0.29727163910865784,0.9999764561653137,0.511943519115448,0.4300670921802521,0.11020054668188095,0.7653390765190125,0.17137636244297028,0.4387883245944977,-0.6862820386886597,0.9992939829826355,0.5758234858512878,0.35908636450767517,-0.05260387063026428,0.9096382856369019,0.27055758237838745,0.40074458718299866,-0.9616870880126953,0.9985702633857727,0.5989153385162354,0.33832621574401855,-0.07597683370113373,0.8933542370796204,0.2848811745643616,0.3872118890285492,-1.0357255935668945,0.9947265982627869,0.36721071600914,0.6267274022102356,0.14778287708759308,0.9996848702430725,0.28402650356292725,0.628361701965332,-0.14787857234477997,0.9997021555900574,0.42860162258148193,0.7720602750778198,0.13135072588920593,0.9688918590545654,0.2658011019229889,0.7818023562431335,-0.16184774041175842,0.998084545135498,0.47827011346817017,0.9050586223602295,0.2815665006637573,0.9849674105644226,0.24953070282936096,0.9199445843696594,-0.015631500631570816,0.9976213574409485,0.46777164936065674,0.9362215995788574,0.2840130031108856,0.9606898427009583,0.2348034828901291,0.9398735761642456,-0.015596750192344189,0.9584643840789795,0.5738266110420227,0.9240890145301819,0.117207832634449,0.9839968681335449,0.29985401034355164,0.9624619483947754,-0.24331356585025787,0.9941998720169067
14,0.37324416637420654,0.34928008913993835,-0.34200164675712585,0.9999947547912598,0.3952949047088623,0.4250147342681885,0.1334814578294754,0.9998282790184021,0.2511216998100281,0.4201507866382599,-0.2999800443649292,0.9999778270721436,0.5120079517364502,0.42151448130607605,0.1087806299328804,0.7881453633308411,0.13403217494487762,0.44074779748916626,-0.6732803583145142,0.999346137046814,0.5774574279785156,0.3474036157131195,-0.05885368585586548,0.9181182980537415,0.23718009889125824,0.40263617038726807,-0.9374881982803345,0.9986305832862854,0.5999851226806641,0.32844531536102295,-0.08239834010601044,0.901499330997467,0.26758453249931335,0.3901282548904419,-1.0102022886276245,0.9947612881660461,0.365078330039978,0.6251944303512573,0.14776375889778137,0.9996899962425232,0.2794884741306305,0.6273767948150635,-0.14791449904441833,0.9997138381004333,0.42484250664711,0.7722876667976379,0.13947828114032745,0.9691435098648071,0.2624434530735016,0.781808078289032,-0.15626917779445648,0.997954249382019,0.47608479857444763,0.9043667316436768,0.29831939935684204,0.9848772287368774,0.24958372116088867,0.9198092222213745,0.0180613175034523,0.9975226521492004,0.46679696440696716,0.9356140494346619,0.30246174335479736,0.9608060717582703,0.23579557240009308,0.9399659633636475,0.020609263330698013,0.9579118490219116,0.5729846358299255,0.9227787852287292,0.1370755136013031,0.9840747117996216,0.300331175327301,0.9626560807228088,-0.2133447676897049,0.9940246939659119
15,0.3699052631855011,0.3499595820903778,-0.3233104348182678,0.9999951124191284,0.38962745666503906,0.4217357635498047,0.1425647884607315,0.9998345375061035,0.24505877494812012,0.41942474246025085,-0.3014054000377655,0.99997878074646,0.5121404528617859,0.4161461889743805,0.12498699873685837,0.8085246086120605,0.1273767501115799,0.44202929735183716,-0.6745961904525757,0.9993826746940613,0.5777538418769836,0.34402960538864136,-0.042684897780418396,0.9257095456123352,0.21763722598552704,0.40558019280433655,-0.9708507657051086,0.9986587166786194,0.5991500020027161,0.32408037781715393,-0.06588665395975113,0.9088376760482788,0.24335570633411407,0.3941866457462311,-1.0452487468719482,0.9947350025177002,0.3646155893802643,0.624904990196228,0.1484948992729187,0.9996941685676575,0.2790149748325348,0.6271164417266846,-0.14865602552890778,0.9997226595878601,0.423686146736145,0.7728990912437439,0.1407560557126999,0.9691389799118042,0.26086199283599854,0.7818160057067871,-0.16042694449424744,0.9978271722793579,0.47467052936553955,0.9045165181159973,0.3059259057044983,0.9846582412719727,0.24962767958641052,0.9197390079498291,-0.0021430531051009893,0.9973979592323303,0.46564021706581116,0.9357244372367859,0.3104584217071533,0.9607939124107361,0.23576605319976807,0.9405640959739685,-0.0006182166980579495,0.9571617841720581,0.5705456137657166,0.9221808314323425,0.14093950390815735,0.9840717911720276,0.3015097677707672,0.9632416367530823,-0.22813503444194794,0.9937747120857239
16,0.3682231903076172,0.3502079248428345,-0.3405154347419739,0.9999954104423523,0.3889090120792389,0.42041072249412537,0.14057281613349915,0.9998375177383423,0.2400883138179779,0.4185214638710022,-0.2917011082172394,0.9999796152114868,0.5108083486557007,0.4121159613132477,0.1335824728012085,0.8269537091255188,0.1151316687464714,0.4455992579460144,-0.6355456709861755,0.9994246959686279,0.576346218585968,0.3401162922382355,-0.037414077669382095,0.9326872229576111,0.21147677302360535,0.4064624309539795,-0.9359648823738098,0.9987218976020813,0.5971203446388245,0.3204946219921112,-0.06415939331054688,0.9160065054893494,0.239290252327919,0.39427733421325684,-1.0052920579910278,0.9948623180389404,0.3637755513191223,0.6238952279090881,0.14769761264324188,0.9996954202651978,0.27741682529449463,0.6264253854751587,-0.14790213108062744,0.9997270107269287,0.42214134335517883,0.7724159955978394,0.13849353790283203,0.9686042070388794,0.26082104444503784,0.7816632986068726,-0.1617462933063507,0.9976508021354675,0.47385698556900024,0.9039550423622131,0.29304301738739014,0.9844578504562378,0.2496684044599533,0.9196279048919678,-0.0028433650732040405,0.9972302317619324,0.46384644508361816,0.9348428249359131,0.2962449789047241,0.9609404802322388,0.2357654571533203,0.9405112862586975,-0.0006275407504290342,0.9562394022941589,0.5679301023483276,0.9225344657897949,0.13128598034381866,0.9840666651725769,0.30176064372062683,0.9633240699768066,-0.2233852744102478,0.9934635758399963
17,0.3689941465854645,0.34924066066741943,-0.3737252354621887,0.9999955892562866,0.38658881187438965,0.41798919439315796,0.1251819133758545,0.9998382329940796,0.2351132333278656,0.41767123341560364,-0.29437270760536194,0.9999799728393555,0.508804440498352,0.4091947674751282,0.13140738010406494,0.8435818552970886,0.10635858029127121,0.4525566101074219,-0.6112093925476074,0.9994590878486633,0.574653148651123,0.3369300961494446,-0.034198082983493805,0.9389775991439819,0.19588030874729156,0.4071817994117737,-0.8902303576469421,0.9987741708755493,0.5942414402961731,0.31665709614753723,-0.05897669494152069,0.9224591851234436,0.22238516807556152,0.39515846967697144,-0.9586930871009827,0.9949581623077393,0.36203789710998535,0.621986985206604,0.14803817868232727,0.9996913075447083,0.2762073576450348,0.6251111030578613,-0.14825652539730072,0.9997239708900452,0.4209528863430023,0.7717252969741821,0.14125990867614746,0.9683181047439575,0.26071786880493164,0.7814067602157593,-0.15899883210659027,0.99749755859375,0.4735957682132721,0.903348445892334,0.29692894220352173,0.9843868613243103,0.24976368248462677,0.9195430874824524,0.00619979714974761,0.997086763381958,0.4627981185913086,0.9341608285903931,0.30044615268707275,0.9612115621566772,0.23597003519535065,0.9404596090316772,0.00913996621966362,0.9553112387657166,0.5668714642524719,0.9221432209014893,0.13969016075134277,0.9841465950012207,0.301969438791275,0.9633597731590271,-0.21527820825576782,0.993209719657898
18,0.363693505525589,0.34842169284820557,-0.36545589566230774,0.9999957084655762,0.3832146227359772,0.41662654280662537,0.11418522149324417,0.9998330473899841,0.23160254955291748,0.4192218780517578,-0.27341073751449585,0.9999805092811584,0.5060518383979797,0.4024695158004761,0.11425682157278061,0.8585966229438782,0.09780146181583405,0.46395885944366455,-0.5532829761505127,0.9994935989379883,0.5724321603775024,0.3298647105693817,-0.05745959281921387,0.944665253162384,0.18041232228279114,0.4078533947467804,-0.8189733028411865,0.9988433718681335,0.5910471677780151,0.3085979223251343,-0.08297041803598404,0.9283044934272766,0.20007599890232086,0.39186185598373413,-0.8833434581756592,0.9951491355895996,0.36162689328193665,0.6206735372543335,0.1437179148197174,0.9996712803840637,0.27620986104011536,0.6242504119873047,-0.14402008056640625,0.9997122287750244,0.4206960201263428,0.7712351083755493,0.14082421362400055,0.9670448303222656,0.26082950830459595,0.7810465693473816,-0.15913209319114685,0.9972174167633057,0.47287052869796753,0.9028043150901794,0.2878405749797821,0.98384690284729,0.24979788064956665,0.9194936752319336,-0.0022283634170889854,0.9967701435089111,0.4615499675273895,0.9337889552116394,0.2902527153491974,0.9604983925819397,0.23600782454013824,0.9404295086860657,0.0002581952139735222,0.9530890583992004,0.565396785736084,0.9218652844429016,0.13145239651203156,0.9837270379066467,0.3023061156272888,0.9633615612983704,-0.21975265443325043,0.9926026463508606
19,0.35936468839645386,0.3484482765197754,-0.4037542939186096,0.9999959468841553,0.3820050358772278,0.41641494631767273,0.1071232408285141,0.9998329281806946,0.2294948697090149,0.42057210206985474,-0.2650199830532074,0.9999811053276062,0.5060316920280457,0.40070340037345886,0.10397081822156906,0.8722265362739563,0.09897809475660324,0.4672531485557556,-0.5515391230583191,0.9995254874229431,0.570661723613739,0.3295685350894928,-0.0793461799621582,0.9498389959335327,0.17606540024280548,0.4067407548427582,-0.8325895667076111,0.9989026188850403,0.5888221859931946,0.30861178040504456,-0.10948444157838821,0.9337816834449768,0.19446411728858948,0.38717564940452576,-0.9021914601325989,0.9952953457832336,0.36106210947036743,0.6200248599052429,0.14373745024204254,0.9996656179428101,0.27507415413856506,0.6237844824790955,-0.14405187964439392,0.999711275100708,0.4202856719493866,0.7710248827934265,0.14234910905361176,0.9655705690383911,0.26075881719589233,0.7800840139389038,-0.1600423902273178,0.9970277547836304,0.4723450243473053,0.9027442336082458,0.292736291885376,0.9834885597229004,0.24982285499572754,0.9194362163543701,-0.005362219642847776,0.9965606331825256,0.46076342463493347,0.9338474869728088,0.2957119643688202,0.9602680206298828,0.23585335910320282,0.940512478351593,-0.0030655362643301487,0.9516028761863708,0.5655283331871033,0.9207189679145813,0.1340150535106659,0.9834671020507812,0.3035626709461212,0.9633299708366394,-0.22582681477069855,0.9922318458557129
20,0.3563913106918335,0.34836387634277344,-0.3783915936946869,0.9999960660934448,0.38006895780563354,0.4145248532295227,0.10444744676351547,0.9998316764831543,0.22615663707256317,0.42122524976730347,-0.25479385256767273,0.9999815821647644,0.5051713585853577,0.3970250189304352,0.0965283066034317,0.8844109177589417,0.09419520944356918,0.4731124937534332,-0.5271186828613281,0.9995518326759338,0.569908082485199,0.32602450251579285,-0.08988838642835617,0.9544796943664551,0.16278524696826935,0.4072403907775879,-0.804613471031189,0.9989574551582336,0.5880699157714844,0.3046937584877014,-0.1195804625749588,0.9386696815490723,0.17944255471229553,0.38766640424728394,-0.869949996471405,0.9954509735107422,0.3618038296699524,0.6196115016937256,0.14072827994823456,0.9996500015258789,0.27599579095840454,0.6237808465957642,-0.14108408987522125,0.9997013807296753,0.42137330770492554,0.770910382270813,0.1368892937898636,0.9633218050003052,0.26091068983078003,0.779968798160553,-0.16084927320480347,0.9967119097709656,0.4725240468978882,0.9027659893035889,0.27196890115737915,0.9828981757164001,0.24986137449741364,0.919389545917511,-0.008399353362619877,0.9962092638015747,0.4606865346431732,0.9341171383857727,0.27288955450057983,0.9596938490867615,0.2358412742614746,0.9406048059463501,-0.0064664920791983604,0.9492757320404053,0.5658202767372131,0.9202361702919006,0.11216660588979721,0.9830399751663208,0.30437663197517395,0.9632077217102051,-0.2275768518447876,0.9915878176689148
21,0.35456570982933044,0.3484532833099365,-0.4096640348434448,0.9999962449073792,0.3808210790157318,0.4145475924015045,0.09798115491867065,0.9998338222503662,0.22572077810764313,0.42153722047805786,-0.25549590587615967,0.9999818801879883,0.5051125288009644,0.39708834886550903,0.0905987024307251,0.8954805135726929,0.09343495219945908,0.4755691885948181,-0.5277566909790039,0.9995760917663574,0.5704435706138611,0.3267136812210083,-0.102962426841259,0.9587299823760986,0.1606004685163498,0.4075031876564026,-0.8120453357696533,0.9990041851997375,0.5879720449447632,0.3052908480167389,-0.1343546062707901,0.9433531165122986,0.1772202104330063,0.38806843757629395,-0.8796839714050293,0.995568573474884,0.3620041012763977,0.619864284992218,0.14050453901290894,0.9996448159217834,0.2762160301208496,0.6238065958023071,-0.1408524513244629,0.9996969103813171,0.42193084955215454,0.7708825469017029,0.13839562237262726,0.9619250893592834,0.2608709931373596,0.7799233198165894,-0.15457458794116974,0.9965791702270508,0.47262606024742126,0.9028072357177734,0.2763473689556122,0.982801079750061,0.2501329183578491,0.9193607568740845,0.010604835115373135,0.9960509538650513,0.46076253056526184,0.9346002340316772,0.27737393975257874,0.960086464881897,0.23628169298171997,0.9405530095100403,0.014453205280005932,0.9481216073036194,0.5659168362617493,0.9194567203521729,0.11288559436798096,0.9830107688903809,0.30524250864982605,0.9631092548370361,-0.20564909279346466,0.9912976622581482
22,0.353084534406662,0.3483697474002838,-0.3951774537563324,0.9999964237213135,0.38071197271347046,0.41435787081718445,0.10958851128816605,0.99983811378479,0.22590753436088562,0.42241740226745605,-0.23715978860855103,0.9999821186065674,0.5040698647499084,0.39641955494880676,0.09839297086000443,0.9054433107376099,0.09649048745632172,0.47693875432014465,-0.5070873498916626,0.9995959997177124,0.5706695914268494,0.32676374912261963,-0.08673416823148727,0.9625911712646484,0.1596035212278366,0.4077755808830261,-0.796905517578125,0.9990472197532654,0.5881738662719727,0.30518677830696106,-0.11421599984169006,0.9477256536483765,0.1734074503183365,0.3872389495372772,-0.8645161986351013,0.9956831336021423,0.36268162727355957,0.6200224757194519,0.14067623019218445,0.9996442198753357,0.2771463990211487,0.6238744854927063,-0.14101877808570862,0.999695897102356,0.42239996790885925,0.7707435488700867,0.14001671969890594,0.9607565999031067,0.2613048553466797,0.7797862887382507,-0.15604715049266815,0.9964708685874939,0.4727468490600586,0.9026166200637817,0.28130656480789185,0.9827569723129272,0.2502792775630951,0.9193071722984314,0.0094010503962636,0.9959272146224976,0.46066299080848694,0.9346520304679871,0.28290116786956787,0.9605430960655212,0.236337348818779,0.9403911828994751,0.011326361447572708,0.9472066164016724,0.5659853219985962,0.9197705388069153,0.11949586123228073,0.9829760193824768,0.30562683939933777,0.9629494547843933,-0.2111576497554779,0.9910846948623657
23,0.35313117504119873,0.3474866449832916,-0.3998536467552185,0.9999964833259583,0.38152751326560974,0.4137105345726013,0.11161578446626663,0.9998356699943542,0.2262362390756607,0.42310774326324463,-0.2421433925628662,0.9999818205833435,0.5038689970970154,0.39670050144195557,0.10501085966825485,0.9142937064170837,0.09886462986469269,0.4781521260738373,-0.5100554823875427,0.9996116161346436,0.5710249543190002,0.3257429301738739,-0.078218013048172,0.9659923911094666,0.15718887746334076,0.4076976180076599,-0.7939071655273438,0.999080240726471,0.5886185765266418,0.30412164330482483,-0.10598110407590866,0.9513555765151978,0.16935376822948456,0.3862174153327942,-0.860636293888092,0.995753824710846,0.363442987203598,0.6201490163803101,0.14097891747951508,0.9996348023414612,0.2777785360813141,0.6239280104637146,-0.14131711423397064,0.9996880292892456,0.4248806834220886,0.7703149318695068,0.14022433757781982,0.9594396948814392,0.26136618852615356,0.779749870300293,-0.15637224912643433,0.9963275194168091,0.47307005524635315,0.9026072025299072,0.2839670479297638,0.9825867414474487,0.25041037797927856,0.9192403554916382,0.003244768362492323,0.9957639575004578,0.4607457220554352,0.934766948223114,0.2857579290866852,0.9607133269309998,0.23627334833145142,0.9403018355369568,0.005267431493848562,0.9459031224250793,0.5665689706802368,0.9198019504547119,0.12228640913963318,0.9828123450279236,0.3059075176715851,0.9628205895423889,-0.21629908680915833,0.9907897710800171
24,0.3523808419704437,0.3472307324409485,-0.40082189440727234,0.999996542930603,0.38218656182289124,0.4136747717857361,0.11028628796339035,0.9998331665992737,0.2263718843460083,0.42392852902412415,-0.24292480945587158,0.9999816417694092,0.5040222406387329,0.3960658311843872,0.10697967559099197,0.9222814440727234,0.09908393770456314,0.47896698117256165,-0.51119065284729,0.999625563621521,0.5712155103683472,0.3239920139312744,-0.07675985991954803,0.969048023223877,0.15662933886051178,0.4078368842601776,-0.7938914895057678,0.9991058111190796,0.5885661840438843,0.3020137548446655,-0.1052478551864624,0.9545860290527344,0.1683303713798523,0.38612228631973267,-0.8606711030006409,0.9957913160324097,0.3639398217201233,0.6202356219291687,0.14119842648506165,0.9996283054351807,0.2780378758907318,0.6239701509475708,-0.14153586328029633,0.999683678150177,0.4265361726284027,0.7701631188392639,0.1464920938014984,0.9583478569984436,0.2615411579608917,0.7797267436981201,-0.15731069445610046,0.9962308406829834,0.47323983907699585,0.9025458097457886,0.294234037399292,0.9825226664543152,0.2505945861339569,0.9190762042999268,-4.0412560338154435e-06,0.9956536293029785,0.4608370065689087,0.9349126219749451,0.29607999324798584,0.9609705805778503,0.23625439405441284,0.9400421380996704,0.0022252865601330996,0.9448930025100708,0.5669283270835876,0.9199205040931702,0.13032880425453186,0.9827180504798889,0.3067444860935211,0.9628154039382935,-0.218971386551857,0.9905917048454285
25,0.3515916168689728,0.3467973470687866,-0.4199087619781494,0.9999964833259583,0.38250550627708435,0.41367772221565247,0.10135062783956528,0.9998247623443604,0.22817380726337433,0.4241274893283844,-0.2484242469072342,0.9999812245368958,0.5063732862472534,0.3945443332195282,0.09608780592679977,0.9293525218963623,0.1007489264011383,0.4789043068885803,-0.522736132144928,0.9996390342712402,0.5715688467025757,0.32354190945625305,-0.08988843858242035,0.9716650247573853,0.15944954752922058,0.4079417288303375,-0.8019191026687622,0.9991215467453003,0.5889042019844055,0.30110225081443787,-0.11928465217351913,0.9569359421730042,0.17066578567028046,0.3856772482395172,-0.8692784309387207,0.9957728981971741,0.36574262380599976,0.620294988155365,0.14124749600887299,0.9996215105056763,0.27958664298057556,0.6241116523742676,-0.14157111942768097,0.9996773600578308,0.431305855512619,0.7701653838157654,0.15370513498783112,0.9578965306282043,0.26245924830436707,0.7797460556030273,-0.1502254754304886,0.9962044954299927,0.4743887484073639,0.9025959372520447,0.3132287263870239,0.9825857281684875,0.25083670020103455,0.918948769569397,0.02846641279757023,0.9955836534500122,0.4611256420612335,0.9351311326026917,0.3163720667362213,0.9613086581230164,0.23624679446220398,0.9397531747817993,0.03416191413998604,0.9437851905822754,0.5676249861717224,0.9212682247161865,0.14863964915275574,0.9826820492744446,0.307491660118103,0.9628090858459473,-0.1879609376192093,0.9904254078865051
26,0.35329514741897583,0.34603646397590637,-0.4095240533351898,0.9999964237213135,0.3858155608177185,0.4137066602706909,0.10495752096176147,0.9998211860656738,0.22877973318099976,0.4250137507915497,-0.24804432690143585,0.9999807476997375,0.5104421377182007,0.39478588104248047,0.09796746075153351,0.9357916116714478,0.10380908846855164,0.4794662296772003,-0.5183072090148926,0.9996513724327087,0.5746148228645325,0.3234342634677887,-0.08841865509748459,0.9741177558898926,0.16320766508579254,0.4080013632774353,-0.7929269075393677,0.9991403818130493,0.590340256690979,0.3013433814048767,-0.1175423413515091,0.9594361186027527,0.17408107221126556,0.3856425881385803,-0.8592618107795715,0.9957800507545471,0.3695225417613983,0.620327353477478,0.14165668189525604,0.9996153116226196,0.2845844030380249,0.6241357326507568,-0.14199478924274445,0.999670147895813,0.4365086555480957,0.7707756757736206,0.15480631589889526,0.9571399092674255,0.2645302712917328,0.7798145413398743,-0.15196950733661652,0.9961618185043335,0.4765167832374573,0.9034557938575745,0.31793689727783203,0.9824913740158081,0.25094565749168396,0.918766975402832,0.02205675095319748,0.9954861998558044,0.4619757831096649,0.9363240003585815,0.3214538097381592,0.9614266753196716,0.2362397015094757,0.9393829107284546,0.02752723917365074,0.9424344897270203,0.5683860778808594,0.9227873682975769,0.15474015474319458,0.9824650287628174,0.3081256151199341,0.962853193283081,-0.19456033408641815,0.9902060627937317
27,0.354278028011322,0.34561648964881897,-0.4111625850200653,0.9999963045120239,0.3873574733734131,0.4137209951877594,0.10503879189491272,0.9998168349266052,0.2290390282869339,0.42530423402786255,-0.25010576844215393,0.9999803304672241,0.5127372145652771,0.39496976137161255,0.09847693145275116,0.941604495048523,0.10520683228969574,0.47948113083839417,-0.5229827761650085,0.9996622800827026,0.5770323872566223,0.3236212134361267,-0.08761288225650787,0.9763328433036804,0.16469554603099823,0.4080352783203125,-0.7966603636741638,0.9991581439971924,0.5918779373168945,0.30172210931777954,-0.11645984649658203,0.9617226719856262,0.17517076432704926,0.38559621572494507,-0.863000750541687,0.9957956075668335,0.3713393807411194,0.620364785194397,0.1428866684436798,0.9996088147163391,0.28690460324287415,0.6242029070854187,-0.1432374268770218,0.9996640086174011,0.43891045451164246,0.7708774209022522,0.16316330432891846,0.9564924836158752,0.26559871435165405,0.7798402309417725,-0.15221449732780457,0.9961477518081665,0.47748711705207825,0.9036035537719727,0.3284182548522949,0.982471227645874,0.2510709762573242,0.9186758995056152,0.017256449908018112,0.9954308867454529,0.46247339248657227,0.9365614652633667,0.332082062959671,0.9616324305534363,0.23622843623161316,0.9393061399459839,0.02228611893951893,0.9415930509567261,0.5688670873641968,0.9234920144081116,0.16705501079559326,0.9823380708694458,0.30903297662734985,0.9629135131835938,-0.19971545040607452,0.9900667667388916
28,0.3606933653354645,0.34352749586105347,-0.3833746314048767,0.9999960064888,0.3941035270690918,0.4137730598449707,0.10582678020000458,0.9998080134391785,0.2329670488834381,0.4265819191932678,-0.2545402944087982,0.9999794960021973,0.5168594121932983,0.39575251936912537,0.09911730885505676,0.9467301368713379,0.10654212534427643,0.4793250560760498,-0.5279495120048523,0.999674379825592,0.5803532600402832,0.32403817772865295,-0.07398495078086853,0.9782655239105225,0.16805607080459595,0.4077889323234558,-0.7893326878547668,0.9991754293441772,0.5944218039512634,0.3026180863380432,-0.09960977733135223,0.9635571241378784,0.1794341802597046,0.38505393266677856,-0.853810727596283,0.9958134889602661,0.37415534257888794,0.6207643747329712,0.14577974379062653,0.9996016621589661,0.28971999883651733,0.6244723796844482,-0.1461396962404251,0.9996592998504639,0.4426831603050232,0.7712051868438721,0.1740419864654541,0.9559710025787354,0.2678365111351013,0.7799480557441711,-0.16464589536190033,0.9961879253387451,0.47915321588516235,0.9043838977813721,0.34707558155059814,0.9824524521827698,0.2511078417301178,0.9186520576477051,-0.0033075541723519564,0.9954397678375244,0.4630739092826843,0.9373950958251953,0.35173577070236206,0.9616854190826416,0.23613393306732178,0.9393176436424255,0.0006604099762625992,0.9414077401161194,0.5692939162254333,0.9246991872787476,0.1922214925289154,0.9822297096252441,0.31005239486694336,0.9632480144500732,-0.22085438668727875,0.9900704026222229
29,0.36344313621520996,0.3430745303630829,-0.37593427300453186,0.9999958872795105,0.3959023356437683,0.4139763414859772,0.11056582629680634,0.9998037219047546,0.23484185338020325,0.4273649752140045,-0.2550417482852936,0.9999789595603943,0.5169752240180969,0.3964489996433258,0.1071038618683815,0.9513660669326782,0.10725945979356766,0.47924426198005676,-0.5292035937309265,0.9996854066848755,0.5821564793586731,0.32478055357933044,-0.0629105195403099,0.9800359606742859,0.1695408672094345,0.40752995014190674,-0.7863187789916992,0.9991917014122009,0.5958290696144104,0.3034312129020691,-0.08794587850570679,0.9653367400169373,0.18143954873085022,0.384464830160141,-0.8509300947189331,0.9958319067955017,0.37558871507644653,0.6210910677909851,0.14705489575862885,0.999599814414978,0.29086604714393616,0.6246249079704285,-0.14741744101047516,0.9996587634086609,0.44433799386024475,0.7715112566947937,0.17476578056812286,0.9556246399879456,0.2692544460296631,0.7799935936927795,-0.17184928059577942,0.9962300062179565,0.4801041781902313,0.9047654271125793,0.34952855110168457,0.9824804663658142,0.2511718273162842,0.9186305403709412,-0.014316906221210957,0.9954677224159241,0.46337002515792847,0.9378777146339417,0.3544178009033203,0.961854100227356,0.2361254245042801,0.9393141269683838,-0.01080238725990057,0.9414598345756531,0.5696263313293457,0.9254293441772461,0.19498755037784576,0.9821937084197998,0.3109179437160492,0.9636411666870117,-0.23304890096187592,0.9901238679885864
30,0.3690449595451355,0.34157925844192505,-0.37897878885269165,0.9999958276748657,0.39812034368515015,0.41406330466270447,0.1108701229095459,0.9997983574867249,0.24061480164527893,0.42747560143470764,-0.26554325222969055,0.9999780654907227,0.5207040905952454,0.39691370725631714,0.10879038274288177,0.9555330276489258,0.10836262255907059,0.478921502828598,-0.542339026927948,0.9996944069862366,0.5870881080627441,0.3249287009239197,-0.06263759732246399,0.9816136956214905,0.17033512890338898,0.40630006790161133,-0.7906373143196106,0.9992058873176575,0.6012287735939026,0.3035656809806824,-0.08816911280155182,0.9668808579444885,0.18330499529838562,0.38377073407173157,-0.8545767068862915,0.9958526492118835,0.3780491054058075,0.6214653849601746,0.1502779722213745,0.9996021389961243,0.29367154836654663,0.6247661113739014,-0.15064038336277008,0.9996607899665833,0.4486986994743347,0.7715750932693481,0.18059448897838593,0.9562142491340637,0.270670622587204,0.7800559997558594,-0.18255381286144257,0.996344268321991,0.48070237040519714,0.9051197171211243,0.3753957748413086,0.9828192591667175,0.25122931599617004,0.9186244010925293,-0.022940613329410553,0.9955724477767944,0.4633867144584656,0.9382842779159546,0.3820938467979431,0.9624722599983215,0.23607833683490753,0.9393536448478699,-0.019326694309711456,0.9419275522232056,0.5696592926979065,0.9274151921272278,0.2213371992111206,0.9823848009109497,0.3113780617713928,0.9639053344726562,-0.2444334179162979,0.9903032779693604
31,0.3780757188796997,0.3411240577697754,-0.38308101892471313,0.999995768070221,0.4030207395553589,0.41413387656211853,0.10955516248941422,0.9997909069061279,0.24756410717964172,0.42799320816993713,-0.28685927391052246,0.9999774098396301,0.5254462361335754,0.3980462849140167,0.11284880340099335,0.9593056440353394,0.11380299925804138,0.4781649708747864,-0.569484293460846,0.9997096657752991,0.5934756398200989,0.325000137090683,-0.05006231367588043,0.9830279350280762,0.17359885573387146,0.4029650390148163,-0.8120227456092834,0.9992405772209167,0.6097986102104187,0.30454617738723755,-0.07521112263202667,0.9682576656341553,0.1845148205757141,0.38120532035827637,-0.8787137866020203,0.9959906339645386,0.38319632411003113,0.6234719753265381,0.15294905006885529,0.9996117949485779,0.297713965177536,0.6260069012641907,-0.15330834686756134,0.9996688961982727,0.45895707607269287,0.7717611789703369,0.18523195385932922,0.9580010175704956,0.27223941683769226,0.7805894017219543,-0.19079479575157166,0.9965436458587646,0.48202383518218994,0.905609667301178,0.41827306151390076,0.9835116863250732,0.2512516379356384,0.9186254143714905,-0.02215508744120598,0.9957780838012695,0.46351009607315063,0.9388213753700256,0.42924249172210693,0.963665246963501,0.23568575084209442,0.9393643140792847,-0.017747854813933372,0.9432300329208374,0.5708536505699158,0.9296162724494934,0.27377310395240784,0.9829318523406982,0.3115446865558624,0.9646556377410889,-0.24284479022026062,0.9906772375106812
32,0.3804076910018921,0.3403688967227936,-0.3810288608074188,0.999995768070221,0.4052044749259949,0.41423842310905457,0.11294188350439072,0.9997875690460205,0.25067761540412903,0.428530216217041,-0.28373417258262634,0.9999767541885376,0.527512788772583,0.3990969955921173,0.12283238768577576,0.9627335071563721,0.1152976006269455,0.47771909832954407,-0.5668171048164368,0.9997216463088989,0.5961399078369141,0.3253779411315918,-0.03551558032631874,0.9843910932540894,0.17605271935462952,0.40182632207870483,-0.8119893074035645,0.9992682337760925,0.6129735112190247,0.30473098158836365,-0.05980442836880684,0.969876229763031,0.1857079416513443,0.3799550235271454,-0.8786280155181885,0.9960929751396179,0.38511353731155396,0.6245402097702026,0.15439268946647644,0.9996187686920166,0.2993398904800415,0.6265813708305359,-0.15475942194461823,0.9996744990348816,0.46180155873298645,0.7719503045082092,0.1878577619791031,0.9594427347183228,0.2735271751880646,0.7808959484100342,-0.1907825469970703,0.9967013597488403,0.48279425501823425,0.9059368371963501,0.40933454036712646,0.9840816855430603,0.25126758217811584,0.9187262654304504,-0.02392536588013172,0.9959433078765869,0.46352100372314453,0.9391037225723267,0.41861703991889954,0.9646389484405518,0.23556208610534668,0.939593493938446,-0.019463375210762024,0.9442538022994995,0.5715659856796265,0.9311904311180115,0.26200732588768005,0.9833733439445496,0.3116374909877777,0.9649655818939209,-0.24403785169124603,0.9909864068031311
33,0.38650599122047424,0.340643972158432,-0.40886160731315613,0.9999959468841553,0.41039618849754333,0.41513240337371826,0.10887103527784348,0.9997875690460205,0.25613880157470703,0.42924070358276367,-0.2887112498283386,0.9999765157699585,0.5316298604011536,0.40622466802597046,0.12101434916257858,0.9659150242805481,0.12126022577285767,0.47641637921333313,-0.5739700198173523,0.9997343420982361,0.6005982160568237,0.3325903117656708,-0.04421105235815048,0.9856094121932983,0.1793307512998581,0.3992389440536499,-0.8288609385490417,0.9992984533309937,0.6181014180183411,0.31210294365882874,-0.07412196695804596,0.9712724089622498,0.18916451930999756,0.37759456038475037,-0.8994361758232117,0.9962157607078552,0.3899865746498108,0.6262311339378357,0.15504902601242065,0.9996300935745239,0.3046014904975891,0.6279041171073914,-0.15540607273578644,0.9996864199638367,0.4684164226055145,0.7718543410301208,0.19607721269130707,0.9616901278495789,0.2755468785762787,0.7819162607192993,-0.19942757487297058,0.9969013929367065,0.48339250683784485,0.9060333967208862,0.4627332389354706,0.9848789572715759,0.2512779235839844,0.9193376898765564,-0.031652506440877914,0.9961651563644409,0.46353814005851746,0.9390719532966614,0.4767746031284332,0.9660401940345764,0.23547989130020142,0.9404585957527161,-0.027317816391587257,0.945740818977356,0.5715388655662537,0.9337748885154724,0.3183037042617798,0.9840287566184998,0.312029093503952,0.9654146432876587,-0.26100075244903564,0.991401195526123
34,0.3910144567489624,0.34092769026756287,-0.40555763244628906,0.9999961256980896,0.4145435392856598,0.4158978760242462,0.11162817478179932,0.9997906684875488,0.2616051435470581,0.42972540855407715,-0.2856142818927765,0.9999762773513794,0.5356446504592896,0.4152139723300934,0.13460686802864075,0.9687902927398682,0.1270216554403305,0.47445785999298096,-0.5701947808265686,0.999746561050415,0.6054369211196899,0.33983513712882996,-0.02899794839322567,0.9867534041404724,0.18283440172672272,0.39676204323768616,-0.8251661062240601,0.9993313550949097,0.6225454807281494,0.31969040632247925,-0.05694348365068436,0.9727299809455872,0.19245846569538116,0.3745737671852112,-0.8989900946617126,0.9963595867156982,0.39368975162506104,0.6278393864631653,0.1556251347064972,0.9996398687362671,0.30837664008140564,0.628775954246521,-0.1559855043888092,0.9996949434280396,0.4737929105758667,0.7719070315361023,0.1990935206413269,0.963552713394165,0.2781877815723419,0.782934308052063,-0.19700683653354645,0.9970694184303284,0.48577749729156494,0.9063820838928223,0.4520454704761505,0.9855412840843201,0.25153034925460815,0.9196234941482544,-0.03053295612335205,0.9963460564613342,0.4644041955471039,0.9393691420555115,0.46449029445648193,0.9671685695648193,0.23547159135341644,0.9409047365188599,-0.026179181411862373,0.9467959403991699,0.5733909606933594,0.936292290687561,0.30800288915634155,0.9845796823501587,0.31210973858833313,0.9654601216316223,-0.25691303610801697,0.9917447566986084
35,0.40129098296165466,0.34240251779556274,-0.3730522096157074,0.9999962449073792,0.4213077425956726,0.41812825202941895,0.12123304605484009,0.9997988343238831,0.2698318660259247,0.4311230182647705,-0.28786954283714294,0.9999761581420898,0.5392059683799744,0.4292183816432953,0.15288503468036652,0.971139132976532,0.1353287249803543,0.47147247195243835,-0.5766991376876831,0.9997565150260925,0.6189679503440857,0.3585664629936218,-0.02332153171300888,0.9877696633338928,0.18880224227905273,0.38973692059516907,-0.8359604477882385,0.9993611574172974,0.6432265639305115,0.3389860987663269,-0.0514976792037487,0.9741224050521851,0.1991940587759018,0.36641308665275574,-0.9093536734580994,0.9965027570724487,0.4015667736530304,0.6298571228981018,0.1577422171831131,0.999653160572052,0.3176822364330292,0.6300128698348999,-0.15807028114795685,0.9997066259384155,0.4816130995750427,0.7719001173973083,0.2075071483850479,0.9646589756011963,0.2831893265247345,0.7842926383018494,-0.21341948211193085,0.9972358345985413,0.4896720051765442,0.9069426655769348,0.4657701253890991,0.9860128164291382,0.2517765164375305,0.9199233055114746,-0.06600744277238846,0.9965236783027649,0.46598517894744873,0.9395912885665894,0.47912365198135376,0.9680067300796509,0.23522576689720154,0.9415602087974548,-0.0635705441236496,0.9483382105827332,0.576505184173584,0.9390314221382141,0.3278254568576813,0.9849731922149658,0.312604159116745,0.96540766954422,-0.28938934206962585,0.992083728313446
36,0.402732789516449,0.3438795208930969,-0.3623834252357483,0.9999964833259583,0.42366912961006165,0.41990163922309875,0.1412394493818283,0.999809741973877,0.2732774019241333,0.43154191970825195,-0.28502562642097473,0.9999760389328003,0.5422416925430298,0.4316728413105011,0.16983531415462494,0.9734467267990112,0.14409218728542328,0.4688892066478729,-0.5735750794410706,0.9997662901878357,0.6225758194923401,0.36166977882385254,0.001737435581162572,0.9887809157371521,0.1954532116651535,0.38321560621261597,-0.8319417834281921,0.9993957877159119,0.6474153995513916,0.3426622748374939,-0.023075930774211884,0.9757111668586731,0.20430493354797363,0.36043524742126465,-0.9033475518226624,0.9966740608215332,0.40296265482902527,0.6303914785385132,0.1584278643131256,0.9996687769889832,0.318889856338501,0.6305847764015198,-0.15873271226882935,0.9997190237045288,0.4839334487915039,0.7718934416770935,0.21032065153121948,0.9659048914909363,0.28553861379623413,0.7849881649017334,-0.20982792973518372,0.9974034428596497,0.49108853936195374,0.9080786108970642,0.4479694068431854,0.9864557385444641,0.25230875611305237,0.9200549721717834,-0.07448963820934296,0.9966946840286255,0.4662906229496002,0.9406583309173584,0.45908281207084656,0.9687960743904114,0.2349625676870346,0.9415452480316162,-0.07324189692735672,0.949780285358429,0.5777300000190735,0.9407013654708862,0.30875301361083984,0.985352635383606,0.312582790851593,0.9655947685241699,-0.2969382703304291,0.992432177066803
37,0.41153135895729065,0.3441509008407593,-0.3247450888156891,0.9999967217445374,0.4290164113044739,0.4221494793891907,0.15755149722099304,0.9998220801353455,0.2822124660015106,0.4317450225353241,-0.2838904559612274,0.9999764561653137,0.5424261093139648,0.44470730423927307,0.19659219682216644,0.9753332138061523,0.15140226483345032,0.461285263299942,-0.5790678262710571,0.9997768998146057,0.6258611083030701,0.3819936215877533,0.03663823381066322,0.9896907806396484,0.20617210865020752,0.37216514348983765,-0.8153229355812073,0.9994252324104309,0.6519129872322083,0.3654823899269104,0.015122342854738235,0.9771945476531982,0.21468448638916016,0.3500664532184601,-0.8850166201591492,0.9968053102493286,0.41262954473495483,0.6305217146873474,0.1601317673921585,0.9996786117553711,0.3322996497154236,0.630617618560791,-0.16041135787963867,0.9997305870056152,0.49183130264282227,0.7716081738471985,0.22747978568077087,0.9668011665344238,0.2948445677757263,0.7852400541305542,-0.22828757762908936,0.9975533485412598,0.4921693503856659,0.908591628074646,0.47934091091156006,0.986748456954956,0.25253552198410034,0.9203710556030273,-0.12943996489048004,0.9968609809875488,0.4664345979690552,0.9407500624656677,0.4928712546825409,0.9693290591239929,0.2336609661579132,0.9420954585075378,-0.1311860978603363,0.9513226747512817,0.579741358757019,0.9423704147338867,0.3550255298614502,0.9855904579162598,0.31256964802742004,0.9656040668487549,-0.34928712248802185,0.9927565455436707
38,0.4175511598587036,0.34564968943595886,-0.31185856461524963,0.9999969601631165,0.43365955352783203,0.4256371557712555,0.17121870815753937,0.9998345375061035,0.2898123562335968,0.4318343997001648,-0.2731429636478424,0.9999772310256958,0.5418561100959778,0.4539472758769989,0.21875260770320892,0.976923406124115,0.15960140526294708,0.45322325825691223,-0.5734524726867676,0.9997851848602295,0.6309852004051208,0.39709529280662537,0.059998150914907455,0.990498960018158,0.21322095394134521,0.36805105209350586,-0.7873035073280334,0.9994519948959351,0.6588642001152039,0.3818466067314148,0.03941543027758598,0.9785099625587463,0.22185228765010834,0.34558621048927307,-0.8560423851013184,0.9969295263290405,0.4211072623729706,0.6308932900428772,0.16016337275505066,0.9996859431266785,0.34281355142593384,0.6307007074356079,-0.1604321151971817,0.9997418522834778,0.4985027313232422,0.7716235518455505,0.230655699968338,0.9674720764160156,0.303434282541275,0.7857003211975098,-0.2399938553571701,0.9976886510848999,0.49399396777153015,0.9088411927223206,0.47717323899269104,0.9869908094406128,0.25254499912261963,0.9207205772399902,-0.157449871301651,0.9970049858093262,0.46697357296943665,0.9407551884651184,0.49021363258361816,0.9697835445404053,0.23093314468860626,0.9434489011764526,-0.16026532649993896,0.9524976015090942,0.5806081891059875,0.9432640075683594,0.3537973165512085,0.9857547283172607,0.3139377236366272,0.9663335680961609,-0.37506213784217834,0.993032693862915
39,0.42353329062461853,0.3463737964630127,-0.3026534616947174,0.999997079372406,0.43973416090011597,0.42775022983551025,0.1743236631155014,0.9998458623886108,0.2960958182811737,0.4317854642868042,-0.28615373373031616,0.9999780654907227,0.5426880717277527,0.4642822742462158,0.2328130155801773,0.9781255722045898,0.16528016328811646,0.4449084997177124,-0.5924071073532104,0.9997947812080383,0.6324694156646729,0.41034457087516785,0.08310005068778992,0.9911940097808838,0.2214425653219223,0.36053603887557983,-0.7920459508895874,0.9994750618934631,0.6601042151451111,0.39488765597343445,0.06475912034511566,0.9795899391174316,0.2316293567419052,0.33968624472618103,-0.8592261672019958,0.997035801410675,0.4287980794906616,0.6314679980278015,0.16430561244487762,0.9996965527534485,0.35099369287490845,0.6309801340103149,-0.1645895540714264,0.9997542500495911,0.5045056939125061,0.771805465221405,0.2496616542339325,0.9680664539337158,0.3126400411128998,0.7866671085357666,-0.24719808995723724,0.9978320002555847,0.4935928285121918,0.9092611074447632,0.5102409720420837,0.9874362945556641,0.2516486942768097,0.9203811883926392,-0.15001757442951202,0.997181236743927,0.4669593274593353,0.941839337348938,0.5252676010131836,0.9706805944442749,0.23089368641376495,0.9425579905509949,-0.15122045576572418,0.9545742869377136,0.5816792249679565,0.9437508583068848,0.391605406999588,0.9862333536148071,0.3133563995361328,0.9666341543197632,-0.36264318227767944,0.9934168457984924
40,0.42741358280181885,0.34639379382133484,-0.3201161324977875,0.9999972581863403,0.446580171585083,0.42884528636932373,0.17276205122470856,0.9998555183410645,0.3026799261569977,0.4308570325374603,-0.29106172919273376,0.9999784827232361,0.5445178747177124,0.4726819097995758,0.23874160647392273,0.9788255095481873,0.17467494308948517,0.436541885137558,-0.6013723015785217,0.9998048543930054,0.635405957698822,0.4220638573169708,0.08930990844964981,0.9917743802070618,0.23130595684051514,0.3532295823097229,-0.8028488755226135,0.999498188495636,0.6637241840362549,0.4067949056625366,0.07118354737758636,0.9804055690765381,0.24069488048553467,0.3330085873603821,-0.8744471669197083,0.9971363544464111,0.43708252906799316,0.6320093274116516,0.16591499745845795,0.9997065663337708,0.3612762689590454,0.6310689449310303,-0.16619724035263062,0.9997642040252686,0.5098543763160706,0.7728063464164734,0.2397916167974472,0.9684171080589294,0.3243364989757538,0.7873725295066833,-0.24713920056819916,0.9979565143585205,0.49340277910232544,0.9104468822479248,0.5109266042709351,0.9878409504890442,0.2518954575061798,0.9177337884902954,-0.12618066370487213,0.9973305463790894,0.46740150451660156,0.9421773552894592,0.526820957660675,0.9714394211769104,0.23161175847053528,0.938378095626831,-0.1248691976070404,0.9560475945472717,0.5823764204978943,0.9438743591308594,0.3874265253543854,0.9865986704826355,0.31200382113456726,0.9668638706207275,-0.33793333172798157,0.9937452077865601
41,0.43449148535728455,0.34621405601501465,-0.3090168535709381,0.9999971389770508,0.4531376361846924,0.4301399886608124,0.17262223362922668,0.999862015247345,0.31235018372535706,0.42901840806007385,-0.30495312809944153,0.99997878074646,0.5491867661476135,0.48420917987823486,0.2415858507156372,0.978305995464325,0.1836070865392685,0.426101416349411,-0.6187391877174377,0.999805748462677,0.6380904316902161,0.43447524309158325,0.09267634153366089,0.9918702244758606,0.23898324370384216,0.34479978680610657,-0.8168540596961975,0.999494194984436,0.6648833751678467,0.41923585534095764,0.07728105783462524,0.9798491597175598,0.24934327602386475,0.32753485441207886,-0.8889091610908508,0.9971134662628174,0.44523826241493225,0.6318694353103638,0.16782031953334808,0.9997108578681946,0.36979129910469055,0.6306132078170776,-0.168129101395607,0.9997686147689819,0.511886715888977,0.7727591395378113,0.23672159016132355,0.9679530262947083,0.34073176980018616,0.7870045900344849,-0.26043984293937683,0.9980382323265076,0.4931936264038086,0.9107294678688049,0.49748411774635315,0.9880698323249817,0.25438734889030457,0.9131559133529663,-0.11815331131219864,0.9974719882011414,0.46836918592453003,0.9421942830085754,0.513435423374176,0.9720140695571899,0.23317472636699677,0.9325789213180542,-0.11505921185016632,0.9581388831138611,0.582905650138855,0.9437131881713867,0.3719678819179535,0.9869869351387024,0.3107639253139496,0.9672727584838867,-0.3286372423171997,0.9940887689590454
42,0.4449801743030548,0.3462245464324951,-0.16693957149982452,0.9999971985816956,0.45979759097099304,0.4351443350315094,0.27195024490356445,0.9998729228973389,0.33076032996177673,0.42541101574897766,-0.24032790958881378,0.9999791383743286,0.5481294393539429,0.5008134245872498,0.3862641453742981,0.9763838052749634,0.2079484611749649,0.40656736493110657,-0.5574212074279785,0.999790608882904,0.6363551616668701,0.4598643183708191,0.29063084721565247,0.991994321346283,0.2616448402404785,0.3342093825340271,-0.7570337653160095,0.9994843602180481,0.6698259711265564,0.44756922125816345,0.2910057306289673,0.9797552227973938,0.26907163858413696,0.3178585469722748,-0.8229714632034302,0.9971116781234741,0.4569315016269684,0.6305514574050903,0.1717642843723297,0.9997164011001587,0.38808923959732056,0.6252642273902893,-0.17200219631195068,0.9997647404670715,0.5110442638397217,0.7710098028182983,0.15777090191841125,0.9639449715614319,0.36685919761657715,0.7851985096931458,-0.2789408564567566,0.9979522824287415,0.49318164587020874,0.9115746021270752,0.3387206196784973,0.987186849117279,0.2624638080596924,0.9067095518112183,-0.1536596566438675,0.997484028339386,0.4696412682533264,0.9427673816680908,0.34698185324668884,0.9711700677871704,0.2386717051267624,0.9227665662765503,-0.1500893384218216,0.9595416188240051,0.5835548043251038,0.9433969259262085,0.21736234426498413,0.9866964221000671,0.3102472424507141,0.9669625759124756,-0.33647555112838745,0.9942364692687988
43,0.4527736306190491,0.3482452630996704,-0.149003267288208,0.9999972581863403,0.46583300828933716,0.44362741708755493,0.3034578859806061,0.9998812675476074,0.3429361879825592,0.4238048195838928,-0.24091622233390808,0.9999790787696838,0.548005998134613,0.5075873732566833,0.4338633120059967,0.9722548127174377,0.24106758832931519,0.396847665309906,-0.5775387287139893,0.9997759461402893,0.6382870078086853,0.4668426513671875,0.36794543266296387,0.991499125957489,0.278910756111145,0.3312310576438904,-0.8030876517295837,0.9994927644729614,0.6723110675811768,0.455422967672348,0.3794208765029907,0.9780599474906921,0.281112402677536,0.31564074754714966,-0.8691476583480835,0.9972018003463745,0.46583274006843567,0.6288207769393921,0.1749204695224762,0.999725341796875,0.4003000259399414,0.6236140727996826,-0.1751004457473755,0.9997636079788208,0.5113143920898438,0.7700861096382141,0.1466517597436905,0.960220992565155,0.3828209340572357,0.7844676971435547,-0.27124080061912537,0.9978007078170776,0.49382826685905457,0.911756694316864,0.3087853789329529,0.9859147667884827,0.2712204158306122,0.9034884572029114,-0.1460435390472412,0.9974178671836853,0.4726331830024719,0.9427935481071472,0.31518009305000305,0.969271183013916,0.24614794552326202,0.9168316721916199,-0.14222753047943115,0.960216760635376,0.584812581539154,0.9434553384780884,0.18698689341545105,0.9859784841537476,0.3117516338825226,0.9658605456352234,-0.33153635263442993,0.9943104982376099
44,0.46077218651771545,0.34921371936798096,-0.042756956070661545,0.9999973177909851,0.47143667936325073,0.4525882601737976,0.37204477190971375,0.9998883605003357,0.36763063073158264,0.42121070623397827,-0.22934161126613617,0.9999784231185913,0.5358492136001587,0.5243010520935059,0.6150438785552979,0.9358927607536316,0.334926575422287,0.40576210618019104,-0.658474862575531,0.9996489882469177,0.6365556716918945,0.4854239821434021,0.7001244425773621,0.9876436591148376,0.31256067752838135,0.33767375349998474,-0.9993061423301697,0.9994418621063232,0.6685481071472168,0.47592413425445557,0.7454761266708374,0.9719062447547913,0.29912376403808594,0.3251919746398926,-1.0798566341400146,0.9971718192100525,0.47950270771980286,0.6278570294380188,0.18088793754577637,0.9997467994689941,0.418751060962677,0.6201978325843811,-0.18104290962219238,0.9997768998146057,0.5103932619094849,0.7708031535148621,0.1220933124423027,0.9547373056411743,0.41017624735832214,0.7842606902122498,-0.2970437705516815,0.9972847104072571,0.49376925826072693,0.9118203520774841,0.26687684655189514,0.9836287498474121,0.28239133954048157,0.8967029452323914,-0.17818650603294373,0.9967767596244812,0.47247427701950073,0.9429556727409363,0.27236849069595337,0.9666306972503662,0.25331366062164307,0.9060824513435364,-0.1725386679172516,0.9582170844078064,0.5844542384147644,0.9441718459129333,0.14803412556648254,0.9845126271247864,0.31457170844078064,0.9640594720840454,-0.33895811438560486,0.993794858455658
45,0.4615362286567688,0.3510008156299591,-0.034111812710762024,0.9999971389770508,0.4704563617706299,0.4552626311779022,0.3721354603767395,0.9998928904533386,0.3704279065132141,0.42149531841278076,-0.24009232223033905,0.9999749064445496,0.524443507194519,0.5232895612716675,0.6492409706115723,0.9023876786231995,0.3454951345920563,0.4109403192996979,-0.6709287762641907,0.9995411038398743,0.636273205280304,0.48725131154060364,0.762913703918457,0.9842882752418518,0.31333667039871216,0.3425222933292389,-0.9992020130157471,0.9994269013404846,0.6665557026863098,0.4788614809513092,0.8124781847000122,0.9668697714805603,0.2969490587711334,0.328677237033844,-1.0812731981277466,0.9972376227378845,0.48274388909339905,0.6269222497940063,0.1873580664396286,0.9997654557228088,0.42576271295547485,0.6185306310653687,-0.18751072883605957,0.9997820854187012,0.5117632746696472,0.7712225317955017,0.09499867260456085,0.9502817988395691,0.4139643907546997,0.7823712229728699,-0.2846257984638214,0.9967204332351685,0.49353840947151184,0.9130088090896606,0.2284722775220871,0.9821082353591919,0.28714853525161743,0.894729495048523,-0.16899903118610382,0.996295154094696,0.4710652828216553,0.9436651468276978,0.23281344771385193,0.9648919105529785,0.25852999091148376,0.9039824604988098,-0.16420087218284607,0.9565635323524475,0.5849413871765137,0.9453555941581726,0.10459872335195541,0.983582615852356,0.30929452180862427,0.9628523588180542,-0.3347181975841522,0.9934099912643433
46,0.46546557545661926,0.3513290584087372,-0.1963863968849182,0.999991238117218,0.4691518247127533,0.45100733637809753,0.22202099859714508,0.9998574256896973,0.38082408905029297,0.41571056842803955,-0.42756950855255127,0.9999567866325378,0.5083503127098083,0.5187265872955322,0.645229160785675,0.8329378962516785,0.37579774856567383,0.40129369497299194,-0.882559061050415,0.9991046190261841,0.6047370433807373,0.49989748001098633,0.9712908864021301,0.9601027965545654,0.3473720848560333,0.3376402258872986,-1.2445907592773438,0.9992093443870544,0.6465157270431519,0.49117913842201233,1.0555564165115356,0.9413059949874878,0.33128276467323303,0.3311865031719208,-1.3368394374847412,0.9969549775123596,0.4816502332687378,0.626237154006958,0.1863565444946289,0.9997745752334595,0.4443562924861908,0.6181381940841675,-0.18667298555374146,0.9997646808624268,0.5049483180046082,0.771568775177002,0.12711526453495026,0.9424924850463867,0.4520115554332733,0.7780463099479675,-0.2369983047246933,0.9957523941993713,0.4933319091796875,0.9139677286148071,0.3003610372543335,0.9811925888061523,0.3015330135822296,0.8869222402572632,-0.06144196540117264,0.996029257774353,0.4710024297237396,0.9437156319618225,0.3078407049179077,0.961493730545044,0.2722080647945404,0.8929941654205322,-0.050201091915369034,0.9568337798118591,0.5829225182533264,0.9456014633178711,0.17341803014278412,0.9825606346130371,0.30913054943084717,0.962188720703125,-0.20344027876853943,0.9932222366333008
47,0.46019846200942993,0.3525950312614441,-0.18691152334213257,0.9999907612800598,0.45906317234039307,0.44858577847480774,0.21169587969779968,0.999848484992981,0.3970203399658203,0.4167301058769226,-0.3849906325340271,0.9999496936798096,0.5045318007469177,0.5223336219787598,0.616210401058197,0.7781967520713806,0.36387333273887634,0.400798499584198,-0.7793095111846924,0.9987313747406006,0.5933333039283752,0.5066142082214355,0.9137411117553711,0.9389646053314209,0.3547273874282837,0.3323143422603607,-1.1088653802871704,0.9990131855010986,0.6273837685585022,0.49811848998069763,0.9890732169151306,0.9187990427017212,0.33899760246276855,0.3321303725242615,-1.1958706378936768,0.9967375993728638,0.47783729434013367,0.6262003183364868,0.1858745664358139,0.9997850656509399,0.45751771330833435,0.6186599135398865,-0.1862175017595291,0.9997687935829163,0.49047303199768066,0.7715362310409546,0.13861142098903656,0.9255528450012207,0.4749886989593506,0.7735998630523682,-0.23998910188674927,0.9954156279563904,0.49229612946510315,0.9138709902763367,0.26772552728652954,0.9784412980079651,0.31339672207832336,0.8837645649909973,-0.1469855010509491,0.9962402582168579,0.4656209349632263,0.9427255392074585,0.27094972133636475,0.9576818346977234,0.3015575706958771,0.8990616798400879,-0.1428985893726349,0.9600745439529419,0.502483069896698,0.9553390741348267,0.14881303906440735,0.9809766411781311,0.31474772095680237,0.9622448086738586,-0.23003944754600525,0.9936245083808899
48,0.46644747257232666,0.3544308543205261,-0.15622933208942413,0.9999898672103882,0.4574832320213318,0.44759804010391235,0.22664359211921692,0.9998349547386169,0.4089231789112091,0.4174153506755829,-0.38958224654197693,0.999941885471344,0.5020872354507446,0.5238046646118164,0.7313369512557983,0.7151702046394348,0.3812406659126282,0.40512582659721375,-0.7977906465530396,0.9978352189064026,0.5897905230522156,0.5109506845474243,1.1287171840667725,0.9092079401016235,0.3586483895778656,0.3297923803329468,-1.1468303203582764,0.9987549185752869,0.6190474033355713,0.5027346014976501,1.2251431941986084,0.8912898898124695,0.3405042588710785,0.3323471248149872,-1.2376874685287476,0.9964950084686279,0.478580117225647,0.6263353824615479,0.19173602759838104,0.9997968077659607,0.4640119671821594,0.6190418004989624,-0.19219258427619934,0.9997760057449341,0.48786649107933044,0.7717480659484863,0.1534465104341507,0.9081923961639404,0.47651153802871704,0.7721971869468689,-0.31882035732269287,0.9946098923683167,0.4929942488670349,0.9128003716468811,0.2728138566017151,0.9760593175888062,0.31558746099472046,0.8847326636314392,-0.2651958465576172,0.9963425993919373,0.4692619740962982,0.9419687390327454,0.2739439904689789,0.9542819261550903,0.2865713834762573,0.8940228819847107,-0.26583483815193176,0.9623668789863586,0.523099422454834,0.9542108178138733,0.14976072311401367,0.9795043468475342,0.3161516785621643,0.9622336030006409,-0.41595906019210815,0.9938722848892212
49,0.4768194258213043,0.35414862632751465,-0.18223777413368225,0.9999880790710449,0.45659199357032776,0.4458458721637726,0.2178545445203781,0.999824583530426,0.4156424105167389,0.4178319275379181,-0.4325632154941559,0.9999327659606934,0.49857833981513977,0.5193955898284912,0.7217511534690857,0.6606599688529968,0.3843170404434204,0.4068793058395386,-0.8635863661766052,0.9967405200004578,0.5894647836685181,0.5124126672744751,1.1344151496887207,0.8870351314544678,0.3529507517814636,0.3289564251899719,-1.2326151132583618,0.9983217716217041,0.6173306107521057,0.5043165683746338,1.2328613996505737,0.870183527469635,0.3342311680316925,0.332777738571167,-1.328004002571106,0.9960159063339233,0.48319104313850403,0.6237168908119202,0.19521038234233856,0.9998104572296143,0.4663020372390747,0.6181552410125732,-0.19575802981853485,0.999783992767334,0.4888787269592285,0.7712480425834656,0.19669409096240997,0.9018073678016663,0.47969749569892883,0.769696056842804,-0.32656002044677734,0.9942125678062439,0.493438720703125,0.9116920828819275,0.33948051929473877,0.97613525390625,0.3206773102283478,0.8811107277870178,-0.24351006746292114,0.9964280128479004,0.471973180770874,0.9406465291976929,0.343278169631958,0.9535912275314331,0.2830948531627655,0.8865968585014343,-0.24159370362758636,0.9639336466789246,0.5526519417762756,0.9516439437866211,0.21570684015750885,0.979528546333313,0.3183392882347107,0.9610304832458496,-0.40577009320259094,0.9940881133079529
50,0.49358072876930237,0.356558620929718,-0.00954032689332962,0.9999800324440002,0.45601022243499756,0.42980271577835083,0.3475381135940552,0.9996875524520874,0.4388010799884796,0.4043332040309906,-0.233244851231575,0.9998750686645508,0.49607938528060913,0.39676105976104736,0.7079997658729553,0.5970157980918884,0.4921436905860901,0.3168046176433563,-0.26734915375709534,0.9954509735107422,0.45436251163482666,0.382769912481308,0.9181234836578369,0.8006722331047058,0.39294785261154175,0.2792549133300781,0.021354850381612778,0.9865033626556396,0.44373148679733276,0.37729060649871826,0.9579883813858032,0.7858832478523254,0.3707004189491272,0.2765677869319916,0.018940508365631104,0.9814398884773254,0.48708099126815796,0.6178717017173767,0.19430376589298248,0.9998109340667725,0.4830076992511749,0.6132699251174927,-0.1946401596069336,0.9997658729553223,0.49315327405929565,0.7707375288009644,0.16232721507549286,0.870069682598114,0.4867268204689026,0.7691083550453186,-0.22555384039878845,0.9930492043495178,0.4934493899345398,0.9113105535507202,0.20287029445171356,0.9668087363243103,0.33241909742355347,0.8777216076850891,-0.14543388783931732,0.9951750636100769,0.473374605178833,0.9406349658966064,0.20068494975566864,0.9437511563301086,0.29294565320014954,0.8785675764083862,-0.13748018443584442,0.963421642780304,0.5678040385246277,0.9510948657989502,0.10553167015314102,0.9730142951011658,0.32557177543640137,0.9598028063774109,-0.22659334540367126,0.9927152395248413
51,0.5014476776123047,0.3563682436943054,-0.006171921733766794,0.9999693632125854,0.4557306170463562,0.42565447092056274,0.3207760155200958,0.9995622634887695,0.4444684386253357,0.40326836705207825,-0.26903748512268066,0.9998267889022827,0.4841071367263794,0.35855430364608765,0.6677436828613281,0.5426530241966248,0.4934222102165222,0.30794164538383484,-0.3411039710044861,0.9937828183174133,0.4246068298816681,0.3183806836605072,0.8684844970703125,0.7260810732841492,0.3952616751194,0.2698162794113159,-0.06878486275672913,0.9738566875457764,0.38157033920288086,0.2810932993888855,0.9005255103111267,0.7135974168777466,0.371481329202652,0.26752912998199463,-0.08099415153265,0.9649516344070435,0.4873878061771393,0.6179366111755371,0.202617809176445,0.9998146295547485,0.48741766810417175,0.6137856245040894,-0.20280715823173523,0.9997563362121582,0.4934772551059723,0.7707462310791016,0.18462510406970978,0.8319206237792969,0.4909743070602417,0.7697412967681885,-0.21103760600090027,0.9914122223854065,0.49342674016952515,0.9106805920600891,0.2557101249694824,0.951222836971283,0.33722159266471863,0.8768699169158936,-0.08036025613546371,0.9935364127159119,0.4743126332759857,0.9404604434967041,0.2575712502002716,0.9260846376419067,0.2976723611354828,0.8765468597412109,-0.0682508647441864,0.9618831276893616,0.5734832882881165,0.9504589438438416,0.1092153936624527,0.9608661532402039,0.32667914032936096,0.9589583873748779,-0.15789209306240082,0.9906107187271118
52,0.5021070837974548,0.35275566577911377,-0.032512132078409195,0.9999369978904724,0.4557458758354187,0.42448511719703674,0.3151698112487793,0.9995063543319702,0.4584275484085083,0.3948509693145752,-0.2765836715698242,0.9998246431350708,0.4876902401447296,0.47548583149909973,0.5811458826065063,0.4906756281852722,0.5180965065956116,0.30925479531288147,-0.46322497725486755,0.9942044019699097,0.497903436422348,0.5466971397399902,0.6012067794799805,0.6572273373603821,0.4326476454734802,0.2544530928134918,-0.3078352212905884,0.9752079844474792,0.5003297924995422,0.5657240748405457,0.6255444288253784,0.6475449800491333,0.40973931550979614,0.24538378417491913,-0.3567550480365753,0.9652154445648193,0.48861971497535706,0.6181015372276306,0.1999443918466568,0.9998204112052917,0.49555787444114685,0.6125582456588745,-0.20013327896595,0.999762773513794,0.4943654239177704,0.7708904147148132,0.19671565294265747,0.7970053553581238,0.49141937494277954,0.7699618339538574,-0.19679659605026245,0.9912742972373962,0.4936526119709015,0.9106166362762451,0.3338007628917694,0.9448500275611877,0.3393194079399109,0.8785005807876587,-0.06295618414878845,0.9935981631278992,0.47608500719070435,0.9404392242431641,0.3412494957447052,0.9191421866416931,0.3006489872932434,0.8775509595870972,-0.05336400121450424,0.9630182385444641,0.5780946016311646,0.9502425789833069,0.22407884895801544,0.9567533731460571,0.32802221179008484,0.9581628441810608,-0.17610983550548553,0.9905512928962708
53,0.5008171796798706,0.35122355818748474,-0.017131313681602478,0.999916672706604,0.4543880224227905,0.42280298471450806,0.31372398138046265,0.9994860291481018,0.4730669856071472,0.39213982224464417,-0.28052082657814026,0.9998311400413513,0.48615914583206177,0.5134859085083008,0.5287017822265625,0.4447323977947235,0.5422521233558655,0.3081834614276886,-0.40428099036216736,0.9946743249893188,0.49677523970603943,0.5958247780799866,0.5256516933441162,0.5972187519073486,0.47515547275543213,0.23707380890846252,-0.1480320245027542,0.9768637418746948,0.5029610395431519,0.613325297832489,0.5475480556488037,0.5904973745346069,0.457186222076416,0.22126774489879608,-0.1818283498287201,0.9663201570510864,0.4889374375343323,0.6176000237464905,0.19945819675922394,0.9998317360877991,0.4973509609699249,0.6109707355499268,-0.1997615545988083,0.9997796416282654,0.4972265660762787,0.7709057331085205,0.22203996777534485,0.7586259841918945,0.49453219771385193,0.7693267464637756,-0.21499301493167877,0.9910608530044556,0.49384838342666626,0.910714328289032,0.39049020409584045,0.9371123313903809,0.342358261346817,0.8797832727432251,-0.08964722603559494,0.9935969114303589,0.47778409719467163,0.9404035806655884,0.40033116936683655,0.9104375839233398,0.30751878023147583,0.8787230849266052,-0.08048619329929352,0.9637303352355957,0.5823386311531067,0.9501623511314392,0.2973426580429077,0.9517663717269897,0.3315356373786926,0.9594784379005432,-0.20457136631011963,0.9905797243118286
54,0.5142335295677185,0.35187461972236633,0.07012061774730682,0.9998793601989746,0.4536229074001312,0.4242951571941376,0.3512098491191864,0.9994858503341675,0.48661866784095764,0.3937969505786896,-0.24838081002235413,0.9998397827148438,0.46418967843055725,0.5155735611915588,0.5310630202293396,0.40441107749938965,0.5628852248191833,0.3085840344429016,-0.3637530207633972,0.9950887560844421,0.5023719072341919,0.5737693309783936,0.5409775972366333,0.5452713370323181,0.5666143298149109,0.21957384049892426,-0.18307718634605408,0.9788255095481873,0.5071213245391846,0.5852432250976562,0.5605557560920715,0.5412464737892151,0.5572119951248169,0.19838759303092957,-0.2209063172340393,0.9689086675643921,0.48669326305389404,0.6173048615455627,0.19981016218662262,0.9998407363891602,0.49953341484069824,0.610551118850708,-0.20014388859272003,0.9997931718826294,0.4983137845993042,0.770555317401886,0.2159251868724823,0.7312824130058289,0.49921756982803345,0.769405722618103,-0.22188787162303925,0.9908437728881836,0.4938051998615265,0.9107151627540588,0.3600620925426483,0.9311061501502991,0.34846317768096924,0.8807665705680847,-0.09598524868488312,0.9932079911231995,0.479057639837265,0.9402647614479065,0.3672364354133606,0.9042682647705078,0.31594592332839966,0.8807792067527771,-0.0857703909277916,0.9639195203781128,0.5829697847366333,0.9503352046012878,0.2659364342689514,0.9488301277160645,0.3339124619960785,0.9629073739051819,-0.2000967115163803,0.9902715086936951
55,0.5120601654052734,0.355599969625473,0.06561871618032455,0.9998193383216858,0.4526000916957855,0.42473191022872925,0.332978218793869,0.9994387030601501,0.4877832531929016,0.3958003520965576,-0.24699877202510834,0.9998421669006348,0.4580162763595581,0.5162063241004944,0.48779404163360596,0.3694256842136383,0.5851547718048096,0.3163325786590576,-0.357012540102005,0.9954466819763184,0.4926426112651825,0.5621392726898193,0.41389021277427673,0.49900582432746887,0.6436519622802734,0.23257890343666077,-0.2005642205476761,0.9804751873016357,0.49651461839675903,0.5742594003677368,0.4237572252750397,0.4967348873615265,0.6620546579360962,0.21461760997772217,-0.23493234813213348,0.9709883332252502,0.48629507422447205,0.6174603700637817,0.19884872436523438,0.9998311996459961,0.49755942821502686,0.6109175682067871,-0.1991853564977646,0.9997932314872742,0.500020444393158,0.7681955099105835,0.25408685207366943,0.7087010741233826,0.5008321404457092,0.7696706056594849,-0.22242338955402374,0.9903721213340759,0.4926142990589142,0.908901035785675,0.3928559422492981,0.9264971613883972,0.3594840168952942,0.8831685185432434,-0.12808221578598022,0.9929987192153931,0.4790884554386139,0.9365527629852295,0.39974862337112427,0.898434579372406,0.3266260623931885,0.8833413124084473,-0.12048497796058655,0.9641038179397583,0.582385241985321,0.9502702951431274,0.31779804825782776,0.9459510445594788,0.3415561020374298,0.9658296704292297,-0.22120119631290436,0.9900241494178772
56,0.5131279230117798,0.3569723069667816,0.02382415160536766,0.9997175335884094,0.45256268978118896,0.4252368211746216,0.3224712014198303,0.9993321895599365,0.4893450140953064,0.3973841667175293,-0.25450241565704346,0.9998369812965393,0.4570527970790863,0.5157064199447632,0.49595773220062256,0.33740994334220886,0.585159957408905,0.31906092166900635,-0.4185898005962372,0.9958085417747498,0.4947388172149658,0.5508557558059692,0.43085262179374695,0.45691636204719543,0.6491209864616394,0.23316530883312225,-0.3306483328342438,0.9821309447288513,0.4985114336013794,0.5630853772163391,0.44135811924934387,0.456205815076828,0.6686303615570068,0.21457277238368988,-0.37714654207229614,0.9732001423835754,0.48620888590812683,0.6175411343574524,0.198380708694458,0.999805212020874,0.49663183093070984,0.6131352782249451,-0.19875623285770416,0.9997744560241699,0.5019673109054565,0.7671864032745361,0.24727214872837067,0.6864985823631287,0.5011175870895386,0.7697780132293701,-0.22670257091522217,0.9899471998214722,0.49257349967956543,0.908434271812439,0.3895920217037201,0.9217898845672607,0.3667832016944885,0.8833099007606506,-0.11680619418621063,0.9928320646286011,0.47980472445487976,0.9354251623153687,0.39599376916885376,0.8925530910491943,0.3280778229236603,0.884333610534668,-0.10852348059415817,0.9644332528114319,0.5832307934761047,0.9498320817947388,0.30878639221191406,0.9431158304214478,0.34562948346138,0.965698778629303,-0.22264766693115234,0.989803671836853
57,0.5123443603515625,0.3585732877254486,0.07113072276115417,0.9997056722640991,0.4497303068637848,0.4256191849708557,0.31754472851753235,0.9993146657943726,0.4891747236251831,0.3968812823295593,-0.25664547085762024,0.9998435974121094,0.4476335942745209,0.5245396494865417,0.4998699724674225,0.3140189051628113,0.5957515835762024,0.3242318630218506,-0.33706656098365784,0.9961298108100891,0.4883987009525299,0.558641254901886,0.4960970878601074,0.42143523693084717,0.6736313104629517,0.2458711564540863,-0.128196582198143,0.9834160208702087,0.4947732388973236,0.5595165491104126,0.5189594030380249,0.4220368564128876,0.7035523653030396,0.23063285648822784,-0.15613491833209991,0.9746522903442383,0.48567482829093933,0.6176745891571045,0.19802461564540863,0.9997953176498413,0.4984135329723358,0.6138973832130432,-0.19838160276412964,0.9997731447219849,0.5030032396316528,0.7657366394996643,0.26148441433906555,0.6680418848991394,0.5017433762550354,0.769932746887207,-0.22897885739803314,0.989161491394043,0.49310794472694397,0.9083928465843201,0.40762946009635925,0.9175891876220703,0.37342095375061035,0.883178174495697,-0.12542033195495605,0.9924251437187195,0.48137953877449036,0.935248076915741,0.41585442423820496,0.8872544765472412,0.33157992362976074,0.885029673576355,-0.11836979538202286,0.9635916352272034,0.5847157835960388,0.9495018124580383,0.3421887755393982,0.9397869110107422,0.35043957829475403,0.9641777873039246,-0.2291010469198227,0.9892244338989258
58,0.5221704840660095,0.3645387291908264,0.1007847934961319,0.9997048377990723,0.4505067765712738,0.42583853006362915,0.32535797357559204,0.9992187023162842,0.4874827563762665,0.39710965752601624,-0.25286412239074707,0.9998370409011841,0.4467233717441559,0.5271605253219604,0.44818079471588135,0.28851553797721863,0.6174588203430176,0.3468620777130127,-0.3651990592479706,0.9962812662124634,0.48919010162353516,0.5834089517593384,0.4010763168334961,0.38481074571609497,0.7117008566856384,0.3235609233379364,-0.3176872730255127,0.982390284538269,0.4958760142326355,0.5985876321792603,0.41208741068840027,0.3860759437084198,0.7453427910804749,0.3244989216327667,-0.3701014816761017,0.9721022248268127,0.48733437061309814,0.6190879344940186,0.20246320962905884,0.9997586011886597,0.501203179359436,0.6159126162528992,-0.20301701128482819,0.9997391104698181,0.5036263465881348,0.7654736638069153,0.2546142637729645,0.6601525545120239,0.5025326609611511,0.7700570821762085,-0.22201405465602875,0.989189863204956,0.49380141496658325,0.9081709980964661,0.3938801884651184,0.9135096073150635,0.3767087459564209,0.8831402659416199,-0.10708314925432205,0.9924317002296448,0.48192185163497925,0.9346575140953064,0.40077000856399536,0.8834440112113953,0.3335447609424591,0.8831955194473267,-0.09841503202915192,0.9641300439834595,0.5851700305938721,0.9482904672622681,0.31521689891815186,0.9371770024299622,0.35274234414100647,0.9603660702705383,-0.21328473091125488,0.9892114996910095
59,0.5254199504852295,0.36456626653671265,0.06900281459093094,0.999707043170929,0.4486318528652191,0.4259769916534424,0.32153943181037903,0.9991730451583862,0.48302680253982544,0.39908745884895325,-0.2753834128379822,0.9998376369476318,0.4348384141921997,0.5251335501670837,0.453363299369812,0.2693820893764496,0.6065351963043213,0.3763987421989441,-0.5416713356971741,0.9964375495910645,0.4749799370765686,0.570156455039978,0.4610483646392822,0.352204293012619,0.7317827343940735,0.36392858624458313,-0.6635969281196594,0.9823091626167297,0.48140811920166016,0.583977460861206,0.48072147369384766,0.35365530848503113,0.7662822008132935,0.36881548166275024,-0.7329753637313843,0.9718183279037476,0.48689529299736023,0.6194075345993042,0.20394107699394226,0.9996969103813171,0.5024055242538452,0.6162328720092773,-0.2044685035943985,0.999673068523407,0.5041109919548035,0.765526294708252,0.2546309232711792,0.660163938999176,0.5046851634979248,0.7697877287864685,-0.2122388333082199,0.9893858432769775,0.4947700798511505,0.908300518989563,0.39517244696617126,0.9127460718154907,0.3832581341266632,0.8826773166656494,-0.08781705051660538,0.9926270842552185,0.48340126872062683,0.9353113174438477,0.4012099802494049,0.8830846548080444,0.3360463082790375,0.8812243342399597,-0.07835476845502853,0.9653971195220947,0.5850979685783386,0.9481775164604187,0.3137378692626953,0.9368639588356018,0.36186733841896057,0.956442654132843,-0.18589256703853607,0.9894624352455139
60,0.526139497756958,0.36392009258270264,0.05839962139725685,0.9997186660766602,0.448623389005661,0.42629846930503845,0.32935330271720886,0.9992021918296814,0.48181021213531494,0.40478748083114624,-0.28109651803970337,0.9998437762260437,0.436932772397995,0.5219955444335938,0.44772130250930786,0.259419709444046,0.5987748503684998,0.42716941237449646,-0.5633596181869507,0.9964990019798279,0.4668355882167816,0.5670258402824402,0.4576587677001953,0.3282977342605591,0.7362737655639648,0.4150913953781128,-0.7005053162574768,0.9816787242889404,0.4691259562969208,0.5844318270683289,0.4730449318885803,0.3290344476699829,0.7671522498130798,0.42527782917022705,-0.7726234793663025,0.9711020588874817,0.4866337478160858,0.6179296970367432,0.21041874587535858,0.9996510744094849,0.5018024444580078,0.6156723499298096,-0.21095280349254608,0.9996268153190613,0.5040923357009888,0.7655720114707947,0.2603548467159271,0.6630507111549377,0.5044543743133545,0.7698673009872437,-0.23053696751594543,0.9897981286048889,0.494758278131485,0.9085438251495361,0.4022907018661499,0.9120641350746155,0.3813941776752472,0.8833394646644592,-0.13447117805480957,0.9929589629173279,0.48351728916168213,0.9359041452407837,0.4080731272697449,0.8825159668922424,0.33551666140556335,0.8818023800849915,-0.12674260139465332,0.9667232632637024,0.5850039124488831,0.9479443430900574,0.31949591636657715,0.9371213912963867,0.3596019148826599,0.9567980766296387,-0.23788604140281677,0.9899407029151917
61,0.5226424336433411,0.36350733041763306,0.09702423214912415,0.9997140765190125,0.44942939281463623,0.4246867895126343,0.3457255959510803,0.999213695526123,0.48248398303985596,0.4054087698459625,-0.2786211669445038,0.9998459815979004,0.439424991607666,0.521692156791687,0.38376685976982117,0.2440871000289917,0.5908742547035217,0.4711775779724121,-0.35853710770606995,0.9947560429573059,0.5075070858001709,0.5658081769943237,0.2801657021045685,0.30247947573661804,0.672118604183197,0.5073278546333313,-0.20551033318042755,0.961430013179779,0.5143182277679443,0.5825545191764832,0.2714468538761139,0.302963525056839,0.6956552267074585,0.5182496905326843,-0.23260371387004852,0.9462788701057434,0.4865257441997528,0.6175596117973328,0.21410910785198212,0.9995996356010437,0.5009354948997498,0.6156737208366394,-0.21450048685073853,0.9995381832122803,0.5035998225212097,0.7656345367431641,0.23766131699085236,0.6590315103530884,0.5043483376502991,0.7699293494224548,-0.23220595717430115,0.9899269938468933,0.4947509765625,0.9090510010719299,0.3161989748477936,0.908871591091156,0.37728407979011536,0.8844980001449585,-0.1410001665353775,0.9929722547531128,0.4833867847919464,0.9368279576301575,0.31537505984306335,0.88038170337677,0.3362415134906769,0.8857771158218384,-0.13252735137939453,0.966804027557373,0.5853288173675537,0.9478588104248047,0.22818665206432343,0.93440181016922,0.35756611824035645,0.9570717215538025,-0.23872850835323334,0.9898130893707275
62,0.5207327604293823,0.3649200201034546,0.15945035219192505,0.9997117519378662,0.44738468527793884,0.4249335527420044,0.3482869565486908,0.9992599487304688,0.5085086226463318,0.4068021774291992,-0.25029054284095764,0.9998568892478943,0.43390408158302307,0.5194525122642517,0.37303951382637024,0.2391686737537384,0.5774036645889282,0.4893604516983032,-0.2923017144203186,0.9938467741012573,0.4774129092693329,0.5692248940467834,0.3075675070285797,0.2822212874889374,0.6853803992271423,0.5362484455108643,-0.10846920311450958,0.9512584209442139,0.48113900423049927,0.5849505662918091,0.304549902677536,0.2811523973941803,0.6989043354988098,0.5575824975967407,-0.12429344654083252,0.9325088262557983,0.48642268776893616,0.6171348094940186,0.2144206315279007,0.9995843172073364,0.4998735189437866,0.6155439615249634,-0.2148454785346985,0.9995172619819641,0.5025812387466431,0.7658420205116272,0.22702327370643616,0.657444179058075,0.503688395023346,0.770189106464386,-0.23450323939323425,0.9900667071342468,0.4947746694087982,0.9096484780311584,0.2832493782043457,0.90399169921875,0.37460052967071533,0.8861733675003052,-0.16047967970371246,0.9927963614463806,0.4833137094974518,0.9369732141494751,0.28049400448799133,0.8762842416763306,0.33591708540916443,0.8874329924583435,-0.15155315399169922,0.9665471911430359,0.5855094194412231,0.9483392834663391,0.19975197315216064,0.9295071363449097,0.35581937432289124,0.9578933715820312,-0.246425598859787,0.9894216656684875
63,0.5200281739234924,0.3667040169239044,0.29641738533973694,0.9997212290763855,0.4390321373939514,0.4268861413002014,0.328578919172287,0.9993244409561157,0.5328927040100098,0.4110170304775238,-0.19834336638450623,0.999870240688324,0.4171750247478485,0.5227250456809998,0.39069250226020813,0.28142809867858887,0.5882543921470642,0.5022361874580383,-0.18792900443077087,0.9939786791801453,0.4547594487667084,0.5650067925453186,0.42120420932769775,0.26983246207237244,0.6659165024757385,0.5890597105026245,0.03506116941571236,0.9474043250083923,0.4489803910255432,0.5841467976570129,0.4485687017440796,0.26490575075149536,0.6826705932617188,0.6093443036079407,0.04064883664250374,0.9232912659645081,0.4809182584285736,0.6178354620933533,0.209147110581398,0.9996132850646973,0.5041512250900269,0.6155664324760437,-0.2094249129295349,0.9995502233505249,0.5020052790641785,0.7668417692184448,0.22714687883853912,0.6666322946548462,0.5032413005828857,0.770659863948822,-0.23144592344760895,0.9903680682182312,0.49558359384536743,0.9117593169212341,0.2964977025985718,0.9049714803695679,0.37379932403564453,0.8870500326156616,-0.15563568472862244,0.9927740097045898,0.48376086354255676,0.9383578300476074,0.2955895960330963,0.8777615427970886,0.3345819413661957,0.8877224922180176,-0.1451718509197235,0.9672819972038269,0.5859841108322144,0.9497241973876953,0.2272728681564331,0.9259656071662903,0.35473111271858215,0.9580605030059814,-0.21401701867580414,0.9890596270561218
64,0.5193628668785095,0.36842039227485657,0.2769401967525482,0.9997378587722778,0.4318215250968933,0.42941296100616455,0.2855748236179352,0.999381959438324,0.5406041741371155,0.41607415676116943,-0.21775788068771362,0.9998824596405029,0.4081904888153076,0.5231713056564331,0.412173330783844,0.32054656744003296,0.5964981913566589,0.5053550601005554,-0.18438804149627686,0.9943063855171204,0.45292752981185913,0.5571876168251038,0.5887390971183777,0.25410670042037964,0.6612203121185303,0.592233419418335,0.07748961448669434,0.9458640813827515,0.4466843008995056,0.576313853263855,0.6311063170433044,0.2469484657049179,0.6737267971038818,0.6127573251724243,0.0940990298986435,0.9179332852363586,0.47697946429252625,0.6189556121826172,0.2052072286605835,0.9996371269226074,0.5072689652442932,0.6158552169799805,-0.20548298954963684,0.9995808005332947,0.5011765360832214,0.767056941986084,0.2416294515132904,0.6714524626731873,0.5035890936851501,0.7706478238105774,-0.22142630815505981,0.9905682802200317,0.49580490589141846,0.9122761487960815,0.31252264976501465,0.9061294794082642,0.3751218020915985,0.886694610118866,-0.15088336169719696,0.9928706884384155,0.4838491976261139,0.9389185905456543,0.3140135705471039,0.8790016174316406,0.3346683382987976,0.8871214985847473,-0.14437569677829742,0.9681764245033264,0.5859071016311646,0.95005863904953,0.2727128565311432,0.9232926368713379,0.35415130853652954,0.9570436477661133,-0.17731454968452454,0.9890133142471313
65,0.5232223272323608,0.3659577965736389,0.20560483634471893,0.9997549057006836,0.4306158125400543,0.42951589822769165,0.2836061120033264,0.9994340538978577,0.5467701554298401,0.4178747832775116,-0.2770708203315735,0.9998936653137207,0.4048915207386017,0.5240668058395386,0.4213026762008667,0.3549945652484894,0.5909014344215393,0.5132463574409485,-0.279274046421051,0.9946137070655823,0.4552631676197052,0.5567961931228638,0.5631093978881836,0.2391635924577713,0.6591858863830566,0.5958744287490845,-0.08063165843486786,0.945903480052948,0.459707111120224,0.5727086067199707,0.5992388725280762,0.23044180870056152,0.6618509292602539,0.6160417795181274,-0.08152928948402405,0.9159198999404907,0.472317636013031,0.620428204536438,0.20967979729175568,0.99965900182724,0.5108150839805603,0.6172664165496826,-0.20994296669960022,0.9996109008789062,0.49874594807624817,0.7680011987686157,0.3078324496746063,0.674790620803833,0.5029615163803101,0.770836353302002,-0.2322441041469574,0.9908816814422607,0.49581101536750793,0.9127220511436462,0.425956130027771,0.9057136178016663,0.3761119842529297,0.8871011734008789,-0.14777548611164093,0.9930446147918701,0.48382478952407837,0.9393155574798584,0.4313262701034546,0.8784501552581787,0.3341502249240875,0.8891380429267883,-0.1435735523700714,0.9693299531936646,0.5858492851257324,0.9503455758094788,0.3958064317703247,0.9190986752510071,0.3536912798881531,0.9571685194969177,-0.1793534755706787,0.9891836643218994
66,0.5288407802581787,0.3657955527305603,0.22492310404777527,0.9997632503509521,0.43220168352127075,0.4292305111885071,0.2911025583744049,0.9994791746139526,0.5447899103164673,0.4193292558193207,-0.2564261853694916,0.9999034404754639,0.4132709503173828,0.5244500041007996,0.37855154275894165,0.3676418960094452,0.5678475499153137,0.5205089449882507,-0.25270408391952515,0.9944956302642822,0.4579755365848541,0.5716957449913025,0.4012881815433502,0.22567325830459595,0.5910823345184326,0.6069728136062622,-0.08742106705904007,0.9447141885757446,0.46514755487442017,0.581209659576416,0.4211919903755188,0.21637867391109467,0.588078498840332,0.6296194791793823,-0.0966227650642395,0.9128044843673706,0.4680500328540802,0.6201096773147583,0.20980577170848846,0.999675452709198,0.5151085257530212,0.6172573566436768,-0.21010182797908783,0.9996355175971985,0.48614344000816345,0.7670964598655701,0.304637610912323,0.675203800201416,0.5026878118515015,0.7708031535148621,-0.2552223801612854,0.9911646246910095,0.49569171667099,0.9131657481193542,0.37348365783691406,0.9021500945091248,0.37536856532096863,0.887350857257843,-0.1736920028924942,0.9931747317314148,0.4835759401321411,0.9393426775932312,0.3745690584182739,0.8756556510925293,0.3336823582649231,0.8894528150558472,-0.1633499413728714,0.9701135158538818,0.5858665108680725,0.9502836465835571,0.3249570429325104,0.9113520383834839,0.3535899817943573,0.9571443796157837,-0.23525787889957428,0.9891532063484192
67,0.5314511656761169,0.36447086930274963,0.23484909534454346,0.9997764825820923,0.43306902050971985,0.4287637770175934,0.2846791446208954,0.9995231628417969,0.5484296083450317,0.4184587597846985,-0.25586605072021484,0.999912440776825,0.4138038754463196,0.5238839983940125,0.36426517367362976,0.3883291482925415,0.5643795728683472,0.519112229347229,-0.2580919563770294,0.9946271777153015,0.4594757854938507,0.5730844736099243,0.3866296112537384,0.2141580879688263,0.5836848020553589,0.6062316298484802,-0.10182110965251923,0.9432457685470581,0.4680696129798889,0.5817536115646362,0.4072255492210388,0.20403167605400085,0.5795927047729492,0.6290268898010254,-0.11290368437767029,0.9090529084205627,0.46507352590560913,0.619315505027771,0.21075542271137238,0.9996958374977112,0.5169180035591125,0.6167296171188354,-0.21106332540512085,0.9996619820594788,0.48102930188179016,0.7651894092559814,0.28142398595809937,0.6809645295143127,0.5024009346961975,0.7704607248306274,-0.27019190788269043,0.9917117357254028,0.49567002058029175,0.9131545424461365,0.360757976770401,0.9033071994781494,0.3756025433540344,0.8873364925384521,-0.20485441386699677,0.9935407638549805,0.48328694701194763,0.9393429756164551,0.36068612337112427,0.8780598044395447,0.33442655205726624,0.8894994854927063,-0.1947212666273117,0.9716771245002747,0.5857846736907959,0.9502448439598083,0.3065503239631653,0.9079831838607788,0.353433758020401,0.95582115650177,-0.2741497755050659,0.9894812107086182
68,0.5317276120185852,0.36439481377601624,0.2638615369796753,0.9997811317443848,0.43308883905410767,0.4286893308162689,0.2891797423362732,0.9995629191398621,0.5505382418632507,0.4178657531738281,-0.245136097073555,0.9999203681945801,0.4077293574810028,0.5237448215484619,0.3526287078857422,0.4157413840293884,0.557103157043457,0.5175021290779114,-0.2376999408006668,0.9947049617767334,0.4582740366458893,0.57107013463974,0.35358643531799316,0.2051573097705841,0.5743818879127502,0.6056381464004517,-0.06331337243318558,0.9384557604789734,0.4657312035560608,0.582580029964447,0.3694974482059479,0.19360657036304474,0.5736752152442932,0.6291917562484741,-0.0701291561126709,0.8999918699264526,0.46268394589424133,0.6179627180099487,0.21318566799163818,0.9997133016586304,0.5172648429870605,0.6154917478561401,-0.2134844809770584,0.9996834397315979,0.48189085721969604,0.7642638683319092,0.27162399888038635,0.6879095435142517,0.5023247003555298,0.7697293758392334,-0.2654739022254944,0.9922189712524414,0.4947214722633362,0.9132160544395447,0.3602187931537628,0.9040353298187256,0.37577351927757263,0.8875672817230225,-0.18896818161010742,0.993798017501831,0.48151037096977234,0.9394243359565735,0.3597515821456909,0.8799661993980408,0.33602043986320496,0.8898534178733826,-0.1778639405965805,0.9730176329612732,0.5841951966285706,0.9501456022262573,0.30485865473747253,0.9021245837211609,0.3539194166660309,0.9535510540008545,-0.25860610604286194,0.9894536733627319
69,0.5345616340637207,0.36460649967193604,0.2572236657142639,0.9997683763504028,0.4317168593406677,0.42935797572135925,0.2934379577636719,0.9995975494384766,0.5528385639190674,0.4174653887748718,-0.23689910769462585,0.9999273419380188,0.39655575156211853,0.5253418684005737,0.36436283588409424,0.43893834948539734,0.5538578629493713,0.5151268839836121,-0.2328394502401352,0.9945216774940491,0.4547741711139679,0.5688163042068481,0.3749600350856781,0.19506341218948364,0.5720576643943787,0.603778600692749,-0.05727472901344299,0.9303522706031799,0.46206754446029663,0.5811708569526672,0.3928516209125519,0.18264015018939972,0.5727773904800415,0.6283159852027893,-0.06351398676633835,0.88657146692276,0.4605153799057007,0.6168903112411499,0.21453675627708435,0.9997261166572571,0.5193148851394653,0.6143766045570374,-0.21485424041748047,0.9997006058692932,0.48310455679893494,0.7641768455505371,0.26827865839004517,0.6924591660499573,0.5021827816963196,0.7683625817298889,-0.28175589442253113,0.9926072955131531,0.49473175406455994,0.9131675362586975,0.36197322607040405,0.9036208391189575,0.37546277046203613,0.888105571269989,-0.21549159288406372,0.993965208530426,0.4811999201774597,0.9394208788871765,0.3628799021244049,0.8797276616096497,0.33578434586524963,0.8901293873786926,-0.20480048656463623,0.9738399982452393,0.5843121409416199,0.9495874047279358,0.3018760681152344,0.8956089615821838,0.35208985209465027,0.9517383575439453,-0.28621235489845276,0.9893906116485596
70,0.5361335873603821,0.3645235598087311,0.26409611105918884,0.9997565150260925,0.43125733733177185,0.42991507053375244,0.2938188910484314,0.9996284246444702,0.5546506643295288,0.41736170649528503,-0.23278668522834778,0.9999333620071411,0.3923698663711548,0.527000904083252,0.3542281985282898,0.46388548612594604,0.5514599084854126,0.5157684683799744,-0.2240615338087082,0.9943128228187561,0.4538508355617523,0.5675739645957947,0.3549775183200836,0.18580664694309235,0.5688847303390503,0.6042450666427612,-0.041095733642578125,0.9185521006584167,0.4593431353569031,0.5803565382957458,0.37041836977005005,0.1723783016204834,0.5698626637458801,0.6288915872573853,-0.046396590769290924,0.8682736158370972,0.45999959111213684,0.6162590384483337,0.21517886221408844,0.9997382760047913,0.5195303559303284,0.6141818165779114,-0.21546432375907898,0.9997159242630005,0.48241809010505676,0.7642111778259277,0.26595640182495117,0.6995682120323181,0.5020868182182312,0.7678728699684143,-0.2842528223991394,0.9930497407913208,0.4953201413154602,0.9133500456809998,0.36031633615493774,0.9043075442314148,0.37282419204711914,0.8884865641593933,-0.22157375514507294,0.9941705465316772,0.481198787689209,0.9395821690559387,0.3609966039657593,0.8808845281600952,0.33544349670410156,0.890413224697113,-0.21153363585472107,0.9748240113258362,0.5843107104301453,0.949037492275238,0.2986219823360443,0.8899303674697876,0.35071709752082825,0.95142662525177,-0.29357635974884033,0.9893344044685364
71,0.5370957255363464,0.36443355679512024,0.25439098477363586,0.9997477531433105,0.43138596415519714,0.43024998903274536,0.2947103977203369,0.9996576309204102,0.553915798664093,0.4172055423259735,-0.23459085822105408,0.9999390244483948,0.39165613055229187,0.5280193090438843,0.3525557816028595,0.4815118908882141,0.5503923892974854,0.5162754654884338,-0.22945280373096466,0.9940632581710815,0.4534512162208557,0.5673632025718689,0.3470275104045868,0.1773807257413864,0.5688544511795044,0.604809045791626,-0.041812606155872345,0.9095633625984192,0.460035115480423,0.5804420113563538,0.3604479730129242,0.1631777137517929,0.5697087645530701,0.6286782026290894,-0.046840231865644455,0.854142427444458,0.4605088233947754,0.6159940958023071,0.21516141295433044,0.999750554561615,0.5193356275558472,0.6139858365058899,-0.21543654799461365,0.9997298121452332,0.48281678557395935,0.7642608284950256,0.2587924003601074,0.7031139135360718,0.5018855929374695,0.7675286531448364,-0.27958887815475464,0.9933395981788635,0.49538731575012207,0.9138556122779846,0.3452276587486267,0.9039558172225952,0.369154155254364,0.8884966969490051,-0.20916321873664856,0.9942383170127869,0.48120975494384766,0.9397727251052856,0.3456712067127228,0.8805030584335327,0.33416736125946045,0.8904895782470703,-0.19861692190170288,0.975257933139801,0.5842748284339905,0.9486149549484253,0.2797577381134033,0.8853299617767334,0.3478989899158478,0.950100302696228,-0.27959829568862915,0.9892044067382812
72,0.5367304682731628,0.36431658267974854,0.24261081218719482,0.9997527003288269,0.4311152696609497,0.43020692467689514,0.29539060592651367,0.9996854066848755,0.5527037382125854,0.4170432388782501,-0.23757971823215485,0.9999445080757141,0.3913014233112335,0.5275489091873169,0.36231738328933716,0.49549344182014465,0.5504159927368164,0.5161465406417847,-0.23999162018299103,0.9940564036369324,0.45251643657684326,0.567054033279419,0.3704460561275482,0.1707233339548111,0.5724621415138245,0.6039877533912659,-0.0594199001789093,0.9078786373138428,0.45979857444763184,0.5801589488983154,0.3869149684906006,0.15576452016830444,0.5733845829963684,0.626940131187439,-0.0667395070195198,0.8504712581634521,0.4598023295402527,0.6160205602645874,0.21513807773590088,0.9997628331184387,0.5186130404472351,0.613997757434845,-0.21541772782802582,0.9997453093528748,0.4826037287712097,0.7642978429794312,0.2629341185092926,0.7060959339141846,0.5018137693405151,0.7668051719665527,-0.2824021279811859,0.9936263561248779,0.49541428685188293,0.9143911600112915,0.35852086544036865,0.9043776988983154,0.3641793727874756,0.8883557915687561,-0.20795553922653198,0.9943947196006775,0.48119863867759705,0.9399661421775818,0.36019596457481384,0.8804240226745605,0.3311426043510437,0.8900856375694275,-0.19693396985530853,0.9757595658302307,0.5840914249420166,0.9485381841659546,0.2972360849380493,0.8834717273712158,0.34426960349082947,0.9491153955459595,-0.27636051177978516,0.9893952012062073
73,0.5365347266197205,0.36414259672164917,0.24056798219680786,0.9997545480728149,0.4310705363750458,0.4300890266895294,0.2956834137439728,0.9997100234031677,0.5522270202636719,0.4169226884841919,-0.23986047506332397,0.9999493360519409,0.3913757801055908,0.5272216200828552,0.36588773131370544,0.5090379118919373,0.5505253672599792,0.5155850648880005,-0.24246959388256073,0.9940515756607056,0.45227715373039246,0.5669485330581665,0.37832462787628174,0.16450965404510498,0.5735687017440796,0.6036204099655151,-0.06235828250646591,0.9056391716003418,0.4598281681537628,0.5797410607337952,0.3956483006477356,0.14889641106128693,0.5745022296905518,0.6266171932220459,-0.06991028040647507,0.8459504246711731,0.45941147208213806,0.6160061359405518,0.21520614624023438,0.9997735023498535,0.5182318687438965,0.6139798164367676,-0.2154814749956131,0.9997587203979492,0.4823595881462097,0.764332115650177,0.26494020223617554,0.708747923374176,0.50174480676651,0.7663995027542114,-0.2827281355857849,0.9938856363296509,0.49538856744766235,0.9146521687507629,0.3628624379634857,0.9046522378921509,0.36185967922210693,0.8882940411567688,-0.2074510157108307,0.9945288896560669,0.4810863435268402,0.9400454759597778,0.3648481070995331,0.8804358839988708,0.32906022667884827,0.8899098634719849,-0.19635646045207977,0.9762549996376038,0.583843469619751,0.948527991771698,0.3022231161594391,0.8812689781188965,0.3422321677207947,0.9482778310775757,-0.2752506136894226,0.9895280003547668
74,0.5362712144851685,0.364119291305542,0.1679069995880127,0.9997612237930298,0.43132612109184265,0.4294441342353821,0.3199652433395386,0.9997304677963257,0.5436633229255676,0.41518649458885193,-0.26408687233924866,0.9999539852142334,0.4024772047996521,0.5266348719596863,0.4071790874004364,0.49090099334716797,0.5492886900901794,0.5169453620910645,-0.2930801808834076,0.9941921234130859,0.45305001735687256,0.5656751394271851,0.42524954676628113,0.1573237031698227,0.5764449834823608,0.6045053601264954,-0.14451082050800323,0.9102403521537781,0.4629104435443878,0.5823963284492493,0.4457452595233917,0.14265313744544983,0.5775943994522095,0.6264603137969971,-0.16238805651664734,0.8528174757957458,0.46014243364334106,0.6175804734230042,0.21551772952079773,0.9997819662094116,0.5181726813316345,0.6141651272773743,-0.21583104133605957,0.9997697472572327,0.4825056791305542,0.7676226496696472,0.27020731568336487,0.7090024948120117,0.49957162141799927,0.7673147916793823,-0.2799873352050781,0.9940847158432007,0.49523845314979553,0.9147430062294006,0.38175979256629944,0.9038413166999817,0.35146427154541016,0.8879550099372864,-0.20078319311141968,0.9946819543838501,0.4805835783481598,0.9403277635574341,0.38500991463661194,0.8783563375473022,0.3181840479373932,0.8896001577377319,-0.18870589137077332,0.9765509366989136,0.5829847455024719,0.9485194087028503,0.3215562403202057,0.8820928335189819,0.333572655916214,0.9485217928886414,-0.2693125009536743,0.9899047613143921
75,0.5341987609863281,0.36391252279281616,0.1836022138595581,0.9997665882110596,0.43140166997909546,0.4294705092906952,0.32179561257362366,0.9997491240501404,0.5400472283363342,0.41498005390167236,-0.2674441635608673,0.9999581575393677,0.40597474575042725,0.5265526175498962,0.40439820289611816,0.485211580991745,0.5493497848510742,0.5183281898498535,-0.2987441420555115,0.9944241046905518,0.4536108672618866,0.5686343908309937,0.42162472009658813,0.15325310826301575,0.5843921899795532,0.6050288081169128,-0.15488970279693604,0.9150120615959167,0.4658346176147461,0.5869703888893127,0.44246381521224976,0.13843844830989838,0.5857945084571838,0.6271664500236511,-0.17312029004096985,0.8595638275146484,0.461447536945343,0.6180918216705322,0.2157287895679474,0.9997909069061279,0.5178075432777405,0.6141480207443237,-0.21607927978038788,0.999780535697937,0.48255446553230286,0.7703269124031067,0.2733442783355713,0.7111331820487976,0.49888983368873596,0.7682076096534729,-0.2786204516887665,0.9942945241928101,0.495210200548172,0.9147817492485046,0.386605441570282,0.9034409523010254,0.34448713064193726,0.8877368569374084,-0.19795241951942444,0.9948067665100098,0.48033514618873596,0.9405105113983154,0.39011016488075256,0.8763144612312317,0.31033363938331604,0.8893889784812927,-0.1853334754705429,0.9767722487449646,0.5827491879463196,0.9485126733779907,0.32689669728279114,0.8823074698448181,0.33077067136764526,0.9488208889961243,-0.2669711709022522,0.9902054071426392
