frame_id,timestamp,nose_x,nose_y,nose_z,nose_visibility,left_shoulder_x,left_shoulder_y,left_shoulder_z,left_shoulder_visibility,right_shoulder_x,right_shoulder_y,right_shoulder_z,right_shoulder_visibility,left_elbow_x,left_elbow_y,left_elbow_z,left_elbow_visibility,right_elbow_x,right_elbow_y,right_elbow_z,right_elbow_visibility,left_wrist_x,left_wrist_y,left_wrist_z,left_wrist_visibility,right_wrist_x,right_wrist_y,right_wrist_z,right_wrist_visibility,left_pinky_x,left_pinky_y,left_pinky_z,left_pinky_visibility,right_pinky_x,right_pinky_y,right_pinky_z,right_pinky_visibility,left_hip_x,left_hip_y,left_hip_z,left_hip_visibility,right_hip_x,right_hip_y,right_hip_z,right_hip_visibility,left_knee_x,left_knee_y,left_knee_z,left_knee_visibility,right_knee_x,right_knee_y,right_knee_z,right_knee_visibility,left_ankle_x,left_ankle_y,left_ankle_z,left_ankle_visibility,right_ankle_x,right_ankle_y,right_ankle_z,right_ankle_visibility,left_heel_x,left_heel_y,left_heel_z,left_heel_visibility,right_heel_x,right_heel_y,right_heel_z,right_heel_visibility,left_foot_index_x,left_foot_index_y,left_foot_index_z,left_foot_index_visibility,right_foot_index_x,right_foot_index_y,right_foot_index_z,right_foot_index_visibility
0,0.0,0.19436170158298335,0.0026751493148015892,-0.8305729180574417,0.999234676361084,0.0842269740974261,0.08815302811487134,1.962607204914093,0.9966899156570435,0.09041092889225932,0.09647057590817608,-3.364686369895935,0.999754011631012,0.18585602515875138,0.14194162320954826,3.960443139076233,0.04446800798177719,0.2609755493504859,0.16349425832609096,-3.4214797616004944,0.993382453918457,0.3354736537163918,0.09999769006617722,4.137025475502014,0.10960178077220917,0.3855478990377935,0.0840520025637884,-1.2375207990407944,0.9654524922370911,0.3625854898768341,0.08908712248805116,4.232574701309204,0.16130974888801575,0.41264020792262057,0.07011423099028649,-1.4540477097034454,0.9428249597549438,0.06056866760516658,0.4605732993796875,1.6940134763717651,0.9981327652931213,0.06374952982725862,0.4656873023533106,-1.6942766308784485,0.998610258102417,0.07934152359662888,0.6905378085562568,3.4305116534233093,0.38967546820640564,0.08861293117623616,0.7214390078048377,-0.3379344567656517,0.9692490100860596,0.04705984121705412,0.9116578907041715,5.525361895561218,0.6736027598381042,0.0426429262622687,0.9558412094337221,1.2272053956985474,0.9837139844894409,0.015522755289063809,0.9494312621442687,5.686433911323547,0.7141305804252625,0.0018049017350953104,1.0,1.333320289850235,0.9603329300880432,0.14852856620145313,0.947662257669784,5.128612518310547,0.8449156284332275,0.15764851832628862,0.9981083547091514,0.30629273504018784,0.9786831140518188
1,0.03331884057971014,0.19516569368157463,0.0026751493148015892,-0.9587200731039047,0.9992266893386841,0.08467567113908872,0.0853234135662177,1.9879110157489777,0.9968468546867371,0.09048024946103453,0.09419908881966041,-3.408585488796234,0.9997645616531372,0.23300522850913402,0.1470695513654736,3.014436662197113,0.052090972661972046,0.2606515407510366,0.166542132922852,-3.479933440685272,0.9933450818061829,0.35736426134972876,0.09597261390574134,1.7407795786857605,0.12324012070894241,0.3857800174174319,0.08236197311299477,-1.394670009613037,0.9664292335510254,0.3880175104520989,0.07892183651644206,1.5950427949428558,0.1733909249305725,0.41294238622395024,0.06900081720610916,-1.6271357238292694,0.9442440867424011,0.05940727662262817,0.45299043472323963,1.7001324892044067,0.9981287717819214,0.06387898313442816,0.458615889575509,-1.7007014155387878,0.9986009001731873,0.07896947954316359,0.6892631162176803,3.4508654475212097,0.39683061838150024,0.08928625200537489,0.7193648033711466,-0.6293697655200958,0.9696306586265564,0.04600515606072667,0.9111282840669256,5.519362092018127,0.6776276230812073,0.0423442754279748,0.9552813845457112,0.5918940529227257,0.9837591052055359,0.014796648053686953,0.9494881356043375,5.673854351043701,0.7183773517608643,0.0018049017350953104,1.0,0.6648430973291397,0.9607133865356445,0.1481439940419384,0.9464627139650417,5.122306942939758,0.8457724452018738,0.15744982798720733,0.9977181434961455,-0.38237404078245163,0.9788321256637573
2,0.06663768115942029,0.1952282865819245,0.0026751493148015892,-1.0136470943689346,0.9992418885231018,0.08621873527056124,0.08483303857806072,1.9874201714992523,0.9969962239265442,0.09052606077753723,0.09388813764547385,-3.431798815727234,0.9997740387916565,0.2429462557352927,0.147703911793016,2.7638179063796997,0.05801105126738548,0.2615189094160279,0.16795378689005921,-3.4628498554229736,0.9932668805122375,0.36474359154046304,0.09436788905265618,1.324259489774704,0.1324387639760971,0.3854630790915283,0.08196109063407045,-1.213909164071083,0.9668274521827698,0.3949482486956386,0.07606833105733715,1.1546346545219421,0.18126517534255981,0.41202427360812005,0.06914646773483918,-1.4127784967422485,0.944726824760437,0.05894143245635166,0.4514090371590844,1.6994164884090424,0.9981641173362732,0.06331114234571361,0.45765332020597344,-1.7000876367092133,0.9986154437065125,0.07867457878762811,0.6890014484985612,3.4592944383621216,0.40529343485832214,0.08899758376818011,0.7190348169862296,-0.5960328504443169,0.9701265692710876,0.04573413386531427,0.9116001373410667,5.505203008651733,0.682476818561554,0.04204182532885844,0.9550935029170663,0.6813184916973114,0.9838605523109436,0.014642199026815563,0.9500330917538881,5.654165744781494,0.7223372459411621,0.0018049017350953104,1.0,0.7601495832204819,0.960979700088501,0.14785862029006114,0.9461107482624965,5.113673210144043,0.8472464680671692,0.15650285319088064,0.9976156760621164,-0.27463557198643684,0.9790639877319336
3,0.09995652173913043,0.19501529503214782,0.0026751493148015892,-1.006484180688858,0.9992431998252869,0.08607010280673912,0.08445424994034782,1.9867289066314697,0.9970883727073669,0.09076373376608672,0.09406099133929084,-3.4504497051239014,0.99977707862854,0.2390941403090662,0.14744271543850726,3.0570167303085327,0.06059034541249275,0.26087451399269584,0.1693031815526156,-3.4532728791236877,0.9931260943412781,0.36185855438407133,0.09422957875433864,2.092241644859314,0.13612054288387299,0.3840405820717385,0.08211291697823656,-1.0762199014425278,0.9664329886436462,0.39249140615372075,0.07652861528530663,1.9955532252788544,0.18416808545589447,0.4097682492152253,0.07024433912183894,-1.2557820975780487,0.9440361261367798,0.05861663448269944,0.4511552975541059,1.6993054747581482,0.9981585741043091,0.06317636090984048,0.45736996958156234,-1.6999630630016327,0.9985953569412231,0.07852568190004036,0.688818262409023,3.4593263268470764,0.412599116563797,0.0888217902898893,0.7184525808713055,-0.577927865087986,0.9703119993209839,0.0455607340185209,0.9130093705759956,5.472910404205322,0.6867569088935852,0.04185222803554483,0.9553605077097307,0.7278178632259369,0.9836787581443787,0.014524798022861145,0.9512340789477761,5.615184307098389,0.7251817584037781,0.0018049017350953104,1.0,0.8095292001962662,0.9606021642684937,0.147440868068459,0.9461871831611386,5.076772570610046,0.8486941456794739,0.15584234949237846,0.9970630391787856,-0.2156677283346653,0.9789834022521973
4,0.13327536231884057,0.19448070859981093,0.0026751493148015892,-1.0036999732255936,0.9992603063583374,0.08660933419724726,0.08433489635115364,1.992013156414032,0.9971988797187805,0.09035712607014958,0.09405357099295958,-3.4572479128837585,0.9997842907905579,0.24210545104696016,0.14730505859680626,2.8087076544761658,0.06395307928323746,0.2592766327348409,0.17034460764801815,-3.45013290643692,0.9930927753448486,0.3621265372104743,0.09408361758600317,1.4029113948345184,0.14104855060577393,0.38188589077438695,0.08265901043776994,-1.073324978351593,0.966588020324707,0.39228165497824447,0.0768538301671364,1.2418658286333084,0.18843871355056763,0.40722105903233313,0.07162191509249294,-1.2546247243881226,0.9440343976020813,0.058308715951409004,0.4506285687766515,1.699279546737671,0.9981686472892761,0.06289745544030753,0.4566988135463131,-1.6999371349811554,0.9985865950584412,0.07816570606816234,0.6883732774526201,3.4209969639778137,0.4192486107349396,0.0884372380219703,0.7176319952782225,-0.6380845606327057,0.9705823659896851,0.04458872758925772,0.9142661818753001,5.339220762252808,0.6903781890869141,0.04151272993824681,0.9561279282784849,0.58562982827425,0.9834814071655273,0.013645734603500994,0.9519337808788242,5.471898913383484,0.7279959321022034,0.0018049017350953104,1.0,0.6577146053314209,0.9603104591369629,0.14641472747145126,0.9454136106901613,4.9180033802986145,0.8497052192687988,0.15511836275222032,0.9955827343351641,-0.382268987596035,0.9788820743560791
5,0.1665942028985507,0.19388908499683954,0.0026751493148015892,-1.0059986263513565,0.9992771148681641,0.08677926197893941,0.08414602057528872,1.9953332841396332,0.9973134398460388,0.09023085424326525,0.09423541355031612,-3.463452458381653,0.9997913837432861,0.24174079675807936,0.14744483937096853,2.728723883628845,0.06683390587568283,0.25860486700032653,0.1707489931470906,-3.4391021728515625,0.9930458068847656,0.36098983712342697,0.09406244811853201,1.2509901821613312,0.14548291265964508,0.38001282935773023,0.0837655441107259,-1.019517257809639,0.9665735960006714,0.3911273719457786,0.07696486860770603,1.0797259211540222,0.1923198103904724,0.4050942415272907,0.07291745376127695,-1.1935015767812729,0.9437107443809509,0.05821266165130228,0.44961663583184885,1.7005729675292969,0.9981851577758789,0.06284895434561402,0.4556987984482021,-1.701292097568512,0.9985831379890442,0.07782536272732653,0.687847492686809,3.4200337529182434,0.4259951710700989,0.08817034566435197,0.7168776688628449,-0.6612100452184677,0.9708237051963806,0.04368772035062954,0.9144498966213986,5.342265963554382,0.694604754447937,0.04128846306917958,0.9561393142175864,0.5587548017501831,0.9832028150558472,0.012433745306442926,0.9521167104729026,5.47650933265686,0.7316130995750427,0.0018049017350953104,1.0,0.6315870583057404,0.9599825739860535,0.1456140412316587,0.9444748911353554,4.924161732196808,0.8510298728942871,0.154784651804975,0.9940071098645676,-0.4015069082379341,0.978686511516571
6,0.19991304347826086,0.19347514453606293,0.0026751493148015892,-0.9979420155286789,0.999282717704773,0.08663106577575586,0.08393375035541654,1.9985997676849365,0.9974011778831482,0.09049900483366506,0.09407526537768932,-3.465149998664856,0.9997944235801697,0.23918301582788362,0.1474584754999526,2.8569111227989197,0.06879464536905289,0.2582527722490759,0.1701878376457208,-3.4292522072792053,0.9929347634315491,0.3592039854042271,0.09543864325656336,1.6086407005786896,0.14934204518795013,0.3786687280826462,0.08497482466116955,-0.9729355573654175,0.966092586517334,0.38960655388114873,0.07717396455312292,1.470097005367279,0.195755273103714,0.403932684105772,0.07409125912235807,-1.1404645442962646,0.9428045153617859,0.058203606293242345,0.44899109089185857,1.701730340719223,0.9981942176818848,0.06295653255615581,0.454844682968439,-1.7024916410446167,0.9985739588737488,0.077834446971851,0.6872132973177898,3.422057628631592,0.4306826889514923,0.08806606008909108,0.7162700217988817,-0.6458886712789536,0.9708690643310547,0.04289166903611032,0.9140632404511421,5.359777212142944,0.6969553232192993,0.041068145199507154,0.9558419818026728,0.6042199581861496,0.9830054044723511,0.011367939057909202,0.9517041038764098,5.497236251831055,0.7332957983016968,0.0018049017350953104,1.0,0.6790566444396973,0.959789514541626,0.14507404511420718,0.9432746896028812,4.949239492416382,0.8515045046806335,0.15467112122073737,0.9920496872334376,-0.3486020490527153,0.9785757064819336
7,0.233231884057971,0.1935654373375004,0.0026751493148015892,-1.0082850605249405,0.9993000626564026,0.08745607660851488,0.0837624484012794,1.9987566769123077,0.9974998831748962,0.090606409300812,0.09386819481527153,-3.4797564148902893,0.9998003244400024,0.23952105236086732,0.1477577355390851,2.727825343608856,0.070782370865345,0.2583775913890946,0.1698144443686168,-3.4333890676498413,0.9929141402244568,0.3598464188397057,0.09552015884424311,1.24222993850708,0.15297922492027283,0.3781178157543388,0.08573521662362346,-1.00063256919384,0.9660038352012634,0.3902760579272936,0.07731085115448966,1.06765478849411,0.19910648465156555,0.40354421158255843,0.07517543165476781,-1.1762718111276627,0.9423936605453491,0.05852385916080346,0.44960713620049814,1.7038093507289886,0.9982296228408813,0.06305489285287914,0.4551001089609667,-1.7046155035495758,0.9985862970352173,0.07811463730688786,0.687458704598586,3.437512516975403,0.4363406002521515,0.08811129845734024,0.716373224545593,-0.624452568590641,0.9711949229240417,0.04299332567467578,0.9143303647502247,5.3701698780059814,0.7011370658874512,0.041176579565566016,0.9558658662029882,0.6623419374227524,0.9828667044639587,0.011431046542000105,0.951506954022781,5.502715110778809,0.7369716763496399,0.0018049017350953104,1.0,0.7416344434022903,0.9597670435905457,0.14521882486109386,0.9431413040074895,4.950300455093384,0.8531647324562073,0.15513960575768948,0.9914076562465873,-0.28604352846741676,0.9785503149032593
8,0.26655072463768115,0.19380731202673296,0.0026751493148015892,-1.0112602263689041,0.9993200898170471,0.08843965917078844,0.0833578576503676,2.000029981136322,0.9975979924201965,0.09058540866666871,0.09343486597884934,-3.48834365606308,0.9998063445091248,0.23952150709603123,0.14813887069130635,2.670222818851471,0.07267338782548904,0.2586504743827626,0.16934019209228687,-3.438093364238739,0.9928991794586182,0.3608654996485308,0.09553699257451821,1.0990630090236664,0.15700536966323853,0.3781360248445734,0.08602453678635717,-1.0147332400083542,0.9660253524780273,0.3916704883562962,0.07726189768731152,0.9113574773073196,0.20310354232788086,0.4037315987715981,0.07569656360455611,-1.1939553916454315,0.9422144889831543,0.058794672631738196,0.45038756312890665,1.7049168050289154,0.9982743263244629,0.06318484105993348,0.4559350701837418,-1.7057658731937408,0.9986069202423096,0.07828558569159402,0.6882792784239596,3.457799553871155,0.44160208106040955,0.08839727925687886,0.7171023550683892,-0.6213695183396339,0.9715274572372437,0.04267722439501489,0.9146230590768897,5.412428379058838,0.7048163414001465,0.041395705517841115,0.9557841361328068,0.6840324401855469,0.9828147292137146,0.010796223878642867,0.9516734028632249,5.547998547554016,0.7402424812316895,0.0018049017350953104,1.0,0.7643552869558334,0.9598910212516785,0.1450037632890033,0.9433560488093493,4.999588429927826,0.8545928597450256,0.15542448692484953,0.9914063478481776,-0.2730545215308666,0.9786006212234497
9,0.2998695652173913,0.19385862433431386,0.0026751493148015892,-1.0270681977272034,0.9993377923965454,0.08899098951029988,0.08303128248206108,1.999177485704422,0.9976908564567566,0.090410401553763,0.09307178433367917,-3.5135525465011597,0.9998123049736023,0.23962415361621475,0.14891031973064445,2.6852023601531982,0.07444804161787033,0.2587106097468267,0.1689169603102221,-3.456142842769623,0.9928669929504395,0.36161898940514947,0.0953301497706466,1.1542441695928574,0.16168583929538727,0.3781825463117667,0.08588893417513653,-1.0266897827386856,0.966122567653656,0.39238910007121336,0.07715369460391334,0.972406417131424,0.20773769915103912,0.40385842776936914,0.07558632599514556,-1.208631992340088,0.9422284960746765,0.058827802714159286,0.45105130274009164,1.706680804491043,0.9983252286911011,0.06308497313099301,0.4569379491834621,-1.7075969278812408,0.9986388683319092,0.07846706814859268,0.6889401194499118,3.5519826412200928,0.44559594988822937,0.08844433766257756,0.7185519178936385,-0.5712765827775002,0.9718720316886902,0.042535410701137685,0.9145741775710873,5.615127086639404,0.7074861526489258,0.0414007810022586,0.9557211411281833,0.7955218851566315,0.9828475117683411,0.010723683447076547,0.9514484586584845,5.766960978507996,0.7424851059913635,0.0018049017350953104,1.0,0.8842890709638596,0.960070013999939,0.1449379908647034,0.9432759750509352,5.230383276939392,0.8556935787200928,0.15551046139949978,0.9916327276370075,-0.1441180519759655,0.9787324666976929
10,0.3331884057971014,0.1940145119469629,0.0026751493148015892,-1.0301674902439117,0.9993496537208557,0.08932959989138962,0.08242606516171963,1.999201476573944,0.9977695345878601,0.09040350149973055,0.09231241639945491,-3.5259750485420227,0.9998167157173157,0.239044930076744,0.14940530255060222,2.710246443748474,0.07582537829875946,0.25892756974940595,0.16822511726140754,-3.458549976348877,0.9928385019302368,0.3615468353191727,0.09536554295766364,1.2292667478322983,0.16455121338367462,0.3783128502249033,0.08541735204650817,-0.9994526207447052,0.9659228920936584,0.39213306949985566,0.07751229892776877,1.0550793260335922,0.21020138263702393,0.4035012627969326,0.07525953411980288,-1.1744067817926407,0.9416916370391846,0.05893095790009528,0.45132204810629034,1.707889586687088,0.9983598589897156,0.06303281187008977,0.4571586707692512,-1.7088447511196136,0.9986484050750732,0.07879292511488023,0.6892815852943835,3.5392984747886658,0.448042094707489,0.08846615456624977,0.718753165285008,-0.5234901234507561,0.9719441533088684,0.04246809955429233,0.9148175083990004,5.584514737129211,0.7085126638412476,0.04148375885228409,0.9555481737571617,0.8978697657585144,0.9827923774719238,0.010443796799571813,0.9514790758593908,5.734397768974304,0.7434274554252625,0.0018049017350953104,1.0,0.9921958297491074,0.9600692391395569,0.14499638261603853,0.943920301218443,5.193995833396912,0.8560872077941895,0.15572947535908177,0.991913100332027,-0.02559407614171505,0.9787731766700745
11,0.3665072463768116,0.19415577009082602,0.0026751493148015892,-1.0319218784570694,0.9993610978126526,0.08971006911427212,0.08154925666469215,1.999521404504776,0.9978416562080383,0.08995188369945607,0.09115496906148671,-3.5325372219085693,0.9998217225074768,0.23899859238894078,0.14942872712217048,2.7352190017700195,0.0775691494345665,0.25910791463464955,0.16734784592350052,-3.469586670398712,0.9928376078605652,0.36158133577926305,0.09476653717719917,1.2704190611839294,0.16855651140213013,0.37848096808355747,0.08454363143734257,-1.0055602341890335,0.9660972356796265,0.3920671655275672,0.07752134536885054,1.098814681172371,0.21386069059371948,0.40345468208525626,0.07443247379581197,-1.1835411190986633,0.9418442249298096,0.05897507371224693,0.4512057412319537,1.7082639038562775,0.9983918070793152,0.06277024069295441,0.4569647106026596,-1.7092381417751312,0.9986642003059387,0.07886113689254683,0.6893542773970768,3.541082441806793,0.4508194625377655,0.0884723625907442,0.7187763363886903,-0.5128142982721329,0.9722545742988586,0.04244311340042883,0.9146179317697531,5.584303140640259,0.7097389698028564,0.04161345046352044,0.9554002372260957,0.8984608948230743,0.9829608798027039,0.010184609044090761,0.9512668025270602,5.734845399856567,0.7442152500152588,0.0018049017350953104,1.0,0.9907353669404984,0.9603428840637207,0.14506296308767644,0.943850878594969,5.193142294883728,0.8567075729370117,0.15592724955739454,0.9925647498715934,-0.03231561044231057,0.9790321588516235
12,0.3998260869565217,0.1942090736992192,0.0026751493148015892,-1.0376882553100586,0.9993493556976318,0.08958161941467718,0.08055277751983497,1.9962786138057709,0.9978610873222351,0.0892778237789507,0.08987936287172318,-3.5501644015312195,0.9998224973678589,0.2341726775580171,0.14994955034389132,2.859524190425873,0.07781258970499039,0.25834840197265424,0.16663528829582813,-3.5139402747154236,0.9927433133125305,0.36001574753158627,0.09482755295878852,1.6624762117862701,0.16991861164569855,0.378452701185248,0.08354753793514497,-1.1030519753694534,0.9659696221351624,0.391955705172269,0.07764274760605182,1.5340860188007355,0.21511930227279663,0.40353494703008613,0.07334451404120287,-1.2909561395645142,0.9417302012443542,0.05885417423807075,0.45102312970619934,1.708131730556488,0.9983975887298584,0.06263536187133364,0.45689540440865617,-1.709078997373581,0.9986653327941895,0.0787158819552216,0.6890441622138158,3.5841405391693115,0.45312702655792236,0.0886801414667099,0.7187781600605455,-0.48011403530836105,0.9724093675613403,0.04218232069604801,0.914428245636572,5.70237934589386,0.7108572721481323,0.04228924251940332,0.9552732128494874,0.9522195160388947,0.9830752611160278,0.009458249905731384,0.9510408412291026,5.862504243850708,0.7443732619285583,0.0018049017350953104,1.0,1.0460478067398071,0.9604508280754089,0.14491704510089487,0.9436748650942671,5.320582389831543,0.857250988483429,0.15613339357822306,0.9931337439519006,0.012935975100845098,0.9792302250862122
13,0.43314492753623185,0.19417530790777712,0.0026751493148015892,-1.0359450429677963,0.9992843866348267,0.08938520114970687,0.07964616327588184,1.9925898313522339,0.9977789521217346,0.088079579887482,0.08842740903157346,-3.5453104972839355,0.99981290102005,0.2289157012878705,0.1502548262704182,3.2576489448547363,0.07682961970567703,0.25558351293420223,0.16610685593988192,-3.5803598165512085,0.992542028427124,0.3563361410871499,0.096185952774221,2.569579780101776,0.1682252734899521,0.37771008461625394,0.08266646285078438,-1.3961784541606903,0.9655901193618774,0.3865213207625493,0.0795307151187854,2.516416609287262,0.2136504054069519,0.40304406621711963,0.07221822647282065,-1.6249097883701324,0.9415679574012756,0.05863828067287984,0.45076501329346336,1.7059075832366943,0.9983472228050232,0.062217886185814406,0.4566015590133387,-1.7065447568893433,0.9986249804496765,0.07846662042801691,0.6887691094463376,3.5733091831207275,0.4532597064971924,0.08886710972866298,0.7185395309277239,-0.4655012860894203,0.9723858833312988,0.041964573687785306,0.9142557510434132,5.68763792514801,0.7114807963371277,0.04278280656251509,0.9551159657140352,0.9792738407850266,0.9831888675689697,0.008956852854731833,0.9508907056928947,5.846209526062012,0.743597149848938,0.0018049017350953104,1.0,1.0728417336940765,0.960322916507721,0.1447740675408539,0.9435004795790085,5.284839868545532,0.8576375246047974,0.1561356152397981,0.9937066501523542,0.023209257051348686,0.9794076085090637
14,0.466463768115942,0.19384828642639954,0.0026751493148015892,-1.030324548482895,0.9991992712020874,0.0885746177157314,0.07932662535895163,1.9827181100845337,0.9976959824562073,0.08745705099125388,0.08802331885478339,-3.534284830093384,0.9997976422309875,0.22250644186868038,0.15048540257914728,3.521585762500763,0.0753057450056076,0.25112800641576205,0.1664638624220357,-3.5832199454307556,0.9923239350318909,0.3518746210599967,0.09846811860843638,3.1356939673423767,0.16591909527778625,0.3764962542744076,0.08243411901390627,-1.449137032032013,0.9652374386787415,0.38170665518884733,0.08224124460365972,3.1259509921073914,0.21165154874324799,0.4025132123723083,0.07179840507653526,-1.6872979700565338,0.9414512515068054,0.05786719393988247,0.45074880356385816,1.7051944136619568,0.998291552066803,0.061814080354675074,0.4565402631419972,-1.7056991159915924,0.9985779523849487,0.07775779072728503,0.6886976130202761,3.5678547620773315,0.4499257802963257,0.08879018323306577,0.7184651378760969,-0.4358132928609848,0.9720345139503479,0.041611154140393444,0.914079944809525,5.685523152351379,0.7101496458053589,0.04307140410254028,0.9550324034355286,1.051977127790451,0.9832767844200134,0.00858270335315756,0.9505229320070481,5.8448326587677,0.7419328689575195,0.0018049017350953104,1.0,1.1506926268339157,0.9602687954902649,0.14440650251096107,0.9432045153639882,5.2784693241119385,0.8571292161941528,0.15586919444015604,0.9937719445132339,0.11119399219751358,0.9794976711273193
15,0.49978260869565216,0.19314122237505268,0.0026751493148015892,-0.974968820810318,0.9991353750228882,0.08670471026384095,0.07926372481725441,1.9935670495033264,0.997614324092865,0.08612339348569979,0.08757365588315925,-3.4897345304489136,0.9997862577438354,0.21907949860388334,0.15117467749423125,3.6041945219039917,0.07381751388311386,0.2455699841899182,0.16665566722970715,-3.5817819833755493,0.9922052025794983,0.34878727494840117,0.09950057011933151,3.228980600833893,0.1636495590209961,0.37399323222761766,0.0824026334493571,-1.5214155614376068,0.9652588367462158,0.37799876976594365,0.08407322120243944,3.2295075058937073,0.2097306251525879,0.4009756926303871,0.07174450575153728,-1.7669935524463654,0.9417528510093689,0.05666727752648701,0.4507221759044611,1.7052344977855682,0.998231828212738,0.06102745037704506,0.4563709164590288,-1.7057165503501892,0.998527467250824,0.07671783533456752,0.6886780745975676,3.5186603665351868,0.444691926240921,0.0885621795399186,0.7181952567378481,-0.4397539794445038,0.9717016220092773,0.0409047774485207,0.914018935862392,5.586527585983276,0.7071646451950073,0.043443597986122885,0.9549632162393271,1.0429280251264572,0.983333170413971,0.007863577676271423,0.9504297057269445,5.739209055900574,0.739145815372467,0.0018049017350953104,1.0,1.1410841345787048,0.9601839780807495,0.143646726202233,0.9427668504493384,5.1527780294418335,0.8556155562400818,0.15548524892339669,0.9938316028773576,0.10513692162930965,0.9795349836349487
16,0.5331014492753623,0.19259124438698,0.0026751493148015892,-0.9207207709550858,0.99900883436203,0.08288846014365837,0.07923119162552775,2.006312310695648,0.9974910616874695,0.08549801048229204,0.08763195191049615,-3.4469345211982727,0.9997680187225342,0.19542861638510725,0.1518849687202763,3.917616605758667,0.07111050188541412,0.24007108463610302,0.167079615707525,-3.60924631357193,0.9921263456344604,0.3387006309899374,0.10086497953853694,3.9619967341423035,0.15896449983119965,0.3712067530285455,0.08250002243157967,-1.7600636184215546,0.9656624794006348,0.3654330129747228,0.08833906660741164,4.043741524219513,0.2052280455827713,0.3990107405968749,0.07186085789175357,-2.0348143577575684,0.9426367878913879,0.054931046512519226,0.4501388173108571,1.708047240972519,0.9981325268745422,0.06036929332442725,0.45528744420404527,-1.7083227634429932,0.9984408020973206,0.07612440298573536,0.6882162544514802,3.480057418346405,0.43877166509628296,0.08817221130750083,0.7168767421241238,-0.46837739646434784,0.9717239737510681,0.040644952778702274,0.9143186150677347,5.5143433809280396,0.7048825025558472,0.043887697588792365,0.9550330908880665,0.9648948162794113,0.9837237596511841,0.007802980969760864,0.950345574082951,5.661979913711548,0.7369404435157776,0.0018049017350953104,1.0,1.056511402130127,0.9605622887611389,0.14308311396436843,0.9427765945986063,5.072580575942993,0.8547312021255493,0.1549501623778972,0.9942734405402404,0.020602364093065262,0.9799050688743591
17,0.5664202898550724,0.19065386963477984,0.0026751493148015892,-0.8960838615894318,0.998921811580658,0.0774399500897449,0.0792041178338041,2.003547251224518,0.9973708391189575,0.08361079249826897,0.08771040211671598,-3.414975106716156,0.9997528791427612,0.18904852453937718,0.15192961493769808,3.9272063970565796,0.06880226731300354,0.23638944288260255,0.1670660909662664,-3.663022518157959,0.992028534412384,0.3338366481716345,0.10122269069223791,4.006909132003784,0.1554633378982544,0.36846592954016266,0.08241094444969825,-1.9570700824260712,0.9660453200340271,0.36334485015481344,0.0892629648348705,4.096516668796539,0.20245952904224396,0.39698446194993914,0.0718222527292739,-2.24794402718544,0.9435328245162964,0.05210708379327211,0.4500926277225052,1.7080792784690857,0.9980514049530029,0.05899233092268053,0.4552977547220761,-1.708345115184784,0.998386561870575,0.07392326476597405,0.6882867761659274,3.4755298495292664,0.43390005826950073,0.08740012733154115,0.7168989854073965,-0.4761074110865593,0.9719952344894409,0.03939390138861043,0.9146003723178543,5.515114665031433,0.7029033303260803,0.044459226416010605,0.9552789420842394,0.9253351390361786,0.9842048287391663,0.006597856595630582,0.9506331418525794,5.66378653049469,0.735026478767395,0.0018049017350953104,1.0,1.0117541253566742,0.9612522721290588,0.14162034884277314,0.9429143135761802,5.08025586605072,0.8540169596672058,0.1540122006940526,0.9945862399552253,-0.02867607632651925,0.9803335070610046
18,0.5997391304347826,0.18906430432606192,0.0026751493148015892,-0.8457775413990021,0.99882572889328,0.0742637524492818,0.07838593823959063,2.02056884765625,0.997266411781311,0.07935610569443038,0.08732970105841802,-3.3368533849716187,0.9997429847717285,0.18504732458170486,0.15127909796133995,4.097126126289368,0.06630051136016846,0.22858847325925774,0.1673686052907639,-3.7926623225212097,0.9920437932014465,0.33003862174013654,0.10112959416336602,4.382863640785217,0.1503037065267563,0.3663670009134311,0.08225875774913301,-2.4807679653167725,0.9669089317321777,0.3551608025942657,0.0903541518593667,4.518001973628998,0.1976420283317566,0.39518025471043866,0.07166190999346224,-2.817157804965973,0.9452030062675476,0.048534243081156205,0.44918206016275236,1.7081058025360107,0.997944176197052,0.05710731664932363,0.4541882978880942,-1.7083603143692017,0.9983087778091431,0.07146481963942933,0.688466521075138,3.3928775787353516,0.428225040435791,0.08760904124939346,0.7168020954142118,-0.5151977390050888,0.9720531105995178,0.03859491824467311,0.9150651192120097,5.35481870174408,0.6996663212776184,0.04508177197906846,0.9553742001827814,0.8251883834600449,0.9845691323280334,0.005677498686708587,0.9509969387954759,5.494908690452576,0.732898473739624,0.0018049017350953104,1.0,0.9074992686510086,0.9617764353752136,0.14067796821849649,0.9431334261850534,4.905127584934235,0.8522068858146667,0.15374766356640884,0.9948510293689011,-0.1247312594205141,0.9805849194526672
19,0.6330579710144927,0.1878908474274845,0.0026751493148015892,-0.7749340683221817,0.9987590909004211,0.06869855994173844,0.07777758533433349,2.075669765472412,0.9972285032272339,0.07669137104824084,0.08613584058969115,-3.2369324564933777,0.9997422695159912,0.13870646936729894,0.15155325964574654,4.31386411190033,0.06311433762311935,0.22385376567875923,0.1657464794902209,-4.1021305322647095,0.9921504259109497,0.267472322218415,0.12830267917580798,4.903125166893005,0.14328721165657043,0.3636191302988732,0.08171973969187106,-3.4219178557395935,0.9683680534362793,0.29675618322274483,0.12380593058715744,5.113343596458435,0.19054339826107025,0.3917877319446932,0.07147825669808831,-3.8277319073677063,0.9479055404663086,0.04746869515547833,0.44878404411327505,1.7083996534347534,0.9978176355361938,0.05568273686479751,0.45331543252189854,-1.708669513463974,0.9982331395149231,0.07148736304251418,0.6883763703337201,3.3290427923202515,0.4230956733226776,0.08765654059022086,0.7160781081515889,-0.5181565508246422,0.9721015095710754,0.0389013510898717,0.9163294789688976,5.225719213485718,0.6978610157966614,0.04525388934648766,0.9554852125167835,0.8311683684587479,0.9849854707717896,0.0057192604481761805,0.9520026607190929,5.360178351402283,0.7327319979667664,0.0018049017350953104,1.0,0.9155890345573425,0.9624156355857849,0.14088425461267592,0.9445797401215953,4.768572151660919,0.8518257141113281,0.154160471525324,0.9962588994429239,-0.11615301482379436,0.9809152483940125
20,0.6663768115942028,0.18643572926241553,0.0026751493148015892,-0.8023007959127426,0.998757004737854,0.06945465318713322,0.07656083207744194,2.0720307528972626,0.9971798062324524,0.06990313261539674,0.08359221473087748,-3.2444313168525696,0.9997430443763733,0.1541263772713844,0.14643625134610877,4.255218803882599,0.06230681389570236,0.2165325430082832,0.16377914453249343,-4.130307734012604,0.9922698140144348,0.2826536083760819,0.11659708232693655,4.7504642605781555,0.14196597039699554,0.359266529625657,0.08082278721293071,-3.3542776107788086,0.9695037007331848,0.3181194211617566,0.12129172326298256,4.935638010501862,0.18992269039154053,0.3881612397079931,0.07212204791023784,-3.748732805252075,0.9498791694641113,0.0475168275143351,0.4476795555184455,1.707744300365448,0.9976983070373535,0.05307386012173967,0.45172224742249484,-1.7079594731330872,0.9981425404548645,0.071467476540056,0.6880520133627203,3.20387065410614,0.4218844473361969,0.08772078821049199,0.7144529990281258,-0.5865942686796188,0.9725090265274048,0.03983701214601489,0.9177354631725679,5.026000142097473,0.6974817514419556,0.045372887252152536,0.9554033248506653,0.6863182783126831,0.9854108691215515,0.006004320063765729,0.9532145068463588,5.151975750923157,0.7325758337974548,0.0018049017350953104,1.0,0.7636640965938568,0.9629374146461487,0.1414380747651264,0.9512504947428377,4.5363181829452515,0.8515615463256836,0.15443974668451527,0.998369144043189,-0.28027134016156197,0.981246292591095
21,0.699695652173913,0.1825852063042761,0.0026751493148015892,-0.8131811767816544,0.9988114237785339,0.06428970062882933,0.07509599430536541,2.0299705862998962,0.9971387386322021,0.06705029972090823,0.08228680138804033,-3.165293335914612,0.9997466802597046,0.13119897136574485,0.13962328968039658,4.482199251651764,0.06076286360621452,0.20873698130294668,0.1616196931130528,-4.6111562848091125,0.9922581911087036,0.2634102718159096,0.11288203382057664,5.6983482837677,0.13750019669532776,0.3548692688772189,0.07947774036832617,-4.796384871006012,0.9707605242729187,0.30638167790591475,0.11468186922906921,6.025794148445129,0.1855851113796234,0.38257994233627435,0.07171177614695566,-5.281175971031189,0.9522977471351624,0.046810760529383294,0.4467982630815424,1.6909372806549072,0.9976176023483276,0.05144167968086269,0.450865603436643,-1.6913892328739166,0.9981158375740051,0.06988335297573245,0.6874929015510861,3.110054135322571,0.42069992423057556,0.08775046595367553,0.7133525919760536,-0.5818568170070648,0.9727693796157837,0.04042005271010499,0.9188762848752055,4.879643023014069,0.6967635750770569,0.04579944604197054,0.9552006481961868,0.6917183846235275,0.9859555959701538,0.006034643951948447,0.9541978682600694,5.002235770225525,0.7314955592155457,0.0018049017350953104,0.9998745480641757,0.7695584744215012,0.9636716842651367,0.14182609914725508,0.9544728837311817,4.408911168575287,0.8514292240142822,0.1545253921104101,1.0,-0.24998348206281662,0.9817156791687012
22,0.7330144927536232,0.17799210671089416,0.0026751493148015892,-0.7827670872211456,0.9988166689872742,0.06254297221483984,0.07356998250336025,2.0321613550186157,0.9970354437828064,0.06159406459776576,0.08100164087657831,-3.1541532278060913,0.9997439384460449,0.14332578581001998,0.13335915443563914,4.3186840415000916,0.059677090495824814,0.19690190907568406,0.16346708059953308,-4.264731705188751,0.9922513961791992,0.2794989791638734,0.10775004043742077,4.9731892347335815,0.1347678303718567,0.34734247417850006,0.07836032580871263,-3.5886818170547485,0.9712982773780823,0.31636204207304885,0.1127453740306351,5.179485082626343,0.18300165235996246,0.3764058862570503,0.07111236545313053,-3.970755934715271,0.9534386396408081,0.04347923329695953,0.44505019727258543,1.6860195994377136,0.9975128769874573,0.04792884063648262,0.44918900903746534,-1.6864016652107239,0.9980655312538147,0.06703289769070121,0.6850928104412999,3.1215736269950867,0.42036354541778564,0.08723806929089226,0.7108916463207196,-0.7427554577589035,0.9730578660964966,0.03932205173031604,0.9176156140452164,4.898886680603027,0.69614577293396,0.04613080682555034,0.9531886158759938,0.33050406724214554,0.9862496852874756,0.004660919702017959,0.9533500077057739,5.01923143863678,0.7299216985702515,0.0018049017350953104,0.9978495403493889,0.38674235343933105,0.9637244939804077,0.14058665751198451,0.9539778016452662,4.436794817447662,0.8504941463470459,0.15422683174359,1.0,-0.6524041295051575,0.9819016456604004
23,0.7663333333333333,0.17458539204579654,0.0026751493148015892,-0.68149633705616,0.9987890124320984,0.056880117232637535,0.07270843029717568,2.0774872601032257,0.9969341158866882,0.05252995922006209,0.08017396579681782,-3.0757558345794678,0.9997459053993225,0.13976291260411755,0.13223867735459,4.287791848182678,0.05885932594537735,0.1879340131380171,0.1626643369520587,-4.170914590358734,0.99241703748703,0.2842216264181055,0.10331662525900892,4.810401499271393,0.1325199007987976,0.3376187329077949,0.07764278490683427,-3.713100254535675,0.9724284410476685,0.31696857805368317,0.10607873156097831,5.000202059745789,0.18090930581092834,0.36912554058894026,0.070382013204762,-4.121931791305542,0.9553843140602112,0.04043846627386503,0.4437250563309021,1.6827282309532166,0.9973535537719727,0.04523599385231858,0.447419147798819,-1.6830606758594513,0.9980023503303528,0.06498991973330648,0.6815733439966246,3.0653879046440125,0.42309585213661194,0.0880190532832826,0.708281074664294,-0.948464572429657,0.9735661149024963,0.038840343235613646,0.9161870072722137,4.813524484634399,0.6980608701705933,0.04646231207885909,0.9515911207838235,-0.06441117264330387,0.9865352511405945,0.0031915977714356888,0.9525143456825291,4.9271926283836365,0.731079638004303,0.0018049017350953104,0.9964615671581752,-0.031001127790659666,0.9639883637428284,0.1394822264904522,0.9527234002232379,4.3300944566726685,0.8504459857940674,0.15438528847202465,1.0,-1.1120926588773727,0.9820887446403503
24,0.7996521739130434,0.16991638620278723,0.0026751493148015892,-0.6667487323284149,0.9988130331039429,0.05662569602132285,0.07187540140454768,2.0750005543231964,0.9969282746315002,0.04720869315381101,0.07971499248445457,-3.060348331928253,0.9997502565383911,0.14368753220926742,0.12758746042307698,4.018529057502747,0.06256017833948135,0.18432932150421588,0.16206468962640053,-4.068741798400879,0.9926331639289856,0.2865044824327778,0.09738078799268327,3.9652395248413086,0.14330142736434937,0.32983082956283893,0.07723300790816902,-3.330463171005249,0.9735544919967651,0.32370175109882726,0.09535463797349934,4.0459781885147095,0.19320832192897797,0.3605586346717401,0.06986487522811109,-3.704904019832611,0.957097053527832,0.03902090505939386,0.44171752068459624,1.665026694536209,0.997270405292511,0.041875834340037554,0.44610364618746634,-1.6651305556297302,0.9979660511016846,0.06501182343244853,0.6770958401101255,2.997300922870636,0.43012550473213196,0.0878030742236292,0.7046793170496317,-1.0637295246124268,0.9742181301116943,0.039211790252654234,0.9128419758030805,4.694974720478058,0.7003730535507202,0.04656716147336892,0.9496425658357128,-0.2961713448166847,0.9866481423377991,0.003196029969631305,0.9507894274529523,4.80118453502655,0.7321711182594299,0.0018049017350953104,0.9961573695459819,-0.2765673026442528,0.9641631841659546,0.13947672768989797,0.9485015482512567,4.197663962841034,0.8498797416687012,0.1544350662957813,1.0,-1.3890630006790161,0.9820890426635742
25,0.8329710144927536,0.16429303297951703,0.0026751493148015892,-0.69187231361866,0.9988611936569214,0.054853931925719766,0.07121981364943769,2.0505334436893463,0.996998131275177,0.03746689481562353,0.07894583388119443,-3.0515822768211365,0.9997617602348328,0.1483142102703916,0.12763678358196529,4.002213180065155,0.06562861800193787,0.16850729094441266,0.16309950651616983,-4.052283465862274,0.9928629994392395,0.2898299094974255,0.09611854116532279,4.031894207000732,0.15257631242275238,0.318650974293492,0.07972078750424287,-3.447088301181793,0.9747545719146729,0.32490264883851555,0.09183469016865925,4.133605659008026,0.2040606290102005,0.35060778411787935,0.07058571727765191,-3.83819043636322,0.9589959979057312,0.034380986992728124,0.44164686955800847,1.652320772409439,0.997242271900177,0.03803653108937387,0.4468677793872244,-1.6523106396198273,0.9980067014694214,0.06269305575541834,0.6761915016403602,3.0213984847068787,0.43688270449638367,0.0867049197558323,0.7046630494604122,-0.9859408438205719,0.9752089381217957,0.04013064868166267,0.9090570675394405,4.760636389255524,0.7054787278175354,0.04565529688023272,0.9489267125093355,-0.12541260570287704,0.9870764017105103,0.004634681048749083,0.9454415698755521,4.8785728216171265,0.7364427447319031,0.0018049017350953104,0.9955719493766201,-0.09245732799172401,0.9650007486343384,0.13967034986494117,0.9417539747857164,4.244742691516876,0.8515102863311768,0.15347388300647388,1.0,-1.1735991388559341,0.9824257493019104
26,0.8662898550724637,0.1606045747748159,0.0026751493148015892,-5.370670390325118,0.9989557266235352,0.054994000309036964,0.07057873684665905,15.357778657435126,0.9972094893455505,0.029860666872133627,0.0781738042534051,-23.350695708144894,0.9997784495353699,0.16258630717676809,0.12773659343032354,20.744963078227595,0.07817011326551437,0.16026004516528639,0.16296441736912035,-26.44303296957317,0.9930841326713562,0.2976351023926942,0.09331273166568896,7.755832671941036,0.1843104362487793,0.3073954601203093,0.08126184357877717,-14.291602446349808,0.9756428599357605,0.33234177002654536,0.08728585357599154,6.2110738726710535,0.23762479424476624,0.3428810538710227,0.07311807422886261,-16.297702698984548,0.960362434387207,0.028562914775468393,0.4413276113294912,12.546250462417945,0.997403085231781,0.03449359226312933,0.4470220894507855,-12.549414902487516,0.9981456995010376,0.0591049328681128,0.6730312427289376,26.48121334429249,0.4480378329753876,0.08602717923940817,0.702294509837617,-7.711465082954079,0.9766166806221008,0.04031115935348893,0.9027826591782365,42.3786957327879,0.7145326733589172,0.045042197408176526,0.9459382492518165,-2.033866336745736,0.987555742263794,0.0070955412992769655,0.9390340336219314,43.55668671117871,0.7446272969245911,0.0018049017350953104,0.9933965755692777,-1.856377063568077,0.9660642147064209,0.13936503539524886,0.930601961225541,39.30019279799243,0.855091392993927,0.15140839473939258,1.0,-10.47694561139972,0.9828845858573914
27,0.8996086956521738,0.15910077845515772,0.0026751493148015892,-4.339178716871012,0.999032199382782,0.0555141202587016,0.07048707025071732,12.33080080698093,0.9974329471588135,0.023689616057717546,0.07790098023560299,-18.029768588353267,0.9997897148132324,0.18117096388496598,0.12834387537529857,17.03318408226231,0.11193189769983292,0.14687583518644146,0.16418643871050748,-24.732827071584783,0.9933681488037109,0.3024596513980459,0.09360089806912981,8.275304965733264,0.24519646167755127,0.2891115227487566,0.08156277301724418,-25.17108992164771,0.9774032831192017,0.342672107854547,0.08505619580609573,7.269202530087607,0.2941893935203552,0.33310203173645586,0.07319776124811579,-28.19432162295131,0.9631786942481995,0.024027254495766315,0.4361606993649858,9.969421272861661,0.9975448250770569,0.02585985794627901,0.4443755497780403,-9.974706771151691,0.9982530474662781,0.057840393392804494,0.6682216283384846,20.108115967117254,0.4586617946624756,0.08107976496962571,0.6947851542588983,-8.36394773036221,0.977615237236023,0.04153443942016513,0.9028298497535904,31.828726297153565,0.7182425260543823,0.04291625931829979,0.9470411384614684,-5.927829765679895,0.987684965133667,0.010881277652120882,0.9397896686830736,32.63333915909163,0.7493100166320801,0.0018049017350953104,0.993852428822499,-6.057306601890945,0.9666237831115723,0.13998757979306126,0.9316017718441048,28.895246334456875,0.855282187461853,0.15030265269888535,1.0,-13.485127238109802,0.9828600883483887
28,0.932927536231884,0.15556086665925836,0.0026751493148015892,-4.21824720335833,0.9990989565849304,0.05740728767076905,0.07068674792175053,9.617107229430506,0.9975976347923279,0.017152863790541914,0.07941272720952672,-14.455048848638542,0.9997926354408264,0.18342855197720442,0.12911355137715377,15.10833554166008,0.1286264955997467,0.1314028692087082,0.16453359013940566,-25.027349486028317,0.9935904741287231,0.30475549301500815,0.09262536841279306,11.087269018456913,0.2936643660068512,0.2712077683956951,0.08320622405321218,-29.067978375590233,0.9790008068084717,0.3452295852650372,0.07806025685289966,10.791155294249942,0.3410547077655792,0.31731783419594745,0.07326777622306924,-31.973673730273738,0.9657564163208008,0.025056422472164285,0.4374811152141088,7.912192671480592,0.9976487755775452,0.021444471720383957,0.4473074175086437,-7.916760600264135,0.9983212351799011,0.05550051339001486,0.6693229189273627,15.850008887318136,0.4661444425582886,0.07683440048695657,0.6952996191914631,-5.971192060352309,0.9777688384056091,0.0410055828425015,0.9048537584393568,25.231938475061767,0.71624755859375,0.04072443854739833,0.9484112525677757,-2.48890045739781,0.987108051776886,0.010664392057430522,0.9419298649744938,25.870912130222937,0.7490438222885132,0.0018049017350953104,0.9928850021375492,-2.4154710750793265,0.9657485485076904,0.13968891140604747,0.9321903734104137,22.849460446228573,0.8520400524139404,0.14780469410714234,1.0,-8.153177150523446,0.9818701148033142
29,0.9662463768115942,0.17081565796799625,0.0026751493148015892,-5.401938346849426,0.9991582632064819,0.0734472625870701,0.0706243226274905,8.359143351424798,0.997722864151001,0.03299279087168922,0.08198575420652918,-14.775227815036292,0.9997955560684204,0.18338427138473817,0.11818386667442266,13.821823292145481,0.13923723995685577,0.1431109943692949,0.16465521882285947,-24.522345301825908,0.9937335848808289,0.3134837520321928,0.07494366946425499,9.70340414694014,0.32862070202827454,0.2878634597673698,0.08370773614053237,-27.67381012155457,0.9801788330078125,0.35153042378844934,0.05978052137103869,9.261045726739619,0.3772822320461273,0.32976718799434873,0.07307445554575615,-30.470962292766544,0.9676814675331116,0.044148157890014514,0.4391335749985276,7.723501404067987,0.9977295994758606,0.03527588022145135,0.4509689791542392,-7.72896861685118,0.9984145760536194,0.07291108524966751,0.6691955641803188,16.538397488741307,0.4787865877151489,0.0859418083797099,0.6985003293299481,-6.724458910458021,0.9787877798080444,0.05520874243652133,0.8982209679301639,26.96268552724888,0.7228232622146606,0.0392262739420584,0.9497090467159558,-3.630222839165545,0.9874981045722961,0.023278310121262552,0.9366197920975985,27.705369481950765,0.7533336877822876,0.0018049017350953104,0.9936471656849394,-3.6372137777657056,0.9662250876426697,0.15770448415031127,0.9220266636220658,24.67837654518332,0.854686975479126,0.15048680494309255,1.0,-9.853033090662189,0.9822306036949158
30,0.9995652173913043,0.20389568451083906,0.0026751493148015892,-3.0269904373050145,0.9991856813430786,0.1378428776601919,0.07982570996126626,3.8116608662925566,0.9978370070457458,0.048774453893440727,0.08198620432757857,-7.240045153311026,0.9997994899749756,0.2479636977673968,0.11851769618185765,3.185380827932407,0.17500115931034088,0.14420473152302055,0.15713191737535143,-10.895360134921209,0.9942033290863037,0.35330802245343185,0.07558049845876462,-2.5540645710588845,0.37975043058395386,0.2911294921425699,0.07135233382122702,-10.415978254366554,0.9817790389060974,0.3921837895397666,0.06299208139992467,-3.506551482567153,0.42338189482688904,0.32972407631140543,0.05989774410944981,-11.480858229298722,0.9700281023979187,0.09519174199262673,0.439267893169526,3.4616517927319586,0.9978641867637634,0.04914291916900691,0.4503306459322175,-3.4621747508498393,0.9985329508781433,0.12985319878397425,0.6607058257450188,7.238471884351352,0.5056596994400024,0.08571585357839297,0.6875396392317153,-4.892040278655127,0.9801913499832153,0.09349603070074121,0.8787595640893756,12.365023214957828,0.7380043864250183,0.04333975672858735,0.9360907611232451,-3.84443178152436,0.9880136251449585,0.0606241935492615,0.9209380859671595,12.689460076014658,0.7632977962493896,0.0018049017350953104,0.9780744788975173,-3.943851967939989,0.9659953713417053,0.19402452568001785,0.91785868727213,10.960280635701128,0.8621737957000732,0.141884490563476,1.0,-7.766029464515204,0.9831047058105469
31,1.0328840579710143,0.23910643174354432,0.0026751493148015892,-2.476980525774222,0.9992239475250244,0.18762021870502973,0.08421437117585656,3.255411566881991,0.9979701042175293,0.0799308256717732,0.08261682454202844,-5.948977905443037,0.999794065952301,0.30177721428113763,0.14028946614570342,3.704554800745781,0.2203790545463562,0.16055557044838656,0.1469870326985261,-9.974165853893208,0.994559645652771,0.4188309389467792,0.10270687955427614,0.3340998269679999,0.4333507716655731,0.30327901270067303,0.05813533448102963,-11.356238190957884,0.9833257794380188,0.4602987512581604,0.08337229177708565,-0.1854216369468703,0.4710635840892792,0.3290596251117814,0.044061549091906634,-12.419049133809809,0.9724003076553345,0.13744172311684058,0.4388227814153016,2.818201974510645,0.9979462027549744,0.07713453303301371,0.44617730213147666,-2.8188390195109316,0.9986181259155273,0.1744018561569708,0.6538462231987645,5.451945518255044,0.531257688999176,0.09943989999390529,0.6811720302696589,-4.535252830924356,0.9811192750930786,0.1339561395041264,0.8675515492638086,9.409087126902389,0.7516759634017944,0.04412976894327029,0.9306790141191651,-4.000561122543346,0.9881022572517395,0.10138317401543727,0.903449977057694,9.649022327132913,0.7716518640518188,0.0018049017350953104,0.9702222452493438,-4.1280005378021345,0.9634718894958496,0.2347247338013315,0.9076401785713212,8.054583240095399,0.8679290413856506,0.1417531576174286,1.0,-7.314717000262087,0.9833471179008484
32,1.0662028985507246,0.273963699234148,0.0026751493148015892,-2.767959420572257,0.9992926120758057,0.23296551660463177,0.08832643578293549,2.8961437503925542,0.998133659362793,0.11401369325978157,0.0821593788289678,-5.351896602248028,0.9998005032539368,0.3470828694680979,0.15699933445618244,3.395587635701989,0.2704303562641144,0.1879190937093009,0.13475982297649589,-9.364730331733375,0.9949040412902832,0.47190222207460336,0.11718895059369852,0.6099880086962349,0.484594464302063,0.3293164887176803,0.04781477581617248,-10.966231125484654,0.9847623109817505,0.5119252610060688,0.09585143954052117,0.18333134323735462,0.5164638161659241,0.35061712836758063,0.03399285582088242,-11.961561799574552,0.9745993614196777,0.17995594976448168,0.4380436021430499,2.49695970363661,0.9980840682983398,0.1081838147969198,0.4445834499678739,-2.498381887907532,0.9987269043922424,0.22210703822329475,0.6470999022578069,5.03138947051168,0.5611283183097839,0.1172270810205021,0.6807099549731219,-3.9587504600723813,0.9822924733161926,0.1767202593012911,0.8648084518609057,8.542109353100225,0.76860511302948,0.04444592862667571,0.9249502071183631,-3.376111940782577,0.988635778427124,0.14475497093963863,0.8987150345934699,8.752284581744668,0.7838643789291382,0.0018049017350953104,0.9598297152694312,-3.468657354551678,0.9621208310127258,0.2978662009318812,0.9057385872664878,7.478561651208581,0.8757739663124084,0.13097274016218502,1.0,-6.344938090684359,0.9840320944786072
33,1.0995217391304348,0.3125205838370466,0.0026751493148015892,-2.8046190147881798,0.9993576407432556,0.2737488174222196,0.08927897254117635,3.261978095395174,0.9982858300209045,0.15709602417679938,0.08074457051280745,-5.012731395607325,0.9998113512992859,0.3898732497219421,0.16048918766332937,3.7353687818788996,0.31064003705978394,0.22347240204251612,0.1289680872146842,-8.854465978424443,0.9952152967453003,0.5121136967534277,0.11751918770289353,0.8218446013975358,0.5281813144683838,0.3480911327317747,0.04386115197073115,-9.29683077577725,0.9859892725944519,0.5515014646520293,0.09721757476930817,0.41573455642853346,0.5541374683380127,0.37260182937334374,0.03120542666375253,-10.155912261133748,0.9763990044593811,0.2209449736113261,0.43778822617109514,2.52429641384731,0.9982210993766785,0.14552591456378333,0.4406307289306931,-2.526026907836945,0.9988318681716919,0.262399068013014,0.6438627824923698,5.026533834119058,0.5872490406036377,0.14019243032727086,0.6758692029111045,-4.178001622577355,0.9834582805633545,0.2188236170029358,0.8639686968619292,8.42190141980103,0.7847443222999573,0.05121474461535217,0.917865110062009,-4.066029718127921,0.9892220497131348,0.18781355320757775,0.8974900637090363,8.626909990749045,0.7962841391563416,0.0018049017350953104,0.9466687543737843,-4.206567201802381,0.9614276885986328,0.34196792452219427,0.9032356143331963,7.242293394212407,0.8833193778991699,0.13292695778591468,1.0,-7.085385022261945,0.984765350818634
34,1.1328405797101448,0.3540059900783219,0.0026751493148015892,-2.0386957252265225,0.999415397644043,0.30367047063228886,0.09128057322677065,4.5398527741662535,0.9984159469604492,0.21085834740306247,0.0816132785258504,-6.162395705614883,0.9998167157173157,0.41494844210055554,0.16061568756597167,7.797273956527976,0.3296470046043396,0.2673018448953704,0.12663462175487647,-10.607145539757383,0.9953508973121643,0.5604925746705295,0.11863155949959837,7.448551753052653,0.5609890222549438,0.37173378845603616,0.04380584172016302,-11.17568045913694,0.9868296980857849,0.6003454570533058,0.09971933349125704,7.555634378756445,0.5813159942626953,0.4041776928653049,0.030736892585627857,-12.234380250732885,0.9775034189224243,0.25286763626016284,0.44192690386031697,3.2095140785654217,0.9983384609222412,0.1925245178933045,0.4451396411817825,-3.2114888159792954,0.998911440372467,0.30679801122352285,0.6496629600457504,5.98371171357583,0.6144943237304688,0.16624072324059402,0.6836575414854377,-4.6740353408500255,0.9845522046089172,0.2664490932038955,0.8747122951069926,9.792803661259729,0.800952136516571,0.06157581609959956,0.9185153612962842,-3.9170099894776467,0.9899266958236694,0.23892451557633962,0.9105857902714748,9.99898784393796,0.8081651329994202,0.0018049017350953104,0.9447400250739048,-4.018670493182736,0.9621252417564392,0.39094118613880574,0.9101201044613281,8.28445667781025,0.8909866213798523,0.1371289643178958,1.0,-7.294496370495275,0.9856283068656921
35,1.166159420289855,0.3860167115146323,0.0026751493148015892,-2.0101449974186845,0.9994696378707886,0.3347715404267213,0.09577742397381288,4.709441342237763,0.9985445141792297,0.2437533620914513,0.08526721737197548,-6.260899318617528,0.9998247027397156,0.45066235837048574,0.16362706491901163,7.174387076816705,0.35718652606010437,0.28484307428738714,0.12633066534622692,-10.571237189602797,0.9954640865325928,0.5962328913594926,0.12249614921933216,6.447157576775728,0.5924359560012817,0.3794672218296644,0.050047739439644405,-11.03283974538371,0.9874722361564636,0.6366160598486915,0.10384650369596635,5.98260365433413,0.606967031955719,0.4100411251929908,0.035668559979711544,-11.975094288361596,0.9781331419944763,0.2773621685572689,0.4444777365541943,3.282159701917318,0.9984606504440308,0.2218530974613461,0.447359813210783,-3.284026906487678,0.9989920258522034,0.3380754108453164,0.6521867675309161,5.920077284950193,0.63984614610672,0.18361311355721777,0.6820414769889876,-4.951533948047714,0.985634446144104,0.3010389427325513,0.8774369252066049,9.706789192565093,0.8157798051834106,0.0548680072262753,0.9124765293638215,-4.260271476043297,0.9905553460121155,0.27691212268523957,0.916922291035286,9.90789041212486,0.818954348564148,0.0018049017350953104,0.9349000303002374,-4.375813963363896,0.9621866345405579,0.4250767897169548,0.9086779759441415,8.118527233424096,0.8977928757667542,0.1307601624767402,1.0,-7.800702059426498,0.986355721950531
36,1.199478260869565,0.41121490757761814,0.0026751493148015892,-0.31088159250233455,0.9995202422142029,0.3120593198164197,0.09570460088325419,15.275202702446755,0.9986578226089478,0.28501682094289627,0.08765082939758177,-18.464400412345654,0.9998287558555603,0.44818911164234987,0.1642652973701866,19.76613799308176,0.35905155539512634,0.32870497602332804,0.13238225415423116,-20.506593428437785,0.9939587712287903,0.6254384808004033,0.1252999837932245,10.108818100550296,0.5982198119163513,0.37811216114786217,0.05660444210514244,-6.568745514659332,0.9826467633247375,0.664763180378997,0.10442662269208124,8.971111455920079,0.6091030836105347,0.4142570129011365,0.04276838284447923,-7.467183287467914,0.9699543714523315,0.2889299876351658,0.4431076688228418,10.71988486561548,0.9985600709915161,0.25260791765871543,0.4486421166712792,-10.725180464542559,0.9990495443344116,0.35928127628508105,0.6524774787689731,18.128359310080153,0.6613994836807251,0.18949330135035333,0.6810796307993924,-13.706122409242868,0.986607015132904,0.32973557000919584,0.8820828815103627,27.337053945252876,0.82989102602005,0.042276264256756346,0.9142541457807003,-13.20248217898686,0.9911366701126099,0.3059969596451289,0.924253454653774,27.730109106336613,0.8294497132301331,0.0018049017350953104,0.9372751309896784,-13.300965772444933,0.9626876711845398,0.4543247493759485,0.9098483172568357,22.511517236488068,0.90383380651474,0.11058399018056518,1.0,-22.099780408900518,0.9868187308311462
37,1.2327971014492753,0.4297798228054119,0.0026751493148015892,-1.77006712836204,0.9995651245117188,0.3575869130036873,0.09982432670644571,5.3421970679588195,0.9987642765045166,0.28403878335075977,0.08812617568295257,-7.032016503466149,0.9998297691345215,0.5147438188355576,0.1676135718787504,7.217055362207578,0.3999851644039154,0.24873376380333279,0.13361433011124765,-10.123114434420051,0.9937214851379395,0.6615435464513993,0.12556638035743176,4.75222515278096,0.6280754804611206,0.3492187669787333,0.05800756300694722,-9.321053757987624,0.9823643565177917,0.6998373060047667,0.09911994320500525,4.625583182726705,0.63108891248703,0.38101925524182545,0.03887716392068984,-8.891584524077182,0.968198835849762,0.3247732546767732,0.4452140799428186,3.8312728207409457,0.9986377358436584,0.27135867294824456,0.4493709567976509,-3.833072391713815,0.9991018772125244,0.3891666928264927,0.6545874273461137,6.563847171537125,0.6864966750144958,0.19526599713610268,0.6813846677661842,-5.12889927062045,0.9874967932701111,0.3621224835253464,0.8812854214106504,10.757634242660766,0.8434503674507141,0.043143912045030285,0.9094498950789744,-4.904358613098201,0.9916649460792542,0.33638821745335296,0.9257836477744427,10.967472324272915,0.8392840623855591,0.0018049017350953104,0.9322272958869509,-4.858284327178629,0.9619669318199158,0.4868972474228546,0.9120791990746665,8.686674186583984,0.9101096391677856,0.11243060603060454,1.0,-8.263111112181798,0.98734050989151
38,1.2661159420289854,0.4255503090348454,0.0026751493148015892,-3.156061983729195,0.9996079802513123,0.4186775663920535,0.10593765015447938,1.397079743298555,0.9988738298416138,0.2522796702208235,0.08631181495703699,-3.7097492303526827,0.9998423457145691,0.5550960851731742,0.1683770215985094,2.374007988337039,0.4545527696609497,0.19995715414678172,0.1369752105700233,-7.6922186338073955,0.9941660761833191,0.6938780639882125,0.11861119792197614,2.0181371994904893,0.6637240052223206,0.32664954252618295,0.054054973542381354,-10.064879926262432,0.9838346838951111,0.7364508966133821,0.08806100908678992,2.0305077317374143,0.6639935374259949,0.35445011090320455,0.028933427342653317,-10.802517657567323,0.9704171419143677,0.34299517466836305,0.45945501170196934,1.6087710734425311,0.9987483024597168,0.27183302045919916,0.4567663126913495,-1.6103582312729876,0.9991827011108398,0.4072530604506909,0.6583225787604463,3.417585420334185,0.7139630317687988,0.1898978728920555,0.6849840195313796,-2.358818021582733,0.9885497689247131,0.3826550370199735,0.8842127333128639,6.265276022836514,0.8576229214668274,0.042530595377821,0.9041650246987475,-1.961582510686605,0.9923375844955444,0.35399603006391267,0.9303137758851487,6.449276634026812,0.8521602153778076,0.0018049017350953104,0.9234387205400524,-1.9438775008339853,0.9626733660697937,0.506746365633974,0.9192677010734894,5.316373218331012,0.9175998568534851,0.08615783767203383,1.0,-3.7446024099265363,0.9882162809371948
39,1.2994347826086956,0.43570870363969166,0.0026751493148015892,-3.6350330458399496,0.9996467232704163,0.45131491803213547,0.10879569480368452,0.28863211143557427,0.9989660978317261,0.24138256264683508,0.08879253461159128,-3.7646637912351877,0.9998550415039062,0.5827473683148872,0.1653905786544,1.431913707550845,0.5024979114532471,0.1797406625339667,0.13738498077447936,-7.335366391991401,0.9946259260177612,0.7165038128603926,0.11021802574792487,1.6598792513009675,0.6958698034286499,0.30423798874861585,0.04471684037026208,-9.684636913103743,0.985209584236145,0.7614177832016537,0.07751792278189817,1.7812773866822793,0.6937413811683655,0.31969945778561,0.010081196154101205,-10.366432964307604,0.9725817441940308,0.3661936464246277,0.47607242524571713,1.2120548317654964,0.9988614320755005,0.278134496430725,0.4706063320591708,-1.2145072234625416,0.9992614984512329,0.4295659503666464,0.6600228670766359,3.4676370770061244,0.7396215796470642,0.18847740172306876,0.6855975620676703,-1.8028726075315906,0.9895432591438293,0.4047044074288353,0.8821577204807036,6.372911165411268,0.8707780241966248,0.04702072431969531,0.8983135760201933,-0.9296984822044148,0.9929550290107727,0.37468698358442193,0.9290678075143499,6.588530910083029,0.8643039464950562,0.0018049017350953104,0.9126868876172731,-0.9145057986122151,0.9631887078285217,0.5278617388452708,0.9197629061297641,5.6763852567762765,0.9246733784675598,0.07586453717397527,1.0,-2.6560299905230838,0.9890133142471313
40,1.3327536231884056,0.4417717162156347,0.0026751493148015892,-3.345199033356965,0.999681293964386,0.46989016662466726,0.10599443150318684,0.25904721322285407,0.9990567564964294,0.23673812699368776,0.08787223188548322,-3.531375164554662,0.9998672604560852,0.6044857745189026,0.1602744297822386,0.8163333924877425,0.5479397177696228,0.1695438872533051,0.1366391110073079,-6.77962737172054,0.9951182007789612,0.7362834893454864,0.10163576130447878,0.40447643775520925,0.7253110408782959,0.31043195800886286,0.03597765225782267,-8.689885225176933,0.986569344997406,0.7825209433254866,0.06995666898175183,0.362150049731969,0.7217237949371338,0.3373939311989477,0.0013894813184922637,-9.334932172056956,0.9748241901397705,0.3862603794690874,0.48065875440224703,1.120849053674767,0.9989675879478455,0.2771873559474127,0.4748183477667624,-1.122882643109615,0.9993332028388977,0.44760056791291997,0.6680481373808397,3.121939692479226,0.7637912034988403,0.18298412425246305,0.6902438214884973,-1.5673630046244504,0.9905188679695129,0.4224799478798532,0.8862198757229519,5.736236064125417,0.8830993175506592,0.04623425793326405,0.8992811353341406,-0.5495796473480375,0.993579089641571,0.39087547095592523,0.9323865249752613,5.920817913770702,0.8763190507888794,0.0018049017350953104,0.91428780400858,-0.5292897140919537,0.964347779750824,0.54714390200429,0.9233978893799054,4.978114974104241,0.9315587878227234,0.07024824678397794,1.0,-2.196515495328464,0.989907443523407
41,1.3660724637681159,0.44314816357104553,0.0026751493148015892,-2.800506994037663,0.9997122287750244,0.47269733617627835,0.10805039618693565,0.4566400422424563,0.9991363883018494,0.23045033113233576,0.09032363189414769,-3.239902639250359,0.9998780488967896,0.609090274804093,0.15951207330336595,1.056400579940268,0.5894435048103333,0.14393311807336184,0.14555278844209707,-6.107595321535163,0.995551347732544,0.7427898842062516,0.09742405403659125,0.6037891516463876,0.7515682578086853,0.2927089099006075,0.03565473597733112,-7.809223290793048,0.9877686500549316,0.7878245943238879,0.06716869016444711,0.5611856670147863,0.7460890412330627,0.3255736437479409,0.0010310002546790665,-8.411603563851804,0.9767314791679382,0.3927463261225419,0.48323001493455103,1.086316761097299,0.9990610480308533,0.27218415905751414,0.4778001177763414,-1.0880563187306485,0.9993967413902283,0.45349234859143767,0.6727349489377895,2.8949253122719343,0.7854388952255249,0.1765968902034111,0.6922610330562371,-1.4887715553771563,0.991379976272583,0.4301645134527655,0.8880302975584625,5.296320461617893,0.8940705060958862,0.04234088954303814,0.9014643918193349,-0.49092221721175894,0.9941331744194031,0.39832362796335613,0.9369639843682247,5.464883204354814,0.8869190216064453,0.0018049017350953104,0.9184176500401555,-0.4714098461572996,0.9654341340065002,0.5547114590189186,0.9248358955952286,4.562713897876847,0.9376294612884521,0.05787089413469399,1.0,-2.056482807658873,0.9906888008117676
42,1.399391304347826,0.4321452440089573,0.004567095661504774,-2.8532063979932154,0.999740719795227,0.463817048893669,0.11022494131450356,0.41353984800651983,0.9992097020149231,0.21941269915943182,0.09667197254878501,-3.0789755514041244,0.9998880624771118,0.6072758960846325,0.15207143742402146,1.2483088323916451,0.6282638311386108,0.10564089499942209,0.15696839526074466,-5.837879699367882,0.9959468841552734,0.7412163985535934,0.09251519325157631,0.6621945245129361,0.7756934762001038,0.24063504026824287,0.03791376023349649,-7.755561761896389,0.9888937473297119,0.7870902716882692,0.06480468240923816,0.8093752705831434,0.7691524028778076,0.2660940007092252,0.0006725191908658691,-8.351213868416016,0.9786204695701599,0.38742849864253515,0.4871308304260301,1.0285831220544204,0.999147891998291,0.26049856539740257,0.48203568505636524,-1.0311559196688318,0.9994543790817261,0.4495541179708987,0.6804639664111745,2.887473400161667,0.8055657744407654,0.16105337994189856,0.6956282913286721,-1.0904208399217103,0.9921537637710571,0.4286340635175382,0.890330622498013,5.315462972878049,0.9041225910186768,0.03481584404612591,0.9016272504602779,0.10044388149004638,0.9946275353431702,0.39718212580603124,0.9402822332952845,5.491631333135818,0.8966712355613708,0.0018049017350953104,0.9188406391673839,0.1498931541946577,0.9663311839103699,0.5529828298477426,0.9274087032270973,4.6095285053642945,0.9432786703109741,0.04633559419840546,1.0,-1.331883073995621,0.9913787245750427
43,1.4327101449275361,0.4313775513979229,0.004596868065081627,-3.1238688421781737,0.9997661709785461,0.45511298836535913,0.10641520760923075,0.22384653967048987,0.999275267124176,0.2131741429897663,0.09620659454169297,-3.1739928316050485,0.9998970627784729,0.6113298457199065,0.14434772067390744,1.0343711376603324,0.6633044481277466,0.09165871448711589,0.16754023486327596,-5.954797269210085,0.9962999224662781,0.747968556231138,0.08755559331933055,0.6415068930684408,0.7974186539649963,0.20986752437572206,0.0359550532699428,-8.114283172455337,0.989909827709198,0.7966945961024496,0.06129860222511397,0.6280203806653949,0.7899513840675354,0.23759487737406168,0.00031403812705267176,-8.758016905752664,0.9803516268730164,0.389387145315116,0.48631624952767877,1.0368210374976339,0.9992242455482483,0.2575402755593616,0.4817593978360535,-1.0394083761747104,0.9995059370994568,0.45495254713100003,0.6830115300642948,2.964007419072373,0.8235852718353271,0.1537260411045263,0.6994606412124572,-1.2638185646859026,0.9928562641143799,0.43666939905940255,0.8909231450724193,5.59739415503702,0.913110077381134,0.03336656641453181,0.9049805596032403,-0.16989816652071885,0.995071530342102,0.40374164127066503,0.9404083519219898,5.790099323042342,0.9050622582435608,0.0018049017350953104,0.9244330418671463,-0.1313708099621397,0.966820240020752,0.5591927339482308,0.9276414965899148,4.866985976546041,0.9482576251029968,0.052629626898287436,1.0,-1.691376981316998,0.9920035004615784
44,1.4660289855072464,0.4146270292873682,0.0046266404686584805,-3.3536185917045316,0.9997891783714294,0.44068884151135673,0.10637713589917994,-0.07220314960279331,0.999337375164032,0.1969888299012099,0.10052143036514594,-3.095192803778013,0.9999055862426758,0.6085585205186164,0.13576459370111826,0.2140889280746977,0.6957871913909912,0.06063284820889067,0.17789848428852864,-5.6527164473946945,0.9966287612915039,0.7447324368090865,0.0856826364504455,-0.9741675767153366,0.817082405090332,0.16894129927063797,0.03718041339788691,-7.907588031736038,0.9908222556114197,0.7942188640033889,0.058311560701717766,-1.2120909504344202,0.8088682293891907,0.19738597358252657,0.003263638244145229,-8.560385640633214,0.9818980097770691,0.3766975821343704,0.48936558769784394,0.991857489278411,0.9992935657501221,0.24131733498785138,0.4854004567152335,-0.9943007391288863,0.9995525479316711,0.4501940773908402,0.6867013619233922,2.9178038362242673,0.8400843143463135,0.1387821190879593,0.7044898626355183,-1.0007244142664355,0.993520200252533,0.43400806132432584,0.8934752334795585,5.567267626020394,0.9213579297065735,0.029854460194320972,0.9095468172680349,0.24458548698916271,0.9954928159713745,0.4001822879605745,0.943812453224029,5.761596526832634,0.9130797982215881,0.0018049017350953104,0.9297217657364165,0.2947320394283978,0.96791672706604,0.5526797121524359,0.9303174812583916,4.818876915697121,0.9528905749320984,0.043294843450337815,1.0,-1.241743949060828,0.9926045536994934
45,1.4993478260869564,0.4001544118281222,0.004656412872235335,-3.4071691056079616,0.9998099207878113,0.4320886715786496,0.10585741780809038,-0.30796876289607916,0.9993951320648193,0.1786164995547149,0.104383413392406,-2.954118349097152,0.9999136328697205,0.6095744764681424,0.13152219497846976,-0.1150768952434078,0.7255114912986755,0.030700565955399793,0.19014768648132072,-5.329572171834996,0.996930718421936,0.7451467709679703,0.08193810360359828,-1.4393390109900586,0.8349295854568481,0.13189472918085102,0.041721286712286976,-7.3956253824047895,0.9916576147079468,0.7951748134118021,0.0527055854876956,-1.7144574889659483,0.8262434601783752,0.1585075326800417,0.00431721473475767,-8.021754052170047,0.9833325743675232,0.3734628698374556,0.4901232831332533,0.8681569412451164,0.9993557333946228,0.22882565914324204,0.48681998935137905,-0.870200543108059,0.9995946884155273,0.4477533500932359,0.690139775403572,2.782513562273941,0.8552133440971375,0.12911170510033698,0.7096809440627236,-0.9337799136978746,0.9941214919090271,0.43480046493559044,0.89665327905486,5.55438037130756,0.928821325302124,0.030242405970325948,0.9133376489555112,0.3657684438367157,0.9958651065826416,0.400878818359235,0.946516522890843,5.769303593786731,0.9203518033027649,0.0018049017350953104,0.9339472784682614,0.42699535293005353,0.9686346054077148,0.5513347973687569,0.9333069465281257,4.84282309743952,0.9570643305778503,0.04996717368091775,1.0,-1.088569566931684,0.9931203722953796
46,1.5326666666666666,0.37784461218285376,0.004686185275812188,-3.345559713301146,0.999828577041626,0.4182357270385141,0.10416362603261177,-0.3093955088885701,0.9994451999664307,0.1571467404558264,0.1065377903824939,-2.7636461299222455,0.9999206066131592,0.5999854608762433,0.13032367258266098,0.27759967115481565,0.7522727847099304,0.031405307118856605,0.1960612022550554,-4.77217450334585,0.9972050189971924,0.7369289704778121,0.07766246927134446,-0.5838793653495221,0.8510603904724121,0.08989558858753346,0.05501076299022554,-6.919506847015232,0.9924173951148987,0.7839906228865069,0.04997065768720444,-0.7649567799290578,0.8420998454093933,0.11275127753230066,0.017040474373085746,-7.5057683167707,0.9846415519714355,0.36279692975956707,0.48968259663779656,0.7727910543703993,0.9994124174118042,0.21252924522997138,0.48767532769724825,-0.7750081289913222,0.9996322989463806,0.44331037208040885,0.6907077291286685,2.6875637105456556,0.8689048290252686,0.11879663276379114,0.7125976847377412,-0.5971078054858135,0.9946448802947998,0.4328448746948104,0.8966247175666477,5.412287797687664,0.9355387091636658,0.026558132729151977,0.9139211799306658,0.854848753695761,0.9961766004562378,0.3986084070308469,0.9453880687849673,5.632371138247466,0.9268908500671387,0.0018049017350953104,0.9350738652726505,0.9455621879064414,0.9690826535224915,0.5487800339308354,0.9335811819002822,4.764149320259902,0.9608253836631775,0.04145085543171413,1.0,-0.4316134503148881,0.9935275912284851
47,1.5659855072463766,0.3715473100638369,0.004715957679389041,-3.3593758189081986,0.9998454451560974,0.4212660078221587,0.10395496427155172,-0.29457084350056095,0.9994919300079346,0.1580130161963782,0.11101232417637956,-2.575537633340132,0.9999271035194397,0.5969266225536316,0.13073436540211023,0.4619547374240179,0.7763881683349609,0.03211004828231342,0.20590179536424355,-4.462869447830939,0.9974532127380371,0.7405492928177654,0.07921828176877202,-0.27151958589174324,0.8656623959541321,0.07648963913878504,0.07364106711038886,-6.726592230551996,0.9931142926216125,0.7882074193874457,0.05188974333056003,-0.428438707253599,0.8567291498184204,0.09368831108242814,0.032261692416549366,-7.300685466545693,0.9858829975128174,0.3714018148030076,0.4903229478496839,0.7173169187980772,0.9994630217552185,0.21986654122184296,0.4903913722989837,-0.7193167494420475,0.9996660947799683,0.4562161590557426,0.692183035401877,2.64049427739877,0.8812870979309082,0.1280423609545211,0.7169045401177211,-0.6915455230334736,0.9951238632202148,0.4503766299403619,0.8977642933231733,5.294702624033813,0.9416073560714722,0.038492422769790625,0.916952126212007,0.6468990352235148,0.9964574575424194,0.41593107791834166,0.9464190530989276,5.505618678590502,0.9328061938285828,0.012104098469002952,0.9405975009524993,0.7285556174336131,0.9693683385848999,0.5661399746518517,0.9352474554657917,4.632290876640561,0.9642054438591003,0.059572067273674506,1.0,-0.6632458467213715,0.9938898086547852
48,1.5993043478260869,0.36620220994433905,0.004745730082965895,-3.0834808433431466,0.9998604655265808,0.42273018263465195,0.10375698497909994,-0.18551850854748345,0.9995317459106445,0.1536618908794118,0.11378567801141576,-2.2735117945165833,0.9999329447746277,0.6029162439329392,0.1307106988853511,0.4645749617282414,0.798170268535614,0.03281478944577023,0.21854030836831806,-3.959374221481745,0.9976680278778076,0.7500791984408821,0.07730420820775698,-0.3797819657028753,0.878782331943512,0.055256506554596053,0.08823875478533333,-6.190703914967983,0.993739902973175,0.7951280925172118,0.04913860579151737,-0.5593838422030878,0.8697810173034668,0.0700758501534404,0.04968015272767884,-6.75685422525034,0.9870110154151917,0.3759554652894409,0.49028169520360304,0.6682050061429309,0.9995045065879822,0.22192808619874974,0.49198345110175695,-0.6698870956911387,0.9996957778930664,0.4609125998718148,0.6927177608862564,2.478368370980919,0.8922702670097351,0.132686213351831,0.7189368913738189,-0.818035468229124,0.9955411553382874,0.46057727361093026,0.8973116809087043,5.03993547440456,0.9470094442367554,0.050724315917636625,0.9192988099027218,0.33146420182718395,0.9966899156570435,0.4269824579340295,0.9452387091381753,5.22856047281255,0.9378997683525085,0.029722829710852026,0.9431353328778568,0.3910846073710242,0.9691182971000671,0.5769548270998843,0.9346858822544621,4.413220932595381,0.9671657085418701,0.06830935489371738,1.0,-0.9800853457213019,0.9941825270652771
49,1.6326231884057971,0.3448776851050094,0.004775502486542748,-3.0779539749709075,0.9998738765716553,0.41268361120011976,0.10389216079539647,-0.17712563893919558,0.9995647668838501,0.1412301379099149,0.11643330904466324,-2.0721445132467444,0.9999375939369202,0.5917524231902461,0.13130658059402922,0.537627105863649,0.8177165985107422,0.03351953060922704,0.22976504914750756,-3.7289690327382905,0.9978463649749756,0.7400394243597636,0.07794639397933223,-0.22992855277029423,0.8906316757202148,0.023834041092145784,0.10215805934065414,-6.0658213155300515,0.9943031668663025,0.7881240171774988,0.05012990972261227,-0.3925208716820881,0.8817611932754517,0.02593147631070086,0.069260257438317,-6.626729803448978,0.9880571961402893,0.3654837843549664,0.4904736813724166,0.5989523472735256,0.9995442628860474,0.20875455038956728,0.4933276727572655,-0.6004113004392699,0.9997228980064392,0.45614069553601977,0.6934738282003541,2.278330089809442,0.9023240804672241,0.12556568918779742,0.7204868062208719,-0.7382065855712314,0.9959179162979126,0.46004757648596045,0.898233793165888,4.685361525760645,0.9519372582435608,0.04951952767980598,0.920773189193713,0.43431565792179905,0.9968851208686829,0.427419083671625,0.9456035493754708,4.8623918698753075,0.9427083730697632,0.030647778956580128,0.9448189726104252,0.4985988483937618,0.9687202572822571,0.5768514423821146,0.935659972898477,3.9577116704897786,0.9698693156242371,0.06295727282112756,1.0,-0.8503426149649848,0.9943954348564148
50,1.6659420289855071,0.3459946133391814,0.004805274890119602,-2.956539561563218,0.9998853802680969,0.41508542274633725,0.1049957135986084,-0.21022548731737864,0.9995874166488647,0.14288759535374024,0.12195896019876935,-2.0082478263807393,0.999940037727356,0.5946712492118754,0.13185518941159166,0.5196225487221231,0.8350444436073303,0.034224271772683855,0.24268333711300893,-3.5459688949196697,0.997987687587738,0.7447305610450845,0.07784347906267367,-0.217442147499048,0.9010782837867737,0.006147715123769805,0.11882266011079848,-5.847237253978207,0.9947672486305237,0.7929492123737443,0.0490229746130401,-0.36876509593124335,0.891791045665741,0.001369218653820724,0.08437139425173633,-6.3751884382074895,0.9888500571250916,0.36811356596198563,0.4918679240110749,0.5562809265694298,0.9995748996734619,0.21159879656788835,0.4958061798942853,-0.5576894495890007,0.999744176864624,0.4594719813890432,0.6939070797893683,2.160145808918814,0.9112123847007751,0.132210593143253,0.7220605130224363,-0.41043374487225015,0.9962282776832581,0.4696877593335144,0.8991205400865753,4.400086791293586,0.9562897682189941,0.05967782833959265,0.9214168051855488,0.9639701275301525,0.9970003962516785,0.4381483805128231,0.9461626739169984,4.563180084640582,0.946708083152771,0.04306278955015213,0.9452434651069481,1.0515525834663662,0.9680257439613342,0.5868222750823014,0.9362178488744458,3.6595336690516276,0.9721606373786926,0.07339798863106792,1.0,-0.21692815053289885,0.9944230318069458
51,1.6992608695652174,0.35593455343550223,0.0048350472936964555,-2.9749065609708123,0.9998957514762878,0.42748439144553385,0.10592548648401069,-0.17780567574173184,0.9996105432510376,0.16008098563682718,0.1252064367254533,-1.9782351372622893,0.9999397397041321,0.6059926006197931,0.13220207274873202,0.5488070902717852,0.8507146835327148,0.03492901293614067,0.25100362740375476,-3.6423939108796146,0.998047947883606,0.7555466997854466,0.07822074630669723,-0.17693466152400955,0.910580039024353,0.017351153995472143,0.13178125403105442,-6.081550997058798,0.9951454401016235,0.8045023801526613,0.04950599135430339,-0.32852767160458796,0.9012367725372314,0.0014966297438997233,0.09486885324562587,-6.621790922986321,0.9894989728927612,0.3838080448474478,0.4925792454676148,0.5658803461285918,0.9996024966239929,0.22889166955915924,0.49881830514685027,-0.5669449077623409,0.9997629523277283,0.477612917819769,0.6940410499218248,2.2314587870643736,0.9190471768379211,0.15249253923871262,0.7245670764347126,-0.5361786116729187,0.9965053200721741,0.4928118704155032,0.8996057278207099,4.368853558994391,0.9601524472236633,0.0826705319091261,0.9253124982473676,0.6832489054512739,0.9970992207527161,0.4619355666906998,0.9475684679469243,4.5152819197832255,0.9503727555274963,0.0681399787752325,0.9533009000273567,0.7512635274163119,0.967451274394989,0.6101266319733738,0.9370918080249064,3.5877902668016564,0.974137544631958,0.10059287269065371,1.0,-0.5723154817423818,0.9944229125976562
52,1.7325797101449274,0.3627441635640534,0.004864819697273309,-2.9143619417403044,0.9999048709869385,0.4377298146979362,0.10613469861400514,-0.12986066198389698,0.9996324777603149,0.1739312142800763,0.12708226764228367,-1.9342306614730178,0.9999372363090515,0.6181476883171478,0.13073619012358187,0.5998027101232929,0.8647327423095703,0.05932693118169805,0.2558942488099926,-3.6881864639849367,0.9980400800704956,0.7689058186715738,0.07799721538861305,-0.012204235790147728,0.9191262722015381,0.023060261624388182,0.14397390297444068,-6.192241747575112,0.9954505562782288,0.8189634103758267,0.050170538602203336,-0.1551263647624542,0.9098219275474548,0.0016240408339787227,0.10741978885720603,-6.8182705763500735,0.9900394678115845,0.3960727809127343,0.4942670260284351,0.5600465485712579,0.999628484249115,0.2426523308209034,0.5017147930720005,-0.5608786323788415,0.9997789263725281,0.4910917105760971,0.6936085200710624,2.0400945808548543,0.9262259006500244,0.16884561355178374,0.7254230384634337,-0.5071412499331645,0.9967577457427979,0.5114735483411166,0.9002364284458974,4.141522531179148,0.9636322855949402,0.10289515356884474,0.9274682806423283,0.8006710842050822,0.9971843957901001,0.4808092442768536,0.9483551710834012,4.283243506705436,0.9537402987480164,0.08794822334778718,0.9551727280775086,0.8771464603184096,0.9671692252159119,0.6289306595133215,0.9373473028648329,3.313716969184878,0.9759146571159363,0.12448645138726265,1.0,-0.4498480599190355,0.9944024682044983
53,1.7658985507246376,0.3563246842775247,0.004894592100850162,-2.899759160527417,0.9999105334281921,0.43790595333939747,0.10650595483261638,-0.24164703666896978,0.9996466636657715,0.17368864270133255,0.12880114430343206,-1.922137562324748,0.999929666519165,0.619666470889075,0.12872430574652857,0.341098360852457,0.8773235082626343,0.06447296216058823,0.258387472888744,-3.6344293042094966,0.997894823551178,0.7702564790146745,0.07736827631518368,-0.48532324924756143,0.9267337322235107,0.025006532832773178,0.1507488492881701,-6.186597198530353,0.9956426620483398,0.8205208409808955,0.05022516496958187,-0.6827408035331591,0.9172818064689636,0.001751451924057722,0.11420785358490756,-6.849915483347988,0.9903414845466614,0.3977664866923086,0.49390293828152904,0.5219787312845227,0.9996441602706909,0.2403103468871985,0.501423535370001,-0.5225207013126798,0.999789834022522,0.4882446651643226,0.6931535912537191,1.883664201709199,0.9323777556419373,0.1715172535224412,0.725676023757113,-0.5869235060039979,0.9969326853752136,0.5145321620690042,0.8998954746756294,4.046970155346845,0.966519296169281,0.1073991797250735,0.9288651660646091,0.724548813809994,0.9971630573272705,0.48544338647118773,0.9477333558975304,4.19146327168369,0.9559267163276672,0.09458238399866603,0.9556327328519362,0.7984639873535581,0.9652459025382996,0.6310795163961659,0.9367267148063855,3.1823391303117288,0.9771639704704285,0.13166485821264182,1.0,-0.573790514561874,0.9941853284835815
54,1.7992173913043477,0.3585046119740269,0.004924364504427015,-2.8527858211676453,0.9999167323112488,0.4429598740532064,0.10636638399963175,-0.20856998968955787,0.9996627569198608,0.17772592887937336,0.12916401011903614,-1.7612833864154154,0.9999249577522278,0.6251716933212993,0.12463743956289351,0.4157084255847955,0.8888434767723083,0.07202681780945386,0.26036513871377276,-3.4233661173758168,0.997856616973877,0.7749447489927926,0.07639051219067682,-0.36640355626066984,0.9336486458778381,0.026151780565951962,0.15402040104176062,-6.128183005479123,0.9958517551422119,0.8245267820432516,0.04986959331650977,-0.544918758359391,0.9242146015167236,0.0018788630141367212,0.11936096059932962,-6.747043704922352,0.990689218044281,0.4030121362499479,0.49378756617524944,0.49941758009785786,0.9996616840362549,0.24305616288985937,0.501821961443412,-0.49977139416454075,0.999800443649292,0.49372293820284474,0.693057935649449,1.7729524161688976,0.9381617307662964,0.17704270111335524,0.7269172705971338,-0.5704836793241866,0.997133195400238,0.5214559892216217,0.8999070078741627,3.8597253504588847,0.9692390561103821,0.11577096692528223,0.9296304013963126,0.7489483824530139,0.9972025156021118,0.4940566524203145,0.9476962522618235,3.9968542663559004,0.9583317637443542,0.10393154535496557,0.9558616451333395,0.8243158606812019,0.9647709131240845,0.6393252814800118,0.9356546738962084,2.982737516205293,0.9783722758293152,0.14237218869875093,1.0,-0.5323979345295723,0.9940447807312012
55,1.832536231884058,0.35738617765863573,0.004954136908003869,-2.7429092644254927,0.9999216198921204,0.4389033615031557,0.106111022762758,-0.18696780398313034,0.9996767044067383,0.1765340651520767,0.1286996408426953,-1.744393014949476,0.9999188780784607,0.6190043091537815,0.12284057984354402,0.42742041632184596,0.8991062045097351,0.0746226124254907,0.262439449849795,-3.3760675780102214,0.9977314472198486,0.7735078123819309,0.07577162473823822,-0.41830652165749505,0.9398895502090454,0.026158330351706012,0.15609993067366582,-6.077608940563569,0.9960500597953796,0.8238740441197095,0.04965555440637048,-0.6123800129792188,0.9305242300033569,0.0020062741042157204,0.12238563937979582,-6.678844238334034,0.9910606145858765,0.4021086599332161,0.49360505458445963,0.5045323775357595,0.9996728897094727,0.24353575623699125,0.5029807462852075,-0.5049890110422838,0.9998066425323486,0.4924705953911266,0.6928442249646076,1.6908860066716702,0.943210780620575,0.17900479923318746,0.7293752911789998,-0.5534387471451049,0.9972788691520691,0.521499404161707,0.8998711800160544,3.8305736707114284,0.9715274572372437,0.11527768440217186,0.9335662537291591,0.8221843337609587,0.9971734285354614,0.4961902856435281,0.9474424665124326,3.974272586397593,0.9600340127944946,0.10547603409086884,0.9582096603233516,0.903120585831426,0.9632465243339539,0.6402880597190365,0.9345455418415555,2.987377878119299,0.979353129863739,0.14601542742605012,1.0,-0.4412304211286745,0.9938172698020935
56,1.865855072463768,0.35689881162200515,0.004983909311580723,-2.7403410807684327,0.9999271631240845,0.438661034598516,0.10613864109192517,-0.1797819270086733,0.9996926188468933,0.17524513776778328,0.12875879725456904,-1.739981563642456,0.9999143481254578,0.6202032659316604,0.1223342696952567,0.4474638127608022,0.9084775447845459,0.07444195515356324,0.2610004377432361,-3.4593782959414736,0.9976478219032288,0.7704007792887404,0.07530135681736091,-0.37350555025592325,0.9455705881118774,0.025725053068978293,0.15470057522634625,-6.109710869568141,0.9962255358695984,0.8240659222024179,0.049752147726364104,-0.5604790708934452,0.9363982677459717,0.00213368519429472,0.12038243887383945,-6.664481770778106,0.9913679957389832,0.4020501441565945,0.4937526542267112,0.5040669506292544,0.9996882081031799,0.24479416889919867,0.5029271551076423,-0.5045707805215355,0.9998146891593933,0.4907259724231095,0.6931437960085408,1.7700793246815616,0.9477425217628479,0.18038076505819622,0.729546983973993,-0.49577255615128474,0.9974023103713989,0.522106842328122,0.900604222557746,3.844795748716026,0.9736468195915222,0.11592094238931892,0.9338454545482829,0.8954849391663184,0.9971358776092529,0.4976466712069176,0.9485052172958046,3.9807445045152567,0.9618011713027954,0.10661508742575554,0.9585614270118378,0.9785612694718392,0.9619683623313904,0.6411498553456165,0.9350456239210034,2.967099011369614,0.9802436232566833,0.14749539000682282,1.0,-0.37207231513434513,0.9935475587844849
57,1.8991739130434782,0.3619575521915511,0.005013681715157576,-2.9051542763565417,0.9999318718910217,0.4391257613200028,0.10408956306147205,-0.2559582799668771,0.9997051358222961,0.1741365523695574,0.12665733718109665,-1.8421630988061755,0.9999119639396667,0.6199977180273658,0.12069671243185648,0.519445251442953,0.9167283177375793,0.076294949327426,0.26223675091988125,-3.5608559850776036,0.9975965619087219,0.7704925662870966,0.07314925628579022,-0.05772696847145425,0.9505850672721863,0.025897116079147086,0.15682208500597458,-6.266209172131154,0.9963995814323425,0.8256644296892124,0.047695285575470134,-0.1878973209782786,0.9414023756980896,0.002261096284373719,0.120204280195065,-6.850314755939727,0.9916926622390747,0.4036181424306314,0.4917965889497034,0.47671889852239907,0.9997035264968872,0.24497503079260208,0.5016236609387699,-0.4772795326687179,0.9998231530189514,0.49325446395309364,0.6923631541226236,1.7788186786096165,0.9521893858909607,0.18397746583198013,0.728701012017454,-0.3690114405967602,0.9975100755691528,0.5251184708538786,0.9003832903489081,3.953452625212916,0.9757272005081177,0.1188402404051936,0.9325233161800902,1.1525513908131786,0.9971398115158081,0.5011682951700429,0.9483421250589588,4.103205915116878,0.9636091589927673,0.10993487337389969,0.9560105506942403,1.2514965921386592,0.9617167115211487,0.6434285890644256,0.9348933255729638,3.1097569329380885,0.9812406897544861,0.14635397198847422,1.0,-0.06507436819941138,0.9934036731719971
58,1.9324927536231884,0.3555723561837757,0.00504345411873443,-2.936521575975183,0.9999342560768127,0.43427668718628976,0.1020519893557511,-0.3494819077864777,0.9997147917747498,0.1663751816268435,0.12523612815913376,-1.864668506115388,0.9999122023582458,0.6171019667345063,0.11964101342426851,0.34663225571651474,0.9244824647903442,0.06461861967156411,0.26118422231069477,-3.42082467718138,0.9975724220275879,0.7673655733554005,0.0709203635451513,-0.4214599784296559,0.9552053809165955,0.022349190506454394,0.15254695117487235,-6.061688018487016,0.9965896010398865,0.8216958799751524,0.044719725931248525,-0.6003718653133262,0.9461190700531006,0.0023885073744527186,0.11610062793379508,-6.63762329479999,0.9920456409454346,0.39810173150352046,0.4888338927844752,0.46643897234643933,0.9997096657752991,0.23754238479782458,0.49986422260278307,-0.4668416639097458,0.999829888343811,0.4864105892264707,0.6911407791606691,1.7167019862414343,0.956096887588501,0.1766068869566259,0.72799808569785,-0.48872510716412526,0.9976238012313843,0.5179184348258195,0.8998653709843546,3.8708428275766615,0.9774914383888245,0.11279188473694167,0.9330076631377441,1.0881046336999778,0.9971668124198914,0.4946658300124405,0.9474536791867509,4.0176655641514945,0.9650240540504456,0.10646523845862477,0.956072532529,1.194322134760496,0.961219072341919,0.6349430730403758,0.9342879837658788,3.041377584983623,0.9820213317871094,0.14001976214895645,1.0,-0.23446975934144082,0.9933703541755676
59,1.9658115942028984,0.35394366935644944,0.005073226522311283,-2.8178462532922186,0.9999364018440247,0.4297467343107098,0.10207482373267288,-0.30607150443470754,0.9997245669364929,0.16186895797547235,0.12488284214836418,-1.8773557356074737,0.9999117255210876,0.6128334348659767,0.1217831212799105,0.38879392640429616,0.9313234090805054,0.05760571046218988,0.26037967383054367,-3.501861961761484,0.9975548386573792,0.7628124625494347,0.07090665321775254,-0.37463981817558734,0.9593585133552551,0.020376727719410338,0.14929143530539685,-6.060331540854206,0.9967648386955261,0.8170216564135341,0.044110898613829726,-0.5519814901578397,0.9503612518310547,0.0025159184645317176,0.11317616995565853,-6.62139282237085,0.9923773407936096,0.3932345553868893,0.4885983002436783,0.47848840461328734,0.999721348285675,0.23287498002636517,0.4996019004913514,-0.47905010551701627,0.9998354315757751,0.48200107108616624,0.6904293832141573,1.6994188725203607,0.9596781730651855,0.17200851126512998,0.7278522350497344,-0.3328758541480677,0.9976968169212341,0.5123040711261135,0.9000521811209202,3.877152343055588,0.9791579246520996,0.10734936134302718,0.9328828446450684,1.2468158105153764,0.997160792350769,0.4889836665601406,0.947694043862102,4.0307594166287295,0.9665202498435974,0.10072953701114527,0.9549748082531059,1.3521192182552684,0.9607657194137573,0.6291377881196819,0.9349209044061837,3.108447403335023,0.9828992486000061,0.13410710362321734,1.0,0.10593457759419204,0.9933000802993774
60,1.9991304347826087,0.3524887364076959,0.005102998925888136,-2.797120366478815,0.9999369978904724,0.4266163630165141,0.1025232930471043,-0.3321506032470049,0.9997299909591675,0.16035113789163127,0.12475923461053219,-1.8971296076887159,0.9999070167541504,0.6086284137513396,0.12197398507540089,0.2965168807310498,0.9375087022781372,0.05416958382947724,0.2596754065998158,-3.4345215069424433,0.9975031614303589,0.7588115998229452,0.07059913630555173,-0.5277205779435097,0.9630805850028992,0.017535240127612747,0.14860559357635286,-5.896143016238591,0.9968994855880737,0.8121515746875534,0.04348270517423503,-0.7154223150023904,0.9541129469871521,0.002643329554610717,0.1117533948348948,-6.442414848420553,0.9926043152809143,0.38935953176954896,0.4881909276324999,0.48113393371424584,0.9997286796569824,0.22878177096864122,0.49891294017124,-0.4818118933164146,0.9998384714126587,0.47702855585947374,0.6903967239494578,1.6705220047924143,0.9628192782402039,0.16736668173325747,0.7277549629418656,-0.2988187669937576,0.9977424740791321,0.5081897519267005,0.9010269141148786,3.7955398122247974,0.9805914163589478,0.10244756486304621,0.9327981791786871,1.280943330207982,0.9971070289611816,0.4840504649872754,0.9502180952979444,3.943561439683898,0.9676569104194641,0.0956931849689134,0.9548149552024264,1.3842112158468858,0.959632158279419,0.6240386467726097,0.9359618512174266,3.0025493078351073,0.9835227727890015,0.12818360256101674,1.0,0.11722592124032892,0.993084728717804
61,2.032449275362319,0.35298067429362606,0.00513277132946499,-2.8169995756339605,0.9999390244483948,0.4233963312027308,0.10160208406709156,-0.3172687333623944,0.9997367262840271,0.15595814161849025,0.12335996055115854,-1.9736217622541785,0.9999074339866638,0.604697215263371,0.1225467157826748,0.3081097945479242,0.9430021643638611,0.048505840121417246,0.25752209213890065,-3.4796988534757007,0.9975544214248657,0.7554272476318754,0.06946319343822936,-0.5763516817675525,0.9664445519447327,0.01738630295514987,0.14348634637738186,-5.934889606944084,0.9970619678497314,0.8093968435675646,0.04256116402088622,-0.7835159596562682,0.9575594663619995,0.0027707406446897164,0.10553208987964428,-6.487592037633167,0.9928871989250183,0.3843160723397131,0.48752139073169776,0.4939085640693517,0.9997384548187256,0.22485183241694046,0.4975371355104962,-0.49457553180088637,0.9998447895050049,0.47240819098580467,0.6899186280125033,1.7108068873815718,0.9657187461853027,0.16240158575540745,0.7275340585708772,-0.36477071571932723,0.9978342652320862,0.5036575072388099,0.9014876709242459,3.8163997275172603,0.9819760322570801,0.0964629322546916,0.9329249668081858,1.1658089212507359,0.9971529245376587,0.4787814318884219,0.9516157808868912,3.978048801741429,0.9690837264060974,0.0892660692577724,0.9547476078075998,1.2649294939780218,0.9597628116607666,0.6191597066692572,0.9364082474984705,3.0943945480083768,0.9842433929443359,0.1219283897003416,1.0,-0.018504353821237343,0.9931260347366333
62,2.0657681159420287,0.3639444122939241,0.005162543733041844,-2.795456319014694,0.9999424815177917,0.4294754088655665,0.10210162808729653,-0.30518729979151,0.9997468590736389,0.15846220089668592,0.12242086143159202,-2.0161105415172713,0.999908983707428,0.6042573016590922,0.12559379168018114,0.3274000236164554,0.9480125904083252,0.044289108097741905,0.2562776921963538,-3.4534785277859066,0.9976305961608887,0.7590391041468653,0.06859323956084312,-0.491116317854084,0.9695414304733276,0.012040077191350581,0.13349893150735098,-5.872161795671186,0.997229814529419,0.8116499814246083,0.04200735138996859,-0.6791780024623474,0.9608637094497681,0.0028981517347687153,0.09345372344415105,-6.415569085069195,0.9931913614273071,0.38246982220051534,0.48875906600773567,0.5328105285864044,0.9997507333755493,0.22332537388462986,0.49780720072987117,-0.5337845899519801,0.9998522996902466,0.47335359443234926,0.6907988722818282,1.8454365301181745,0.9683593511581421,0.15851964538937705,0.7267119650356194,-0.39204821973824394,0.9979398846626282,0.4997617558649196,0.9030931476245698,4.013620174138114,0.9832994341850281,0.09127396833830137,0.9331650886990628,1.092363469209521,0.9972466230392456,0.47432005412324774,0.9533307395514362,4.1744943840247135,0.9706424474716187,0.08383659976766336,0.9549483413467146,1.1886182692711291,0.9605054259300232,0.6152919120913634,0.9378221061960532,3.3272736338296376,0.9850446581840515,0.11501089814840594,1.0,-0.07033535017627056,0.9932932257652283
63,2.099086956521739,0.3561864126508771,0.005192316136618697,-2.8412743534115816,0.9999468326568604,0.4155447838908084,0.10225275379500641,-0.1796891128477023,0.9997590184211731,0.14585819301285852,0.12125755315287426,-2.20180486360085,0.9999138712882996,0.5909236756918796,0.1255892336411618,0.6734011600486917,0.9522119164466858,0.026830753575698307,0.24992005045467516,-3.875526739060118,0.9977579116821289,0.7446513832636525,0.06870564212493369,0.01224091357174904,0.972271740436554,0.0028011684465208504,0.11690578720472097,-6.239543203225651,0.9974163174629211,0.7969067199232635,0.0421516599094786,-0.13845052787011194,0.9636979699134827,0.0030255628248477147,0.07987265567376894,-6.813764807441321,0.9935644268989563,0.364254930180117,0.48826616849704835,0.61433913692838,0.9997668266296387,0.20486299739209132,0.4965202882288597,-0.6155521410461522,0.9998623728752136,0.458666948114173,0.6894648561884211,2.099852386971304,0.9708315134048462,0.13623217360515738,0.7252401985623456,-0.40714150346443595,0.9980635643005371,0.47682006120667286,0.9011293238110679,4.630802223603957,0.9845335483551025,0.06579296799262711,0.9299692824274884,1.2020577698801127,0.9973786473274231,0.45066521473898663,0.9484693718391685,4.826078532231033,0.9722514748573303,0.05808504723503872,0.9497635031251406,1.3166227265709112,0.9618251919746399,0.5906119744615889,0.9364384324478596,4.000416654003009,0.9858916401863098,0.08949468937302799,1.0,0.050976263707820484,0.9935765266418457
64,2.132405797101449,0.3475084649718444,0.00522208854019555,-3.03852760887541,0.9999502301216125,0.4071884060831037,0.09973470844969047,-0.34368818873701684,0.9997689127922058,0.13490312206339813,0.11420547290086311,-2.4017387801095804,0.9999186992645264,0.5875242953056812,0.12476286598870989,0.49801526549857444,0.9560905694961548,0.003039186274794453,0.23653983614200316,-4.05512276209593,0.9979037046432495,0.7326247253900706,0.0646199312555672,-0.2895495062774222,0.9747372269630432,0.004375137048039589,0.10044716202303668,-6.353395880881004,0.9975971579551697,0.785122130064143,0.03858185306619108,-0.46746629452515104,0.9662328362464905,0.003152973914926714,0.06157796195900191,-6.912947159108788,0.9939141869544983,0.35309145964621597,0.4858831536924405,0.6200958615030256,0.9997812509536743,0.1905237096693498,0.49262413842547886,-0.6215924583630262,0.999871551990509,0.4477860524183416,0.6875027079118082,2.200909364757396,0.9731148481369019,0.11872408824886138,0.7221136316644121,-0.12573997162972067,0.9981625080108643,0.4571847596920789,0.8998732017330889,4.956564103337493,0.985652506351471,0.04295398026824915,0.9263546658909626,1.6939539525880958,0.997484028339386,0.42972727714905734,0.9459165259185032,5.179223756051293,0.9736655354499817,0.03536379439212258,0.9423718416893245,1.827526918606111,0.962950587272644,0.5696796862117652,0.9359727891311361,4.364010796935602,0.9866696000099182,0.06283361078162875,1.0,0.611364311682202,0.99378901720047
65,2.1657246376811594,0.3412286686140972,0.005251860943772404,-2.607083938361707,0.9999499320983887,0.38999406770651823,0.1035881716666433,-0.46141524628374775,0.9997559785842896,0.1310236701417291,0.11468597209154871,-2.5061707220135117,0.9998968243598938,0.565516006510986,0.13440165178916225,-0.3282967627373843,0.9577945470809937,0.0029276958586005345,0.2302991415555452,-4.376655064589093,0.9974908828735352,0.7157682459106931,0.0715025287143609,-1.5368346399216637,0.9761653542518616,0.005949105649558328,0.08840728980650459,-6.607587641312855,0.9971503019332886,0.7663113105312305,0.0469629577381289,-1.7504451846176956,0.9664449691772461,0.01320001663519757,0.04942594031528757,-7.159893171538138,0.9927579164505005,0.32922269511184327,0.4885536315104014,0.6974812498792903,0.9997767806053162,0.20481069435896154,0.4937990278522001,-0.7000137056192425,0.9998664855957031,0.428512640158808,0.6881083745199842,2.480418480484597,0.9726131558418274,0.10813763274818143,0.7224842013025765,-0.014524739720681858,0.9980488419532776,0.4349151055052012,0.8999756918807469,4.922237127206688,0.9858723282814026,0.02083179274465213,0.9272491994311168,1.609635671270972,0.9973752498626709,0.4069042643115474,0.9463024417967177,5.116605665500788,0.9738477468490601,0.01275929766600341,0.9455662458189213,1.7229930571662815,0.962139904499054,0.5454831077532283,0.9317954371271064,4.336479578121832,0.9865829348564148,0.05578827135142148,1.0,0.5412145152255267,0.9934408664703369
66,2.1990434782608697,0.36159501261338506,0.005281633347349258,-2.7716193119402246,0.999953031539917,0.38760060047312045,0.10264056571813238,-0.09399505499817372,0.9997614622116089,0.13698873816952184,0.11316520196277088,-2.62196897373113,0.9998992681503296,0.5654461157984931,0.13488210524801716,0.40973835442477247,0.9602730870246887,0.0028162054424066166,0.21768213480452256,-4.767907806961258,0.99758380651474,0.7197869538578018,0.07290509198634923,-0.4782071045126489,0.9778907299041748,0.02137551419186412,0.06405226944509695,-7.002723912493701,0.9972356557846069,0.7698168763190719,0.0516949898477477,-0.6207954879313163,0.9676939249038696,0.03074945789206746,0.026884645681844795,-7.573161431725975,0.9928238987922668,0.33119789066855176,0.4917602330967052,0.8082222635313692,0.9997836351394653,0.19816866772397151,0.4955069847610248,-0.8103165106494242,0.9998721480369568,0.4319393681768721,0.6907537971740187,2.6206888917428715,0.9743669033050537,0.10485558522167093,0.725197054507122,-0.03700645744995949,0.9981398582458496,0.42644824808014775,0.9040075477284418,5.1579884979671835,0.9867204427719116,0.010297998183204132,0.9316088941150923,1.2626671642300644,0.9974777102470398,0.3970813396428793,0.9504083335598017,5.3553251253321354,0.9750134944915771,0.013027582172440374,0.9515144749548394,1.3520669992389829,0.9630112051963806,0.5335800788135291,0.9356588481733106,4.565770047508729,0.9871041178703308,0.034160230245431654,1.0,0.13745383057039745,0.9936182498931885
67,2.2323623188405795,0.38575514085005297,0.005311405750926111,-2.7473873468758616,0.9999570846557617,0.40971712154135664,0.10384487839043634,0.2855620886647862,0.9997738599777222,0.15547123419594863,0.11003988329472508,-2.5219141850687334,0.9999058246612549,0.5816035980733042,0.13753953080692474,1.0807926665985548,0.9628594517707825,0.02847878736052553,0.20343788859553083,-4.505739065952998,0.9977518320083618,0.7327991043501321,0.08059258162064985,0.2706579650701102,0.9796984791755676,0.04710153226574068,0.04214297057884857,-6.766130742224507,0.997430145740509,0.7814046269813759,0.06071888677990052,0.13122757311906785,0.9696258902549744,0.05722817591508124,0.006894190542943169,-7.333058223068299,0.9932267665863037,0.35012454144772975,0.4925873215355539,0.8596818825688936,0.9997962713241577,0.20623838508159648,0.49556934287620885,-0.8614246946462164,0.9998807907104492,0.44518566563185413,0.6918914317214588,2.4974208736305656,0.976108729839325,0.11599540009783127,0.7247991583049433,-0.660037176984237,0.9982463121414185,0.42808727139830005,0.9047669584807547,5.037773028523325,0.9875664710998535,0.012135887737343906,0.9314040925233392,0.7662899840924394,0.9976144433021545,0.3972487881800279,0.951671123028677,5.232679274183702,0.9762871861457825,0.013295866678877336,0.9515261830992153,0.8555631169587037,0.9643130302429199,0.5365380964233559,0.9359902514854116,4.436337305644945,0.9877027273178101,0.0325138819112423,1.0,-0.4720740969982075,0.9939275979995728
68,2.2656811594202897,0.3982034058008214,0.0053411781545029645,-2.881399671529192,0.9999609589576721,0.42242419843762763,0.10863598787266038,0.38754655986571807,0.9997844099998474,0.17684203126110323,0.10981974124329759,-2.5920897837777193,0.999912679195404,0.5914595519742584,0.14597953758006016,1.4258035950755812,0.964709997177124,0.055642035104950964,0.1972535581512205,-4.925696776084426,0.9979134202003479,0.7391625621369364,0.09241792183889676,0.9720561619440395,0.9813024401664734,0.079130031046657,0.03867486131169786,-7.232156389805459,0.9976198077201843,0.7880929735727882,0.07536773863656192,0.9160818610361433,0.9713637828826904,0.08841627404206638,0.008467333659716606,-7.846040083644946,0.9936475157737732,0.3645656287687726,0.4950844268279329,0.9288757920459593,0.9998090267181396,0.22108396000274128,0.4969437617259483,-0.930758834931641,0.9998896718025208,0.45276524382765293,0.693239708666688,2.77036224648552,0.9775605201721191,0.12985567110420343,0.7251143102152023,-0.938336185602354,0.998354971408844,0.42699660704572234,0.9060513037345256,5.2716921820420515,0.9883708953857422,0.01551220156125971,0.9297331990346883,0.22813324565271687,0.9977653622627258,0.3949300659953252,0.9523649905383181,5.458094313478083,0.9775017499923706,0.0135641511853143,0.9502177463874785,0.28829625346973076,0.9658858180046082,0.5396752100397256,0.9375551762846732,4.664354956719312,0.9883396625518799,0.033591562349612615,1.0,-1.0980864286327197,0.9942910671234131
69,2.299,0.4064045098692107,0.016849874940955117,-2.966264032165665,0.999964714050293,0.42843491121969346,0.11937654775087304,0.4947093643700694,0.9997971057891846,0.19452428778293157,0.11489690953158997,-2.8760172160026487,0.9999200105667114,0.5913657067191166,0.1602715213839351,1.9614800192507273,0.9656516909599304,0.07492583959919158,0.18910693129108938,-5.595212043632017,0.9980786442756653,0.7304734898055583,0.11429898016865546,2.0718141350412416,0.9827407002449036,0.10690675938330016,0.038014480520989005,-7.956139273559057,0.997817873954773,0.780054669774429,0.09514200977241573,2.1463967181455867,0.9729461669921875,0.11379069065115884,0.010040476776490044,-8.607101659750107,0.9941229224205017,0.37519503790489317,0.49820221621663474,1.012412703864083,0.9998241066932678,0.2427773484385042,0.49832797218500985,-1.0151016550737593,0.9998992681503296,0.4502570408629461,0.6929358907843486,3.1762352424794855,0.9786739349365234,0.14518068128140993,0.7232301938221606,-0.9755990288303206,0.9984493255615234,0.4199901191739133,0.9014825265798868,6.077187019640339,0.9890406131744385,0.020066378088726113,0.9210433408962435,0.2445793098575784,0.9979109168052673,0.38717530722709637,0.9466554332928085,6.310281886403061,0.9786576628684998,0.013832435691751264,0.9396480381604317,0.31491477992129335,0.9675542712211609,0.5344696180085025,0.9332959369361695,5.578467728644811,0.9889440536499023,0.03316829153083113,1.0,-1.0981624444121776,0.9946539998054504
70,2.33231884057971,0.42043790278708665,0.01998486391428606,-3.0038128203971466,0.9999678730964661,0.4356235334883287,0.12467329930998629,0.6310756927483528,0.999805212020874,0.21190249865746594,0.11334849397666179,-2.8995996512467466,0.9999247789382935,0.5924518365319933,0.17224563483797226,1.9866820556645484,0.9653027653694153,0.09638010324880666,0.187381843339978,-5.60034737318883,0.9981731176376343,0.730311162780332,0.13039270633937017,1.803248696065621,0.9837937951087952,0.13285460719573716,0.03577577841959104,-8.037447488249745,0.9979580044746399,0.7813824058321387,0.10821423350742841,1.8383172232509333,0.9737476110458374,0.1380003483497621,0.011613619893263481,-8.681164928171441,0.9944443106651306,0.38232687940805343,0.4973660423568508,1.073667096230633,0.9998342990875244,0.2643967940770963,0.4947491829528161,-1.0763821156706623,0.9999064803123474,0.44619012247312123,0.6924645021216858,3.261599685251254,0.979082465171814,0.16866224912017744,0.7165108271145779,-1.0917929428603923,0.99850994348526,0.41738404063253787,0.9000479303241538,6.03921729866819,0.9895480275154114,0.025418788674789475,0.9151352691732502,-0.06280084059595274,0.9980232119560242,0.38363905414628613,0.9450044501467226,6.254784840404134,0.979453980922699,0.014100720198188229,0.9338831660437935,-0.018093641103420502,0.9687050580978394,0.5339671408066697,0.9332635774292684,5.465977857892729,0.9893444180488586,0.034654968892562726,1.0,-1.4907703425758838,0.9949198961257935
71,2.36563768115942,0.42740158183391735,0.03223227178897946,-3.057668691246784,0.9999709129333496,0.4341276489715123,0.1369447419964869,0.8579654938899031,0.9998121857643127,0.2239152606641361,0.12093165245505828,-2.9952467199044417,0.999929666519165,0.5832016948349825,0.18774623206605828,2.422369754711408,0.9639025330543518,0.10210071574379946,0.18722647543161972,-5.665519493278533,0.9982836246490479,0.7196734371780743,0.14779537817800414,2.519035869048016,0.9845495820045471,0.14594995555070217,0.035149545416564044,-8.114973605809519,0.9980970025062561,0.7672564783305524,0.12693627445804892,2.6296635501665704,0.9738565683364868,0.1573167888029398,0.01318676301003692,-8.691876751810046,0.9947506785392761,0.38082933611421727,0.4995121889416421,1.1374464447260255,0.9998424053192139,0.27590618799986605,0.494659839946329,-1.1404687274403578,0.9999121427536011,0.43184168508539783,0.6950383000006334,3.2863027617034124,0.9789143800735474,0.18604415729289744,0.7157462730915383,-1.0396331307084137,0.9985266327857971,0.40343678893566925,0.9017560413790232,6.1023994598049045,0.989841878414154,0.03168162538125791,0.9126924690793067,0.1326902859098112,0.998100221157074,0.3705189693072093,0.946326846983707,6.329825876341025,0.9798787236213684,0.014369004704625191,0.9312466044627878,0.1915056521184482,0.9693706035614014,0.5196154585215804,0.9340964273744928,5.444984716958921,0.9896021485328674,0.04040315980661312,1.0,-1.2992149783780647,0.995119571685791
72,2.39895652173913,0.42217864400231514,0.03842721276175554,-2.811490151030146,0.9999735355377197,0.4226184031186386,0.14410405629971873,1.2488061675949225,0.99982088804245,0.22518970195063598,0.12400055972612269,-2.9502451582598677,0.9999328255653381,0.5596707256403127,0.19757780558822025,2.683745225695797,0.9632459282875061,0.11165864668343688,0.1801082472910299,-5.893497083732059,0.9983609318733215,0.7031982688299339,0.16105663533855094,2.5394939386964976,0.9854529500007629,0.15585332873369878,0.033649875962149196,-7.8999446324235665,0.9982168674468994,0.7504409282100888,0.14114001390681996,2.6071544024569966,0.9745438098907471,0.16797017623818722,0.014759906126810357,-8.508230207362015,0.9950157999992371,0.3708011697652448,0.4942430825321444,1.2868188801655467,0.999843955039978,0.2729217619669937,0.4882905367075658,-1.2894496504746484,0.999911904335022,0.41174840910319965,0.6963642862598628,3.037700446571695,0.9773362874984741,0.2025611427046211,0.7071922528532782,-1.5845155553144554,0.9984689354896545,0.38084056762559937,0.9046086635483639,5.241496251130884,0.9895610213279724,0.03539776107152778,0.9019262228690809,-0.5848047868077935,0.9980910420417786,0.3469801948321739,0.9499057110889924,5.39112810992682,0.9791895151138306,0.014637289211062155,0.9169499770557855,-0.5470422209776304,0.9690088629722595,0.49668726789741663,0.938554470116944,4.560528244718547,0.9893156886100769,0.050669782811156104,1.0,-2.0657720535918913,0.9951837062835693
73,2.4322753623188405,0.4035633376554356,0.04376025879021825,-2.1382803692631795,0.9999759197235107,0.3978758479830768,0.1480066871011297,1.9955019744947182,0.9998317360877991,0.21826882682462437,0.12458498141396755,-2.2381295284067773,0.9999364018440247,0.5270742146154545,0.20409092194759584,3.248219781956408,0.963397741317749,0.10834949779751421,0.17653911254486473,-5.07173309744434,0.9984501600265503,0.6674409333359136,0.17509426996416771,2.894390644735061,0.9862251281738281,0.15417186088090498,0.03580344210045238,-7.245155468322487,0.9983172416687012,0.7117786170562761,0.15999833269072453,2.9510286603227156,0.9749261140823364,0.16410330767364206,0.016333049243583794,-7.840351710467252,0.9951910972595215,0.3517061486495539,0.4729343601179621,1.4229203372678276,0.9998320937156677,0.25958403610915515,0.46715296520533955,-1.4250722070787691,0.9999049305915833,0.373794781024234,0.6831984946579113,2.46340914218918,0.9732480049133301,0.21723116498769615,0.6871877702864645,-2.338088656300166,0.9983478784561157,0.34956514489959667,0.9053378013252131,4.043280363968771,0.9888610243797302,0.03434442739091407,0.8910090645055161,-1.6792376033176015,0.9980581402778625,0.31548433101448325,0.9505248600278975,4.110169636823979,0.9778504371643066,0.01490557371749912,0.8988033780876854,-1.6847812447028279,0.9688387513160706,0.4677336056605149,0.9397184331461084,3.1439555994187165,0.9887126684188843,0.05504228564282958,1.0,-3.2811308480374906,0.9952490329742432
74,2.4655942028985507,0.38935551364795284,0.04954273404428934,-1.5632924844517977,0.9999775290489197,0.3708903733143425,0.15048178385664926,2.4333173930544367,0.9998418092727661,0.21326874229857037,0.12609913980761794,-2.253180207969965,0.9999366998672485,0.49763714797026765,0.21122153900557122,3.637340518879218,0.9611924886703491,0.10313849849699111,0.1734356771211462,-5.313503815829579,0.9984275102615356,0.6394004562271117,0.18469171403272175,2.987155761479783,0.9866536855697632,0.14369176961531224,0.03295408327526953,-7.7710550507099825,0.9983327984809875,0.6794798250882765,0.17189907598530796,3.002144833176728,0.9748659729957581,0.1555397403979299,0.01790619236035723,-8.43533205174467,0.9951649904251099,0.3302304357124596,0.46722139552080083,1.6309461279180604,0.9998065233230591,0.2528617190978999,0.4640750302226636,-1.6328305245591725,0.9998815655708313,0.34703330734940946,0.6777585405846732,2.4404330083769468,0.9635335803031921,0.22223553415727762,0.6846021248413395,-2.5771741439402818,0.9979636669158936,0.3211920198553562,0.9059396953162463,3.8340177148163623,0.9855356812477112,0.03687008099253577,0.8920485463909525,-1.8403629956423957,0.9977655410766602,0.29077330773653426,0.9506966440131601,3.876837961011318,0.9730371236801147,0.015173858223936082,0.90078762128947,-1.8403518618365398,0.966852068901062,0.4451626838494809,0.9401300324811872,2.8606070684872376,0.9858938455581665,0.0777917125588064,1.0,-3.4896761919540835,0.9948167204856873
75,2.498913043478261,0.373227128684026,0.05525228414666059,-1.2997676308606085,0.9999790191650391,0.34407017202012447,0.15255403678019358,3.0779259526657907,0.9998524188995361,0.20943918589656102,0.1302708873564675,-2.694854572576065,0.9999358654022217,0.46363463454978754,0.21905000492139054,4.731297029581995,0.9587362408638,0.10374091066872065,0.16800779223120063,-6.309604648290714,0.9984254240989685,0.6088514110548627,0.19501153007299502,4.484401982455572,0.9871370196342468,0.14630543168959673,0.027777671424167965,-8.91756758267401,0.9983752369880676,0.6472957474178603,0.18675543351266122,4.658590142805205,0.9751185178756714,0.15565672172714126,0.01947933547713067,-9.642275346728027,0.9952376484870911,0.30831395750545637,0.46572724163155965,1.925553458489039,0.999758243560791,0.24427585728356085,0.4645832171215619,-1.9269558763987984,0.9998165369033813,0.322963090630927,0.6744693630624985,2.180616111552202,0.9516036510467529,0.23267097679559923,0.6782698193175213,-3.2030506368286855,0.9975488185882568,0.292088271192359,0.9070886225519615,3.2537662381461123,0.9803822636604309,0.049172850016454696,0.8945839905250126,-2.4976100402197217,0.9973393082618713,0.26390716943820575,0.9527804501985608,3.2445998033256593,0.9645891785621643,0.015442142730373046,0.904538334981945,-2.498083555900548,0.9653093218803406,0.41480042097180353,0.9406659952056055,2.1080572793592993,0.9813933968544006,0.09640518188558352,1.0,-4.212116221661627,0.994250476360321
76,2.5322318840579707,0.345552756404555,0.05669570728563965,-0.9645575702848705,0.9999790191650391,0.2977243236143172,0.1520618918006735,3.7923041235538366,0.9998587369918823,0.18343665715007684,0.1283299474535809,-3.348322204937406,0.9999303817749023,0.418179553134555,0.22904713745415223,6.405507699753969,0.944995105266571,0.10043257583477301,0.15616211462670604,-7.642061605025962,0.9982190728187561,0.5647738725138228,0.20646454662883595,6.870305390543851,0.9867480993270874,0.13846538068028208,0.024918641697742362,-10.66241977748026,0.998328685760498,0.6031587342444679,0.1962016496076837,7.232330425876615,0.9742600917816162,0.13865716539134154,0.021052478593904106,-11.51933089602516,0.9952071905136108,0.27526230505667254,0.4690879682777721,2.3558695041732967,0.9997044205665588,0.2089939725646552,0.4670810614364888,-2.3570770566347474,0.9997273087501526,0.29269162420327766,0.678226604002858,2.5049497528214606,0.9390515089035034,0.21205115986751777,0.6817463482270812,-3.933295082718806,0.9970356225967407,0.24858573501078202,0.9101457999678395,3.915383895571727,0.9754037261009216,0.05713782523441499,0.896793672989397,-2.9707390192848697,0.996860921382904,0.22089228190232058,0.9551592502254472,3.9268213298863985,0.9572906494140625,0.015710427236810008,0.9049109491046023,-2.956878153839351,0.9639530181884766,0.3708358243944733,0.9450795971343029,2.6269319792465153,0.9775909185409546,0.10435674076726845,1.0,-4.896324478458985,0.9936656355857849
77,2.565550724637681,0.3077181265684242,0.06873216901999439,-1.0272467362224542,0.9999719858169556,0.24364002754322894,0.15977498008175245,5.67952319314712,0.9998363852500916,0.17090425014673247,0.13817740318037494,-5.272332061706922,0.9998903274536133,0.36692458080008583,0.2510250964117448,8.891617869891668,0.9097661375999451,0.09174943598810174,0.1368963807853719,-11.033496580811208,0.9974021911621094,0.5156881873477992,0.2192738548429133,8.232560208260718,0.978113055229187,0.12944476303841643,0.02241676052359986,-14.21636968091428,0.9976209402084351,0.5514803441186226,0.2117332925182351,8.484430561863915,0.9629160761833191,0.12238686864725105,0.022625621710677543,-15.372266790286783,0.9940472841262817,0.22781589946118036,0.4739615764065834,3.6812327366331137,0.9995651245117188,0.1804044361586804,0.4725276714530028,-3.683679338257241,0.999550998210907,0.256828019363809,0.6804956435143099,4.508602366909723,0.9252790808677673,0.19964210976306282,0.6867953332468449,-5.107417195019439,0.9965806007385254,0.20070399082078033,0.9079576213028819,6.850463901129237,0.9690062403678894,0.0585486240801808,0.9049323452613832,-3.810342875129782,0.9964236617088318,0.1738290356411889,0.9495046605102088,6.9041124952050374,0.9503030776977539,0.015978711743246974,0.9185251422475024,-3.8417740018237394,0.9633861184120178,0.32146189145489196,0.9416037362988797,5.111311340595581,0.9733351469039917,0.12430634253166092,1.0,-6.69067814223792,0.9929879903793335
78,2.598869565217391,0.254767689077509,0.020803063572939588,-0.33568862187610127,0.9999046325683594,0.1756727475069752,0.10907748072519864,8.82069777700021,0.9997439980506897,0.1275195875577223,0.09171885781752166,-8.652188773853792,0.9998000860214233,0.28289054272174774,0.21151419400229896,13.220274307183983,0.854152262210846,0.11921890502312521,0.09878592108096465,-17.31306753045647,0.9948413968086243,0.4581681777892807,0.18990165427501632,11.58810160844629,0.9582210183143616,0.17275547195977922,0.013046767744678665,-22.27278386265923,0.9950211048126221,0.4980793316153979,0.17992672583225328,11.877021906017857,0.9431570172309875,0.17869015428882437,0.02419876482745098,-24.15833708853657,0.9908931255340576,0.15383337485991314,0.4364403764319366,6.0270029026136545,0.9991686940193176,0.15070980928751646,0.44439330589483284,-6.031561178271548,0.9991536140441895,0.1855306306551775,0.6642272491901703,7.946729677907222,0.8913618922233582,0.16654807347935066,0.6777885118844028,-7.683057433090012,0.9952428340911865,0.12624076161736053,0.9001206925809336,12.875797959779101,0.9492864012718201,0.046653774667695595,0.9196058126058705,-6.839918826169043,0.99540114402771,0.08870065146193139,0.9320169192263843,13.036705631223443,0.9333544969558716,0.016246996249683936,0.9430506678193649,-7.0162232196754415,0.9628679752349854,0.2526864601351292,0.9343887009651409,10.522088735728131,0.9619861245155334,0.1425524964752637,1.0,-11.183767477491141,0.9915461540222168
79,2.6321884057971014,0.1938949168634713,0.016157691632281715,-0.19291226698426742,0.9998839497566223,0.10737381395329708,0.1060939659447513,7.646888532675544,0.9996814727783203,0.051352639441926945,0.07962283555940974,-6.645349497638873,0.9997187852859497,0.21071241133509871,0.2283235636233022,11.68977934517068,0.806102454662323,0.04360587610886822,0.09419832147852669,-13.729466370027968,0.9926137328147888,0.3770550135232163,0.19622734607331938,10.861157779927444,0.9494348764419556,0.12526570026031927,0.013656198850168317,-17.89027321784547,0.9925269484519958,0.4255985056101313,0.18246009993757176,11.313203946710974,0.9347460269927979,0.13753112844855725,0.025771907944224418,-19.38766797367422,0.9875049591064453,0.09509180968314883,0.4334008549020771,4.852847342371399,0.9987659454345703,0.08282943498368378,0.4375228154811632,-4.856435321662381,0.9986379146575928,0.11227266931875668,0.6691437730826614,5.491673100480978,0.8607754111289978,0.1197741564924213,0.6786462301440661,-6.3251277517740565,0.9939870834350586,0.053548721030648436,0.9073330966152513,7.566742579562896,0.9333304166793823,0.03984198382548303,0.9314075498943181,-5.161936546464142,0.9945037364959717,0.016717975664068383,0.9415224495610393,7.543088065495836,0.9205271005630493,0.016515280756120902,0.9648194472088557,-5.2781322626338145,0.9624307155609131,0.17493050820397654,0.9432338988602261,5.408568258770133,0.953252375125885,0.1341623202227327,1.0,-8.660956580190815,0.9902527332305908
80,2.6655072463768112,0.1709407565146865,0.04936386676452406,-0.06762024028476064,0.9998801946640015,0.09177425555479231,0.1455846074677716,6.575783190719414,0.9996256828308105,0.03175200866736806,0.11190991818303432,-5.0076614714189045,0.9996280670166016,0.17702659382799518,0.2611631530805191,12.035806752727881,0.7613617181777954,0.006724380829112333,0.13371500122321733,-12.285730675775994,0.9910238981246948,0.33512519598591917,0.2324865415972205,14.199964379934482,0.942706286907196,0.05072923031313157,0.02001231653247434,-17.48716255447313,0.9919989705085754,0.3824079062015308,0.21555480435152016,15.052506017735023,0.9278441071510315,0.034791974730621046,0.027345051060997855,-18.993008167345106,0.9869095087051392,0.07842479744606698,0.4556026363646224,3.961173444540846,0.9983741044998169,0.06602065128184735,0.45579835112722794,-3.959090555483655,0.9980934858322144,0.08782796383133341,0.6822357519291281,4.042546202785658,0.8130667209625244,0.11915624521709997,0.6908128549890996,-4.573307309424679,0.9897554516792297,0.03759350381246091,0.9190503736537079,5.282329661190152,0.8949365019798279,0.06091989553845061,0.9395751157838413,-3.8806232479896994,0.9911069869995117,0.016717975664068383,0.9464228427087213,5.2311062623942295,0.8923825621604919,0.016783565262557865,0.9712253503643742,-3.91799486545993,0.9574359655380249,0.14006711425572352,0.9648172585712582,3.51775884647754,0.9279943704605103,0.14767359742774885,1.0,-6.5858828824887405,0.9852061867713928
81,2.6988260869565215,0.17620659468328745,0.053636803745249824,0.01896895364639483,0.9998883008956909,0.10384102510909174,0.15836756897268633,5.748558591381135,0.9995753169059753,0.04055064894161494,0.11723710285804448,-4.472653920725598,0.999588668346405,0.17658866519746894,0.2695679457220177,12.173200388948839,0.7115116715431213,0.05743443844353245,0.13235501469647182,-11.304186562961908,0.9884160161018372,0.32125532695043074,0.2478141353985755,16.345986248735084,0.9238541722297668,0.07511964122284377,0.026415058611810118,-17.298792208439135,0.9916955232620239,0.36891131296051377,0.2277605868018247,17.443672965209487,0.9111751914024353,0.056159751495968455,0.028918194177771292,-18.787760808294006,0.9869974255561829,0.07963455698366596,0.46073635222970444,3.394446749714516,0.9982230067253113,0.08214294338950597,0.4605108011921607,-3.394162539041823,0.9980284571647644,0.0797390630967043,0.6878954895724891,4.470231381988942,0.7691484689712524,0.16082669848350484,0.6999670242465568,-3.9527143115705403,0.9851187467575073,0.03230029879520152,0.9162046735445352,6.510035990328107,0.8673242926597595,0.12442777060596588,0.9497474205895857,-4.256905470884614,0.9890598058700562,0.016717975664068383,0.944809746441444,6.568633800572466,0.8742101192474365,0.09163046854153271,0.987896945706977,-4.408059503452784,0.9566277265548706,0.12992285063913217,0.9571518944219801,5.196137592371612,0.9071285724639893,0.22473074844893215,1.0,-6.759308597393898,0.9808732867240906
82,2.7321449275362317,0.1822964632051541,0.06635609198435252,-1.381661635010148,0.9998987913131714,0.1188572673039931,0.17210815386752393,6.123389465213801,0.9995704889297485,0.06678267525970029,0.1296869877271046,-5.147723724300314,0.9996148943901062,0.17618651449736172,0.28707335099419606,14.562126068455058,0.6591727137565613,0.05654780807982992,0.14951726075871677,-12.555501793001493,0.9882988333702087,0.3076248569956378,0.26428854565412974,21.30443468945006,0.9070388078689575,0.09277069559602398,0.025376210112469686,-19.900833232478327,0.9919771552085876,0.3505111288900096,0.24714084332204858,23.071080657894335,0.8974896669387817,0.07671166686942174,0.03049133729454473,-21.439678908056,0.9875534176826477,0.08784507677110492,0.4685306504514604,3.7532333466035634,0.9983218312263489,0.09862433983727088,0.4690573212709133,-3.754610894288296,0.9981927275657654,0.07735485046158733,0.6918345875492158,6.086553259548398,0.7571725249290466,0.19103503932571955,0.7062514479163977,-4.411041394846029,0.9856247901916504,0.034654928103288456,0.9142639698489523,7.318832119407402,0.8642861247062683,0.17041369656091757,0.9559267394627284,-5.542755755079232,0.9896425604820251,0.016717975664068383,0.9460101553997969,7.584208412066396,0.8753468990325928,0.13451960903465562,0.9949113696436843,-5.771301999693381,0.9599575996398926,0.12938170299251714,0.9463923078409257,7.892460656497676,0.8977121710777283,0.275475957926127,1.0,-8.308509965729641,0.9807839393615723
83,2.765463768115942,0.1806317880661929,0.10797532696646465,1.0662056598107608,0.9999069571495056,0.11045585348730626,0.2084371579110865,9.613016081983615,0.9995607137680054,0.10720322465068706,0.16613659486772162,-7.643923266906108,0.9996371865272522,0.17263605191816458,0.3156174053374966,20.367988359999714,0.610503077507019,0.15050988600706186,0.10738073497157187,-18.126866952623747,0.987472653388977,0.29516097404057984,0.3049649839491699,27.840662069012424,0.8604393005371094,0.11455987859014904,0.021689148116030944,-26.94727083935202,0.9922555685043335,0.334778439299073,0.2964563713759201,29.908469103484332,0.8553308844566345,0.10470557784509002,0.032064480411318166,-29.368492434054744,0.9881956577301025,0.08945230519565726,0.4925018221276752,5.649549576304278,0.9984296560287476,0.12059872113725545,0.4923587776432059,-5.6510947030624985,0.9983472228050232,0.07964975952194758,0.7019367434762985,8.68009469571115,0.7306602001190186,0.20798504723340142,0.7180220394381529,-5.714455519577438,0.985663115978241,0.03666956622717468,0.916754417512159,11.235965326364797,0.8513996601104736,0.21446259707736462,0.9603291464850986,-7.678243266708871,0.9898846745491028,0.016717975664068383,0.9489629669093054,11.451987055963215,0.8698119521141052,0.18481150284900685,1.0,-8.010913438267789,0.9628574252128601,0.1269449403757925,0.9435440588838678,10.092559578425115,0.881685197353363,0.3289765775356859,0.9926387280889922,-11.830033379188489,0.9800850749015808
84,2.798782608695652,0.19680424728068152,0.12206084020198349,2.4625119493560317,0.9999065399169922,0.10338633526050879,0.22402145064035864,6.97601479854002,0.9995414018630981,0.14993472398881813,0.18404439387176308,-5.312257394229013,0.9996538162231445,0.17057468730791833,0.33101397907147934,13.218564768384173,0.5636918544769287,0.22916087361853052,0.10131718178137802,-10.265812459168988,0.9850456714630127,0.28332604854079235,0.32938942248123054,17.85712200799155,0.8083140850067139,0.16651555967636525,0.01789171183495719,-12.013122432829544,0.9922131896018982,0.3168776532528567,0.3246315400522605,19.268660411310872,0.808086097240448,0.15618525267923183,0.033637623528091604,-13.207027398457566,0.9885002374649048,0.09309258106273452,0.5070418802318264,3.8829184515977646,0.9985505938529968,0.13838635845110658,0.5067430528147091,-3.8826520869227568,0.998492419719696,0.07977919017107371,0.7121671348590685,5.56326425597328,0.7041163444519043,0.22625100575413942,0.727579716575557,-3.4172257112601314,0.9855594038963318,0.03500637299713297,0.925199941603866,6.904171926263239,0.8427505493164062,0.2540185440854368,0.9643832173398528,-4.9295179027221625,0.9900441765785217,0.016717975664068383,0.9592698009606206,7.002772749929744,0.8654896020889282,0.22392421577680657,1.0,-5.1533492684510165,0.9653542041778564,0.13525573818212655,0.9492224192564122,5.9040621097343005,0.8715996742248535,0.3682681283663637,0.9921350744097935,-7.894850993487847,0.9795270562171936
85,2.832101449275362,0.2091170591363394,0.1290358472299868,2.278114196203435,0.9999022483825684,0.10746135071380845,0.23092962816509632,5.42866857578618,0.9995049834251404,0.17646900012271777,0.19157065135875867,-3.7359097419294334,0.9996704459190369,0.19622569165109965,0.3350823981783226,9.816859029999284,0.5154882669448853,0.28375543707986195,0.09770708627060636,-4.280323112742833,0.984635055065155,0.27515090197575637,0.3504715362903776,12.108704315310389,0.7582665681838989,0.21031325761191177,0.017454560329429103,-0.051754397132348064,0.991365373134613,0.3061303262929682,0.34684378025334406,12.945498007115647,0.7661972045898438,0.19890366653485864,0.03521076664486504,-0.27179769715708485,0.9871922135353088,0.10081124640368697,0.5132146334146906,2.9652403726631813,0.9986754655838013,0.1530387379157065,0.5127819032165696,-2.9655558404920823,0.9986320734024048,0.08241012285414309,0.7157817804987796,4.082638750636995,0.6903190016746521,0.23692436493543675,0.7292944817900435,-2.3639380944019064,0.9861977696418762,0.03347174082002754,0.930431339396501,5.160094576232955,0.8405280709266663,0.3074372434857306,0.9616588172732106,-3.5049049056691657,0.9903596043586731,0.016717975664068383,0.9653171164046414,5.274656083243374,0.865189790725708,0.29271656281105546,1.0,-3.769025282140606,0.9677672386169434,0.13469935504983702,0.949453905834549,4.494983008118318,0.8629404306411743,0.4065450033406509,0.9724351845539206,-5.206950988830496,0.9791066646575928
86,2.8654202898550722,0.22583360362271598,0.14025649226499495,2.284010084298186,0.9998990297317505,0.10825600262744924,0.24087937226661132,3.6685884565416367,0.9994886517524719,0.2140757467993546,0.20546888383488943,-2.2934854103136293,0.999687135219574,0.19766214192567694,0.34595547135566623,6.921391815958282,0.47247204184532166,0.3237990499999892,0.11816374743386295,-1.5889586960559323,0.9834677577018738,0.25601315960013077,0.3856266447082068,8.65508778428589,0.7088165283203125,0.27033656240482107,0.02194013611407916,3.129316648054457,0.9891823530197144,0.3054996527614332,0.3826204679241195,9.300437592688391,0.7255375981330872,0.25580821254138436,0.03678390976163848,3.2735285433188968,0.9838258624076843,0.10573129559857115,0.5221694253379048,2.0546507564245116,0.9988014698028564,0.1760576912536505,0.5239876184893844,-2.0583252653646604,0.9987645149230957,0.08191761880534887,0.7220450384864139,2.917327747968552,0.7108592391014099,0.25622358767617975,0.7353678869560601,-0.5163966600377939,0.9871693253517151,0.03265853412664073,0.9348767018290047,3.7710273418431446,0.8485593199729919,0.3348688779454826,0.9621117693347184,-0.14273499476478363,0.9909433722496033,0.016717975664068383,0.9708999894893433,3.893229263237138,0.8732962608337402,0.31760399585506127,1.0,-0.10962743234895064,0.9703637957572937,0.13265007616464633,0.9530052202928324,3.348423900955155,0.8524407148361206,0.44099684873746375,0.9713172991008338,-0.9791803060091977,0.9781705737113953
87,2.8987391304347825,0.23037760969648965,0.14172403248405707,2.7066934262774063,0.9999029636383057,0.1120369660908612,0.2407128418094438,3.7029821661483386,0.9994809031486511,0.23370494497130026,0.20878805524069927,-1.5291410629903652,0.9997089505195618,0.1894796098888685,0.3512139674490516,6.832244901304477,0.4390484094619751,0.3607855863255963,0.1344828138102918,-0.807234099115637,0.9832000732421875,0.25601833947912334,0.3873807661878588,8.914255830773756,0.6533336639404297,0.33726719194565363,0.025789347496982584,2.875384156426733,0.9880593419075012,0.2819280168106575,0.392243410186859,9.573270692911077,0.6724077463150024,0.33286098245827095,0.038357052878411915,2.9851181614086992,0.9819415807723999,0.10847067267355184,0.5230323160845151,1.7974484927540022,0.9989157915115356,0.19021998665258724,0.5257579490138616,-1.8018984796388537,0.9988841414451599,0.08466025379013721,0.7202845526747705,2.0076343889136634,0.7256606221199036,0.2699375715206134,0.734032355910872,-0.6597746507928888,0.9877656698226929,0.03189208535431711,0.9321492870523769,2.0593036106231155,0.8548941612243652,0.34671959761448096,0.957776723658414,-0.7974302944151681,0.9913360476493835,0.016717975664068383,0.9671790406378258,2.098202633909662,0.879736065864563,0.33049703027776195,1.0,-0.817169422973468,0.9724705815315247,0.13077502782128927,0.9496817108382086,1.8325022319427005,0.8447971343994141,0.4477592250524695,0.9636702800888259,-1.5469824372149348,0.9776142835617065
88,2.9320579710144927,0.26477356255189277,0.138949746460994,1.312952327416406,0.9998648166656494,0.1186934387669208,0.23577886124067793,3.223388559783742,0.9992424845695496,0.2598794786801096,0.20463870819008828,-1.3749976173553369,0.9997246861457825,0.1397242069194036,0.34581300410380383,5.7773497982239865,0.40211695432662964,0.3991906614719221,0.14566978093579938,-1.8391361547853478,0.9842517375946045,0.20228132820451247,0.3822985538095845,7.750742732633047,0.5917402505874634,0.4197888857899269,0.031447642059627204,0.48894139056784586,0.9883036017417908,0.2110043849091001,0.3911339024543404,8.32974395308124,0.6105826497077942,0.4354956002634302,0.03993019599518535,0.4282555688188704,0.9823083281517029,0.1171848442775164,0.5226615484994198,1.575261162943577,0.9989994764328003,0.2087071728112362,0.5319859623277164,-1.5795104630781445,0.998982310295105,0.08710401070452145,0.7200362444491503,1.778609266838813,0.7339807748794556,0.2898430867606462,0.737879508817679,-0.4146890295150243,0.9880751371383667,0.030609206298151392,0.9333319426435936,2.133101191411025,0.8583391308784485,0.36597670044130093,0.9589053326927581,-0.3182354754343618,0.9915995001792908,0.016717975664068383,0.9685635120585938,2.186667817351256,0.8842063546180725,0.34598144201405623,1.0,-0.3127013058520002,0.9743717312812805,0.13001744278862393,0.9500198977671439,1.9770326483025282,0.8368500471115112,0.44839716125546253,0.9659215948072432,-0.8037754369038524,0.9770764112472534
89,2.9653768115942025,0.2918420265392026,0.12987128904776046,1.0721776536273842,0.9998508095741272,0.1373833460287022,0.22556432860139022,2.58084258209725,0.9991907477378845,0.29131224146645895,0.19762829154358133,-1.9355963214112777,0.9997455477714539,0.12913155533018186,0.3389925179667068,4.794435151786056,0.3855673372745514,0.4368127873763694,0.13962431842699763,-2.043289976477356,0.9856762290000916,0.18528323521794865,0.4154525894480582,6.235733980286002,0.5404137372970581,0.4876708513425692,0.030990037890654083,0.4124707263228224,0.9888868927955627,0.19881115969072888,0.43246152434551893,6.7382830853658,0.5588454008102417,0.5119346602029775,0.04150333911195879,0.37793100372828775,0.9828143119812012,0.132680648403071,0.5180169815715364,1.5105442464155818,0.9990776181221008,0.22869042971878173,0.529149960447999,-1.515982737995345,0.9990741610527039,0.09745596752012482,0.7153762000652595,1.8926826978045264,0.7476593852043152,0.3103055629604333,0.7343739735346351,-0.5202569114008625,0.9886626601219177,0.030875535255030336,0.9315389338821932,2.3690856759224608,0.8652092814445496,0.3752682450910184,0.9571974054756041,-0.32061764102371626,0.9920772314071655,0.016717975664068383,0.9672176076712965,2.509143231825,0.8895822763442993,0.3541317860728093,1.0,-0.3100767244383431,0.9763205647468567,0.12979837437746997,0.9482226574058339,2.6295299396337137,0.8360363841056824,0.45508336866862587,0.9674444412472263,-0.8304976781459257,0.9777278900146484
90,2.9986956521739128,0.30825356953423944,0.09224436891838997,1.473870141007692,0.9998481273651123,0.15703958492413825,0.19170172002753713,2.3779459970219685,0.9991238117218018,0.32257596416645135,0.1630694383667175,-2.1509912809810476,0.9997649192810059,0.1366280813698282,0.31187137972790246,4.41689683690882,0.3882731795310974,0.4838254613155101,0.1297400704908165,-2.1926378684827745,0.9870173931121826,0.17974411140890398,0.3913891770857079,5.710325551661314,0.49357283115386963,0.5761837569581326,0.02928160173390477,0.2260762562337486,0.9885978102684021,0.19066568296156505,0.41287395753934575,6.165574792339547,0.51087486743927,0.6143717911771251,0.04307648222873223,0.1961545520632753,0.9811661839485168,0.15674743899741764,0.4996685768022325,1.5375142497842247,0.9991415143013,0.2561173500723177,0.510513631250491,-1.5434118332110311,0.9991548657417297,0.11325708637807642,0.7026986767747724,2.2576029200570056,0.7581251263618469,0.333405624641043,0.7233958743697809,-0.6154047957783401,0.9892719388008118,0.03225190291020808,0.9276447016546031,3.058878365220359,0.8718327283859253,0.3936486954852418,0.9547169285943738,-0.31742030555109496,0.9925874471664429,0.016717975664068383,0.9647665900061869,3.169893146955312,0.8952829837799072,0.37305563359444976,1.0,-0.2962483945804295,0.9782623648643494,0.13055210260174,0.9449025912358939,3.111631517923443,0.8362472653388977,0.4781456509873762,0.9671299045369889,-0.8607889546941376,0.9785752296447754
91,3.032014492753623,0.360075259864307,0.029909174194210887,1.227362114401993,0.9998598098754883,0.17540623732604244,0.13896180766429908,2.0835282518443514,0.9991227388381958,0.37368753791186227,0.10515938793305103,-2.055759786391994,0.9997842907905579,0.12260585489648583,0.2723596682972283,3.997784541851188,0.41784802079200745,0.5504682225000993,0.08878522654617577,-2.4899538653351985,0.9882951378822327,0.17254020068568804,0.34150265050728607,5.471509163107182,0.45561546087265015,0.6897915926435724,0.009257201235709674,-0.9351315559202094,0.9892738461494446,0.18395142086103222,0.363069303096667,5.910359759946664,0.470457524061203,0.7400190971996723,0.044649625345505664,-1.1423764759572463,0.9817996025085449,0.1803058125432379,0.4664560212686382,1.3849789008116988,0.99919193983078,0.2889891752187493,0.47658668996075076,-1.389868976356404,0.9992238879203796,0.1266391854095064,0.6827899537464659,2.155625747740518,0.7778605818748474,0.37157982956004215,0.7060526785060728,-0.6195006107128475,0.9901625514030457,0.034539140458495446,0.9232897584893743,2.9152967430865204,0.8819670081138611,0.42144777458506505,0.9523974499678739,-0.3981265845236635,0.99322509765625,0.016717975664068383,0.9631348298471314,3.0012728138200955,0.9036361575126648,0.39882963494025214,1.0,-0.3877862647267586,0.9802515506744385,0.1300377634620266,0.9395771254587207,2.896230412316584,0.8434083461761475,0.5125713519911793,0.9670857360111983,-0.9306465852114405,0.9800655841827393
92,3.0653333333333332,0.3913528904275555,0.029909174194210887,1.1209253250381555,0.9998725056648254,0.19423445912922502,0.1107929907339409,1.9051491234068454,0.9991470575332642,0.4099001088732998,0.0738087861709265,-1.9760504537959793,0.999802827835083,0.12476481253205672,0.2540882855248845,3.5963259114779267,0.45162200927734375,0.5874650113025888,0.0832325177315495,-3.3161822982512286,0.9894422888755798,0.19183564762499666,0.317246250464964,5.042346953979135,0.4220186173915863,0.7521541234189338,0.04399433889041846,-3.460822990528417,0.989512026309967,0.20902270483960192,0.34093487584769416,5.469965552946532,0.43433451652526855,0.8077136078537767,0.04622276846227911,-3.7277026164183678,0.9817172884941101,0.19661515025069048,0.44890265982051764,1.314149910492642,0.9992342591285706,0.3125034290307659,0.4603006322503552,-1.3185117665030643,0.9992843270301819,0.13895193971147318,0.6704374260398961,2.144708886198984,0.7981069087982178,0.39331328933771514,0.6983799371122049,-0.48906482038822535,0.9910100102424622,0.03889867333630977,0.9183718282409185,2.855982695118567,0.8922424912452698,0.4329054448226795,0.9513379637622545,-0.18347196121601422,0.9938250780105591,0.016717975664068383,0.9583865409850341,2.933951212760028,0.9119605422019958,0.4109626679847568,1.0,-0.15644314371169854,0.982074499130249,0.13294918541329323,0.9381100843453483,2.8787502061706953,0.8526149392127991,0.5279385472385796,0.9679927347332,-0.5828003354418291,0.9814999103546143
93,3.0986521739130435,0.4154087322876113,0.029909174194210887,1.16459883541569,0.9998834133148193,0.2020108651001912,0.10913756768602542,1.6062855152861881,0.9992004632949829,0.43023501171076933,0.07617761095763036,-1.8372340016627162,0.9998185634613037,0.12385203352438819,0.25839564164276113,2.595820514841234,0.4945520758628845,0.6045686702626218,0.1159007120607105,-3.027614396451736,0.990466833114624,0.1958862318228782,0.33538560479602036,3.410844030087079,0.39984673261642456,0.7577250125348581,0.09820091184861801,-2.96726564534904,0.9890796542167664,0.225384952339775,0.3504526746478346,3.69949772426052,0.4073815941810608,0.8134278650306548,0.12085773891982271,-3.151894179638032,0.9803510904312134,0.20810987968934,0.4480451111024454,1.222197321832834,0.9992650151252747,0.32989367739610137,0.4624568220989076,-1.227094601763682,0.999334454536438,0.14554626678292254,0.6676876281802037,2.1627946854058115,0.8172268867492676,0.4045021121535688,0.7005406300405242,-0.4090601069744004,0.9917822480201721,0.042712095289404756,0.9131794016155927,2.989425108457476,0.9021887183189392,0.431444642873594,0.9520257883015478,0.07024109613888377,0.9943692684173584,0.016717975664068383,0.952271121945839,3.0818630629446786,0.9199153184890747,0.40882081721596036,1.0,0.12405853300530563,0.9836916923522949,0.12874671736895318,0.9350279780052836,3.0821547680493797,0.8628949522972107,0.5340164436641893,0.969480191769132,-0.2164732020504318,0.9827787280082703
94,3.1319710144927533,0.432945262516092,0.029909174194210887,1.1876491656150836,0.9998899698257446,0.2121682099330604,0.10982276157336138,1.4680100071547946,0.999213457107544,0.44825740678205395,0.0795957080684363,-1.7910589453297958,0.999832272529602,0.12587646173776143,0.25672723295842154,2.371153173286171,0.5306564569473267,0.6304086412478345,0.16230735269343152,-2.860044376030721,0.9913972020149231,0.20326600312231397,0.3282390093257726,3.2649128956378273,0.3722880780696869,0.8051739941195829,0.18825890454311595,-2.7890206429155415,0.989143431186676,0.2295696424796356,0.35312444828468464,3.5489064872771294,0.376697838306427,0.8554251406140011,0.20581516466657893,-2.9929059069670747,0.9798651933670044,0.22012882260573544,0.44610636427216005,1.182917583886434,0.9992345571517944,0.34314173189167724,0.4630484918455371,-1.1877615159759978,0.9993618726730347,0.15339876840092914,0.6654195006469671,2.23977647108662,0.8336551189422607,0.40880491548510656,0.7060126140274795,-0.416167822227278,0.9924342632293701,0.04552038104253764,0.9070486454102463,3.213138347499188,0.9109517335891724,0.42687364731086214,0.9529889930979228,-0.14937991902065273,0.9948471784591675,0.016717975664068383,0.9456577936741948,3.312428741666068,0.9269326329231262,0.4032957815420775,1.0,-0.11915928025604748,0.9851211309432983,0.1256206047469175,0.9291168791609911,3.304357290117518,0.8716012835502625,0.5298320916397401,0.9742977382292524,-0.5128783695736051,0.9838804006576538
95,3.1652898550724635,0.4515617455615844,0.029909174194210887,0.7333742597619861,0.9998875856399536,0.2241624028003613,0.10681033429721844,1.0523636469644928,0.9992156624794006,0.47043759860689366,0.08990996294038442,-1.9774371454134674,0.9998458623886108,0.12824567983821383,0.25224430224971256,2.4228673465765476,0.5588072538375854,0.6528760329457403,0.21468840744569723,-2.9668615709872923,0.9922274947166443,0.2041128230529661,0.3181871285235176,3.4997996807304212,0.3401654064655304,0.7941309607944473,0.2761241510750318,-3.08711886988118,0.9887934923171997,0.23068141630449396,0.33896759339054183,4.058520839903394,0.3432053327560425,0.8364041390284223,0.2965998374810694,-3.319112388746286,0.9784706830978394,0.22939130581406117,0.44407533935921595,1.1162668598651417,0.9991615414619446,0.35644855250198837,0.4659898488741295,-1.1193807013808659,0.9993760585784912,0.15602070896110162,0.6646193220035785,2.3591291215675243,0.8469599485397339,0.4108089098002186,0.7096324636730128,-0.40731754881418986,0.9928662180900574,0.04692307823963561,0.9029417523861369,3.526503324076962,0.9182116985321045,0.42703392555735376,0.9532480743902861,0.02116798260673563,0.995202362537384,0.016717975664068383,0.9415858609671404,3.6431976548832137,0.9324910640716553,0.4022780288262866,1.0,0.07194861953421205,0.9862116575241089,0.12696723308256092,0.9287691913602405,3.7203516423982155,0.8784206509590149,0.5243855414568752,0.9757431082699494,-0.1448766059091616,0.984677791595459
96,3.1986086956521738,0.453394192469676,0.029909174194210887,0.41060564022848983,0.999885618686676,0.22828356730904703,0.10505334437922804,0.5865636008842365,0.999203085899353,0.4778955487085463,0.10148231553696731,-1.9185401499061627,0.9998581409454346,0.12696030859055457,0.2491743210643188,2.189859767337967,0.5757071375846863,0.6173088501017798,0.2469789050259287,-2.768553763564045,0.9929553270339966,0.19481658982943442,0.29887830641584645,3.7215768189856004,0.3098348379135132,0.7645118702502897,0.3308968759182768,-2.520188251747313,0.9872896075248718,0.2230773784743021,0.3157949899897109,4.265850407441299,0.31199803948402405,0.799229451021489,0.34893826397613337,-2.7287559940527926,0.9746915698051453,0.23103415770585187,0.445384500167124,0.9716793174515127,0.999090313911438,0.3575214247120684,0.4728063022071929,-0.9736801474192845,0.9993921518325806,0.150002966435073,0.6637662088362669,2.15180907423389,0.8580284118652344,0.4075346307474362,0.7162693147001404,-0.20375386741338136,0.9929247498512268,0.040741984813122856,0.8978330541157794,3.1191876218872556,0.9238833785057068,0.41505120880005986,0.9534202361180686,0.22593076130496942,0.9952913522720337,0.016717975664068383,0.9349947995280637,3.2335267243802734,0.9366498589515686,0.3875478456757571,1.0,0.2770056946476278,0.9867379069328308,0.11584653100509046,0.9198620423479887,3.2926677798509,0.8826021552085876,0.510720709058019,0.9753167193489443,0.11985819472599675,0.9844961762428284
97,3.231927536231884,0.4690428901633499,0.029909174194210887,0.5256880886111829,0.9998930096626282,0.2413552929265292,0.10334974978716839,0.7184494675461772,0.9992414116859436,0.4929080422883845,0.10209857422388634,-1.848307947934262,0.999870777130127,0.14392911524495738,0.2497093439082093,2.2380635418351145,0.5830184817314148,0.6039465313745291,0.25881604822685306,-1.9429707500248061,0.9936015009880066,0.2456363071872187,0.29582370023427557,3.8356783989993453,0.28288841247558594,0.7415881933945392,0.35819226202598137,-0.8774909187828566,0.9847733974456787,0.263096871507249,0.3149632359751871,4.276581431175476,0.2841814458370209,0.777771065174126,0.37918239681159677,-0.8853886487020074,0.9688438177108765,0.24079317426245161,0.4444902726415573,0.9269723006492456,0.9991127848625183,0.37024585593452486,0.4734407207036071,-0.9291286081066841,0.999427080154419,0.1544935084843314,0.6614618382859087,1.9555396253391704,0.8697353601455688,0.41436905171981897,0.7159545000909385,0.08153025511312059,0.9931860566139221,0.04115892698867943,0.8932462174602206,3.044938697054338,0.9297950267791748,0.4154800477476199,0.9535016459636602,0.5645966805558056,0.9954167008399963,0.016717975664068383,0.9310133344350774,3.168685932043655,0.9411859512329102,0.3860984935028823,1.0,0.629636210132079,0.9872825741767883,0.11646602170923928,0.9212828884776305,2.992918309499426,0.8887863159179688,0.5114943717789184,0.9747956940564451,0.547905052682571,0.9845080971717834
98,3.2652463768115942,0.46852229299038217,0.029909174194210887,0.6295709281923724,0.9998970031738281,0.2573787430490194,0.10171349783721767,0.48296510396223297,0.9992722868919373,0.5114562564116556,0.10592042368755973,-1.7981232615244316,0.9998816847801208,0.16071947223165015,0.24776371396244715,2.011149665971982,0.5815256237983704,0.5943392810377683,0.2799749284023818,-1.5000696334847785,0.9941067099571228,0.2517009135884132,0.29013323493734267,3.723849951318292,0.2587912380695343,0.7182438967668298,0.38491430343314115,-0.23510066522165018,0.9778270721435547,0.2727746215864109,0.30642951838919574,4.047123242173185,0.2595263123512268,0.7493805413088485,0.4147166606019172,-0.20550384396065524,0.9556527733802795,0.24880921386312466,0.44403796031639375,0.8831560144666847,0.999121904373169,0.38165757124253075,0.4753930123376638,-0.8856915906231952,0.9994609355926514,0.1631496220007859,0.6560174001783469,1.879946080817819,0.8779479265213013,0.4142271881484171,0.7150039945746204,0.02270453283036794,0.9931374788284302,0.043869303332416176,0.8857769683511879,2.879999318531551,0.9342324137687683,0.4150623130690802,0.9532477944414596,0.4848566257121144,0.9953061938285828,0.016717975664068383,0.9232001272959879,2.9883647808381952,0.9441848397254944,0.38475837094795473,1.0,0.5446294405408545,0.9873422384262085,0.12058579104434984,0.9224834498640723,2.9671328741123806,0.8913396596908569,0.5074539042918791,0.9732818675382224,0.39587272295711223,0.9835108518600464
99,3.298565217391304,0.4912779821722286,0.029909174194210887,0.6932176337373683,0.9999025464057922,0.26684685729767577,0.09719711572072025,0.5158297147939285,0.9993129968643188,0.5229518664512522,0.10262594586316984,-1.6688647616714822,0.9998921751976013,0.17428613242762991,0.24456515197958734,1.9651025503811193,0.5821401476860046,0.5914048441612884,0.278968976174581,-1.3969043894299051,0.9945878982543945,0.2648997536767314,0.2841077317952149,3.6040126024622077,0.2368604987859726,0.6996055216975231,0.4071674463019628,-0.11068345011645916,0.9732174277305603,0.28845628882331537,0.30030529847266263,3.906471758739068,0.23695287108421326,0.7298271767880973,0.44047972986642103,-0.05931768823809935,0.9460674524307251,0.2534552862704547,0.44032825859769104,0.8184913369916272,0.999130368232727,0.3887995383391323,0.47232249884828065,-0.820971161832882,0.9994885325431824,0.16586904175664674,0.650984332774823,1.5683180798124101,0.8847176432609558,0.417622612983098,0.7141685943082142,0.1023134711486865,0.9926604628562927,0.043832430523598906,0.881515921384491,2.3344657439032286,0.9377155303955078,0.4165794714561805,0.9535791137125417,0.4918765686943775,0.9948139786720276,0.016717975664068383,0.9182256171589932,2.4208256283799634,0.9460859894752502,0.3877771392851939,1.0,0.5470609187511467,0.9866446852684021,0.11994891973968964,0.9236102094964164,2.4309908483943943,0.8934940695762634,0.5036471541455113,0.9734769070975365,0.4465056146741835,0.9816761016845703
100,3.3318840579710143,0.493442578102222,0.029909174194210887,0.667873368654014,0.9999065399169922,0.2735024001516615,0.0939570687915037,0.5358489451875332,0.9993301630020142,0.533273125108692,0.10206071136554719,-1.644687818299282,0.9999009966850281,0.18593212118845714,0.24201086137020958,2.1366453345375183,0.5749884843826294,0.5928002771213798,0.28024772925128166,-1.4859890754402028,0.9949765801429749,0.27723459938004746,0.25994822854756083,3.8992775500037955,0.21683672070503235,0.6974020384399309,0.42056547352229545,-0.3767413183696589,0.9678687453269958,0.3006205047729456,0.2714711913727604,4.235432919368434,0.2166387140750885,0.7242608234162942,0.45384919490176806,-0.3507290030478308,0.9362214803695679,0.25836283377931857,0.4387671694907548,0.8215289828489271,0.9991142153739929,0.39395528348042663,0.46991275608617683,-0.8236409837051358,0.9995043873786926,0.170147916233718,0.6456099714375915,1.5517922738973315,0.8895331025123596,0.4173937206884673,0.7130565835722097,0.07759124453585647,0.9922726154327393,0.045006600513398914,0.8747069970579614,2.317812494940795,0.9400773644447327,0.41382913519788306,0.9537527367277534,0.4099351099422482,0.9944560527801514,0.016717975664068383,0.9119693933461583,2.406154410072671,0.9476092457771301,0.3829730515641508,1.0,0.45715317652669457,0.9863640666007996,0.1204190394820902,0.9238888493580201,2.4263765912503916,0.8927778601646423,0.5040958760855397,0.9737971562948655,0.33912180117357094,0.9798473119735718
101,3.3652028985507245,0.49939276536981775,0.029909174194210887,0.6409776004557134,0.9999090433120728,0.2827671814712231,0.09352575691438622,0.4645469025757335,0.9993549585342407,0.5438415311239295,0.10396007144118151,-1.63796299442671,0.9999085068702698,0.1996680968731735,0.24190286930323782,1.9905684630965237,0.5649533271789551,0.5958992412440979,0.28998637310388886,-1.561595456774614,0.9953451156616211,0.28524685399415634,0.26343502204135516,3.7079955593483938,0.1988218128681183,0.6979403472170889,0.4311661287470994,-0.5466930158455864,0.9648938775062561,0.309061651509937,0.27616874283261805,4.011991225813886,0.19836148619651794,0.7224285583368135,0.46374673431970936,-0.5600968361903815,0.9300853610038757,0.2633099852030108,0.4385664857218141,0.8126576094799917,0.999123752117157,0.3973560263742315,0.46987296141627755,-0.814309798579594,0.9995172619819641,0.1738751870334679,0.6432337441995463,1.556989506516953,0.8923851251602173,0.4194765650974082,0.7136967227953844,0.3237477383110558,0.9910551905632019,0.04584696916676337,0.8719254151084959,2.3755805075339387,0.9416859745979309,0.41234272218490664,0.9540271591315648,1.0512574217462105,0.9937266707420349,0.016717975664068383,0.9078929969801709,2.465711576739885,0.9485255479812622,0.37912839112653307,1.0,1.1388287284740535,0.9856144189834595,0.1220653671012858,0.92440248350005,2.462761871089137,0.8919496536254883,0.501256308757119,0.9741464662386728,1.0392226423542248,0.9772830605506897
102,3.3985217391304348,0.5219267515903108,0.029909174194210887,0.49125855757977,0.999911367893219,0.29229974689425414,0.09360781753567077,0.4608899475501946,0.9993712306022644,0.551044127051144,0.10471644742784608,-1.7816237574042098,0.9999147057533264,0.2120669343213781,0.24302327419052483,1.9277411139504128,0.5466111302375793,0.6037067997547961,0.2949706620130535,-1.6842755244008842,0.9955886602401733,0.30259794758080943,0.2763105536448885,3.5567562765459906,0.18178297579288483,0.7006884825771533,0.4320832058639227,-0.6084178981952705,0.9596886038780212,0.3288107550476281,0.2925019205533969,3.847774750674751,0.18116703629493713,0.7249426403712852,0.4676598594896281,-0.6146977892015242,0.9209650158882141,0.2695812608980725,0.4366753168126125,0.8344337578166049,0.9991167187690735,0.40312496105250056,0.4706512844226834,-0.8359923818158561,0.9995225667953491,0.17803379017599194,0.6402020683001339,1.6026548016510938,0.8929752707481384,0.4202016006089237,0.7144450927307038,0.3066231635956597,0.9891734719276428,0.04754646492900535,0.8716346951327865,2.482855969031515,0.9422939419746399,0.41162794701675326,0.955013373527367,1.0580591857077386,0.9926634430885315,0.016717975664068383,0.9065905015255857,2.5791727678902676,0.9478840827941895,0.37773189806952745,1.0,1.1428785201884555,0.9839581251144409,0.1237701744835128,0.9263785937219137,2.5562006606689,0.8917030692100525,0.5007019222751173,0.9750193789908741,1.016935710396098,0.9749922752380371
103,3.4318405797101446,0.5426790423255882,0.029909174194210887,0.389992172706058,0.9999145865440369,0.3017156540957322,0.09346342434246954,0.41636801136613255,0.9993801712989807,0.558962011135525,0.10656463114576492,-1.8552196144975985,0.9999194741249084,0.2176372720692207,0.24331587622843073,1.992715427313889,0.5311195850372314,0.6097945754039398,0.2981568443032753,-1.7189305163875133,0.9957126975059509,0.3089341963980477,0.27693456875921874,3.613076805696719,0.16655780375003815,0.7021360370178364,0.42462546404708446,-0.6393663779397734,0.9533286094665527,0.33659485339081396,0.29304663663167224,3.9012499482047227,0.16576090455055237,0.7284056040356247,0.4581454166673354,-0.6493592543287441,0.9108456373214722,0.27299787657832186,0.43537886946654447,0.8440903320250815,0.9991137981414795,0.4056198288743619,0.4704527237738163,-0.8454475900923415,0.9995303153991699,0.18011661966676887,0.6381580320070107,1.6309913846835509,0.8929861783981323,0.42047228878534826,0.7142832930209565,0.2919639252831788,0.9875443577766418,0.04806797517378193,0.8706301731318945,2.4984679673519943,0.9427760243415833,0.4092864308058249,0.9552907225893226,0.9874248095837463,0.991768479347229,0.016717975664068383,0.9056359752251422,2.5936699438729476,0.9473550915718079,0.37556052393784783,1.0,1.063376739230722,0.9826196432113647,0.1235712646316273,0.9266203248209216,2.576890590214695,0.891620397567749,0.49852650906587104,0.9745238190774111,0.9271266478027643,0.9733551144599915
104,3.465159420289855,0.5400774699533335,0.029909174194210887,0.5480378896336564,0.9999104738235474,0.3085716200045533,0.09710832501833756,0.4444050318032,0.9993867874145508,0.5683348806140927,0.11002499197802962,-1.7991502769293737,0.999923825263977,0.23006697793851055,0.24872711356942745,1.7240357139057605,0.5260975360870361,0.6176399980078534,0.29788313963074575,-1.7221431776967797,0.9959182143211365,0.30798292661298826,0.31422513520032935,2.8844063487663196,0.15385079383850098,0.7093310395942977,0.4190303322224154,-0.6571748408297857,0.9492911696434021,0.33217037405621574,0.33836719034251306,3.1081022113042454,0.15257751941680908,0.7324052888040401,0.45358461403022327,-0.6788371165643263,0.9029701352119446,0.2769376614743202,0.43364959406815967,0.8347890813544131,0.9991205930709839,0.4077196576602161,0.4668588572430673,-0.8367140652552482,0.9995290637016296,0.18575808243484812,0.6379246665535908,1.4746143625840218,0.8918918371200562,0.4183736782449214,0.7154566347209291,0.2211159023117459,0.9861564040184021,0.0483061671067056,0.869301116477987,2.1558467702191835,0.9434741139411926,0.4086647125813841,0.9554973880566718,0.9365833288274077,0.9911255836486816,0.016717975664068383,0.9037634628929766,2.2195049627677146,0.947001576423645,0.37516404362033906,1.0,1.0124928603014487,0.9815597534179688,0.12436736078740682,0.9275919914938664,2.126654909263537,0.8939964175224304,0.49632913740115264,0.9735613501562742,0.8378740702390357,0.9727463722229004
105,3.498478260869565,0.5399934034311719,0.029909174194210887,0.5479347561737368,0.9999142289161682,0.3136849485101156,0.09909869199919057,0.5000779584821147,0.9994029402732849,0.5694817869372004,0.11361898282183368,-1.832365410381052,0.99992835521698,0.2301610423216098,0.2500438018543688,1.8465023046690703,0.522795557975769,0.625642233336892,0.3036870995651682,-1.7214863521328765,0.9961098432540894,0.3106535861274476,0.3115156652575928,3.3069275164165894,0.14256052672863007,0.7200404717024725,0.42400201402487897,-0.5610492387437281,0.9457896947860718,0.3355613377331704,0.3327531751962639,3.580285085616529,0.1408315896987915,0.7464018903790477,0.4609940423741911,-0.5706645109897228,0.8959030508995056,0.279940471543135,0.43483147678692924,0.8524755718210302,0.999140739440918,0.4116912232173729,0.46851515059775434,-0.8543859394094945,0.9995415210723877,0.18954402413005755,0.638215994608022,1.543442804393534,0.8927705883979797,0.42010117925618107,0.7163042006121743,0.29003970273235136,0.9849455952644348,0.049213717676414415,0.8688553678383809,2.2036820871237732,0.9447534084320068,0.4081410582234835,0.9556405921615554,1.1172856795534738,0.9905667901039124,0.016717975664068383,0.9031242560934609,2.2888022159840857,0.9474592804908752,0.37377898945027,1.0,1.2052625909368573,0.9806221127510071,0.12523748444468524,0.9288668082645128,2.205125155341845,0.8960443139076233,0.49502736620039234,0.9736879121859658,1.0580778418387287,0.9718973636627197
106,3.5317971014492753,0.5369477041702254,0.029909174194210887,0.6366551360418244,0.9999148845672607,0.3137506212252735,0.10265644965831418,0.5340173212314682,0.9994238018989563,0.5699497279294954,0.11671169723977752,-1.8079369714261277,0.9999325275421143,0.2323781819658025,0.25291561199767965,1.6686783750845064,0.5300743579864502,0.6246790798603127,0.3010210136683832,-1.757769084095946,0.9963389039039612,0.30415240134688926,0.32290806056244714,2.826512483980492,0.1332734227180481,0.731045786562378,0.43167092868698587,-0.6095772404502083,0.9436991214752197,0.32758893551404145,0.3460830061626181,3.0421910508382997,0.13081365823745728,0.753787753608181,0.4685631626336843,-0.6943151603786373,0.8903564810752869,0.2823607543569815,0.4364426999568353,0.8518405763329232,0.9991660118103027,0.4148507965162542,0.46951157976595936,-0.8534449218079462,0.9995452165603638,0.19236375780476192,0.6383834917570106,1.515200379324133,0.8923531174659729,0.4191111887785862,0.7174249764433912,0.44627326986200316,0.9834825396537781,0.049546168574294704,0.8689741941356333,2.2815917443818097,0.9459236860275269,0.4053856544297048,0.9558599105689329,1.535709228321497,0.9901161789894104,0.016717975664068383,0.9030341165661235,2.3653880329817034,0.9481123685836792,0.3709015068934994,1.0,1.6461568478352993,0.9801097512245178,0.1252432015675016,0.9288550140293043,2.2790454585629822,0.8989527225494385,0.4925901740001643,0.9730641161569951,1.4749825364523972,0.971462607383728
107,3.5651159420289855,0.5454827355288204,0.029909174194210887,0.6412875124278778,0.9999120235443115,0.31596972782806254,0.10316343384725007,0.5684867649030094,0.9994291663169861,0.5725360023812538,0.11636418009526535,-1.7995094354656416,0.9999354481697083,0.24443441541156438,0.253448110920145,1.391603476286701,0.5272384881973267,0.6273874391903534,0.296193064268225,-1.8659388690129584,0.9964990615844727,0.3109638673146262,0.3427792612682613,2.2533195247089965,0.12466698884963989,0.7354216080518049,0.4253186107017873,-0.9317574736126619,0.942259669303894,0.33216753227342505,0.37047998861139453,2.428122906356154,0.12174420803785324,0.7600805525605204,0.46080548500411467,-1.0216003717296955,0.8869078159332275,0.2866945663816386,0.4365448118025335,0.8340507198244226,0.9991819262504578,0.41843418855297976,0.467937066282039,-0.835769578176427,0.9995433688163757,0.19593007071440918,0.6383239768969653,1.373082921075285,0.8897886872291565,0.4202460121483534,0.7174053823341109,0.4581176681608079,0.9814774990081787,0.05089194248551241,0.8679818797339919,2.0998207759214504,0.9463925957679749,0.40712183701657106,0.9563281999177321,1.4331117787530536,0.9893833994865417,0.016717975664068383,0.9002920994594726,2.167871589914734,0.9480105638504028,0.3736104594495356,1.0,1.5275710181352593,0.9792047142982483,0.12558246702874384,0.9296175047534994,2.015716542268937,0.9016257524490356,0.4880504651235377,0.9716660225473074,1.322162166818054,0.9707586765289307
108,3.5984347826086953,0.5457952476115769,0.029909174194210887,0.6185075280609318,0.9999101161956787,0.31805646550140093,0.1052074528683253,0.5148970688085596,0.9994164109230042,0.5724769014559274,0.11824585392063802,-1.8349596340859071,0.9999369978904724,0.24628262657469913,0.25472191139739375,1.4245317209495936,0.5213572978973389,0.6284439989405907,0.29698245765214115,-1.9262123885899065,0.9966198205947876,0.31026968049178894,0.3428733815812317,2.4955784802162246,0.11653145402669907,0.7420006361524687,0.4252248393461569,-1.0669644381406056,0.9405404329299927,0.3301385469111756,0.3697547518181668,2.7051324911950103,0.11330697685480118,0.7664916191347565,0.4613613409384389,-1.1456792300453116,0.8831153512001038,0.2883571425855923,0.4380643477092808,0.8211499344598828,0.9991886615753174,0.42051198868611706,0.46903660918061785,-0.8227478186451053,0.999538242816925,0.19795062595121904,0.63739968243066,1.310301966399018,0.8858473300933838,0.4217356317614961,0.7188446862893936,0.4432355570660696,0.978956401348114,0.053112394961976624,0.86531866549912,1.9979858541994482,0.9460380673408508,0.40652081625204817,0.9567717923405722,1.328148675047262,0.9883811473846436,0.016717975664068383,0.8954815433413719,2.0599196910139583,0.9473797082901001,0.37224233607352,1.0,1.4132880830915093,0.978005051612854,0.1248664650071789,0.9303480210209106,1.902570691604268,0.9031510949134827,0.4863042202760293,0.9721637674419193,1.2047531911801916,0.9696323275566101
109,3.6317536231884056,0.5563714032707385,0.029909174194210887,0.537809047936692,0.9999073147773743,0.32216749454940247,0.10549797748310982,0.5529534827548958,0.9994187355041504,0.5724738808380935,0.1175615654648115,-1.897226875980073,0.9999386072158813,0.2488129035690804,0.2545949075393704,1.4783269810907322,0.5119166374206543,0.6318517589499382,0.2974015757009133,-1.9792460663843439,0.996708333492279,0.3158316262606684,0.34202008454918714,2.464770352799209,0.1092105507850647,0.7461882555934343,0.4232093472838226,-1.0404023244014358,0.9390565752983093,0.33479273794185943,0.3689150618916772,2.659364776199225,0.10585810989141464,0.7694342146768977,0.45744188668584673,-1.1133148854536203,0.8804614543914795,0.2894174163217683,0.4383240663674381,0.8411891832959313,0.9992093443870544,0.4207699119416542,0.46833408710567886,-0.8428375292119492,0.9995359778404236,0.19853540132993314,0.6381126300574007,1.4086343975925673,0.8840255737304688,0.4239602058875321,0.719124787961939,0.5769126029676621,0.9765732884407043,0.0538310637818089,0.8651755909511847,2.1660555703490623,0.9459218978881836,0.40663611038267566,0.956936542503259,1.7039163740798329,0.9874113202095032,0.016717975664068383,0.8946340276906823,2.239264245986735,0.9471973180770874,0.3722165847651841,1.0,1.8160840229790354,0.9770004153251648,0.12410209244669436,0.9303860201200209,2.114198740532939,0.904484212398529,0.4848608308218146,0.9709327647736213,1.6300955008100197,0.9685136675834656
110,3.665072463768116,0.54642197204787,0.029909174194210887,0.6273034606839899,0.9998904466629028,0.32365340919383356,0.10622349061753282,0.5468185917476217,0.999397873878479,0.5686630296223566,0.11834026484712265,-1.9016868736421277,0.9999376535415649,0.2541662871657061,0.24824797232478427,1.2973779463520014,0.5013591051101685,0.625476698598796,0.29740165456929507,-2.00934739363179,0.9966972470283508,0.3159906355841974,0.3407040337141264,2.148428715259704,0.10244887322187424,0.7430307472417195,0.42220487883479124,-1.0613034608229759,0.9346875548362732,0.33310155800398245,0.367091585288782,2.3109947578182357,0.09905701875686646,0.7667390959292711,0.45661091095558365,-1.1496573437234061,0.8729601502418518,0.2917114836716202,0.4387126955833942,0.8535014483941926,0.9991893172264099,0.41909320319796756,0.46834721303995286,-0.8552565444074064,0.9995085597038269,0.20088891264772513,0.6382815149315207,1.3259323708823914,0.8786287307739258,0.42375691636542,0.7200159510745884,0.5618880178182662,0.9740321040153503,0.055040011329924636,0.8631222480374364,2.0419489314331054,0.9450772404670715,0.40650690341277246,0.9562580542349205,1.4713281651986696,0.986359179019928,0.016717975664068383,0.8923389871903701,2.106321644582115,0.9462791681289673,0.3733534461452985,1.0,1.569849017858322,0.975920557975769,0.12363273562829337,0.9298379468615895,1.9178085827288593,0.9032093286514282,0.4823595074776363,0.9711871047621533,1.5348839421526357,0.9661409854888916
111,3.698391304347826,0.5510273341985703,0.029909174194210887,0.7773010859051509,0.9998795986175537,0.32423382949760793,0.10568866365259942,0.6579130378303408,0.9993844628334045,0.5694376752065239,0.11525989594970847,-1.8812144127098336,0.9999385476112366,0.2536075468947343,0.24514825502621856,1.4483904882866774,0.4958919286727905,0.6259284578973474,0.29606019260238237,-1.9899530331025113,0.9967355728149414,0.32041525035615753,0.3408622260677198,2.3086307051488144,0.0969773456454277,0.7422212502832621,0.42340164902122046,-1.0110820742903632,0.932796835899353,0.3386875337735583,0.3681208035610998,2.4832862787256538,0.09326890110969543,0.766581505797563,0.45786039258938793,-1.099822117209356,0.8693185448646545,0.2911699873700758,0.43768116493223097,0.875882169188954,0.9991689920425415,0.4190823100242298,0.4665902215545424,-0.8778628408145797,0.9994927048683167,0.20310027399170577,0.6378126936284647,1.3780644080472773,0.8701943159103394,0.42527880121893824,0.720202776047832,0.538352953981977,0.9718846678733826,0.055088591707987265,0.8611017667631738,2.1358478933711713,0.9428756237030029,0.4054163834045649,0.9554255270259776,1.381946707835004,0.9854522347450256,0.016717975664068383,0.8900518983711041,2.2129739071254595,0.9438530802726746,0.37229790140418767,1.0,1.4764442017266635,0.9747412800788879,0.1260925359841912,0.9273771434819607,2.0802550239400266,0.9020927548408508,0.4844139762709554,0.9717246898379027,1.336922543594647,0.9650533199310303
112,3.731710144927536,0.5545210569095994,0.029909174194210887,0.8264285977208063,0.9998747706413269,0.325476395244054,0.10563798554680867,0.7678989314101313,0.9993883371353149,0.568305565445519,0.11168893029280183,-1.9008582267511367,0.9999395608901978,0.2582774553917529,0.2454778899467414,1.3656327078626265,0.49209389090538025,0.6252314061142729,0.29551896254945015,-2.0069733645328736,0.996684193611145,0.3180187424043599,0.3729561082712888,1.9170579335187419,0.09327336400747299,0.740031424284173,0.4240913083165613,-0.9508983275281694,0.9311099648475647,0.33606797522092535,0.4065546900039918,2.0512876572373053,0.08898291736841202,0.7636360533454059,0.4588338832096672,-1.0421406303478964,0.866442084312439,0.2906654294554892,0.437428167354932,0.9261298144065446,0.9991923570632935,0.4182171140666241,0.46539826721071476,-0.9289027224803699,0.9994982481002808,0.2057847151043386,0.6381192833649234,1.6648159532513223,0.8621035218238831,0.426928769169435,0.7198455152448254,0.5309427807491974,0.969321608543396,0.05594089757784571,0.8597826768272613,2.5536697525380467,0.9399274587631226,0.40488977138661963,0.9543783242225833,1.6532812250418063,0.984338104724884,0.016717975664068383,0.8880383943188103,2.6373047919499273,0.9409860372543335,0.3717107976154797,1.0,1.7652916410007957,0.973298192024231,0.1282776558697025,0.9282372684447961,2.4358213879350616,0.9001534581184387,0.48574214779894237,0.9725616742497238,1.4764615347170422,0.9637513756752014
113,3.765028985507246,0.5484679591438877,0.029909174194210887,1.0480731668354664,0.999854326248169,0.3240134041339022,0.10761087108179945,0.7951650997353773,0.9993628263473511,0.5663599474108671,0.11277291098311656,-1.8056786239349822,0.9999365210533142,0.2629631509230944,0.2595485066704833,1.1224282611470944,0.47622784972190857,0.622674745742212,0.29657517422161855,-1.8939538862175362,0.9961279034614563,0.31930329219350684,0.4051097320750817,1.4332730460554912,0.08965441584587097,0.7363577216672437,0.42589892513626104,-0.8656842102665546,0.9258807301521301,0.33517177349063954,0.44218670536026605,1.5193476736091804,0.08514135330915451,0.7591440650416394,0.4598692342358524,-0.9635227392249301,0.8594748377799988,0.28917433908307605,0.43707059953600885,0.927626935359218,0.9992043972015381,0.416872847315318,0.463898634832894,-0.930337117852668,0.9994925856590271,0.2071170702498035,0.6387811338798413,1.7077152890994127,0.8500582575798035,0.42715992642691364,0.7198078320959327,0.4870327516674268,0.9652910232543945,0.057356266412324955,0.8594939306512014,2.568390732400242,0.9355709552764893,0.40399318553711416,0.95367171352291,1.5350524349371952,0.9826629757881165,0.016717975664068383,0.8875405811731488,2.646937931974366,0.9372956156730652,0.3706191957937818,1.0,1.635661785056055,0.9710797667503357,0.1295642554063934,0.9292482162847517,2.426761022960737,0.8955967426300049,0.4859950800485242,0.9732562299755143,1.3869678439412967,0.9609799385070801
114,3.7983478260869563,0.5457297776357731,0.029909174194210887,0.9726165687112064,0.9998128414154053,0.3227049749843415,0.10760511521403414,0.7737926755222998,0.9993153810501099,0.5662971373363459,0.11069562042129767,-1.9053612873392614,0.9999330639839172,0.265127753560896,0.26020202711783613,1.087383196832961,0.4544236660003662,0.6196129482975913,0.2969754255704914,-2.0474550751483203,0.9956934452056885,0.32568124244014884,0.3958637312255771,1.3705824206476624,0.08525941520929337,0.7329771169485209,0.43463318397476375,-1.084250553597173,0.9217494130134583,0.34075098959561617,0.4306396806921718,1.4601717754496542,0.08094874769449234,0.7512693576567188,0.467999736276889,-1.2092261818537,0.8545840382575989,0.28830077367231904,0.43658346709673823,0.9523232183926449,0.9991757273674011,0.41591423166553826,0.4627099324716688,-0.9548251953315454,0.9994641542434692,0.20794789186338133,0.6397731220505486,1.7264187360453358,0.8383235335350037,0.42683591858056114,0.7174816725116838,0.35853619690384564,0.9625458717346191,0.05798630922041927,0.8599260053809659,2.596153229738029,0.9314073324203491,0.4044695361769785,0.9535840985107251,1.5022865439618849,0.9812470078468323,0.016717975664068383,0.886660175020857,2.671861550384697,0.9331296682357788,0.3708780584907431,1.0,1.6019640873334213,0.9686550498008728,0.12987050941669018,0.9308566183089769,2.4281911941157848,0.8917111754417419,0.48754320367792314,0.9744516968299975,1.151133969989642,0.9588199257850647
