frame_id,timestamp,nose_x,nose_y,nose_z,nose_visibility,left_shoulder_x,left_shoulder_y,left_shoulder_z,left_shoulder_visibility,right_shoulder_x,right_shoulder_y,right_shoulder_z,right_shoulder_visibility,left_elbow_x,left_elbow_y,left_elbow_z,left_elbow_visibility,right_elbow_x,right_elbow_y,right_elbow_z,right_elbow_visibility,left_wrist_x,left_wrist_y,left_wrist_z,left_wrist_visibility,right_wrist_x,right_wrist_y,right_wrist_z,right_wrist_visibility,left_pinky_x,left_pinky_y,left_pinky_z,left_pinky_visibility,right_pinky_x,right_pinky_y,right_pinky_z,right_pinky_visibility,left_hip_x,left_hip_y,left_hip_z,left_hip_visibility,right_hip_x,right_hip_y,right_hip_z,right_hip_visibility,left_knee_x,left_knee_y,left_knee_z,left_knee_visibility,right_knee_x,right_knee_y,right_knee_z,right_knee_visibility,left_ankle_x,left_ankle_y,left_ankle_z,left_ankle_visibility,right_ankle_x,right_ankle_y,right_ankle_z,right_ankle_visibility,left_heel_x,left_heel_y,left_heel_z,left_heel_visibility,right_heel_x,right_heel_y,right_heel_z,right_heel_visibility,left_foot_index_x,left_foot_index_y,left_foot_index_z,left_foot_index_visibility,right_foot_index_x,right_foot_index_y,right_foot_index_z,right_foot_index_visibility
0,0.0,0.2675054353509177,0.0163019940026163,-6.136879149689357,0.9994556307792664,0.1015118997883347,0.0908643979682913,17.309053843988877,0.996567964553833,0.1289257927782064,0.0908866374369427,-27.25112090470828,0.9997079968452454,0.1791173619505117,0.2173248310419865,40.45817238348981,0.0710040181875228,0.2530464355149571,0.2156125778009711,-39.48858433751408,0.9854713678359984,0.3699172592648759,0.1451249845748532,54.27438285626691,0.1556870639324188,0.4725415661244448,0.1249877961690129,-39.967884924606246,0.9720765948295592,0.4304229860209762,0.1128409576922295,57.85587256644799,0.2014144659042358,0.5361828721152498,0.0991540205242418,-43.56432961576541,0.9631320834159852,0.0512075845632564,0.4532081579574677,14.026802727580783,0.9967244267463684,0.0791777740113162,0.4640539565439543,-14.014906309122166,0.9986121654510498,0.088404985308322,0.6609321050704006,32.00311017548894,0.3632863163948059,0.1063484576587774,0.7016588289575474,-3.5661802319771043,0.956544816493988,0.0456667355532659,0.8569668883427519,50.34242052296475,0.5502001643180847,0.0742272311204876,0.9482035960787172,6.148042846391833,0.96965491771698,0.0074985273105383,0.908573978012785,51.795806045145135,0.6526432037353516,0.0215572930837358,0.9838153660728044,6.754168699979749,0.9541503190994264,0.1841117642948366,0.8780753034603374,47.95904217643119,0.7168251276016235,0.2710307937966378,1.0,-2.2687963690887765,0.9571037888526917
1,0.0416666666666666,0.2671551575546932,0.0163019940026163,-1.205900013446808,0.999424934387207,0.1093504320627933,0.091758863866326,2.403139173984528,0.9965101480484008,0.1228707542594205,0.0917348330231104,-4.199246764183044,0.9996991753578186,0.2506462160061891,0.209645633629852,4.989060759544373,0.070928931236267,0.2569208673623183,0.2157813024803732,-5.123339891433716,0.9854265451431274,0.4415997555295249,0.1272937300495227,5.72851836681366,0.1596868336200714,0.4679280216787935,0.1251706545995498,-3.670547604560852,0.9711788296699524,0.4872748323926105,0.1023015292349143,5.98414421081543,0.204790860414505,0.5304765904593712,0.1009056964680296,-4.064268469810486,0.9613199234008788,0.0547343331444104,0.4535294588718621,2.0023106038570404,0.9966557621955872,0.0767283146568881,0.4641685572891276,-2.000050693750381,0.998542308807373,0.0950932672328242,0.6625693046731257,4.3636354804039,0.3589131832122803,0.1083857299650431,0.7033218986571033,-0.4936305806040764,0.9555956721305848,0.0453816899963006,0.864843601016901,6.923325061798096,0.5463501811027527,0.0741133501429494,0.9486364261627258,1.0556668043136597,0.969269335269928,0.0074985273105383,0.9110713872739468,7.1210139989852905,0.6495693922042847,0.0218940181595136,0.9882247629540024,1.1562568694353104,0.9537981748580932,0.1840755777451352,0.9075711834762932,6.438150405883789,0.7165531516075134,0.2700810985216881,1.0,-0.2141931653022766,0.9570424556732178
2,0.0833333333333333,0.2589262736442012,0.0163019940026163,-1.3158029317855835,0.9993704557418824,0.1020933964505241,0.0919727256530303,2.39478200674057,0.9963867664337158,0.1127603212938859,0.0920519108374823,-4.324724078178406,0.9996803402900696,0.236776816557622,0.2071182531748309,5.05940318107605,0.0684786215424537,0.2484474754773382,0.2154896118936147,-5.068926215171814,0.9853857755661012,0.4214035079036712,0.1242057354818913,6.096293926239014,0.1586474925279617,0.4561160656841105,0.1248255451405042,-3.3111801743507385,0.9698601365089417,0.4788231596868226,0.1025007671064743,6.38792097568512,0.2041736245155334,0.5153316127052628,0.1023259410664264,-3.6719173192977914,0.9590652585029602,0.0600069039582694,0.4535839956844074,2.041735351085663,0.9965354800224304,0.0697377114491878,0.4638236298488553,-2.039720118045807,0.9984142780303956,0.1001468637717883,0.6657322402478496,4.39452737569809,0.3539285063743591,0.1031333824941353,0.7042173534331726,-0.3762675821781158,0.9538573026657104,0.045854593730513,0.8698280939136288,6.964553594589233,0.5418598055839539,0.0661912050005444,0.947742108701462,1.6181649267673492,0.9684914350509644,0.0074985273105383,0.9133024923536808,7.163161635398865,0.6462951302528381,0.0137950489463421,0.9881327391145116,1.7617590725421906,0.952644109725952,0.1807766829326233,0.9020778687307603,6.461336612701416,0.7153233885765076,0.2571514119708202,1.0,0.4175535216927528,0.9563851356506348
3,0.125,0.2580741709032276,0.0163019940026163,-1.2867207825183868,0.9993007183074952,0.1093347802897406,0.0923876322223215,2.4693167209625244,0.9962153434753418,0.105669828800804,0.0924774092903233,-4.29576963186264,0.9996547102928162,0.2443300170490105,0.1954456636011333,5.069940090179443,0.0664162561297416,0.2409234212708758,0.2143206755477726,-5.17871618270874,0.9852980375289916,0.4150642960423481,0.1173224729389349,5.805312991142273,0.1562108248472213,0.4357601299794363,0.1238076945606565,-3.889151811599731,0.9688064455986024,0.477603519557034,0.1017465216010654,6.021300554275513,0.2016960680484771,0.4958842517087548,0.1039454431663681,-4.290805459022522,0.9572619199752808,0.0672640500186521,0.4538770929741428,2.078351080417633,0.996352195739746,0.0697697304529857,0.4637112582046436,-2.076470553874969,0.9981899857521056,0.1035384866767994,0.672300753177806,4.0513864159584045,0.3496311604976654,0.1092231755554802,0.7065862208232236,-0.4684612900018692,0.9514327049255372,0.0468461796959541,0.8835370684950934,6.292458772659302,0.535717248916626,0.0657163821568077,0.9472129338171594,1.3731369376182556,0.9666160345077516,0.0074985273105383,0.9271788357961396,6.44481897354126,0.6394996643066406,0.0102432798226656,0.9874374998073122,1.4942151308059692,0.949296772480011,0.194074590191732,0.9313030315175468,5.650628209114075,0.7116941809654236,0.2511455516880986,1.0,0.1879004947841167,0.954533874988556
4,0.1666666666666666,0.2566096515177572,0.0163019940026163,-1.2960399687290192,0.9992269277572632,0.1144562643186534,0.0922519734849742,2.51753032207489,0.9958813786506652,0.0965250541017783,0.0908341976325711,-4.25052672624588,0.9996466040611268,0.2356093096663696,0.1950867721043835,5.620825886726379,0.0637686178088188,0.2302751193794675,0.2115705768794634,-5.769193172454834,0.9857661128044128,0.3999524198177014,0.1181102099737889,7.181203961372376,0.1507277190685272,0.425550903572847,0.120572675765502,-5.318529009819031,0.9695698618888856,0.4559833313806611,0.1002544317532408,7.574731707572937,0.1957301646471023,0.4886724227905369,0.1020077627055074,-5.830228328704834,0.9579941630363464,0.0725429879045843,0.4551896287548251,2.08112969994545,0.9961466789245604,0.0681008951716238,0.4638364071357434,-2.079246491193772,0.9980759620666504,0.1046897343719656,0.6752256262368038,4.0084779262542725,0.3459542095661163,0.1108604667326995,0.7084943464891591,-0.6090907379984856,0.9504370093345642,0.0470568496758831,0.8849460821719872,6.343228816986084,0.5301446914672852,0.0677626240260661,0.9468767388093672,1.241900846362114,0.9661489725112916,0.0074985273105383,0.92734059250043,6.507545709609985,0.6330254673957825,0.0112428859664511,0.9893981625457052,1.3647571206092834,0.9478440284729004,0.1961668940943413,0.935456260491498,5.713638663291931,0.7086929678916931,0.249199538124084,1.0,-0.1438952703028917,0.954189658164978
5,0.2083333333333333,0.2545451044772195,0.0163019940026163,-8.909529873349369,0.999115526676178,0.1249293334813568,0.0962915358835957,17.295922101242997,0.995441734790802,0.0952873169049863,0.0921960404780533,-29.003390782194653,0.9996439218521118,0.2224674881560107,0.2015990735489042,41.4461950351569,0.0607882551848888,0.2163167780473646,0.2112738375500389,-46.46236882649597,0.9861300587654114,0.3777482649560777,0.1663094128697639,56.55144550741669,0.1421869695186615,0.4174116130862082,0.1198633748755679,-56.77695955245897,0.9710776805877686,0.4094757345013615,0.1625838116790426,60.47894360578423,0.186350330710411,0.4788017105972101,0.1018588325943574,-62.0378471817965,0.9601553082466124,0.0767379921532317,0.4606741170873787,14.30803629792374,0.9959794282913208,0.0723694884049518,0.4686951565024645,-14.297193879935866,0.9980469942092896,0.1074460618762548,0.6763897090418526,27.983180602257725,0.3432008326053619,0.1201362597968124,0.711441659925282,-4.589258867649781,0.9508289098739624,0.0442382743256203,0.8808383997341996,44.35907378481246,0.5292128324508667,0.0780837801139958,0.9488919002361856,6.743402426521684,0.9667356610298156,0.0074985273105383,0.9249050564736642,45.51334223984242,0.6306569576263428,0.0221379280851346,0.9909239536618942,7.360677316769989,0.9484547972679138,0.1900451556045731,0.9261242139825074,40.57082058659539,0.7089614272117615,0.2558302924848715,1.0,-2.946648782913505,0.9547286033630372
6,0.25,0.2610222921152781,0.0163019940026163,-4.256642315824674,0.998906910419464,0.1524083845000379,0.0988393942020203,7.590458808839567,0.9948217272758484,0.0888204978917268,0.0919235248816233,-13.48873571937175,0.999641478061676,0.2073692894093502,0.2044401514371492,19.31365983283615,0.0582526475191116,0.2052391643746896,0.2074617586136483,-22.15691646705849,0.986688196659088,0.3470337138521337,0.1964591578709811,25.60439177189667,0.1331186145544052,0.4151185791001821,0.1160153945793046,-27.61984692035904,0.9724646210670472,0.3729399058814118,0.2009243463637133,27.012650053609235,0.1760561615228653,0.472603066125728,0.100221802633434,-30.21909027535551,0.962142825126648,0.0950093296365404,0.4620714533862617,6.676399652809121,0.9957457184791564,0.081864072985733,0.4711323242955488,-6.670317801857627,0.9980474710464478,0.1157016906432276,0.6750021049398309,13.158514953348812,0.3421412706375122,0.1347729393379797,0.7140886771027237,-2.550062585980423,0.9521107077598572,0.0414191047548924,0.8693768168223336,21.105505144284084,0.5305312275886536,0.095220811274675,0.9506284819470238,1.743935414769524,0.967703938484192,0.0074985273105383,0.9127007995314564,21.674037574899227,0.6317508816719055,0.0395671898028566,0.9929672787411944,1.8921561637755824,0.9499935507774352,0.1743446970454546,0.9209816698629654,19.14663186210005,0.7106949687004089,0.2716092135376891,1.0,-3.136568420613435,0.9556033611297609
7,0.2916666666666667,0.2248270289385599,0.0163019940026163,-4.202795677700581,0.9988781213760376,0.1429169900438351,0.0970915563083834,4.785612070515555,0.9945222735404968,0.0485111727588315,0.0875441948796937,-9.243100435552885,0.9996429681777954,0.209300575878511,0.1376074537909248,12.805002430873998,0.0580454692244529,0.1495012101326585,0.1907474243521087,-17.46091004972442,0.987369418144226,0.3325528170282899,0.0757408971656877,18.631317324737225,0.1437316089868545,0.338316448137012,0.0937249545780888,-22.28055934505117,0.974087655544281,0.3509724550993441,0.0678207348570642,20.08430077650785,0.1887026131153106,0.3805289419148749,0.0762392272845091,-24.05705963075616,0.9639833569526672,0.0939302882076492,0.4580055761282663,4.320403490398584,0.9959670305252076,0.0562658256002389,0.4665029713422594,-4.3192131418387865,0.9981381297111512,0.1033259326247241,0.679884312361594,6.620566785922797,0.3465908467769623,0.1128506793964819,0.7131278580515261,-1.947163400369225,0.9520304799079896,0.0467480993126386,0.8792909137042086,10.541108100021304,0.5304993391036987,0.0766451106738944,0.94862036924516,0.5990817070808314,0.9672377109527588,0.0074985273105383,0.9169624589239548,10.74495823729382,0.6333566904067993,0.0220358708220974,0.9924826146718426,0.6401533156941037,0.9493230581283568,0.1896189902481125,0.9321161429136972,8.358052055328224,0.712099552154541,0.2536885499506826,1.0,-3.0786005099495437,0.9551223516464232
8,0.3333333333333333,0.1764314335079398,0.0163019940026163,-3.2403957677338173,0.9988725781440736,0.1462753392116813,0.0983787379453502,2.72415726775624,0.994344174861908,0.0010719490395512,0.0882969558336162,-5.806159564976015,0.9996449947357178,0.218136421125144,0.0954403857709813,6.285191488191808,0.065007209777832,0.0985331415071969,0.1809035893681344,-10.935183994479315,0.9881188869476318,0.2902382616464203,0.0465680526148166,9.028056854569646,0.1613166630268097,0.2858549263581303,0.0826933084824756,-13.315954329067404,0.9753918647766112,0.3103882654772312,0.011640734162124,9.556686677591006,0.2038249522447586,0.3292321569425604,0.0633037344889911,-14.37276932560409,0.9650350213050842,0.0980513777389758,0.4526304357219205,2.6775368257382013,0.9961462616920472,0.0198701049987367,0.4606265061666811,-2.676671876580041,0.9982278943061828,0.0926820786282109,0.6751563559501987,3.8605825235905553,0.3553208410739898,0.0701932768929245,0.7050352018547659,-1.678179120764036,0.9530792236328124,0.0542910044238315,0.8794333161219078,6.419174124300475,0.5334804654121399,0.0515505107059608,0.9411326096069588,-0.3328105476587195,0.9666784405708312,0.0074985273105383,0.9190030350007912,6.53571803025833,0.6335403919219971,0.01320377046411215,0.9842888057910768,-0.3601596948147516,0.9469388127326964,0.2020491109344288,0.9389308949446178,4.674131045804904,0.7166686058044434,0.2268971744394735,1.0,-3.159630266671948,0.9547359347343444
9,0.375,0.1795219273619561,0.0163019940026163,-3.1798261051839214,0.998786687850952,0.1501517016810146,0.0984476997096829,2.4181704313088326,0.9941665530204772,0.0030225837774381,0.089378191006836,-6.194833321335078,0.9996513724327089,0.2148994803526076,0.089756272385504,6.581014937649465,0.0676089972257614,0.0755572641747492,0.1581920883030202,-11.642608268266793,0.9888163805007936,0.2348852632582183,0.0525863976134639,11.287835518320115,0.171045035123825,0.2434408281963647,0.0792349929161438,-14.704743146341611,0.9769322872161864,0.2542313016073366,0.0283777080503124,12.117452090379462,0.2124625444412231,0.3036652103897874,0.0614764642644271,-15.879739476994548,0.96683269739151,0.1099981629874564,0.4513584263320933,2.5534379190398453,0.9963746070861816,0.0136319170065386,0.4594791822528786,-2.5529024077372773,0.9983455538749696,0.107488566819109,0.672105729948292,4.370972923262774,0.3607270717620849,0.0626374981666911,0.7004443644455111,-1.407689020342013,0.9526405930519104,0.0621796647649636,0.874990926046912,7.523319091555184,0.5351657271385193,0.0543317447125396,0.9408149866643754,0.2139423564422158,0.9656781554222108,0.0162005247337442,0.9075319736477588,7.75461401467386,0.6349177956581116,0.0043716701061269,0.9837186121468998,0.2691251547578988,0.9456872344017028,0.2226117232017153,0.928272931669553,6.0939503782940525,0.7200916409492493,0.2265009306048759,1.0,-2.2531032784154905,0.9538167119026184
10,0.4166666666666667,0.1769631254252906,0.0163019940026163,-3.5239117393971933,0.9988810420036316,0.1378621701652146,0.1001597355398716,2.952225082820524,0.9942315220832824,0.004973218515325,0.0911620915092486,-7.125567128578124,0.9996650218963624,0.2047272841483559,0.0977902261090077,9.759692785979652,0.0674204751849174,0.0953545620769428,0.1480842925853552,-13.522119098102747,0.9888145923614502,0.2522531206114614,0.0500108382257855,15.876040270690568,0.1796555668115615,0.2414066100440985,0.0793350090025901,-17.304782163543926,0.9763455390930176,0.274542027770836,0.0285386621709565,17.14556000487935,0.2217715978622436,0.2999167070292169,0.0631763457855253,-18.639176855153917,0.9652525782585144,0.0956353790850311,0.4523509428638166,2.891688893480432,0.9966604113578796,0.0037855270302136,0.4590319393178063,-2.892644889293318,0.9984789490699768,0.0990546445661661,0.6666676146765281,6.081623878601205,0.3652617335319519,0.0446318508808516,0.6859817905441458,-1.6017560144179022,0.9516079425811768,0.0519695708619029,0.8598291579063342,10.261195331403686,0.535094141960144,0.0500441010065762,0.9367349328567892,0.4407051631274176,0.9654040932655334,0.0068401384572524,0.8954610153408193,10.562237229201354,0.6316013336181641,0.042821723652510545,0.9803080628115064,0.5007202720840656,0.9449528455734252,0.2065949460110445,0.907266087531564,8.818054317348222,0.7229515910148621,0.2231073817777089,1.0,-2.412295172806071,0.954317569732666
11,0.4583333333333333,0.2684197184552001,0.0163019940026163,-2.936790235859137,0.998977541923523,0.2418230894453228,0.1029609886695628,2.4865911636345364,0.9946643114089966,0.0772434238124875,0.0931498924335052,-5.2070208307529,0.9996890425682068,0.3310233934381323,0.0996165941788218,7.074923303040624,0.1126043573021888,0.08375239605815119,0.15450030745747,-10.671167070031936,0.9895238280296326,0.4374975230169367,0.0563146928777794,11.43265676416248,0.2522550225257873,0.1762952658528785,0.0628428362658735,-14.383682463884208,0.978243887424469,0.4690281776608156,0.0287838517902948,12.914857895256665,0.2864452004432678,0.2175642339348798,0.034278205265935,-15.411101636559476,0.9676416516304016,0.188955858479333,0.4489204341942558,2.3583761774283563,0.9968832731246948,0.0808166354556415,0.4514298205579997,-2.3593960874028204,0.9985972046852112,0.186306514783258,0.6588205398040896,4.939259407184561,0.3787555396556854,0.1087661022593325,0.6747306849534278,-3.567761122679426,0.952024221420288,0.1375579302466614,0.8582392993708526,8.141599844338328,0.5495246648788452,0.1280634516444301,0.930802502631522,-3.112973305967159,0.9656946659088136,0.0942874975354797,0.8959903906766233,8.372887533511369,0.6378575563430786,0.0812717771988942,0.9735914347608152,-3.211478996824907,0.9440250396728516,0.2914911176322061,0.903249602374115,6.897227281430738,0.7325153946876526,0.2933681411248481,1.0,-6.076514021078713,0.9553125500679016
12,0.5,0.3454223246092569,0.0163019940026163,-2.2166567129822994,0.9990714192390442,0.3394393315529921,0.1052213005928516,2.490087927111793,0.9950326085090636,0.1351975683275882,0.0942078408492248,-3.103941190538163,0.999714970588684,0.4526069468698588,0.1054027432152719,5.217748799622737,0.1728784441947937,0.07215023003935958,0.160835897503309,-7.762891645095842,0.9904122948646544,0.5725164416971957,0.0408901267911692,7.402168031891568,0.3213649094104767,0.2148570730138763,0.0532396008287586,-10.24862742734168,0.9802191257476808,0.591080214955473,0.0124739748965821,8.041913397944741,0.3476257026195526,0.2671717019785651,0.0199780271783478,-10.955531559465264,0.9702338576316832,0.272047332572256,0.4364929334070816,1.7321258484053923,0.9970544576644896,0.1345044714135916,0.4360889691986139,-1.732568926445773,0.998709201812744,0.2670269776297868,0.6543602096771421,2.9147073177913336,0.4023582637310028,0.1588027415973927,0.6654373734135937,-3.622224158251094,0.952795386314392,0.2103758636694107,0.8550611558331116,4.876025324449932,0.568209171295166,0.1686374878785458,0.922423325166414,-3.948580797119652,0.9660425782203674,0.16625901588454,0.8915986820351707,4.958204868661951,0.6475473642349243,0.1254164774927726,0.9669056493307542,-4.098553444373423,0.9425334930419922,0.3516859185862971,0.9075047095451838,3.597706555389028,0.7428603172302246,0.3159177697737699,1.0,-6.5521132330257625,0.9565887451171876
13,0.5416666666666666,0.3566055061751684,0.0163019940026163,-1.8785067374144533,0.999162495136261,0.402934446783574,0.11141549481623,1.9474021451942989,0.9954327940940856,0.1440312390875922,0.0960498212873731,-1.8293640080298523,0.999740183353424,0.54268225226075,0.1276509624994481,3.241584576027013,0.2410275042057037,0.06054806402056796,0.168048194209751,-5.108570378633309,0.9912596344947816,0.6267666184681087,0.0302127568304146,4.090069445560248,0.3866181969642639,0.1791954695696849,0.0375509120264265,-7.214984637733373,0.9820913672447203,0.6513740979076273,0.001958965333162,4.3551537144823,0.4067525565624237,0.2255156927949008,0.000691871736312,-7.64689939363606,0.9728079438209534,0.3316855806705386,0.4363716319543395,1.2184992350163533,0.997231125831604,0.17164069680866,0.4369984055341711,-1.2201590040692063,0.9988219141960144,0.3101166423499757,0.6532520981926042,2.5380939777767355,0.4385557770729065,0.156400014248845,0.6704816611343686,-2.5307971842250305,0.9540770053863524,0.2592714073845141,0.8499753404671212,4.315166434655341,0.5981124043464661,0.1249078716841332,0.9136790919271262,-2.497686435913958,0.9663556814193726,0.219604930702448,0.8809705921900274,4.412843263076928,0.6670796275138855,0.0814595558574794,0.9502056800712844,-2.5801284028253515,0.93516206741333,0.3744799046130134,0.9092188020534392,3.4357840840226834,0.7594990134239197,0.2285667141962648,1.0,-4.46290861029678,0.9573616981506348
14,0.5833333333333334,0.3909552353950968,0.0163019940026163,-2.145603891356262,0.9992452263832092,0.4513098841652205,0.1278635768167894,1.333891483110048,0.9957857728004456,0.1728878942486982,0.1136810414777799,-1.44084839200575,0.9997630715370178,0.6055073266418871,0.1485797489171321,1.9079828302178163,0.3074176907539367,0.04894589800177635,0.1738945218107729,-4.258586122236233,0.9920527935028076,0.6704653753089111,0.0345037474454901,2.208672151761859,0.4456251561641693,0.1754928102883806,0.0384473640861138,-6.074949249715691,0.9837345480918884,0.6993932499548293,0.003054348975731,2.2954168035918454,0.4603449404239654,0.2068474108804903,0.0020831471076877004,-6.481118388467294,0.97489994764328,0.3669523629134498,0.4543546349337471,0.9822790511465264,0.9974144697189332,0.198507566036133,0.4554205345416105,-0.9843839123912446,0.998927116394043,0.3445308262317507,0.6613838508169352,2.410726088069349,0.483747273683548,0.1579674811493392,0.6848098336499807,-1.8214525768937977,0.9573886394500732,0.2961284384720327,0.8514092817032056,4.141851836635644,0.6327329277992249,0.1008538477872673,0.9179077803005272,-1.4184685638090555,0.9682241082191468,0.2584532937837335,0.883113780576133,4.241443631474417,0.6911312937736511,0.062112741165084,0.951776113963877,-1.45489261196991,0.9302111268043518,0.409000488199721,0.9126690289475072,3.346558799268501,0.7788499593734741,0.1823853202775278,1.0,-3.071051800677729,0.9593412280082704
15,0.625,0.4074696550493105,0.0203187211487447,-2.267779964790968,0.9993200302124025,0.4830517624367194,0.1351224210510657,1.0305714081172463,0.9961313009262084,0.1929892379549883,0.122601967959302,-1.5481845883748029,0.999785542488098,0.646119056827366,0.1531151918128133,1.122862982847866,0.3686315417289734,0.03734373198298474,0.1728567638994253,-4.414552301368132,0.9927889704704284,0.7113745841204675,0.0338721173536426,0.740732068847778,0.4987621605396271,0.1688910953436367,0.0406481026968331,-6.317877597530506,0.9852433800697328,0.7388424665684918,0.0046796993221883436,0.7062660374766054,0.5087706446647644,0.1926449442436322,0.0034744224790634,-6.782033915419473,0.976891040802002,0.3929839077553165,0.4636187841194757,0.9103003790756165,0.9976382851600648,0.2174104154580748,0.4647777926527536,-0.9131226394308474,0.9990314245224,0.3720843188004819,0.6693013967602303,2.8199221518597177,0.5248202681541443,0.1653179402125138,0.6900620286492034,-1.7026523487279916,0.9608568549156188,0.3238532633217804,0.8539031936573104,5.084567861022268,0.6651792526245117,0.0819671287825824,0.913925084663404,-1.4348551606319926,0.9704651832580566,0.2881238812778596,0.883005711990718,5.234563831443819,0.7141121625900269,0.0332706724976571,0.9462979903907656,-1.4869863366191305,0.9283545017242432,0.4368057105032204,0.9177806783980642,4.257787431786664,0.7972675561904907,0.1532777629028019,1.0,-3.190452562855864,0.9618370532989502
16,0.6666666666666666,0.4028261622982539,0.023782296855209,-2.417134566166045,0.999387800693512,0.5030120056881319,0.1427246151574726,0.702860114526796,0.9964839816093444,0.2055016357264412,0.131368555198968,-1.5431697641551412,0.9998064041137696,0.6687973641880813,0.1534213491440604,-1.1595319815805232,0.4284654855728149,0.025741565964193122,0.1778693750048566,-4.485669749339246,0.9934574961662292,0.7384946965164079,0.0336422848883742,-3.7771327306781,0.5477733016014099,0.1529795398208082,0.043839582248677,-6.739309392916034,0.9866158366203308,0.7671058132396709,0.006305049668645687,-4.258406916846303,0.5553749799728394,0.1624738711156353,0.0074673048978544,-7.312658910293162,0.9787691235542296,0.4143242701396389,0.4727669964021788,0.8713951015270022,0.997859537601471,0.2313199729580616,0.4697098275687899,-0.874725825480369,0.9991269707679749,0.3922581728042023,0.6763338591488006,2.800987934647028,0.5636436939239502,0.1692699142894886,0.6896531638290763,-1.940688669100772,0.9644696116447448,0.3439236609189596,0.8632259789103963,5.116889414381636,0.6952134966850281,0.068538072407121,0.9152356456262772,-1.8135332827281656,0.972998857498169,0.3077919635710899,0.8943035690696175,5.26747298577868,0.7365047335624695,0.0251106465976112,0.9464263767687991,-1.889421192167773,0.9289579391479492,0.4575880145156151,0.9278371888817224,4.217043654811607,0.8148325085639954,0.1111478370334682,1.0,-3.723894600201015,0.9648768305778505
17,0.7083333333333334,0.4480067286769288,0.031989473443604,-3.089828139457393,0.9994487762451172,0.5430887259495891,0.1546967737365582,-0.3050935876810599,0.996795117855072,0.223520151995557,0.1469921899823895,-1.8077696312989897,0.9998247027397156,0.7251672812683913,0.1491610881125618,-2.583807008523712,0.483090728521347,0.014139399945401518,0.1928654623805218,-4.780147925889748,0.9940788745880128,0.7985536409029609,0.0332298126505054,-5.615602985918903,0.5917133092880249,0.1254913443764884,0.0535166304168448,-7.011379292572055,0.9878549575805664,0.8296369734618149,0.00793040001510303,-6.236954329107752,0.5969374179840088,0.13522667588339,0.0153817886153539,-7.6310679322925585,0.9804543256759644,0.4588912201416217,0.488564916485585,0.7532980803642959,0.9980644583702089,0.2661975037985074,0.4875799042944421,-0.7565478071838824,0.9992123246192932,0.4358133251816238,0.6941069319086931,2.641776701339348,0.6040000319480896,0.1829566265586816,0.7030520432566414,-1.0268504199660604,0.9678940773010254,0.3857562313983656,0.8804675209718551,4.98749082012058,0.7245320081710815,0.0624373142662368,0.9133625073439484,0.0823603362157379,0.9754239916801452,0.3486026968460771,0.9112329820713464,5.1474612023722495,0.7600184082984924,0.0187847463898166,0.9384522485732204,0.1211771151895977,0.9313550591468812,0.5011602119879864,0.9456972311398988,4.117569237297446,0.8321498036384583,0.082247827208541,1.0,-1.495021768360538,0.9678194522857666
18,0.75,0.4640865917267462,0.0390525045160752,-3.1021386729300207,0.9995037317276,0.5605408285495277,0.1602779365387979,-0.4337658778987687,0.9970925450325012,0.2310352475280175,0.1568648122865977,-1.783965889337365,0.9998417496681212,0.7494077403747155,0.1494513475214158,-2.6949394901760466,0.5330859422683716,0.0025372339266099,0.1997227929534298,-4.645894003966204,0.9946398735046388,0.8285389101348644,0.031573897593906,-5.710751329846965,0.6314330101013184,0.1183037157198767,0.0612683533967637,-6.984550130258101,0.9889779686927797,0.8609633407046609,0.009555750361560374,-6.3371383043067375,0.6345274448394775,0.1195575929429621,0.0233756041185582,-7.602057721309914,0.9820107221603394,0.480665926473554,0.4929213334443394,0.6779924675179448,0.9982516169548036,0.2838682849319195,0.4922736592660471,-0.6809767121336875,0.99929016828537,0.4584304037870639,0.6973228072434831,2.6088131860248165,0.6409439444541931,0.1900963685464686,0.7024213833158757,-1.097895444082882,0.9710193276405334,0.4096833347937751,0.8822435908205645,5.00066070062805,0.7511972188949585,0.0407804267741885,0.9138989317248362,-0.3242137510460089,0.9777010083198548,0.3751555557859508,0.9132517571987548,5.162927035172856,0.7815842628479004,0.019826190382160852,0.9361113454965752,-0.3162897476327298,0.9338570833206176,0.5289113446471665,0.9464768804364112,4.132543278532472,0.8479967713356018,0.0699362574937682,1.0,-1.858849295926409,0.9706546664237976
19,0.7916666666666666,0.4770653066746613,0.0409562424979696,-3.037943325254884,0.9995532631874084,0.5787478554208528,0.1630824939021415,-0.552251158565838,0.9973645210266112,0.2307406667627127,0.1631604216045432,-1.8589706308553124,0.9998569488525392,0.7654877076729384,0.1441780357730158,-2.631122847725461,0.5784114003181458,0.0036819897640866447,0.203313939805207,-4.526997778035001,0.995149791240692,0.8539508843571704,0.0312083207476645,-5.409397387542826,0.6673429012298584,0.1021968841206915,0.0657424554009665,-6.785741807104465,0.9899893999099731,0.8904774730008409,0.011181100708017717,-6.001851423814141,0.6686403751373291,0.1062116967788587,0.0300738238026436,-7.383038976468263,0.9833981990814208,0.5011069119176221,0.4978770186754396,0.596596343649134,0.9984217286109924,0.2977515318780727,0.4971971731365467,-0.5994471608789087,0.999359965324402,0.4787503756892652,0.7025421232772365,2.4203213544567723,0.6751941442489624,0.2013505754800954,0.7075609682394771,-0.6114282585955876,0.9738311767578124,0.4324420109434819,0.887870374445431,4.680929207918992,0.7753942012786865,0.0528919076939782,0.912895260528672,0.6731035336505095,0.9797258377075196,0.3993925776966778,0.91934037679392,4.843564369845471,0.8013297915458679,0.0208676343745051,0.9290400247462772,0.7400911405830416,0.9358912110328674,0.5567173240617549,0.9524484282239468,3.849936995348781,0.8624424338340759,0.066552702887563,1.0,-0.7022442100506117,0.9731504917144777
20,0.8333333333333334,0.4717551423230385,0.0493701911056609,-2.6111048513419592,0.9995976090431212,0.6115777047682776,0.1716903623381402,-0.4087674615088831,0.9975930452346802,0.2371006423727606,0.175139606357285,-1.417471073665851,0.9998682141304016,0.7915048186583924,0.1457613028525466,-1.8971717734201456,0.6197581887245178,0.004826745601563389,0.2134082334262839,-3.5297947618282923,0.9955998063087464,0.8994036163230504,0.0341621093241455,-4.055533912954751,0.6999784111976624,0.093198603512926,0.07653486998359,-5.87428980504753,0.9908853769302368,0.934266227856774,0.01280645105447506,-4.527909955710119,0.6997740268707275,0.0884268439473691,0.0406888574975225,-6.715895574793973,0.9845360517501832,0.5357775307877466,0.5073675704180396,0.4182450349022446,0.9985721707344056,0.3190772193105213,0.5066732795581033,-0.4199153230796244,0.99942147731781,0.5143891561128622,0.7101828175874052,1.7559437751503395,0.7064343094825745,0.2093921253262134,0.7201411795854897,-0.3482964034542408,0.9763320684432985,0.477903500095523,0.8992270634150566,3.6351867249488,0.7972231507301331,0.084733914251377,0.9190634790522234,0.8571224156126268,0.9814887046813964,0.4476677793766251,0.9315002322982026,3.749407479801453,0.8191161751747131,0.0675990592628633,0.9376578757246968,0.914536200034037,0.9365255236625672,0.6043449331856412,0.9631047086108444,2.674264604681306,0.8753545880317688,0.0807203157875254,1.0,-0.4101190550664961,0.97523295879364
21,0.875,0.466078706051033,0.05345072510792,-2.5169495925483294,0.9996371269226074,0.6165989846069972,0.17534458494059,-0.4789313147450308,0.99778151512146,0.2347648652173902,0.1836295374268114,-1.2454119312065637,0.999873161315918,0.7977998986951325,0.1406791541168258,-1.7281903978644022,0.6570835113525391,0.005971501439040133,0.2172092828378531,-3.1618828350293318,0.9959935545921326,0.9141743017333808,0.0350614101527828,-3.6040271268277455,0.7292238473892212,0.0817644005916683,0.0834246332437085,-5.252816592894486,0.9916530847549438,0.949611552445969,0.014431801400932403,-4.028234150376495,0.7271913290023804,0.074238112327695,0.0484271932990147,-5.852435198455631,0.9853470325469972,0.5443561691596759,0.5098474217013382,0.2705736581949344,0.998705267906189,0.3180926079120049,0.5089795218021193,-0.2715896860196538,0.9994753003120422,0.5285665012087002,0.7124726193792571,1.361365132303613,0.735158383846283,0.2129446646477187,0.7217426881303964,-0.1265234615701202,0.9785827398300172,0.5087738943691004,0.8999230362330749,3.3599251257349683,0.8170154690742493,0.1116644250075878,0.919436942458486,1.347609270551387,0.9830769300460817,0.4798741370568566,0.9321524241716108,3.48374151288855,0.8348208665847778,0.10711618062194,0.9387318785369104,1.430418293111493,0.9367398619651794,0.6260569736380394,0.9672215656165992,2.3567165153053926,0.8870547413825989,0.087925928733946,1.0,0.1102052364139889,0.9771031737327576
22,0.9166666666666666,0.4506186984488826,0.057890635635044,-2.368001267423846,0.9996721148490906,0.6083695007941039,0.178845039740449,-0.2767946952620417,0.9979304075241088,0.2328643917672462,0.1927067745576765,-1.1435446508242222,0.9998717308044434,0.800994202382788,0.1339675155559819,-1.0213417097542148,0.6907387971878052,0.007116257276516878,0.2221257591672321,-2.949722849148212,0.9963281154632568,0.924625533574802,0.0333490242995981,-2.435196841076836,0.7555927634239197,0.0636249818242699,0.0891334090235363,-4.925705304146712,0.9922841787338256,0.9584587698369036,0.016057151747389746,-2.7169816776103906,0.7518031001091003,0.0579767906055086,0.0537274889215408,-5.4251196449856165,0.9857978224754332,0.5444703445376233,0.5108679887527253,0.2826077311793892,0.998821258544922,0.316836048080782,0.5111752521362629,-0.2835197336537846,0.9995219111442566,0.5367233242286145,0.7159185502165656,1.1816734195110117,0.760977029800415,0.2181228000872558,0.7268099486292484,-0.1819389076858838,0.9805657267570496,0.5287265596477208,0.8978104329649079,3.122548994861668,0.8347922563552856,0.1269903236155103,0.92192368153981,1.3506593079128777,0.9844813346862792,0.4994051101339459,0.9304549409195229,3.236458879569426,0.849086344242096,0.1261992812090195,0.9435156138721008,1.436275492195186,0.9367154836654664,0.6437479601589233,0.9692257909017012,2.0848843604094958,0.8974950909614563,0.1051566873172647,1.0,0.1034881779066475,0.9787086248397828
23,0.9583333333333334,0.4438395190857778,0.0588750031738346,-2.345685832146231,0.9997034072875975,0.5951908824295772,0.1797044303281043,-0.1405511800463826,0.9980604648590088,0.2267658045258019,0.1978736170400534,-1.143520830304878,0.999872386455536,0.8025937686347236,0.1293168157526721,-0.5175997959768261,0.7210791707038879,0.008261013113993621,0.2253945230583096,-3.060301385169503,0.9966225028038024,0.930300494970304,0.0336285965093488,-1.4433940274955177,0.7794113159179688,0.0499452498109872,0.0915588446206398,-5.095095119547252,0.9928684830665588,0.9658370899621284,0.01768250209384709,-1.6899603788004822,0.7742132544517517,0.0437980558629415,0.0568285268945204,-5.593809321706175,0.9863027930259703,0.5402888423749207,0.5104408684400535,0.3271248795982011,0.998924732208252,0.316404201836658,0.5105378706884842,-0.328099110897443,0.9995644092559814,0.5429838286035595,0.7194629649852697,1.18862592256539,0.7841673493385315,0.2260260237188369,0.7272018216208768,-0.4139897438806049,0.9823299050331116,0.547265362407549,0.8981477624034077,2.932253685925719,0.850813627243042,0.1377290183643621,0.9236859769753392,0.8298501789265023,0.9857550263404846,0.5186357712245726,0.9294648212163517,3.0186412917326337,0.8619855046272278,0.1367617691336626,0.9466699633462152,0.8872398162162881,0.936878740787506,0.661825141060004,0.970180251624079,1.825119110291148,0.906878650188446,0.1198713604744062,1.0,-0.492610773593195,0.9801948070526124
24,1.0,0.4357442769504121,0.059725045866858,-2.1589267635490037,0.9997323155403136,0.5881009590717327,0.1796487684430608,0.0080705795467091,0.9981964230537416,0.2213599583342499,0.2011282466724483,-0.9388391981498144,0.9998765587806702,0.8002512000839607,0.1297205319953364,-0.0523497130788459,0.7483842968940735,0.009405768951470366,0.2386806960038411,-2.6637615379419146,0.9968827962875366,0.9434805341287644,0.0328651138932245,-0.8028069198391465,0.8008996844291687,0.0368531556361517,0.1037359691164179,-4.624396805402041,0.9933947920799256,0.9814056574429906,0.019307852440304436,-0.9952450266546428,0.7944533228874207,0.0252495072285234,0.0730669587922732,-5.093682888225216,0.9867596626281738,0.5402579764214425,0.5092166915177435,0.3335388385024634,0.9990156292915344,0.3185312737068889,0.5096215021028889,-0.3348047339759364,0.999602437019348,0.5556679380799565,0.7193670895876302,1.1849196439479208,0.8049009442329407,0.2409284454892561,0.7258611411209762,-0.4203884840747474,0.9839224219322203,0.5773270248916725,0.8964907690528574,2.780932523569026,0.86519455909729,0.162307507589584,0.9237316703082004,0.6219178642601918,0.9869160652160645,0.5513588068238726,0.9278446638308624,2.853142862723559,0.8734391927719116,0.162465548394835,0.9473552067870536,0.6673151042762494,0.9372580647468568,0.6912293436304824,0.968345385276078,1.6895411603126984,0.9152817130088806,0.1504782884991887,1.0,-0.6704796443372585,0.981582760810852
25,1.0416666666666667,0.4303395145172645,0.0584106683783273,-2.164159538764688,0.9997586607933044,0.5811357456313333,0.177600633800139,0.1086456274890919,0.998332381248474,0.2176524610886166,0.2010963644724897,-0.972741057057121,0.999883770942688,0.7944912524530159,0.1259194772084096,0.11882889735662,0.7730063199996948,0.01055052478894711,0.2461326119484075,-2.789981265960553,0.9971201419830322,0.9579320449197728,0.0326117145964895,-0.5694109329597569,0.8203727006912231,0.024915240429715,0.1151438657649109,-4.845657777195953,0.9938969612121582,0.9939471865212623,0.02093320278676178,-0.7422033056457609,0.8131944537162781,0.0158355895071029,0.0857605890856278,-5.3210799999315705,0.9873384833335876,0.538368264904437,0.5076860449648121,0.3682952330504453,0.999100625514984,0.3216003478123471,0.5100731323945041,-0.3698215041100591,0.9996383190155028,0.5667863943153896,0.7169168793218889,1.3931874531650144,0.8232690691947937,0.2533707857563804,0.724830028619699,-0.5981227010454183,0.9853430390357972,0.5992684053264118,0.8955998120159417,3.0131449756392192,0.8780242800712585,0.1804600194850718,0.9240852543882327,0.3831662932272023,0.9879213571548462,0.5737298431829505,0.9270453018690976,3.088858425917796,0.8835688829421997,0.180460142543502,0.9480973997630632,0.4191836043416287,0.9376734495162964,0.7099067943143558,0.9672428303389732,1.9648604059019248,0.922726571559906,0.1755195311572254,1.0,-0.9669408807362776,0.982781171798706
26,1.0833333333333333,0.4082366395736819,0.0554838103836322,-2.4009670074805096,0.9997820258140564,0.5731819730583413,0.1734150591646683,-0.0821785303971974,0.998436152935028,0.212572802678617,0.1984690608740643,-1.1095760271269908,0.9998880624771118,0.7798815274179807,0.1224046092232704,-0.1381768373416531,0.7950775623321533,0.011695280626423854,0.2504397452581155,-3.0486861335771507,0.997322916984558,0.9584253869188962,0.0315360433174331,-1.070561149627825,0.8378089070320129,0.0236363917957314,0.1274262815297686,-5.366337326257395,0.9943333864212036,1.0,0.022558553133219122,-1.2908341608293066,0.8298957347869873,0.0118268426602669,0.0975460090401365,-5.892810186399888,0.9878116250038148,0.5312908731693503,0.5024704947980466,0.3592206934551036,0.9991768002510072,0.3182116915981139,0.5074376848494153,-0.3607683316627961,0.999669909477234,0.5728451625328103,0.7065421679799339,1.4632814045663836,0.8399933576583862,0.2623526882462921,0.7186602458410757,-0.5078471793179988,0.9866360425949096,0.6177599663654716,0.8866101838721017,3.163316442003199,0.8896507024765015,0.1979429092079541,0.9169756545124714,0.7097557305332152,0.9888306856155396,0.5906647777852462,0.9194748596224908,3.25562587434371,0.8927637338638306,0.1958912543982177,0.9391609512332394,0.7675957819832512,0.9382163286209106,0.7232524265723058,0.9583649054941008,2.1624882163092423,0.9295473694801332,0.1965098422499971,0.9898403449547044,-0.6174166621170539,0.9838685989379884
27,1.125,0.3973020485591008,0.0518478054849687,-2.2285141675488305,0.9998016357421876,0.562364860571556,0.1664079282742046,-0.1187582058610436,0.9985384345054626,0.2154781587628256,0.1944678500913932,-1.0480923687124997,0.9998853802680968,0.7638367996705631,0.1171242977389507,-0.1956560818898189,0.8150275349617004,0.0128400364639006,0.254005227834151,-2.9903714519552445,0.9974261522293092,0.9504355117441882,0.0307068295818199,-1.033453353759178,0.8535149097442627,0.0107940714255349,0.1413116248372347,-5.472691915472157,0.9946656823158264,1.0,0.024183903479676465,-1.2324480535609466,0.844999372959137,0.014856013668687839,0.1098050647968769,-5.982338584070039,0.988089382648468,0.5285488317786081,0.4920590507424818,0.2889821179965572,0.9992429614067078,0.3177321820677497,0.4980454598439592,-0.2907304880910796,0.9996957778930664,0.5902453973996648,0.693118952705,1.2093379611720696,0.8552871942520142,0.2795571643228263,0.7038364977831613,-0.4276000793047269,0.9877653121948242,0.665139022010755,0.8701970640817472,2.958625450586553,0.9001267552375793,0.2257658306424329,0.9001556226543657,0.8742954255274485,0.9896472692489624,0.6457770125276945,0.9024762389457464,3.0452267665721098,0.8998682498931885,0.2371227623914459,0.9211930168322112,0.9357382016450004,0.9386214017868042,0.7573849657603346,0.940614801225976,1.7626205779785469,0.9356424808502196,0.2243997449563638,0.9720166346586682,-0.4653671501686872,0.9848547577857972
28,1.1666666666666667,0.3893675261114984,0.0542343847540528,-2.1925710605823587,0.9998199343681335,0.5573488813871141,0.1674673840454643,-0.2074575003032295,0.998654305934906,0.2136781169145817,0.1986272230702081,-0.9114130232632824,0.9998745322227478,0.7659687374757754,0.1159108112097465,-0.2401112273297881,0.8331396579742432,0.0257864345944802,0.2596650021062582,-2.6921178912106862,0.9974130392074584,0.9532513966020164,0.0315442269850587,-0.9484254098362964,0.8677346110343933,0.0161491711229469,0.1482206033097773,-5.132257285339088,0.9948309659957886,1.0,0.025809253826133808,-1.1130768404136842,0.8587589263916016,0.017885184677108777,0.1174537547812607,-5.638673479806818,0.98792964220047,0.530750385576867,0.4940964642941297,0.173926098768132,0.9993013143539428,0.317241441771691,0.5027107529669435,-0.1759595846912846,0.9997135400772096,0.6013198349851868,0.6966040368732558,0.8251178799010163,0.8692083954811096,0.2908891481160098,0.7095155951405487,-0.1614421855929589,0.9887219667434692,0.6957344840618485,0.8773574924044,2.5716174274695365,0.9095736145973206,0.2426621201658557,0.9060803905163584,1.2965699095216725,0.9902822971343994,0.6891392469164377,0.9065374153820188,2.6603636955200325,0.9037665724754332,0.263412042599152,0.9255423558123352,1.3767832370570987,0.9373517632484436,0.7683120197933447,0.9491284495222428,1.325602710759197,0.9411918520927428,0.2401185562727465,0.9802503646914852,0.0450772321881455,0.9856336116790771
29,1.2083333333333333,0.3971380952997062,0.0501498207565839,-2.152767033238941,0.9998360276222228,0.5565486501756015,0.1618766193843571,-0.3484401749020814,0.9987690448760986,0.217147672039896,0.1957437056353975,-0.8537682396830794,0.9998438358306884,0.7681929311821247,0.1148960838632046,-0.5228185563839578,0.8495405316352844,0.0597442912134068,0.2562815460984546,-2.654516480699887,0.9971908330917358,0.953354542566298,0.031601026342864,-1.208636719591659,0.8806500434875488,0.0180389294368915,0.1483176372550287,-5.153682396103784,0.9948037266731262,1.0,0.02743460417259115,-1.3224759210625023,0.8716319799423218,0.02091435568552972,0.1180386538989575,-5.662463777646241,0.9873908162117004,0.5439559676005725,0.4825766582471857,0.0642991791093802,0.999348282814026,0.3303051714397025,0.4945564486179256,-0.0659910110471864,0.9997236132621764,0.6119898774551029,0.6843486546800477,0.7317710235324986,0.881918728351593,0.3091845299107209,0.6996594590735119,-0.0014108354574088,0.989551603794098,0.7214625361853185,0.8660849701484596,2.505505403651449,0.9181513786315918,0.2685011742707948,0.8932440254989991,1.456121040260905,0.9907937049865724,0.724155979388804,0.8871888997027543,2.5969107123294823,0.9042899012565612,0.2915436329892224,0.9116814666476905,1.5336916569903,0.935103476047516,0.7763302851649897,0.939650004528406,1.2027561106147475,0.9462649822235109,0.2584746483536967,0.9690816488381644,0.189568198532657,0.9862353801727296
30,1.25,0.3854312361451906,0.0538474330102181,-2.278701751311198,0.9998486638069152,0.5540004419494602,0.1617341391614882,-0.6333469673281574,0.9988611936569214,0.2151288354392667,0.2004590716401867,-0.8419577760012373,0.9997987151145936,0.7735366101639709,0.1177139409655325,-0.8230818418761299,0.8643507957458496,0.0535264743115755,0.2649184313393862,-2.3506772725505,0.9970614910125732,0.9566972002247696,0.0334328939785954,-1.59594198557114,0.8921965956687927,0.0106949677674215,0.1524010271515042,-4.724672024942571,0.9948508739471436,1.0,0.029059954519048494,-1.7736940521547508,0.8828696608543396,0.023943526693950654,0.1211021006344917,-5.207999317915806,0.9869925379753112,0.5437877339751113,0.4841003825895817,-0.0201253406197538,0.9993796348571776,0.3322639690318631,0.4969447068633496,0.0185267262226997,0.9997209906578064,0.6159931917670701,0.6844967027851032,0.5174856329786821,0.8934161067008972,0.3164709842549154,0.7024651307403939,0.1206077287456167,0.9903108477592468,0.7355361281731126,0.8679751139723113,2.2773888333060515,0.9259392619132996,0.2844172475035009,0.8951211498813773,1.6559442482964046,0.9912652373313904,0.7517309014857599,0.8887855249748507,2.3645006713576566,0.9032804369926452,0.3084834425083963,0.9135403124992062,1.7413659212502328,0.9335313439369202,0.7551054948900153,0.9442274423123728,0.925733351504198,0.9508943557739258,0.2667471578451333,0.9709158110183468,0.4276636346421303,0.9868293404579164
31,1.2916666666666667,0.3704949183105561,0.0551324498387978,-2.5069934659514463,0.9998597502708436,0.5546833080671263,0.1609259148022307,-0.8459552371586342,0.998942732810974,0.2174138783142196,0.2048900072497857,-0.8123767129238424,0.9997268915176392,0.7786089094454777,0.1174619921507242,-1.0585507670354477,0.8777547478675842,0.0424690545958229,0.2739501935556006,-2.165751252227153,0.9969510436058044,0.9563228658480376,0.0325235855929688,-1.870566135709441,0.9025918841362,0.0080500871580067,0.1548689834658496,-4.477591195681551,0.9948819279670716,1.0,0.030685304865505837,-2.07265942621423,0.8930010199546814,0.026972697702371595,0.1226408608392028,-4.965589708833391,0.986422836780548,0.5499613126691643,0.4831888827895796,-0.1039092908126826,0.999405026435852,0.3416734813066743,0.4967640025240436,0.102389151049762,0.9997028708457948,0.6248582604439439,0.6830732668462363,0.1233394674994044,0.903771698474884,0.3252558389322416,0.7076474831824598,0.4091145629391318,0.990813136100769,0.7563997052507124,0.8727413408475767,1.7039008434925047,0.9328794479370116,0.3028145702256831,0.8926097979754127,2.127724687814451,0.9914615750312804,0.7837575062640172,0.8934712081211875,1.7659158400117856,0.8967334032058716,0.3257898489915423,0.9114212970039176,2.2301079483321944,0.930398166179657,0.7337098384766767,0.9555501897493144,0.2179749079742765,0.9548643231391908,0.2804741681034406,0.9686862781598272,0.9453630249313736,0.9870598316192628
32,1.3333333333333333,0.381001857337352,0.0533810453882194,-2.7713730911998047,0.9998701214790344,0.5584436692346141,0.1571902518977187,-0.8782364688199156,0.9990189075469972,0.2207500122578469,0.2036366385003327,-0.8250627740579485,0.9996694922447203,0.7867087323245248,0.1120797783852254,-1.049249454301179,0.8898016214370728,0.054577553194176,0.2717653079806952,-2.4757946567537235,0.9969183206558228,0.9544504915174812,0.0321673109454085,-1.901592773164736,0.9119260311126708,0.0202909802888498,0.1575020654989546,-4.461280225942391,0.9950127005577089,1.0,0.03231065521196318,-2.108652952370864,0.9020272493362428,0.030001868710792533,0.1289103196994334,-5.015580558529107,0.9863089919090272,0.5532515469284497,0.4789459280792938,-0.0916442422730035,0.9994349479675292,0.3472681443784509,0.4935230956466338,0.0904257930243385,0.9996936321258544,0.6299604135126246,0.6786127393954542,0.12248660149095,0.913152277469635,0.3311945435931916,0.7070955396992477,0.5050789606828846,0.991292119026184,0.7639242191219218,0.869802029710182,1.69916308499687,0.9392145872116088,0.3156260429889936,0.8871005871523451,2.324514309207479,0.9916799068450928,0.7916440460842995,0.8910452184726847,1.7582953248461437,0.8941044211387634,0.3372240439278648,0.9060548558906008,2.4362157311055146,0.9284012913703918,0.7273789789725138,0.9520976355101278,0.2015509845203779,0.9586047530174256,0.2927340629211694,0.9640950068599584,1.137456343851165,0.9873461723327636
33,1.375,0.3808980353816018,0.0530236351796145,-2.666931248382903,0.9998779296875,0.5541475555298673,0.1563145136425113,-0.853623932331601,0.9990886449813844,0.2200483998610581,0.2050496187553799,-0.9072121638383228,0.9995880126953124,0.7861058838825572,0.1111807504652244,-1.053429923966254,0.900659441947937,0.0609048314613961,0.2704554318020113,-2.498825778319094,0.9967278242111206,0.953411084568407,0.0322366087514451,-1.9049870734624563,0.9204152822494508,0.0201442532486058,0.1555053916642196,-4.797851265384759,0.994983434677124,1.0,0.03393600555842052,-2.111819354993546,0.9105126857757568,0.03303103971921347,0.128549365338471,-5.312822652763336,0.9858198761940002,0.5553149581177369,0.478594317710986,-0.0840143122700017,0.9994547367095948,0.3492010386821361,0.4940183867832237,0.0826839419528148,0.9996811747550964,0.6342328061801688,0.6791868072433441,0.1507841820545027,0.9215118885040284,0.3342301797760307,0.709599560422263,0.2982388591343658,0.9916875958442688,0.7684030316935323,0.8706272110688218,1.794461241838263,0.944776713848114,0.3233324088114407,0.8885906309739035,1.9427611319818112,0.9918212890625,0.7934412204091676,0.891758186882186,1.862364358372324,0.8899216651916504,0.3435018897525557,0.906945613092296,2.034555686300996,0.9260949492454528,0.7328072313226319,0.9540041426121456,0.3295608753919509,0.9617226719856262,0.301659156049001,0.9665149461789978,0.7061539299960632,0.9874494075775146
34,1.4166666666666667,0.3849208652316545,0.0549462310013254,-2.5968725639897623,0.99988454580307,0.5546617723908912,0.1574325374431325,-0.7300577796152404,0.9991426467895508,0.2241833744570809,0.2073861743648076,-0.8912133896569298,0.999544620513916,0.7854551123136679,0.111991781248359,-0.9402106233776248,0.91040301322937,0.0655285617319874,0.2732095734038167,-2.402385400706921,0.9966915845870972,0.9528642527053264,0.0329533907142948,-1.819158254786598,0.9280744791030884,0.0211271158648873,0.1611659868767409,-4.749064856979829,0.9950584173202516,1.0,0.03556135590487787,-2.03288853806552,0.9181854128837584,0.036060210727634406,0.1344664517894254,-5.247059075380644,0.985643744468689,0.559872877725606,0.4774869018202941,-0.0524184274579641,0.999463438987732,0.352813823412446,0.4936026361066093,0.0512110812062558,0.9996722936630248,0.6388568756571582,0.6765443044800276,0.31461138585691,0.9289475679397584,0.3413162268892447,0.7086101843297676,0.1672510482368237,0.9921206831932068,0.7664384000248383,0.8634426965700142,2.0680698601213106,0.9496246576309204,0.3346102364290604,0.8869605290230401,1.7184010976270911,0.991959512233734,0.7834454673585877,0.8813402737118083,2.149723060983841,0.8856449723243713,0.3513974400430342,0.9044286104148368,1.8025595969412536,0.9232771992683412,0.7399090402798685,0.94740300020187,0.680235372013733,0.9642396569252014,0.3155845273097613,0.9638950724947548,0.4623054590515464,0.987470269203186
35,1.4583333333333333,0.3758543641350372,0.0545385897382817,-2.4113201356958816,0.9998930096626282,0.5523918340981285,0.1570514866182391,-0.6712856574062264,0.9992076754570008,0.2248649768107311,0.208084327246369,-0.7694063135417581,0.9994990825653076,0.7790252223667724,0.1117383449025878,-0.9024415196628122,0.919200360774994,0.0715306941961752,0.2711094204920625,-2.4894490390404904,0.9963149428367616,0.9524423643434908,0.0331660497368628,-1.785484636899946,0.9350650906562804,0.0238639176824284,0.1590007205532949,-4.80795990984161,0.9948096871376038,1.0,0.03718670625133521,-2.008131815859356,0.925549864768982,0.03908938173605535,0.1345868906734944,-5.3108525738022925,0.9847189784049988,0.5605028036017484,0.4776811360842302,-0.0552311075067915,0.9994887113571168,0.3534360257873745,0.4958807344964882,0.0537012595834759,0.9996784925460817,0.6410522285053497,0.6768605816327855,0.3833056675241911,0.9357511401176452,0.3440940509934687,0.7111694765067169,0.1320535237431281,0.9925646781921388,0.768739086466013,0.8631196800269023,2.1413070150273863,0.9541825652122498,0.3389162015674204,0.8890188731290355,1.6643893196890884,0.99226975440979,0.7872070495636323,0.8809607526358224,2.223199662953928,0.8844842910766602,0.3549123846682902,0.9064060798490284,1.7441686673769987,0.9232357740402222,0.744469502604594,0.9475805202196458,0.7224682516591958,0.966928243637085,0.3219524343016325,0.9650787216318738,0.3794843544635241,0.9878456592559814
36,1.5,0.3817378810241216,0.0547029969180584,-2.418098490215343,0.999900996685028,0.5541955324817133,0.1573530438312488,-0.7309408894112949,0.9992676377296448,0.2267653404542735,0.2089332053266204,-0.7809209565217229,0.9994558095932008,0.7808483778464224,0.1121395567976107,-0.9529356693591904,0.9271205067634584,0.0730863314874344,0.2697634603053819,-2.3657684455845307,0.9960612654685974,0.9538627048218056,0.0333699710300854,-1.814588201717363,0.9413357973098756,0.0219165812845325,0.1598816366766613,-4.748913801386882,0.994625449180603,1.0,0.038812056597792556,-2.016236568529541,0.9320468306541444,0.04211855274447629,0.1350914991956498,-5.228477797510088,0.983862042427063,0.5609956413084206,0.479238090572355,-0.0694330258097421,0.9995089173316956,0.3539594547206087,0.4985320141564221,0.0677500373261955,0.9996824860572816,0.642612551101579,0.6780642848346227,0.4415304659666835,0.9419154524803162,0.3451815403124431,0.7137314403343091,0.1913443049336549,0.9930235147476196,0.7713032828457765,0.8628983392680553,2.21603533005458,0.958368182182312,0.3417936157019945,0.8909170063281358,1.7544042626421594,0.9925947189331056,0.7920533716038429,0.8804022336855402,2.299629068817113,0.8837860226631165,0.3566760595110506,0.907983285720422,1.8382916431199867,0.9230806827545166,0.747140479928606,0.9487839386806666,0.8126064608488252,0.9694031476974488,0.3255761869829138,0.9660778579663084,0.4818395861854655,0.9882413744926452
37,1.5416666666666667,0.3825062919216903,0.0566656583349848,-2.408256171791914,0.9999082684516908,0.554719842320618,0.1582763979751012,-0.6906175293655115,0.9993205070495604,0.2271643549793101,0.2107377537447064,-0.7421056351102133,0.9994375705718994,0.7819320070642549,0.1128794153477858,-0.9239865216995824,0.9342120885849,0.0713704575808383,0.2703688592800157,-2.3870550979439327,0.9958056807518004,0.954273759774946,0.0335139647531752,-1.7932954357977609,0.9469468593597412,0.0212319704041888,0.162828467051311,-4.8490449951334655,0.9944322109222412,1.0,0.040437406944249896,-2.0012873217215192,0.9377802014350892,0.045147723752897224,0.1370844020924769,-5.345756988629423,0.983040988445282,0.5604210014900858,0.4849750349947074,-0.0639310624047655,0.9995300769805908,0.3529237858840444,0.5039295812139618,0.0622246711125919,0.9996920824050904,0.6467327348134295,0.6830505633643029,0.449518596343269,0.9474844932556152,0.3417966767512648,0.7202292337756441,0.1938302436607107,0.9934946298599244,0.7737904506603972,0.8658286228987246,2.4484910447317643,0.9621451497077942,0.3444918819936748,0.8989722319883514,1.762608836014396,0.9929586052894592,0.7942077332190315,0.8828996358918338,2.5516480110001365,0.8822451829910278,0.3617824591858508,0.9167689362960172,1.8462624685875448,0.9232977032661438,0.752068555831412,0.9541137729878262,1.0394085197130698,0.9716841578483582,0.3277068997118198,0.9715430191934176,0.4799557224450101,0.98873770236969
38,1.5833333333333333,0.3859055131370157,0.0574589571558442,-2.415241537742772,0.9999147057533264,0.5541473231977313,0.158878536038691,-0.5908265557282467,0.9993643164634703,0.2256913522045221,0.2127916867997937,-0.7827623071829014,0.9994214177131652,0.782467245781978,0.1133432015727643,-0.7692699114628677,0.940570592880249,0.0668786915497415,0.2719677401889114,-2.45845532314992,0.9956905245780944,0.954598851730876,0.0337294439770104,-1.5578154897725045,0.9519599676132202,0.021748469904617,0.1661534000088447,-4.961669540293699,0.9944809079170228,1.0,0.04206275729070724,-1.750088174122945,0.942772090435028,0.048176894761318166,0.1385001137375034,-5.472422333658447,0.9829944372177124,0.5593297972686545,0.4896947347183736,-0.0506027914035349,0.999543845653534,0.3512795342913301,0.5087097325949469,0.0490078979922621,0.9996919631958008,0.6519265891612184,0.6898346055628227,0.4901739207597815,0.9524986147880554,0.3397061975697805,0.7244377745370731,0.2102809267131685,0.9938645362854004,0.7756808338243544,0.8701581629951238,2.412303725597421,0.9655039310455322,0.3467706642362274,0.906099986299227,1.7838146573024685,0.9932106733322144,0.7961207358571447,0.8867847772501707,2.5063676092351628,0.8800989389419556,0.3648116687223766,0.9253086304801718,1.867298526784146,0.9226971864700316,0.7531526405411072,0.962039532774236,0.9774340322738322,0.973651647567749,0.3282575429319351,0.9763198191082154,0.4988719826634589,0.989099621772766
39,1.625,0.3835604882128536,0.0580144141204429,-2.4018381220516174,0.999920666217804,0.552511781668374,0.1569702128213985,-0.5358069696924621,0.999407172203064,0.2246001502143285,0.2121946023221483,-0.7622016395374397,0.9994074106216432,0.779704602175576,0.1115829815723173,-0.7436476583552698,0.9463275671005248,0.065613044277102,0.2733013055736386,-2.361767941164766,0.9956358075141908,0.9513866991474678,0.0340748753136682,-1.5830298453974962,0.9565072059631348,0.0225258422388301,0.1666486585161649,-4.825251837776368,0.9946211576461792,1.0,0.04368810763716458,-1.7812637600177033,0.9473921060562134,0.0512060657697391,0.1379120326770204,-5.326846456897764,0.9832570552825928,0.5568537545217163,0.4873598921228382,-0.056076048401325,0.9995511770248412,0.3497294854026642,0.5063896461376218,0.0547737888936454,0.9996859431266784,0.6520190472834614,0.6874752252215572,0.4439420426442433,0.9569782614707948,0.3395090481702974,0.7219401307217024,0.2385862168572041,0.9941611886024476,0.7754155729886033,0.8665430228731148,2.1819538147575286,0.9684447050094604,0.3480585027513383,0.9033214599956264,1.7637472587852052,0.9933645725250244,0.7950152709017553,0.8833008184800638,2.2560254842704786,0.8772914409637451,0.3647226105728323,0.9224048683300196,1.8424496988159416,0.9217503666877748,0.7547937188321183,0.9581600832293384,0.7523466040494966,0.9752762913703918,0.3285214015443976,0.972670793291848,0.4888637401475198,0.9893013834953308
40,1.6666666666666667,0.3865942743589076,0.055273590836498,-2.3192442690823563,0.9999256730079652,0.5520973750847858,0.1532984319666417,-0.4800330585318802,0.9994457960128784,0.224488217938674,0.209038784133399,-0.7348980199647588,0.9993976354599,0.7781812173988446,0.1080683021506403,-0.7005178041825753,0.9514914751052856,0.0651850922503384,0.2704202027440628,-2.337954567622225,0.9956069588661194,0.949232764755184,0.0340576285441034,-1.5565571996075718,0.9606083035469056,0.0218861859615653,0.1630650377156977,-4.77110924159681,0.9947701096534728,1.0,0.04531345798362193,-1.7560997082291805,0.9516085386276244,0.05423523677816004,0.1340537713541684,-5.266115311497144,0.9835801720619202,0.5555991482993838,0.4835204365795573,-0.0507559929590348,0.999560534954071,0.3486396435365813,0.5023454136623559,0.0494736848180205,0.9996843338012696,0.653101703466208,0.6840071277089597,0.436190289188675,0.9609984159469604,0.3399281239531908,0.7178604964859109,0.2134646065510607,0.9944182634353638,0.7736797054453657,0.8612607765781504,2.181453406585544,0.9710546731948853,0.3486372807862382,0.8981470898328903,1.7371071457021432,0.993455708026886,0.791802236851191,0.8781342400151498,2.2596789246213964,0.8741294145584106,0.364271422599577,0.9168597181368792,1.816119732336977,0.9200026988983154,0.757853649235417,0.9524695555188148,0.7781776388814234,0.9766774773597716,0.3292265778934108,0.9677909282554994,0.4652773886560649,0.9894092679023744
41,1.7083333333333333,0.3861011811707839,0.040411853438671,-2.2752675911162634,0.99993097782135,0.5437247247970212,0.1394379190550866,-0.3316099264491935,0.9994779229164124,0.219846874228841,0.1925634403636381,-0.7369388163078068,0.9994071125984192,0.7642309136210723,0.100951889441536,-0.3979176602254947,0.9560834765434264,0.0633061126138613,0.2547935111172108,-2.221294365269284,0.9957629442214966,0.9474607556162452,0.0325681189580865,-1.201528641870063,0.9642874598503112,0.0210413277586087,0.1441836244894553,-4.388582752766067,0.9949681758880616,1.0,0.04693880833007927,-1.38460385032969,0.95533686876297,0.05726440778658098,0.1165777092632393,-4.85126513274159,0.9839421510696412,0.5517626453512103,0.4625592457817549,-0.0212585653228979,0.9995713829994202,0.3458223876089994,0.4805726478746996,0.0203400536156763,0.9996895790100098,0.6437446721576042,0.6612032319953572,0.5016197279280729,0.9645126461982728,0.3352320416085788,0.6918653408479818,0.0940500420569918,0.9946861267089844,0.7574080214885309,0.8343121562631952,2.372148317919973,0.9733143448829652,0.3443938242320861,0.8706055450408553,1.5729420276644044,0.9935980439186096,0.7673137192228583,0.8504184442604331,2.469060026274852,0.8747236728668213,0.3588883445765055,0.8887026179734143,1.6506064030964285,0.9188665747642516,0.7593703350964832,0.9213379641269408,1.0750959411873853,0.9778702855110168,0.3247934652144585,0.9394758265938118,0.299172618580214,0.9895589351654052
42,1.75,0.3803511316478453,0.0287170782289222,-2.307184327877186,0.9999364018440248,0.5355078663458751,0.1290864633161819,-0.3272299502417305,0.9995096921920776,0.2037084710637206,0.1802583530194836,-0.8445179680160123,0.9994356036186218,0.7582033151210708,0.0945798475343687,-0.3296598124496757,0.9601500034332277,0.0460785697209447,0.2397331742455015,-2.4076259915589557,0.9959911108016968,0.9480032757366592,0.0312898830748034,-1.094325109833149,0.9675188064575196,0.0163120640556206,0.1282771499928424,-4.389513060162352,0.9951817393302916,1.0,0.048564158676536615,-1.2803352900795464,0.95842707157135,0.06029357879500192,0.1005318639508378,-4.930229314858303,0.9843724966049194,0.5437415045571834,0.4550650460441556,0.0481116093695267,0.9995936751365662,0.3336627865997083,0.4722059557659287,-0.0490332916905133,0.9997063279151917,0.6308824360784462,0.6567606684886197,0.7317498341042945,0.9677765369415284,0.3183707061363384,0.6825004596059088,0.0235758785986769,0.9950613975524902,0.7360098068637874,0.8214773804861142,3.0921497092236216,0.975512146949768,0.3286123389471864,0.8578003297536149,1.6479337918153658,0.9939368963241576,0.7293745072407005,0.8388126835244544,3.244214067474727,0.8802472352981567,0.3430340675159264,0.8757832229673611,1.7524842500479545,0.9207109212875366,0.7511701602771151,0.9063680814777728,1.9358314798372296,0.979207158088684,0.3107286770107668,0.9265924272932518,0.4008777203419245,0.9900141954421996
43,1.7916666666666667,0.3843488288032622,0.0010967833330667,-2.4723231702154798,0.99994158744812,0.5168303089193838,0.1024883800784917,-0.0896600395383804,0.9995319247245787,0.1717810666980132,0.1510197963537316,-1.3168255594366027,0.9994710683822632,0.7407991807222098,0.0850029688850185,0.2600630481557976,0.9637497067451476,0.0044715280332997,0.2051025407210229,-2.941343135689816,0.996325433254242,0.9472052022377578,0.0251012794375788,-0.374557839439537,0.970468044281006,0.0059070494383695,0.0842220860468895,-4.695451609999986,0.9955318570137024,1.0,0.050189509022993954,-0.5352951261142574,0.9612913727760316,0.06332274980342287,0.0483190384012119,-5.204746213988852,0.985267162322998,0.5247367476554387,0.4332873799549137,0.2792022347471384,0.9996177554130554,0.308666199713568,0.4476236979393086,-0.2799847173593499,0.9997263550758362,0.5976431620468683,0.6415761684202911,1.064075462234447,0.9705420732498168,0.2871229452266797,0.6558073408087561,-0.1996595741581739,0.9953864216804504,0.6544443895724318,0.7960226446748915,3.801195938495913,0.9774207472801208,0.2937187157074072,0.8253007662528774,1.6667320879536378,0.9942835569381714,0.6283171580687246,0.8157474715788091,4.001197753926293,0.8896216154098511,0.3084917298989326,0.8449814250508976,1.7971980623639283,0.9238554239273072,0.7117862996331844,0.8728495291169832,2.869599018157892,0.9803724884986876,0.2797134266636711,0.8959626641552286,0.4475488222516466,0.990454912185669
44,1.8333333333333333,0.412136467138297,0.00116194781768415,-2.675641036948432,0.999946653842926,0.5168837712824838,0.0983969605189152,-0.1291211641488353,0.999557614326477,0.1802138706699327,0.1342060103101026,-1.585847127008256,0.9995156526565552,0.725704974684619,0.1074713259633611,0.4180826995816983,0.9670106768608092,0.0044638546640725875,0.1706848979336935,-3.327204460709968,0.9966506958007812,0.9371172311145216,0.0680179544636493,-0.1575413440228598,0.9731916785240172,0.0657063115066406,0.0442218090659252,-4.991315483378252,0.9958627223968506,1.0,0.0518148593694513,-0.3091045607127589,0.9642969965934752,0.0663519208118438,0.0124345301567237,-5.502002598252629,0.986135959625244,0.5173302017893331,0.4125939280731582,0.3499756454413359,0.9996413588523864,0.308823173513407,0.4247635084465914,-0.3509042846133567,0.9997475147247314,0.570447365074954,0.6102186982657148,1.3588234781342243,0.9730395078659058,0.2875514046756173,0.6208281041696061,-0.3212011020136473,0.9956908822059632,0.5768578547156534,0.7649141401910327,3.8337291714411337,0.979228675365448,0.2850727412825183,0.7791833433293158,1.476480444407549,0.994651973247528,0.5456284630261974,0.7891614355822182,4.012071980238857,0.899292528629303,0.2983077183197464,0.7990305406210328,1.6083801916181055,0.9283875226974488,0.6745877761674816,0.8229930204829561,2.9524684673280626,0.9817180633544922,0.2744932437530872,0.8443456242484149,0.2427516973371902,0.9909874796867372
45,1.875,0.4218223575605284,0.0012271123023016,-2.5416130136075403,0.9999513626098632,0.5254219640856026,0.1023132231637286,0.0430073688158549,0.999579668045044,0.1942421186840094,0.131345156685004,-1.3858252470410346,0.9995580315589904,0.7217092608689394,0.1310382969688514,0.7673392011150425,0.9696529507637024,0.0044561812948454745,0.1522960881672515,-3.18152845824066,0.9969341158866882,0.931794958166416,0.11292878413532,0.3595206903409432,0.9755727648735046,0.0909440380240444,0.0285189041341781,-4.842610426661682,0.9961366653442384,1.0,0.1039943659293407,0.2741602603433042,0.9668333530426024,0.098287499088687,0.014591094465486856,-5.322863266671002,0.9868247509002686,0.5215360358922457,0.4103313646796684,0.3715672115700058,0.9996578693389891,0.3157906782407969,0.422806589145673,-0.3731385485535384,0.9997642040252686,0.565031849485908,0.609829041093594,1.420945561798734,0.9751489162445068,0.2951483481403488,0.6153484883825323,-0.2406188953186407,0.9959498643875122,0.560025431584067,0.7706398604729879,3.435306748258116,0.9808570146560668,0.2837808230257342,0.7730595783269631,1.394237417099886,0.9949642419815063,0.5300109265027166,0.7968792508377616,3.569176866419044,0.908127784729004,0.2954126459022567,0.7921239593513744,1.5068917028273912,0.9323371052742004,0.6691884624556621,0.8236154513282965,2.535694714800007,0.9829484224319458,0.2740076839566986,0.839235579681979,0.2152132265738185,0.9914268851280212
46,1.9166666666666667,0.4230983724166264,0.0073089255902062,-2.714670761680364,0.9999558925628662,0.5347392124686811,0.1094112427184995,-0.0479975603725604,0.9996013641357422,0.2031512873509461,0.1333431936950061,-1.2722884616665675,0.9995985627174376,0.7338995103326033,0.1582093410402913,0.8287209243862966,0.9718571901321412,0.004448507925618362,0.1517004223404584,-3.045176497340176,0.997202455997467,0.9359121851093364,0.1502424280076823,0.6270681521983454,0.9777108430862428,0.1162941909644797,0.0297049065370283,-4.73079712002377,0.9964041709899902,1.0,0.1441378597361392,0.5914667111355685,0.9690759181976318,0.1275114593629574,0.016747658774250013,-5.240920915926012,0.9874799847602844,0.5263160012097033,0.4129586428297553,0.3372915772698063,0.9996702075004578,0.3252072829192913,0.4231731351260238,-0.3391907650381043,0.9997791051864624,0.5607335234287945,0.6080297525883517,1.621774258256122,0.9766960740089417,0.305388387955336,0.6129587454293565,-0.2033296953553922,0.996156930923462,0.552058457148777,0.7738621359978775,3.4370314047912496,0.9821830987930298,0.2838036458552286,0.7709568392907657,1.4056883168689769,0.9951691031455994,0.522694019288347,0.8036510122085155,3.5524990323991705,0.9157114028930664,0.2944839403409239,0.7908415059990662,1.5096250673307678,0.9352229237556458,0.6648885345782661,0.8249866532768787,2.539941020183006,0.983875334262848,0.2734792639861009,0.8384802288273506,0.2274302072291296,0.9917171001434326
47,1.9583333333333333,0.4354444330025949,0.0125227195065121,-2.856086188307552,0.9999600052833556,0.5415294703195289,0.1121456046447146,-0.0666074363878933,0.9996240139007568,0.2057951758423153,0.1318177538528734,-1.4011142708894533,0.99963641166687,0.7393931982842715,0.1702830472605043,0.983387541128022,0.9736300110816956,0.00444083455639125,0.1532774342979721,-3.141072047985664,0.9974578619003296,0.9396026866342064,0.1672284567228948,0.7358496036336419,0.979569673538208,0.1263223413942396,0.0310800148322735,-4.773448427945764,0.9966926574707032,1.0,0.1633977576013195,0.6923579980384962,0.9709104895591736,0.1381528096941053,0.01890422308301317,-5.214715316918801,0.9883241653442384,0.5300772693855942,0.4114780426971495,0.3355933894477799,0.9996832013130188,0.3322575023673798,0.4204339892026673,-0.3376868251418125,0.9997930526733398,0.5570966725547774,0.600856452294391,1.7061013506130165,0.9779027104377748,0.3151136958697755,0.6069495892285413,0.1609898383537724,0.9962735176086426,0.5441200642974301,0.7699902577301406,3.596272381868204,0.9832842350006104,0.2852244237071544,0.7653076147178147,1.8586633491375864,0.9952983260154724,0.5189719427815658,0.8055968060821412,3.725869321654977,0.9225580096244812,0.2947599915490161,0.7870557688193295,1.9800840505830348,0.9382930994033812,0.6632269543495252,0.8157798084965974,2.743135278493808,0.9847438931465148,0.2747825758167891,0.8322794962107616,0.787742780729629,0.9919443726539612
48,2.0,0.4680538573475469,0.0285822937319918,-2.8382655245340658,0.9999631643295288,0.5527377969318256,0.1350099582669262,0.1449586889332502,0.999635636806488,0.2215685332176937,0.1371022002069888,-1.4418633550754292,0.9996700286865234,0.7357860548498213,0.2219346755572047,1.2603836810343436,0.9732985496520996,0.004433161187164137,0.1256877463022529,-3.4473228392524207,0.9976779818534852,0.9377851964941536,0.2392011480507055,1.0976387584039702,0.9801590442657472,0.1639636472962914,0.028665446937302,-5.036116491106837,0.9968304634094238,1.0,0.248472506912669,1.0740658168167374,0.9699694514274596,0.1904687873714422,0.021060787391776328,-5.475106422205713,0.988467574119568,0.5338156368261405,0.4378587379042263,0.4408372515803485,0.9996956586837769,0.3375438957276687,0.4442995348338166,-0.442814796955664,0.9998064041137696,0.5526677202386407,0.6311889343648504,1.6597748669108046,0.978621244430542,0.3151106921163161,0.6384531044980967,0.1835090014239141,0.996314287185669,0.5312297286120791,0.8083416970853908,3.493287206771956,0.9840826988220216,0.2685552912932782,0.809795872292771,1.9068420746098165,0.9954068064689636,0.497996052458049,0.8448170070657872,3.621862500923639,0.9285888075828552,0.2755698341630026,0.8361034676227797,2.030506704866928,0.9415448904037476,0.6625156750497914,0.8569911280894658,2.5832069715191643,0.9853800535202026,0.256621297502945,0.8768387028994092,0.8220379138904367,0.9921362400054932
49,2.0416666666666665,0.4894633688010085,0.0361603072452774,-2.6357877410175896,0.9999662637710572,0.5802454277333875,0.1648289896484736,0.3090976627346819,0.999653160572052,0.2457720364610402,0.1492155110482094,-1.503813579478239,0.9997007250785828,0.7545158640743519,0.2776237997212301,1.1280894101875176,0.969039797782898,0.004425487817937025,0.1150329763115077,-3.6154785674616496,0.9978857040405272,0.9230793780877408,0.3090220177331633,0.7676874649148566,0.9800179600715636,0.1764881008006351,0.0238597229023018,-5.257623561674093,0.9969818592071532,1.0,0.3169061746497343,0.6834180733370564,0.9681453108787536,0.2067085685993,0.023217351700539485,-5.672705456255397,0.9886865615844728,0.555671192165168,0.4790858151028786,0.5484350473492833,0.9997157454490662,0.3515107320170788,0.4823647712162993,-0.550212041549358,0.9998221397399902,0.5669426415476493,0.6871521208154443,1.8301074439519216,0.9786798357963562,0.3225677756659704,0.6920458562296287,0.127572274390406,0.996439516544342,0.5364192063685832,0.8787824612382766,3.654488035794925,0.9847412705421448,0.2544324227393172,0.8825626390493914,1.5472865441535066,0.995518922805786,0.5015403961891812,0.9165172084958768,3.7825005121193582,0.9334779381752014,0.2540678594394402,0.9125073141380116,1.6511354702982777,0.9432575106620787,0.6798851610508347,0.9316586932661196,2.798114438846439,0.9858004450798036,0.2439020568115469,0.9529416535370232,0.4757973660053021,0.9923765659332277
50,2.083333333333333,0.4647822543553163,0.0411811526156105,-2.194490085489304,0.999968647956848,0.5449152085064836,0.1827300056887411,0.6890067123965827,0.9996693730354308,0.2240819970507306,0.1548094069991688,-1.4848447793022428,0.9997283816337584,0.6840071986782755,0.3072781340525623,1.491412058380848,0.9603629112243652,0.004417814448709912,0.0983060361174543,-3.9052633981690654,0.9980525970458984,0.8433914277529876,0.3642801523452944,1.314933524472701,0.9772177934646606,0.1559465878648258,0.016543242501755,-5.514538144725223,0.9970048666000366,0.8995766981497471,0.3810903067482187,1.29350939018408,0.96181982755661,0.1791648973404126,0.025373916009302642,-5.95424507474472,0.9884819388389589,0.5230192287519466,0.5025572858249481,0.7057935053480178,0.9997354745864868,0.3187823900176714,0.5048023969369558,-0.7075333219309964,0.999837040901184,0.5287807181934818,0.7194167123917727,1.882236856607303,0.977013885974884,0.2918493779704508,0.7196290315422541,-0.4859986671459428,0.9964356422424316,0.4911852250078674,0.9236249939481476,3.6004376670846057,0.984899401664734,0.196483407334038,0.9251535909674088,0.6785042434302903,0.9955997467041016,0.4523838372172776,0.962705838625342,3.699414203859076,0.9372338056564332,0.1860262478919381,0.9557912191658128,0.748208336833804,0.9442022442817688,0.6402383118559821,0.9798905774677436,3.0252164860565625,0.9858497977256776,0.1881704947994416,1.0,-0.5536147555386007,0.9926185607910156
51,2.125,0.3724019721764846,0.02658159394593435,-2.382092385512111,0.9999678134918212,0.4042967718744301,0.1522811766959789,1.907339832951872,0.9996689558029176,0.1844929756519552,0.1028105950829892,-2.2409005248269263,0.9997405409812928,0.4499795579917718,0.3005699403067025,3.4054526702187267,0.9102909564971924,0.0044101410794828,0.0004278667036224,-5.786140397108068,0.9979923963546752,0.6147484645451307,0.3655329965613975,3.1303385758958435,0.9516409635543824,0.089789068759542,0.0046027765579871,-6.62945044667865,0.9911220073699952,0.6788435419383764,0.3920274192836936,3.1560090263538627,0.933011829853058,0.0915780901173259,0.0275304803180658,-7.16858688745608,0.9716692566871644,0.3917696722234255,0.4725150780384362,1.4027075294424547,0.9997394680976868,0.2129015077050899,0.4639156090697997,-1.4039000428270028,0.9998392462730408,0.404965795022947,0.6963742263473455,2.5073600577269093,0.9749968647956848,0.1949938476467989,0.6916506411416976,-1.808553935236308,0.9965185523033142,0.3584736238841658,0.9159885472085302,3.978962191598409,0.9849411249160768,0.04638255457292,0.9149545305217944,-0.2420398919353619,0.99583101272583,0.313502456661955,0.9565448331754371,4.042468131649985,0.9393194317817688,0.1860262478919381,0.9447018989012668,-0.1479715410810033,0.9460694789886476,0.5152078007493428,0.9821029395015308,2.6925634351164365,0.986033260822296,0.0512099627962033,1.0,-2.077090358330036,0.9930652379989624
52,2.1666666666666665,0.3826498000055051,0.0119820352762582,-0.7086474071558615,0.999967634677887,0.3952031644608784,0.1619277687649913,3.425206405641526,0.9996621608734132,0.2070671337163407,0.1019090528540008,-1.7942655272460524,0.999755084514618,0.4243457678986272,0.3095141990592851,4.633904300320026,0.8604417443275452,0.0824575067415867,0.011722552444409501,-5.977669692298459,0.9979533553123474,0.5424900048302694,0.3801416779235217,4.133358553115266,0.9247349500656128,0.1158449948798363,0.0093183919257002,-8.09990784584407,0.9906128644943236,0.6080439764693066,0.4065814648710967,4.175076355374263,0.9007156491279602,0.0826615714688879,0.0194251920899149,-8.83193065325941,0.9702141284942628,0.3865548804949195,0.4680734031756142,1.702049525442867,0.9997469186782836,0.2292219518205521,0.4466826565088937,-1.704023644375394,0.9998444318771362,0.4064999951521613,0.686559051588357,1.2016626040310427,0.9715477228164672,0.2280779269574515,0.6784319916229348,-3.7870066192377454,0.9964963793754578,0.3532327243038032,0.9112133632723708,1.9220524106561192,0.9838728308677672,0.0484057020213795,0.90892140924654,-3.208500803202156,0.995934784412384,0.3080343393563879,0.9495479894711452,1.8669896171354945,0.9394402503967284,0.1860262478919381,0.9366556016646111,-3.232460102434834,0.9469314813613892,0.5109817862470135,0.9825002783440278,0.1998352634620837,0.9854693412780762,0.0526046461295734,1.0,-5.455439940674759,0.9934223890304564
53,2.208333333333333,0.4024376224165942,0.037196499475439,-1.2560712399801146,0.9999661445617676,0.3958128512617125,0.1682417030797083,5.042750586976535,0.9995166063308716,0.2762690340515445,0.1199867882707455,-2.737221499826485,0.9997605085372924,0.3164443901921563,0.2783568730176696,8.880535959729675,0.7843903303146362,0.1928646003312322,0.0230172381851966,-6.404806755350204,0.9971851706504822,0.4059815177906618,0.3806291331065227,10.761099711206288,0.8455139398574829,0.0999350199140298,0.009299509215347833,-5.720934833687195,0.9881552457809448,0.3504305866505195,0.3652611714738311,11.107385953489835,0.8238258361816406,0.0591104339162296,0.0070431891074037,-6.103193639176332,0.9671268463134766,0.3883332259002678,0.4743915524111786,2.846845196644278,0.9997385144233704,0.254440686542968,0.4564464661035143,-2.852826433776178,0.999842405319214,0.4119651165682596,0.6806606270673463,2.2347409845177943,0.958046853542328,0.2793375381112455,0.6785391623976826,-5.665315996872733,0.995984435081482,0.3564846090713773,0.9086916226064208,3.350902778179913,0.981343150138855,0.0620221660637725,0.9057264700015584,-5.242313812136816,0.9957070350646972,0.3102729315878082,0.9473615623440846,3.301041992498313,0.9358691573143004,0.1860262478919381,0.931387069153226,-5.268190100214997,0.946433424949646,0.5128006074451622,0.9790264432532626,1.43643468656488,0.983667492866516,0.0699190039279897,1.0,-7.810174295347684,0.9934368133544922
54,2.25,0.4159378382267377,0.0545580295418572,-0.7909289760764607,0.9999526143074036,0.3806402612596267,0.1731770947378957,5.022754564468346,0.999399483203888,0.2804879849350292,0.1306568402349835,-4.130964564715158,0.9997495412826538,0.3473737651791467,0.3108700521142885,8.621535861275664,0.7261345386505127,0.2205458549433499,0.0255259914540074,-8.866817979952305,0.9966650009155272,0.4368223422025638,0.4049322764497219,9.126571583207149,0.7805325388908386,0.1383105711300604,0.009280626504995467,-10.373483063079195,0.9857606291770936,0.4570276712483029,0.4262183044400372,9.344506919996505,0.7601123452186584,0.0790570629563128,0.0027451029460527,-11.259432546915226,0.9625577926635742,0.3869926989946258,0.4765415631784085,3.293641005548036,0.999724507331848,0.2604488210158845,0.4601372614035197,-3.3000297795923936,0.9998375773429872,0.4122267753580119,0.6774963870346156,2.957503861513734,0.9478145837783812,0.2845884347570397,0.6789283100080705,-6.91467634986132,0.9956148862838744,0.3610673106399484,0.9077071589892456,5.018132751331046,0.9786401391029358,0.0628674119906657,0.9020889508949518,-5.9633320626017605,0.9956387877464294,0.3193421587702779,0.9455959359613616,5.034911117509999,0.9320480227470398,0.1860262478919381,0.9264555401930666,-5.979069112086058,0.946928322315216,0.5140530902584443,0.9723878103865716,2.4812549974837665,0.9815391898155212,0.0766748206029741,1.0,-9.511672461716053,0.9935255646705629
55,2.2916666666666665,0.3621472197998002,0.1257387685131495,0.7040428637473051,0.9999449849128724,0.3531283053042006,0.2408909147381992,7.197153697033494,0.9993616938591005,0.2940747813157902,0.1930607794613738,-4.64199074247743,0.9997571706771852,0.3270794642225373,0.376965722703184,11.456732554523876,0.6601088047027588,0.3575228953339098,0.0718872936640161,-6.32367880754255,0.996565580368042,0.4145564218585884,0.471260336900956,10.310152150553929,0.7209160327911377,0.2318006102665562,0.0092617437946431,0.0822843524478703,0.9841412901878356,0.4491938274032749,0.4958083803446568,10.402933272448486,0.7066811919212341,0.1862822351874127,0.0033440510063495665,-0.4015073121568069,0.9578565955162048,0.3580032700399646,0.5178592104670685,4.260307417992698,0.9997385740280152,0.2716630383941379,0.5003366758162235,-4.269935526415166,0.9998480677604676,0.3850044177932077,0.7026883753456356,5.068923795878064,0.8982738852500916,0.3018786878120368,0.7041085936301075,-8.254488462542325,0.9939205050468444,0.3363959422466006,0.9175560069581966,8.654301153551497,0.9645980596542358,0.0616761723118543,0.9048183811441326,-7.12146351621713,0.9943478107452391,0.2991147528103414,0.9513232933258472,8.83584271075107,0.91359543800354,0.1860262478919381,0.918552135473478,-7.12139852015572,0.9414982199668884,0.4754799267239042,0.9742581415586838,4.935426042466868,0.9721498489379884,0.0823584743979349,1.0,-11.251188556460132,0.99242103099823
56,2.333333333333333,0.3599441960190189,0.1683772854119814,-1.1949972529314508,0.9999322891235352,0.3325688353944198,0.276778396948299,8.303566921215669,0.9993492960929872,0.289776281691716,0.2275344635670862,-7.58001992955161,0.999766170978546,0.3226613789620651,0.3996564783118487,14.540197034226384,0.6004224419593811,0.4614326079776888,0.1290576274177793,-10.872328406782628,0.996772289276123,0.4058529525347257,0.4862448254410935,14.469896898950626,0.6674205660820007,0.3736728315780461,0.0162355335147159,-9.046984908872563,0.9854826331138612,0.4360428669284307,0.5097662427416382,14.906539854705628,0.6577646136283875,0.3378194072388781,0.003942999066646433,-10.340328944014482,0.9614232182502748,0.3400970650268841,0.5414275972397693,5.171878701147651,0.9997516870498656,0.2733509342601669,0.5259527391742723,-5.1807557798335,0.99985271692276,0.366149516575189,0.7210236714773246,5.541559581105389,0.8493213653564453,0.3071082690718208,0.7204690828296385,-7.887601017440915,0.9926902055740356,0.320519474165212,0.924265557751485,9.166048501795784,0.9524908065795898,0.0620163458396459,0.9064268720588672,-5.721961690997821,0.9936614632606506,0.2862896250203138,0.9569697966522854,9.314928633019628,0.9011055827140808,0.1860262478919381,0.915515005128689,-5.643071995449171,0.940785586833954,0.452861821584529,0.9763711161320424,6.102527256376405,0.9646661281585692,0.0866298484459286,1.0,-9.625572398850707,0.991645872592926
57,2.375,0.3754724437646931,0.1920308938977242,-0.8990089376485542,0.999776005744934,0.3214992891555497,0.2839319152784125,11.132015693474065,0.9992742538452148,0.2870230692211853,0.2505544988139916,-10.852298254778823,0.9997594952583312,0.3236975299290973,0.4114574519083992,19.008719679470843,0.5433957576751709,0.4929721051918794,0.1534418329793373,-15.609975747643505,0.9968597292900084,0.377941120233386,0.4932473474589503,17.15554610560156,0.606587290763855,0.5302295872285052,0.0247360452540331,-11.82099274142568,0.9862957000732422,0.3942688866056792,0.5194725320788498,17.338853208195342,0.600284218788147,0.5068258075093655,0.0045419471269433,-13.496048032224202,0.9640508890151978,0.3351839691635699,0.5529325053775505,7.251019198754418,0.9997594356536864,0.2716658078220567,0.5387713937347233,-7.261290617799616,0.9998533725738524,0.3556614445111378,0.7324658897133657,8.188778348471974,0.809256374835968,0.3048134067650757,0.7289246610521681,-10.214019517902893,0.991446018218994,0.310415123017606,0.9266735796791238,12.647667234407251,0.9435747861862184,0.0622493319921413,0.9051293622809392,-5.571290227918825,0.9929757118225098,0.2775126592427843,0.9590207523478782,12.843369605700383,0.8924102187156677,0.1860262478919381,0.9097943780221982,-5.327778949718004,0.9407830834388732,0.4373985205899808,0.9751282615231488,10.355349356744046,0.9599170088768004,0.0863589383117164,1.0,-10.939929205111168,0.9911035895347596
58,2.4166666666666665,0.4116021741325338,0.1516618174263493,-2.764090708052593,0.9997281432151794,0.346878301774544,0.2335480783418092,12.019265746923814,0.9991065263748168,0.3166635593295754,0.2079693473372611,-19.605225498626574,0.9997596740722656,0.32661416090967,0.3701056007544622,23.97048898636183,0.4934743344783783,0.5428368665605448,0.1212054827269228,-28.39905492926272,0.9970752000808716,0.3817027430883356,0.4516048086856316,26.86352774609497,0.555301308631897,0.7348420635955629,0.0213765748678356,-25.634527646572764,0.9871829748153688,0.3931893067027403,0.4774461710154554,28.46299845707821,0.5512264370918274,0.7849162606528834,0.0051408951872401664,-28.70245990584726,0.9662806391716005,0.3604291113502985,0.5217996085084858,9.680070740970727,0.9997485876083374,0.2879623665406043,0.5076088376402271,-9.700349173232688,0.9998434782028198,0.3767677351401811,0.7111704721749773,13.57323140059224,0.7864119410514832,0.3224469966479212,0.711448539476493,-15.529107977627506,0.9912350177764891,0.3273256989887952,0.913438121455974,23.13606910282724,0.9416508674621582,0.0766060034631518,0.8886692573471676,-10.077391473156334,0.993196964263916,0.2954908931585446,0.9508617394664294,23.66062332956573,0.8912927508354187,0.1860262478919381,0.8886065246608122,-9.835415687500827,0.9432087540626526,0.4674589845237034,0.9609221507137958,18.809629363296267,0.9579843282699584,0.1000270486644144,1.0,-16.842173238072547,0.9913454055786132
59,2.458333333333333,0.4637557899813244,0.0858524168731859,1.151833639954159,0.9997305870056152,0.3222360251844346,0.1676315595166146,10.870670950138678,0.9991054534912108,0.3677893873002734,0.1348340804807553,-11.8743893330003,0.9997724294662476,0.2941894311505721,0.3117292534165601,17.505030044376607,0.4507157802581787,0.5905076468714513,0.0552906134559302,-18.84996927495309,0.9972027540206908,0.4165011480383947,0.4203199763912274,18.152746595990436,0.507565438747406,0.8476737166802233,0.0026601484132862,-16.477176590380804,0.98750901222229,0.4144668889223658,0.4371741621388578,18.96733807927763,0.5046500563621521,0.9127612097974028,0.005739843247537033,-18.472655968307624,0.96753191947937,0.3645145261843237,0.4752692281122744,7.260059860189731,0.9997382164001464,0.3180720302985589,0.4601946178038633,-7.27567330668175,0.999834418296814,0.4044190114825242,0.6796585859491421,10.61896846658054,0.7569705843925476,0.3526762534104962,0.6841344553841641,-10.835360116734536,0.9907850623130798,0.3487140317270228,0.8993618996786491,16.794211529528862,0.9323824644088744,0.0859801154114181,0.8793340366661265,-7.809567494452547,0.9930964708328248,0.318905875595228,0.9419001376029036,17.099525263119524,0.8823238611221313,0.1860262478919381,0.8744764984157177,-7.713291988210692,0.9447514414787292,0.5082619408536992,0.949697358031388,13.77159571722875,0.9517298936843872,0.1101165064866458,1.0,-12.677855891450152,0.9912598133087158
60,2.5,0.4980606456124697,0.0205574579423476,1.5651910424419635,0.999751091003418,0.2991802362442866,0.1083036043531164,6.5034966313009415,0.9991664290428162,0.4008850620101061,0.061933428687122,-5.828882598828447,0.9997918605804444,0.2792532160552067,0.2484627467116004,9.280190612881285,0.4187634289264679,0.6359973363235638,0.0080710978546904,-9.83328840771935,0.9973424077033995,0.3967026579491802,0.3771058341647902,9.639019962806715,0.4661740064620971,0.9295120478356498,0.04485354257488825,-9.76341442210476,0.9874247312545776,0.4234247031623496,0.4107176678814477,10.015594507197346,0.463065892457962,1.0,0.0063387913078339,-10.863328825327796,0.9680368900299072,0.3468342717994938,0.4196045857234579,4.104938501548896,0.9997405409812928,0.3438576058462221,0.4043168313001574,-4.116406723237067,0.9998348951339722,0.4178829549827629,0.6361144561970417,5.326869727122793,0.7350350022315979,0.3767694206729827,0.6434619227905602,-6.923145619714124,0.99066561460495,0.3633697139687774,0.8740118599414614,8.692341788806228,0.923028528690338,0.0906656026027866,0.8597680737630382,-6.39559450011833,0.9929378628730774,0.3296441515170698,0.9211244437277,8.654272630124515,0.8729169368743896,0.1860262478919381,0.850235834837994,-6.443421408917871,0.9463215470314026,0.530943133371716,0.922396874224434,6.693008678672261,0.9462552666664124,0.1178873383431751,0.982798199129658,-9.304484983597265,0.9912567138671876
61,2.5416666666666665,0.4831556258546249,0.0205574579423476,2.458382066411052,0.9997631311416626,0.2529747776095672,0.0905327303414747,4.341388884544315,0.9992293119430542,0.4386403745153391,0.041586328357139,-2.034813112599815,0.9998112916946412,0.201305001648361,0.2077324673253455,6.256529234823152,0.4364165067672729,0.6868210132423352,0.0472951542994681,-3.2762368746573363,0.9975472688674928,0.2840256069077936,0.3187678990907132,8.234320537637279,0.4361803829669952,0.9452057348292744,0.0870469367364903,-2.389255391654051,0.9871900677680968,0.3043729137647953,0.3386419260555193,8.731769132087482,0.4289255738258362,1.0,0.1058297137745135,-2.596024206217388,0.967949151992798,0.2885120236546132,0.3718820507127522,2.204803639719265,0.9997453093528748,0.358548727803203,0.3543432721308864,-2.210616630841093,0.9998313188552856,0.3813063944262903,0.5794503434376285,2.504925928379648,0.7340794801712036,0.3748545130394924,0.5860956261120123,-3.97287343541612,0.9910907745361328,0.3394861924350028,0.807399980683926,3.258994904062089,0.9216365814208984,0.0975524874616911,0.7986228336920917,-4.384282244464395,0.9929827451705932,0.3137775324713905,0.853234883097461,3.2415346330998207,0.874889075756073,0.1860262478919381,0.7897601715786944,-4.404273171044356,0.9491291642189026,0.4982928848411998,0.8562190120441614,2.5555391973334776,0.9440561532974244,0.1121489324621775,0.9153121259841004,-5.460681264652283,0.9912672638893129
62,2.583333333333333,0.4847239313431811,0.0205574579423476,1.911442740900053,0.9997745156288148,0.2295013751954935,0.0939992695039981,3.122910584579898,0.9992923140525818,0.489991714508435,0.048626643003172,-1.7141597346901112,0.9998286962509156,0.1629267763554623,0.2150901353623799,4.757640637393743,0.4680460393428802,0.699946193331405,0.088127478906315,-2.9375333276352493,0.9977495670318604,0.2725416848473557,0.3146454643062004,6.656593796866784,0.4080915153026581,0.9452348618185918,0.1461993371606748,-2.5563384391700086,0.987102746963501,0.3039821224585848,0.3341315677228625,7.123217306407091,0.3973545134067535,1.0,0.1685457736639032,-2.7267835917673278,0.9680728912353516,0.2772841482367591,0.3779815512989591,1.6814740568328126,0.9997496604919434,0.3868673733030676,0.3569478014031406,-1.6856922963497991,0.999827206134796,0.3746410028876654,0.5894464164023318,1.8716733177967413,0.7379091382026672,0.3879509832280078,0.5937905388511112,-2.887065568385532,0.9914373159408568,0.3420716670507082,0.8200937878423893,2.5462211539284967,0.9212218523025512,0.1053160130606801,0.8102300081874385,-3.0268726275768056,0.9930989742279052,0.318248733888641,0.8678345205936139,2.5520984131412305,0.8763479590415955,0.1860262478919381,0.800948541704458,-3.011611176067188,0.9520684480667114,0.502603556387918,0.8691432850748391,2.059971705606903,0.9413337111473083,0.1114432321261355,0.926427163665423,-3.677814430525876,0.9913383722305298
63,2.625,0.4915650289730019,0.0205574579423476,3.3115073382358826,0.9997698068618774,0.230468907171488,0.0990185971847734,2.9538037374884785,0.9993579387664796,0.549777043917549,0.0605555985102878,-0.4334372885566109,0.9998450875282288,0.1413556572370448,0.2394053133840625,4.16902117863087,0.508224606513977,0.7716129538410971,0.1430668182092804,-0.3483806358185649,0.9979448914527892,0.2369297333595854,0.3142024657922316,5.768495518841947,0.3835344016551971,0.9599652785617192,0.2071923754102895,1.3521639780935517,0.9851377606391908,0.274837375695977,0.3346232576372848,6.0965960372812535,0.3686792254447937,1.0,0.2340324962289879,1.4570770962913862,0.9628250598907472,0.2819388230153895,0.3938130428141519,1.3717619727427168,0.999768316745758,0.4322237600436818,0.3748939708331341,-1.3749804919652222,0.9998373985290528,0.3775195840995288,0.6139833882488214,1.6282866905750586,0.7413784265518188,0.4209326076408102,0.615610230412968,-2.310772088673561,0.991868257522583,0.3371701649407063,0.8452473643908242,2.30372168146942,0.9226136207580566,0.1233945528662529,0.8343419216590612,-2.4865969495171085,0.9932218194007874,0.313391882665554,0.8953973156473636,2.323887748143905,0.8815187811851501,0.1860262478919381,0.8240321972976863,-2.471702363773479,0.9554227590560912,0.5056936322461358,0.8957743222552589,2.054583174549664,0.9375830888748168,0.1173478789688964,0.9513431286099582,-2.893508882542776,0.9910027980804444
64,2.6666666666666665,0.5164356424639989,0.0205574579423476,3.312031606983066,0.9997515082359314,0.2341895312688741,0.1003216464445241,2.9873067524146726,0.99941748380661,0.5766012961381919,0.0646341193964409,-0.2955852552764152,0.9998599886894226,0.1315679625799402,0.2499877287204435,4.019096235641966,0.5433771014213562,0.8046740410772317,0.1762679671709203,-0.3705470913497348,0.9981185793876648,0.2351811565009534,0.3303957676191429,5.486854353801241,0.3581003248691559,0.9731435604757104,0.2706765106805116,1.125676018720443,0.982975423336029,0.2735931722203633,0.3520530214536366,5.813150457975861,0.3402164876461029,1.0,0.3018671264526582,1.210278884426338,0.9568848609924316,0.2752852857501403,0.4130060215929537,1.3206888091379485,0.999786376953125,0.4508898099956088,0.3964951637928058,-1.323892125337115,0.9998462796211244,0.3652503691637496,0.6433839148199879,1.333669056435265,0.7478180527687073,0.4319621385711255,0.6448009003083894,-2.180431936894649,0.9923322200775146,0.33641352373067,0.8844233338744604,1.3362170287696846,0.9239756464958192,0.1119366936925887,0.87587154199642,-2.7437959219164387,0.9933357238769532,0.3118740737830033,0.9383997642855888,1.2786378500359752,0.886779248714447,0.1860262478919381,0.8643301885781444,-2.772269800985748,0.9586287140846252,0.5122247743837601,0.9368142223534688,0.9698958533001648,0.9347129464149476,0.1143065390771124,0.9930304424315576,-3.138836358104669,0.990799605846405
65,2.708333333333333,0.5214612828417529,0.0205574579423476,2.550173064197656,0.9997469782829284,0.2151742814091305,0.0948688177738904,2.079832780310112,0.9994714260101318,0.5822642449782897,0.0812403598601683,-0.7133437441087247,0.9998731017112732,0.0996315272257834,0.2409427375526621,3.374619959564058,0.5760619640350342,0.753305750320395,0.2285155185580098,-0.5133730261255093,0.9982531070709229,0.2258045964159936,0.3216172256402311,4.87187898529278,0.3346139788627624,0.8683396082255206,0.3600010337269485,1.0316766817840777,0.9806176424026488,0.2645707629614563,0.3436299857407276,5.281957983669583,0.3143997192382812,0.8841514795618658,0.3962063827818583,1.181135193435871,0.950994312763214,0.2425036384644441,0.4209054939239753,1.2428868949081164,0.9998027086257936,0.4294893107679131,0.4136499894284012,-1.2483004173901215,0.999855637550354,0.3325046333596808,0.6556221690510453,1.309621625129432,0.7320311665534973,0.409014018649666,0.6529451911812378,-1.3348733996642554,0.9919237494468688,0.3060459100633452,0.8923164495282148,0.6784188464755317,0.9219887852668762,0.089138395283527,0.8784211240227296,-2.2268201449348104,0.993233323097229,0.2963564606528306,0.9434096090811572,0.5648481477890772,0.8899838328361511,0.1860262478919381,0.868532829467324,-2.2543537002865164,0.9610692262649536,0.4807075352133326,0.9431602827109302,0.2359638305904689,0.9307041168212892,0.0885784152189244,1.0,-2.684153029697845,0.990643322467804
66,2.75,0.5308374599508928,0.0205574579423476,2.315820005425763,0.9997543692588806,0.2030591964648676,0.0916014418685791,1.960517909352026,0.9995194673538208,0.5948397505241284,0.0917981872831016,-0.7492406327134257,0.999885082244873,0.0808880161360785,0.2363839079172369,3.0332849035688514,0.6113753914833069,0.7186932048699929,0.246180083696708,-0.7796242244760636,0.9983683824539183,0.2061444062995598,0.3187769929001093,4.250776476033877,0.3179290294647217,0.8180045153408375,0.3936765620880853,0.3491233001031489,0.97867089509964,0.2373409098448048,0.3396808910243936,4.574414843117435,0.293363481760025,0.8441486906491942,0.4280125986899844,0.4223381213717055,0.9457392692565918,0.2283857703509629,0.4214121593500874,1.16048578826973,0.9998164772987366,0.4219427004832416,0.421727757796591,-1.165224301314292,0.9998619556427002,0.3021433432028353,0.6559302761110375,1.19444867388581,0.7235950827598572,0.400360198550369,0.6523035799204718,-1.128439852020558,0.9919570088386536,0.2935633629686989,0.8992134346632652,0.2226388348684715,0.9218126535415648,0.101235990954277,0.8786526659137964,-2.0898076558923373,0.9932176470756532,0.2953685189340937,0.9471309482417204,0.0832419665781279,0.8941420912742615,0.1860262478919381,0.8723694365869384,-2.1449855295866658,0.9633065462112428,0.4701837360436659,0.9496675539683416,-0.2854325095608365,0.9293754696846008,0.1033001390916217,1.0,-2.468870703151367,0.9905515909194946
67,2.7916666666666665,0.5275639781337585,0.0205574579423476,2.1986611914513485,0.999756395816803,0.2053265012606464,0.0889518061881455,1.7195071750125073,0.999563694000244,0.6021868934651944,0.0983110293819119,-0.810217202942405,0.9998959898948668,0.0665678671607853,0.230486239135606,2.4124497271022496,0.6439943313598633,0.6806435581934409,0.2525173035477803,-0.7545344586136528,0.9984331727027892,0.1912629564940813,0.3158039282936698,3.318060719919333,0.3060373067855835,0.7108069651968405,0.4047952569773532,0.4974331972645655,0.9751618504524232,0.220640492001879,0.3414652719467509,3.5777918043776764,0.2763795852661133,0.6908989388243613,0.4366946912804959,0.5983408341855398,0.937024474143982,0.2099900884044836,0.4202604700780034,1.1459711685576333,0.999828279018402,0.4083716725105423,0.4263749435188528,-1.151585975098667,0.999868094921112,0.2778442882352034,0.6556911955931947,1.0047284538000745,0.7130069136619568,0.3801822357357288,0.6556823080814211,-1.1742843493309756,0.9919807314872742,0.2832417010670602,0.8997671808563535,0.0611959818442892,0.9202949404716492,0.0939796466554239,0.8867504772492828,-2.053589393866066,0.9932013154029846,0.2880643208079341,0.9510820579248966,-0.0745606963703805,0.8967740535736084,0.1860262478919381,0.8822127291926012,-2.1082457520001,0.9651920795440674,0.4570839898814332,0.95354511061956,-0.4986059132435514,0.9276238083839417,0.0916713174611799,1.0,-2.4500251464776728,0.9904263019561768
68,2.833333333333333,0.5711900072861068,0.0205574579423476,2.184679071783498,0.9996309876441956,0.2338958879822227,0.0882449080638597,1.1066872510968817,0.9995974898338318,0.6479867724783941,0.1129140364054675,-0.7571209622268085,0.9999006390571594,0.0691234091837289,0.2287509383903168,1.7218091546799936,0.6683791875839233,0.6503136368117322,0.2820006343420836,0.0632075693445861,0.9963175058364868,0.179838271743281,0.3123188707066768,2.703917959974317,0.2847021818161011,0.5325514722376284,0.3787509417594589,2.3537788378274698,0.9087150692939758,0.2053612080881243,0.3359575806136326,2.9417958918726184,0.2552757561206817,0.4998282074418554,0.42399259112165,2.6452633410669293,0.8648087382316589,0.1983244851799185,0.423808501194664,0.9725817261744946,0.9998376965522766,0.4058322411136011,0.4431793165937729,-0.9783535919971552,0.9998717308044434,0.2856270441848842,0.6582317946887899,1.3256071873246025,0.6973701119422913,0.3678514973781672,0.6620348823458501,-0.3273140145477256,0.9903255701065063,0.3123351773546748,0.9009972189079222,0.6049594530292547,0.92060649394989,0.0790317193278183,0.886593866692344,-0.7629872038140533,0.9924933314323424,0.3193362547389511,0.9499081336010408,0.5153256239144077,0.901357114315033,0.1860262478919381,0.8818424329033656,-0.7810073707809742,0.965930163860321,0.4606219045585368,0.9532787581719384,0.2140127619520862,0.9232460856437684,0.0898118286942155,1.0,-0.9971278716785024,0.987994372844696
69,2.875,0.5857826295138325,0.0205574579423476,2.419139147542988,0.9995582699775696,0.243105696694576,0.0870381019019746,1.0842010445751895,0.9996268153190612,0.6612629100255697,0.1165730248953727,-0.5417769840058216,0.99990314245224,0.0755468711153372,0.2268075283949552,1.6087552984222329,0.6862543225288391,0.6405855493262643,0.2752470312363904,0.2765522426753684,0.9923877716064452,0.1897643293094932,0.292657606701322,2.515953421628065,0.2658896446228027,0.487435931844416,0.3599853622113909,2.494393483964568,0.8321831822395325,0.2176390075476771,0.3130090984893917,2.724329939907411,0.2374157905578613,0.461184121264795,0.3768350113558231,2.80519962300282,0.7888581156730652,0.1966470450402785,0.4224724463667337,0.9289665642117194,0.9998448491096495,0.4018896078919918,0.4468010231609135,-0.9347188744859904,0.9998716115951538,0.3046377757901798,0.6577251071066342,1.365576023476352,0.6874185800552368,0.3703870573774191,0.6661481775190797,-0.3183835979258188,0.9898847341537476,0.3254269979087041,0.9002911298010088,0.1775747967081009,0.9242182970046996,0.0735258091888421,0.8860211750023328,-1.1094834629844308,0.9924805760383606,0.3222187746235961,0.9470964304130554,0.0433683632692495,0.9082010388374328,0.1860262478919381,0.8806529063627491,-1.1555718754775328,0.9675282835960388,0.4747586191821014,0.9528126973640578,-0.2095526791155164,0.9246447682380676,0.0862085192658355,1.0,-1.3602468357703092,0.9869741797447203
70,2.9166666666666665,0.5994710974707123,0.0205574579423476,2.429244814592856,0.999487042427063,0.2500421794541334,0.0818444291426569,1.0986008536945773,0.9996489882469176,0.6757785146344041,0.1169339344193983,-0.4532585311432116,0.9999016523361206,0.0743194516440214,0.2218785880531226,1.7150440537483291,0.695244312286377,0.626505446816493,0.2787484368491113,0.481180825528448,0.9866456389427184,0.1946216343476355,0.2758853918739364,2.754172621979252,0.244156539440155,0.4953390854842819,0.3319637735836763,2.8899359217771146,0.7590889930725098,0.2255388688250874,0.2933307869566333,2.992698842915048,0.2177273482084274,0.4681166083076761,0.3397102695670929,3.24751585910874,0.717904269695282,0.1917444051312476,0.4193305553938054,0.8881516293273841,0.999849498271942,0.4042264423846302,0.4475247548942758,-0.8936637932328876,0.9998681545257568,0.3142109401627265,0.6570471721713059,1.320414552085447,0.6823339462280273,0.3753185515894426,0.6660447318031456,-0.2777936466070198,0.9894294142723083,0.3367352437402364,0.9005109177258358,0.2527375130195156,0.9277861714363098,0.0677304983310781,0.878315634250721,-0.9187196686524348,0.9924719929695128,0.3322729764686831,0.9492251671602644,0.1445070910326114,0.9143941402435304,0.1860262478919381,0.8800049841659074,-0.9543180907573836,0.9686776995658876,0.4868168676010348,0.9478486849579584,-0.0369053576682896,0.9262349009513856,0.0872846625188959,1.0,-1.0645325334925813,0.985863983631134
71,2.958333333333333,0.6228831658561004,0.0205574579423476,2.5275520893767727,0.9994679689407348,0.2618910629093515,0.0782033660645423,1.2630224241077024,0.9996734261512756,0.6853687810594962,0.1149303614073931,-0.3165715609486443,0.9999060034751892,0.0756055714143551,0.2166625037743594,1.5229423646378586,0.7082865238189697,0.6200956740953236,0.2681294754639899,0.3594746133484592,0.9826154708862304,0.1961321678687969,0.2825049064118917,2.049391128030545,0.2282066345214843,0.4881897712184733,0.3260697163105254,2.4431453023999845,0.7012255787849426,0.2234311146445556,0.3035105408588163,2.2022716277851004,0.2025893181562423,0.4579602935680283,0.3354650702230095,2.742427376262016,0.6594291925430298,0.1934452121709393,0.4173875213630619,0.8749992434141872,0.999854862689972,0.4109536901332777,0.4452819195358666,-0.880639539822694,0.9998682737350464,0.3235343139595481,0.6578836790940639,1.3249834000662604,0.6775806546211243,0.3785523338227768,0.6673773894258267,-0.2360381962728213,0.989006757736206,0.3606661781086265,0.9032340394402428,0.0185870408928647,0.9306724071502686,0.0701005408308897,0.8782422454579802,-1.1002346900704203,0.9923602342605592,0.3393608426611297,0.9503590247702196,-0.1221228590475071,0.9200461506843568,0.1860262478919381,0.8794493593516486,-1.1558261059031223,0.9696735739707948,0.5055107180910898,0.945466405935878,-0.3404346770128037,0.928139328956604,0.0936535656688144,1.0,-1.3510484486850285,0.9848047494888306
72,3.0,0.6388451246740877,0.0205574579423476,2.4060853806272826,0.9994308948516846,0.2748350798956642,0.0717576223537311,1.1299350084136692,0.9996903538703918,0.702131286794958,0.114409406567301,-0.316054071081208,0.999907910823822,0.0796225681499308,0.212183399875352,1.5441934884747497,0.709660530090332,0.62408395618509,0.280713361880458,0.4720359488220222,0.9779882431030272,0.2009767295326741,0.2783500942811885,2.3336905258626803,0.2097026854753494,0.490334087454885,0.3242469500851232,2.582999162611729,0.6466670036315918,0.2277963482456734,0.2994703418004979,2.535921124595124,0.18598173558712,0.4626195034971919,0.3301606029389628,2.916952489875265,0.60561603307724,0.2005977265579565,0.4136069265484147,0.8211044678045144,0.9998533725738524,0.4185667312573466,0.4445221628655779,-0.8266610235664837,0.9998631477355956,0.3312730716090099,0.6597425220087694,1.1833036600988602,0.6710044741630554,0.3822693647967725,0.6691821569594654,-0.1820206005724121,0.9880892038345336,0.3730287938067528,0.9059457059902076,-0.1410313242676862,0.9324870705604552,0.0705937425368151,0.8789345636180727,-1.1496764330763356,0.9921481609344482,0.3612335686547198,0.9533777671878434,-0.2767562128087254,0.9247008562088012,0.1860262478919381,0.8820821596739739,-1.2137742864745675,0.9701427221298218,0.5114119721891744,0.9440494545071676,-0.4809011127640427,0.9292892217636108,0.1005338807683649,1.0,-1.3855295497504634,0.9835786819458008
73,3.0416666666666665,0.6556666735300376,0.0205574579423476,2.3342218753816053,0.9994299411773682,0.2885190218323827,0.0682433202242949,1.0000219476834522,0.9997110962867736,0.7138703921043781,0.1189312358871936,-0.3489878877756306,0.999911367893219,0.0895381637737558,0.2088456496523702,1.4300602030815823,0.7167593240737915,0.6344670935683352,0.2971151879534114,0.489522788873489,0.9749201536178588,0.2053234363525301,0.2833291466770989,2.310696180885218,0.1943130493164062,0.4940988050871304,0.3431567388006946,2.661446933563774,0.6004689335823059,0.2324606557264534,0.3044503469433978,2.545469569723024,0.1718120276927948,0.4608754229552302,0.3477859451891202,3.006402383034985,0.5585398077964783,0.2085586234823371,0.4116305310190046,0.792520771862833,0.999856412410736,0.4252700393271151,0.444579652850701,-0.7982866739604577,0.9998633861541748,0.3338920803563462,0.6581261624834421,1.1848003116278667,0.6636492609977722,0.3866265159470422,0.6711698615658095,-0.0676031352046474,0.9871207475662231,0.3700031571506029,0.9058272764085352,-0.0704408930626684,0.9341561794281006,0.0732654545953699,0.8787773591121545,-1.0314196090551508,0.9919891953468324,0.3513434362152627,0.952362578156636,-0.2000705860951674,0.9291315078735352,0.1860262478919381,0.8835894057007159,-1.102656575216677,0.9707215428352356,0.5174588369331713,0.9413314939499386,-0.373999499937069,0.9306328296661376,0.1013945683282887,1.0,-1.2176405500641858,0.9825833439826964
74,3.083333333333333,0.6743125825097597,0.0205574579423476,2.1574551314760715,0.9994383454322816,0.2979022688482469,0.0641660234537386,1.067152636159989,0.9997326731681824,0.7165111085874494,0.1168049471346342,-0.4910859336220373,0.9999173879623412,0.1007817958688268,0.2034411227129278,1.393946286287164,0.7290880680084229,0.6437244737042548,0.2951166321251929,0.1993533732256183,0.97409588098526,0.2087979842114713,0.2896728097053063,2.0411425641135788,0.1844751387834549,0.5061454217584063,0.3460535965249728,2.323671247307316,0.5780152082443237,0.2361701200349438,0.3168033797757357,2.235558756828681,0.1617799699306488,0.4742694663912882,0.3591612540081079,2.635481091257269,0.529222309589386,0.2137480198345143,0.4102127455975776,0.8335607175379973,0.9998573064804076,0.4264680447142746,0.4413564418863192,-0.839110987474393,0.9998623132705688,0.3358652137341336,0.6552961194668451,1.1641419902268637,0.6547549962997437,0.3873189941075554,0.6736233570572809,-0.2628456245730091,0.9861730933189392,0.3656488824593566,0.9028167364233036,0.0469063564698571,0.934467315673828,0.0750894150754078,0.879502960246004,-1.0640508949186729,0.991612434387207,0.3476322294085475,0.9509829127632786,-0.0752710858084086,0.9317534565925598,0.1860262478919381,0.885925282076481,-1.1198287126124682,0.9703335762023926,0.520171084098154,0.9372597231934195,-0.2480201519682007,0.9317656755447388,0.1023813956148597,1.0,-1.2497226914439117,0.9818779826164246
