frame_id,timestamp,nose_x,nose_y,nose_z,nose_visibility,left_shoulder_x,left_shoulder_y,left_shoulder_z,left_shoulder_visibility,right_shoulder_x,right_shoulder_y,right_shoulder_z,right_shoulder_visibility,left_elbow_x,left_elbow_y,left_elbow_z,left_elbow_visibility,right_elbow_x,right_elbow_y,right_elbow_z,right_elbow_visibility,left_wrist_x,left_wrist_y,left_wrist_z,left_wrist_visibility,right_wrist_x,right_wrist_y,right_wrist_z,right_wrist_visibility,left_pinky_x,left_pinky_y,left_pinky_z,left_pinky_visibility,right_pinky_x,right_pinky_y,right_pinky_z,right_pinky_visibility,left_hip_x,left_hip_y,left_hip_z,left_hip_visibility,right_hip_x,right_hip_y,right_hip_z,right_hip_visibility,left_knee_x,left_knee_y,left_knee_z,left_knee_visibility,right_knee_x,right_knee_y,right_knee_z,right_knee_visibility,left_ankle_x,left_ankle_y,left_ankle_z,left_ankle_visibility,right_ankle_x,right_ankle_y,right_ankle_z,right_ankle_visibility,left_heel_x,left_heel_y,left_heel_z,left_heel_visibility,right_heel_x,right_heel_y,right_heel_z,right_heel_visibility,left_foot_index_x,left_foot_index_y,left_foot_index_z,left_foot_index_visibility,right_foot_index_x,right_foot_index_y,right_foot_index_z,right_foot_index_visibility
0,0.0,0.15228355858405987,0.005694761035003137,-6.967121585260976,0.9998358488082886,0.13752434919641063,0.10967588548979953,2.5108385961050415,0.9947293400764465,0.05037431044607202,0.12436749831981446,-9.43489624572742,0.9994274377822876,0.28511675689164795,0.135021268123974,2.5659203948916236,0.22781525552272797,0.2167137478468896,0.21236045421874075,-10.329273393903659,0.9950059056282043,0.3965716180820855,0.06647402798409624,-3.278392676638368,0.4043031632900238,0.3836147952734378,0.10011495808260264,-7.86877858541931,0.9824802279472351,0.4044416900921899,0.03490875782758097,-4.241325492653603,0.42403337359428406,0.4128084744115962,0.07624439802158625,-8.817830255520192,0.9627563953399658,0.1308191096033306,0.4222103584789181,3.5235467165186805,0.9953516721725464,0.06960926553609909,0.43483076759311823,-3.525286608954163,0.9971628785133362,0.11810122838698925,0.668521544661052,5.6981150588376694,0.4812202453613281,0.09949968505150769,0.6871504529910818,-3.686985465386237,0.9590690732002258,0.08462266810705286,0.8893711097459298,10.021617091539476,0.6540235280990601,0.043585469539371834,0.935215509374268,-2.143735317881702,0.9704959392547607,0.05181957129346799,0.9204962804947091,10.291659049929057,0.5970054268836975,0.00852506959080194,0.9827646979519686,-2.1917588346616466,0.9046505093574524,0.1679591814703337,0.9402279478940379,8.084397418587171,0.8005277514457703,0.17101307720367917,1.0,-5.977095093224388,0.9639897346496582
1,0.041666666666666664,0.15296766877812215,0.005694761035003137,-7.462841920476692,0.9998467564582825,0.1366469553898447,0.10992915961255448,2.7515814174439557,0.9949733018875122,0.04838435682088642,0.12291865967341346,-9.393107884521722,0.9994485974311829,0.29222533726452343,0.13170228678977286,3.671202179877669,0.24084234237670898,0.2120530257991894,0.20995276133913962,-10.879763341118661,0.9952860474586487,0.4033391727802306,0.06271684164888677,-1.1020842835612392,0.4247058928012848,0.37962955977310153,0.10078691702352179,-8.861663934238605,0.9834227561950684,0.4079471049722312,0.029336367733258498,-1.8183169962334396,0.4401809275150299,0.41158079008068593,0.0783992899111861,-9.863667793722565,0.9643957018852234,0.13123616212034794,0.42190255316109737,3.5266404612943276,0.9955838322639465,0.06978748889700342,0.4344461729743758,-3.529102066909305,0.9972774386405945,0.11760028659059794,0.6692660001347952,5.585931769062177,0.49006062746047974,0.10013048221458384,0.6864219531013448,-3.6507915721983695,0.9600514769554138,0.07943326432626062,0.894528699800121,9.932640672265107,0.6615492701530457,0.044123094635253365,0.9355534548300425,-1.8668595347871437,0.9716799855232239,0.03984303405790761,0.9263043946238865,10.2024391311398,0.6068009734153748,0.00852506959080194,0.9824658158476856,-1.8835134278566399,0.9075794816017151,0.1745059103652446,0.9418498472489213,7.952514685641981,0.805974006652832,0.17126768306238502,1.0,-5.679821269112295,0.9654540419578552
2,0.08333333333333333,0.15358042447270814,0.005694761035003137,-7.273350542995794,0.9998527765274048,0.1369344544350135,0.11049468930628557,2.8748865569359587,0.9951874613761902,0.04741779858045721,0.1214976695201236,-9.24526613924262,0.9994572401046753,0.30271407474861844,0.129802553907772,3.300767101062789,0.2526150941848755,0.21001044862870877,0.20717585830360005,-10.735763316049546,0.9954977035522461,0.40834495131528314,0.06099856051188963,-1.9763132311062064,0.44091254472732544,0.377043639960754,0.0997058316896911,-8.664699456461753,0.9841463565826416,0.41171550920003147,0.02745749279248602,-2.8151517404453323,0.45258164405822754,0.4117213014020151,0.07732048203208579,-9.665224125560698,0.9656245708465576,0.13161255406894634,0.42235376956505094,3.509513660499182,0.9957759976387024,0.0699398945718505,0.43445153891251664,-3.5123460591565783,0.9973523616790771,0.11736046333586511,0.6706644612647752,5.564464784212663,0.4978591799736023,0.1006697926089488,0.6857132316054775,-3.351974355754585,0.9609619379043579,0.07698484911061997,0.8975834177819594,9.948546362967999,0.6685319542884827,0.04477271399416146,0.9358927898669709,-1.2456483544959234,0.9726885557174683,0.03489285433669717,0.9293081894684674,10.224966831915493,0.616562008857727,0.00852506959080194,0.9819450768297817,-1.2265080235441101,0.9100223183631897,0.1773963850615585,0.94389962768733,7.951437601583667,0.8109340071678162,0.17116831987863573,1.0,-4.951201435821497,0.966672420501709
3,0.125,0.1548315078985251,0.005694761035003137,-7.222777450881686,0.9998568892478943,0.13760859900937225,0.11050001780117943,2.876792508877806,0.995309054851532,0.047690147314999286,0.12095236624934196,-9.219635186853386,0.9994555115699768,0.3042179343259355,0.12876862783152968,3.545136376469894,0.26089727878570557,0.20824405700536272,0.2056140193897378,-10.888130055407649,0.9956939816474915,0.41115897650464867,0.06013534567527442,-1.3896711679082785,0.4555940628051758,0.37703704567215524,0.09943360742948766,-9.135220042941148,0.9848712086677551,0.41411378324842857,0.026607438624526556,-2.1467108005677815,0.46421462297439575,0.41294753819140645,0.07664740463530115,-10.180173996943608,0.9668938517570496,0.1326862105762951,0.4220585283875251,3.50770365138164,0.9959014058113098,0.07093792051348054,0.4341057364852029,-3.5107737675870077,0.9973741173744202,0.11776302502845828,0.6707696757381268,5.444223040713374,0.5029146075248718,0.1019811609960721,0.6853094270320205,-3.3761790517544807,0.961390495300293,0.07468505302703543,0.8987502941920581,9.719558417088487,0.672674298286438,0.045755521437503534,0.9360139283989305,-1.4353924410492165,0.9733806252479553,0.030987158890806946,0.9307914089302688,9.984120921553206,0.623339056968689,0.00852506959080194,0.9817650389247206,-1.435207454453235,0.9117027521133423,0.17935472772544722,0.943949410623429,7.715903337335943,0.8139176964759827,0.17211661064283684,1.0,-5.136910012101132,0.9675251841545105
4,0.16666666666666666,0.1553930312310256,0.005694761035003137,-7.305200981731736,0.999861478805542,0.13699129707777774,0.11005517588376938,3.008511872618549,0.9954093098640442,0.04774980627596516,0.12041980581569328,-9.19284724456921,0.9994515180587769,0.29853021937316004,0.12789764813662385,4.353864661267802,0.2639869153499603,0.23398269503707075,0.19079935360169079,-10.890560308689173,0.9958587884902954,0.41189506556983235,0.059722550612571534,0.09478515034610782,0.469044029712677,0.37708375498654173,0.09902012523179105,-9.212085774463397,0.9854710698127747,0.4154115429890814,0.02621721429566736,-0.5237304736936362,0.475772887468338,0.4137487634133008,0.07592443722300933,-10.252191035255361,0.9679287075996399,0.13322047213810176,0.4217466499455555,3.539469120440419,0.9960120916366577,0.07125904544649213,0.43355571402360243,-3.542639165292571,0.9974064230918884,0.11788887774988824,0.6706820031790287,5.460508230108239,0.5075907111167908,0.10254152062491054,0.6842834795800049,-3.5582181426338364,0.9618604183197021,0.0740288104997481,0.8990236560848262,9.761332363412013,0.6774545907974243,0.04618317939444609,0.9360527206798908,-1.6793940718099085,0.9742573499679565,0.03065776639498014,0.9309015844072485,10.02478224985198,0.6301132440567017,0.00852506959080194,0.9811195200057501,-1.6832336368721452,0.9142345190048218,0.18011808181364786,0.9442562794014446,7.767629607756914,0.8171935677528381,0.17165683387147312,1.0,-5.377301395320012,0.9686249494552612
5,0.20833333333333334,0.15593014691371737,0.005694761035003137,-7.166182579422381,0.999869167804718,0.13738633628156108,0.1100381309612334,3.340972891757873,0.9956191182136536,0.04641450557803543,0.11819683767362678,-8.713426600343746,0.9994573593139648,0.3045458804148796,0.11886213398457385,4.250643480868761,0.27729532122612,0.24462961746344813,0.17874233273112838,-10.423653074335748,0.9960336685180664,0.4124692744953817,0.05021801820637075,-0.539412262767956,0.4874666631221771,0.37563788562376127,0.09765682286208308,-8.570614525318245,0.9859943985939026,0.4163711440461087,0.020723677449317527,-1.2994823867662617,0.4898931086063385,0.4123589382042372,0.07579409659229835,-9.538291518354509,0.9687167406082153,0.13406534001672826,0.42149850302025105,3.487834919144457,0.9961875677108765,0.07150132132437342,0.4323833357649351,-3.490825961172847,0.9974766969680786,0.11801008561970093,0.6706478102155266,4.980701409425294,0.5137311220169067,0.10348333562622654,0.682958692236272,-3.5047733427061085,0.9621496796607971,0.07247663108878212,0.9000602877494813,8.978589758757662,0.6815219521522522,0.04655787970721413,0.9360103733767483,-1.671155858066112,0.9749482274055481,0.02623046716637867,0.9328030550164489,9.20087602251397,0.6373829245567322,0.00852506959080194,0.9806723603555527,-1.6824211039424821,0.9164808988571167,0.17941387092368877,0.9502336670449204,6.845095287629739,0.8204267621040344,0.17134992732306123,1.0,-5.33307729260954,0.9695566892623901
6,0.25,0.15623551611427638,0.005694761035003137,-6.5626256873231075,0.9998770356178284,0.13890484550437837,0.11009379632006544,3.4705482677170854,0.9958899021148682,0.045146287561018295,0.11614638994112891,-8.28827062137183,0.9994759559631348,0.3182795904997309,0.11764741853342255,3.711756510591795,0.2946346402168274,0.22564273779545865,0.18234181390321902,-9.67449896898437,0.9962126612663269,0.412362247056824,0.04213962831480824,-2.5939599517999254,0.5028783082962036,0.3737325417955454,0.09745785898476247,-7.167431293816126,0.9864680171012878,0.4164275696020843,0.017116201929890267,-3.591914465260846,0.4995644688606262,0.4108027155441755,0.07653556296704618,-8.012312177737526,0.9692660570144653,0.1347710594122373,0.42133576288564645,3.4023774315114297,0.9964044094085693,0.07140230995755008,0.431261842428436,-3.4054985382769565,0.9975648522377014,0.11797870392831981,0.6707349731970887,4.494950327989424,0.5211092829704285,0.10395300702488945,0.6824781736195202,-3.2522274701335974,0.962353527545929,0.07252546516125875,0.9014138794143857,8.111419982466186,0.6856260299682617,0.04685377850693486,0.9359942747831734,-1.2645758892553136,0.9753233194351196,0.02669952244469583,0.9347665960428827,8.303286691092504,0.6443299651145935,0.00852506959080194,0.9802739247944959,-1.2625344042861393,0.9176672697067261,0.1793483304224768,0.9556183481296969,5.919002007391574,0.8237949013710022,0.17065780986248283,1.0,-4.875109049704418,0.9701420068740845
7,0.2916666666666667,0.15624580239943686,0.005694761035003137,-6.814954613046944,0.9998852610588074,0.1389621663002235,0.11015501202344294,3.2319124313291265,0.9961174130439758,0.04398100689896168,0.11579671342393925,-8.301242638614545,0.9994989037513733,0.31639556268803987,0.11278656040656511,3.5673537034620786,0.3070846199989319,0.21710021673505706,0.18488764064802368,-9.633371803233015,0.996360719203949,0.41228719111972034,0.03611678646345148,-1.79714906748671,0.5173418521881104,0.37350464425051183,0.09715652644197996,-7.322758183941081,0.98679518699646,0.41667870189234146,0.01405451351261277,-2.6399889031782338,0.5098413825035095,0.4106496850474019,0.0785638070633814,-8.190802014215434,0.9696254730224609,0.13503453773118998,0.42179674473235845,3.364212174003248,0.9965782165527344,0.07136627921656236,0.43162392730791027,-3.3673105962157956,0.99769526720047,0.11840648478158339,0.6707472814697586,5.52224549902087,0.5308728218078613,0.10427054413022686,0.6830767389554502,-3.3760734822034926,0.9635579586029053,0.07403992984894193,0.8995319138836679,10.046826908513987,0.692637026309967,0.0471088820975429,0.9366097930715478,-1.519537601991394,0.9764319062232971,0.029962535941560314,0.9303856035808751,10.338818290480598,0.6530720591545105,0.00852506959080194,0.9802298694438917,-1.5246569146150264,0.9208692312240601,0.17532828392494462,0.9484057449939353,8.196526515933039,0.8283138275146484,0.16996722210495593,1.0,-5.1862662073152,0.971433699131012
8,0.3333333333333333,0.1578143825648832,0.005694761035003137,-6.99685341361949,0.9998905062675476,0.13846406610110196,0.10974770674111745,2.6994098589428166,0.996284008026123,0.04238434166401691,0.11496858128455888,-8.617407095051009,0.9995126128196716,0.31492351672068597,0.10374538002846798,4.509133391924666,0.3302224576473236,0.21454811359963286,0.1869238394957828,-10.571518799574973,0.9965181350708008,0.41245927051310355,0.026846995750549493,1.5560792548464615,0.5438440442085266,0.373795696011628,0.09735716506328898,-9.626453617204533,0.987436056137085,0.41685353978797524,0.005760561588195191,1.0678018976501626,0.5329510569572449,0.41087954443178804,0.08065981452573943,-10.736162142260126,0.9708805680274963,0.13557534281573713,0.4217051581028818,3.3214655596026144,0.9967017769813538,0.07103214925970418,0.43175621272497816,-3.3242854048860178,0.9977990388870239,0.12022885412058078,0.6690845708697498,5.51306074966555,0.5412330031394958,0.10458121828374206,0.6829124229709627,-4.413259638133942,0.9646049737930298,0.08000155316543463,0.8983063666881934,10.095567955198055,0.6992764472961426,0.04693158761585816,0.937242883454159,-3.0720894973469006,0.9774632453918457,0.04031912490510892,0.9280630180432796,10.387860478742885,0.6601456999778748,0.00852506959080194,0.9803548603580323,-3.1370694981037923,0.9234273433685303,0.1753052008022833,0.9457544324027747,8.22976955924453,0.8321366310119629,0.1691225146507262,1.0,-6.946259191556404,0.9726465344429016
9,0.375,0.1583296345528994,0.005694761035003137,-7.140685571466378,0.9998944401741028,0.13699175308017603,0.10958553029500512,2.5760402579247694,0.9964064955711365,0.042361192585530415,0.11509978227503916,-9.0567518477052,0.9995202422142029,0.3141327078122926,0.10544656651293155,4.415263333918965,0.34210914373397827,0.21473600452991443,0.18810902523941456,-10.885512699246478,0.9966419339179993,0.4126796091708492,0.030882253738742448,0.8632596909214671,0.5598737597465515,0.37575597186927184,0.09623891299266078,-9.760240852343815,0.9879677891731262,0.4178038597169335,0.007497102041916594,0.298551646368898,0.5469099283218384,0.4126972013173101,0.0806390454779767,-10.879613918621086,0.9719645977020264,0.13569195923735133,0.4216547679209867,3.3744907183731008,0.9968061447143555,0.07139481548053202,0.43180201924935196,-3.3773766881154694,0.9978545904159546,0.12030231154476387,0.6695607646027788,5.5696375453749365,0.5490929484367371,0.10471054401118406,0.6830606487350804,-4.143639707056544,0.9654738306999207,0.08004774685736553,0.8990107012140985,10.102179199320616,0.7046337723731995,0.04683206574957161,0.9375704081365323,-2.586525347162253,0.9782834649085999,0.040150973522807075,0.9287909145549447,10.390692057853679,0.6659489870071411,0.00852506959080194,0.9804033613402837,-2.627075625348356,0.9252024292945862,0.18022774362496682,0.9452470386658927,8.203606986717872,0.8353731632232666,0.1684453718922809,1.0,-6.350575416704803,0.9735763072967529
10,0.4166666666666667,0.1595850822037942,0.005694761035003137,-6.19836940082217,0.9998986124992371,0.14124734437813816,0.10965416998372188,2.528025367313064,0.996573805809021,0.04137387504127135,0.11462293349757707,-8.480763124491917,0.9995414018630981,0.32630063845044904,0.10525366477240908,3.554344874083788,0.364785760641098,0.21259214578296837,0.19053297742984857,-10.154429410394693,0.9968019127845764,0.41501361345385557,0.03073778078519898,-0.6805535331220962,0.578994631767273,0.3755436157391665,0.09707097305073453,-8.858137478695252,0.9885528087615967,0.41845607275984625,0.0035856788781762653,-1.4332996862541358,0.5623828768730164,0.4123213639616901,0.0837304781059171,-9.88934245137004,0.9730599522590637,0.13852440045711284,0.4217081000319413,3.1960370802102536,0.9969527125358582,0.0712597430287731,0.4318299202077754,-3.1986053634811267,0.9979645609855652,0.12241298967977358,0.669652127063797,5.256326514692637,0.5583453178405762,0.10452870666397569,0.6829874324350752,-4.131889947973404,0.9666131138801575,0.08138713250303954,0.8990622883627042,9.546444357121745,0.7107080221176147,0.04665572172949754,0.937450956156774,-2.7236178910627555,0.979128360748291,0.04196010698875439,0.928804114040752,9.814309720177729,0.6726139187812805,0.00852506959080194,0.9803288582121806,-2.778001827283278,0.9270803332328796,0.18549231933623078,0.9448031895372123,7.6539784373048585,0.8394362926483154,0.16820243235311785,1.0,-6.489522726232776,0.9746562242507935
11,0.4583333333333333,0.16031644512984577,0.005694761035003137,-4.937332775747709,0.9999025464057922,0.14638764211976166,0.11081984086611683,2.7481149448073756,0.9967429041862488,0.0392892705062107,0.11456099206102592,-7.405379967363039,0.9995663166046143,0.3462428944074552,0.10755554959260909,2.849996499148032,0.38115739822387695,0.208697254134885,0.1911485558833629,-9.252430890729986,0.9969395399093628,0.4159989889430519,0.028995551374742513,-1.8718369332548321,0.5895814895629883,0.37443338472577486,0.09734315295603155,-7.738121331890005,0.9889116287231445,0.41930264410124596,0.0047294884732799565,-2.685090096448699,0.569732666015625,0.410890417400204,0.08567581144977691,-8.686670353957302,0.9736193418502808,0.1419858484935973,0.42280368825676595,2.9784219961019547,0.9971125721931458,0.07081797013230443,0.43216659707317495,-2.9806058661677834,0.9980927109718323,0.12391649641681064,0.6698600354426849,5.160303074807883,0.5687429308891296,0.10407304823164394,0.6832662860478572,-3.7855577541999836,0.9681616425514221,0.08632284739356026,0.8981833503931262,9.30586129749199,0.718411386013031,0.04639312268634338,0.937421802250779,-2.528149091112238,0.9800784587860107,0.0500231436859,0.9264666179702082,9.568477283174477,0.6811038851737976,0.00852506959080194,0.9800895952392736,-2.5832619872786635,0.9293152093887329,0.185060760244451,0.946084641465258,7.5109876245107134,0.8443562984466553,0.1670215322980674,1.0,-6.063602639821648,0.9758215546607971
12,0.5,0.15934346648202727,0.005694761035003137,-4.331474553374793,0.9999051094055176,0.14498215751426805,0.11615875625578503,3.381410750103888,0.9968839883804321,0.038861848020133004,0.11965308140606193,-6.8888207437754385,0.9995819330215454,0.3491292213947267,0.11276062192998548,2.85589960718654,0.38788270950317383,0.20745762618031144,0.1944780301478023,-8.189018820846673,0.9969948530197144,0.4089455705257725,0.02344545970815484,-2.3413114501147203,0.5874288082122803,0.3722861086294494,0.10066133865543091,-5.718521188548506,0.9887292385101318,0.409244020016499,0.005955346719306475,-3.229104265162149,0.5640851855278015,0.4081444626389868,0.09061634915621015,-6.452914494250484,0.972863495349884,0.14081072193635844,0.42684863949119645,2.9997942924483745,0.9972250461578369,0.07014739466617159,0.43650005816116233,-3.0016926798664496,0.998175859451294,0.12282417015596943,0.6723988387395743,5.087188278445781,0.5691369771957397,0.10327472193837157,0.6858190000721589,-3.467328185913138,0.968459963798523,0.0844749204601281,0.8988032263497179,9.260627708067455,0.7172594666481018,0.04642544138471505,0.9378603499219622,-2.192213233984474,0.9803375601768494,0.047000069894052324,0.9269713472761167,9.57232171042079,0.683493435382843,0.00852506959080194,0.9801643070136827,-2.2541306445888067,0.9308318495750427,0.1788357286568194,0.9467062569394695,7.511438491414846,0.8445456624031067,0.16599598363988471,1.0,-5.631496952584149,0.9761519432067871
13,0.5416666666666666,0.1543235185891658,0.03567696703889415,-5.716921790531443,0.999897301197052,0.12970534441296494,0.1428042016515375,3.891084337217227,0.9968894720077515,0.04640404607994877,0.14948941723840684,-8.637378750309404,0.999556839466095,0.31273222328629807,0.13136488843319874,3.579667646296143,0.3753734230995178,0.26545703236653134,0.21047540549790672,-8.887330176802514,0.9964778423309326,0.3643842818100242,0.026868697688733376,-2.3129613671838616,0.5602280497550964,0.36469637552685613,0.11968300491288639,-4.734119915280348,0.9849737882614136,0.38027790720750637,0.007181204965332993,-3.247880043899408,0.5365394353866577,0.3958696754645776,0.10807856596775829,-5.439104817856421,0.9657927751541138,0.13361139043356593,0.44572119331427257,3.7766590047664295,0.9972949028015137,0.06839062799994908,0.4564423010190817,-3.780593706215241,0.9981976747512817,0.11648212495727907,0.6848992888443193,6.311830567391114,0.5662302374839783,0.10014917982173369,0.6981722288140494,-3.2102479219912223,0.9673916101455688,0.07719134178179922,0.9046237457985099,11.255941703919769,0.7187110781669617,0.045161216024848565,0.9415179514514521,-0.8779468026987032,0.980320155620575,0.0385125596394824,0.9326917071605522,11.658383682642814,0.6881626844406128,0.00852506959080194,0.9812015023150811,-0.8614302982223035,0.9322666525840759,0.1731485216951746,0.9482341204955941,9.006351158883971,0.8459354043006897,0.16070760821965402,1.0,-4.566107106190642,0.9761442542076111
14,0.5833333333333334,0.1548953862999632,0.02565858241555126,-6.235552801359009,0.9998980760574341,0.12751735020960556,0.13344462120559342,3.9810221512979056,0.9969937801361084,0.046209370539033345,0.14043588769652274,-8.829416326056416,0.9995412826538086,0.3127366389112175,0.12202873483821818,3.717970512304865,0.37448763847351074,0.26787045874866366,0.19170981519984237,-9.298283488347389,0.9962778091430664,0.3718854265014393,0.026541005770458738,-2.2691993056727595,0.5548744201660156,0.3677715980152958,0.10653271060905446,-5.385748900095919,0.9837903380393982,0.38387399189121485,0.008407063211359513,-3.315104092626828,0.5291888117790222,0.3987893917770609,0.09389299845386517,-6.171273210187225,0.9632791876792908,0.13219357191510134,0.4397953778064767,3.9111138175485665,0.9973468780517578,0.06840299234335906,0.4511511507380741,-3.9148832939234124,0.9982351660728455,0.11503574378150833,0.6818843788277276,6.527959487623978,0.5637359619140625,0.10041672284337042,0.6955774311250001,-3.584954676043295,0.9669210910797119,0.07617031343551918,0.9037157679081835,11.523188522054495,0.7174676656723022,0.045561303355370605,0.9416452517684343,-1.4562212904573537,0.980364203453064,0.036901457880160034,0.9322657080380348,11.925664748662998,0.6895240545272827,0.00852506959080194,0.9818012732345974,-1.4329402737920451,0.9335520267486572,0.17577230213086728,0.945164720976651,9.228417796587273,0.845956027507782,0.1614720794955842,1.0,-5.564822613072149,0.9761991500854492
15,0.625,0.15291557169156622,0.03368346059586602,-6.471279868787256,0.9998939633369446,0.12326078442274828,0.1400688482460744,4.132015486961433,0.9970169067382812,0.04611744894885445,0.14840053695277466,-9.381868078323768,0.9995219707489014,0.30312939352076174,0.12883640476267574,3.87697401543418,0.36738327145576477,0.26888588409323233,0.19803384122255127,-9.910194143081112,0.9959923624992371,0.3681163210303041,0.030481846071501187,-2.4611795725537675,0.5411168932914734,0.3643091376677748,0.11260513135729662,-6.025886104511464,0.9820550084114075,0.37249577336047024,0.009632921457386031,-3.59000137183073,0.5160658359527588,0.39484346922328206,0.09877743649653585,-6.895142465662874,0.9601684808731079,0.12871958026276958,0.44486085236670425,4.0944323096181705,0.9973942041397095,0.06784607272325119,0.4568612702953546,-4.098233386514601,0.9982580542564392,0.11201416558162043,0.6851314550577005,6.826271866059622,0.5623127222061157,0.09951003364814441,0.6987528740232293,-3.719827401278695,0.9666593670845032,0.07358116583763227,0.9053951289315996,11.930677946959689,0.718039333820343,0.04516678347079967,0.943217182977595,-1.6959145960855329,0.980476438999176,0.03432740066098715,0.933987314276846,12.335754467394516,0.6916325688362122,0.00852506959080194,0.982652417173446,-1.7180280913011028,0.9348111748695374,0.17376355136703606,0.9452000222406475,9.584522095388866,0.8465460538864136,0.15942804875589853,1.0,-5.865699101315764,0.9762696623802185
16,0.6666666666666666,0.15301417868912534,0.031945988017360434,-6.7132669806198155,0.9998899698257446,0.11787756869351697,0.13806303283555027,4.43267376793519,0.9970329999923706,0.04716738682195542,0.14843136305044718,-10.270291097230936,0.9995126724243164,0.29611794219971116,0.1267172959261872,4.281959926222636,0.35914120078086853,0.2667467488551666,0.19699112679658803,-11.062072362236398,0.9957783222198486,0.36543061576194136,0.027575513983055015,-2.538316241204123,0.5268319249153137,0.3654301270585941,0.11053101345039892,-7.04825372904958,0.9808820486068726,0.3738700338653093,0.01085877970341255,-3.6965625729905582,0.502839207649231,0.3951842194756958,0.09675018993761025,-8.04004524354172,0.9581444263458252,0.12723208381457887,0.44288001679184696,4.471312786667451,0.9974119663238525,0.06870552074121149,0.4554414032774523,-4.4755435171023805,0.9982562065124512,0.11131403838850316,0.6846558572409556,7.520465900914663,0.5614900588989258,0.09984728631278152,0.6990871449089114,-3.9822708640127287,0.9662787318229675,0.07191269754534693,0.9042384569338422,12.881682212098964,0.7189871072769165,0.04527079021926226,0.9436059550702026,-1.7880962718628177,0.9805483818054199,0.032450757487133816,0.9326987072391444,13.269193015160573,0.6940547823905945,0.00852506959080194,0.9822129086224314,-1.8169375958930343,0.9359033107757568,0.17367392942964838,0.9432126710515167,10.470604366000204,0.8472254872322083,0.1594367180784624,1.0,-6.23055213477676,0.9762887358665466
17,0.7083333333333334,0.15710681848746302,0.011979507938865853,-6.399277917987493,0.9998690485954285,0.11271224829494716,0.11919316974443173,5.081681810175872,0.9969961643218994,0.05082489687972206,0.13085740945980168,-12.161536634385019,0.9994882345199585,0.28808831891403347,0.10991933029212972,6.6396279269622624,0.3434434235095978,0.2724842221198433,0.18404507551470523,-12.955478793692185,0.9953621029853821,0.37343763778593586,0.014949289797027886,0.1684408931726098,0.5034334659576416,0.38146185506536023,0.09432911127406261,-8.409277393806017,0.9784433245658875,0.38248943282026837,0.012084637949439068,-0.9631176669188253,0.4826757609844208,0.41139764950301067,0.07889671306428328,-9.60482121431136,0.9545906186103821,0.12852538298150265,0.4301131685968703,5.291094573801234,0.9973633289337158,0.07321877343236048,0.4435626628577253,-5.295704897786786,0.9981682300567627,0.11370777647719435,0.6769714236675327,9.154264444214197,0.5583986043930054,0.10264326827975381,0.6919922804714734,-4.210767843729798,0.9654300808906555,0.07238287079161884,0.9010406278430381,15.151750971670062,0.7207415699958801,0.04677221285869928,0.9414654072781904,-1.2707938586475025,0.9805206060409546,0.031244350484916264,0.9305501318482079,15.553082861472234,0.6979339718818665,0.00852506959080194,0.980960437945275,-1.2408039012266452,0.9367499947547913,0.1775248855596885,0.9422521464967919,12.667136651003066,0.8483126163482666,0.16328547823905581,1.0,-6.05838519671309,0.9761678576469421
18,0.75,0.1591115918400289,0.010020193076857923,-6.933244926024126,0.9998520016670227,0.10859030141979716,0.10789158506909284,5.526302725546059,0.9969820380210876,0.05206253951336506,0.12026670900701698,-13.834106911494146,0.9994726181030273,0.27754175043908624,0.10883406014668016,8.312454915854916,0.32807081937789917,0.27089237945351535,0.1830616096096504,-14.75873697403096,0.9950793981552124,0.38708332689050984,0.04048261713650253,2.3227558086673907,0.48632025718688965,0.3903371727532806,0.08717831610868043,-10.385606164477794,0.9773892164230347,0.39354689313222674,0.013310496195465586,1.3273093810979717,0.46968814730644226,0.42132067950227964,0.07266813475042763,-11.903306124989712,0.9533420205116272,0.12849428889268544,0.42213530381904174,5.8700282175844825,0.997286319732666,0.07596761466057257,0.4361068651332872,-5.8747104484062485,0.9980634450912476,0.11468106389432915,0.67150953280164,10.599393098001741,0.5554875135421753,0.1041480846208609,0.6871760909774448,-4.590733155618918,0.9647256135940552,0.07260810649251809,0.897911230337917,17.47255274438175,0.7217276096343994,0.04750648902325162,0.9392801914166001,-1.3655863872402356,0.9804394245147705,0.03044375528232956,0.927805428490505,17.934772186666905,0.6999912261962891,0.00852506959080194,0.9794294788654646,-1.3268408049883003,0.9370821118354797,0.17941226866963678,0.9397263490863824,14.96460740175998,0.8485952615737915,0.16511221764247472,1.0,-6.594070229955494,0.9759230017662048
19,0.7916666666666666,0.1598073902494313,0.008060878214849992,-7.1616372422208645,0.9998501539230347,0.1104667657858725,0.10769443455353053,5.092724126057626,0.9970461130142212,0.051881812940564855,0.12027676581288105,-13.71026652955276,0.9994807243347168,0.2780777364491461,0.11026194064316855,7.176138379432066,0.3255614638328552,0.24156157784325846,0.19828870194939394,-14.871691896189375,0.9949831366539001,0.3911564153703149,0.035976239278477845,0.21575815389882363,0.4818805754184723,0.38929131945266654,0.09280199476197853,-11.101611107291715,0.9773014187812805,0.3936311503051618,0.008787570197834946,-0.9771374825211157,0.46575427055358887,0.4208245929861867,0.0774450082806264,-12.62139192262403,0.9533407092094421,0.12844979777207277,0.42200580783859104,5.65171183328292,0.9973143339157104,0.07680333589244376,0.435964066597504,-5.656374335691147,0.9980488419532776,0.11488529823413846,0.6713588436631429,10.105982355629695,0.5595518350601196,0.10409338117067149,0.6875378315681585,-4.305280614288169,0.96479731798172,0.0736786375792771,0.8970743922280259,16.94932833632772,0.726033091545105,0.04749192209459053,0.938784730533713,-0.9383419090037323,0.9806186556816101,0.0330596322556449,0.9268516089263062,17.4227599629416,0.7042067050933838,0.00852506959080194,0.9788510659920733,-0.8734303471208376,0.9372860789299011,0.181113099343586,0.9401694515076633,14.441276256834138,0.8508250117301941,0.16500609230748745,1.0,-6.084332936906797,0.9759613275527954
20,0.8333333333333334,0.16179443446484895,0.00610156335284206,-6.4114399743503565,0.9998437762260437,0.11317150343649847,0.10750037295185963,4.9521751013827595,0.9971017241477966,0.0511755932762341,0.11949842593578246,-12.911162891124249,0.9994816780090332,0.2809316595094681,0.11746758209433933,8.267728805392773,0.33246535062789917,0.2184569759341423,0.2043374646889682,-14.876696813075,0.9950584769248962,0.4016510550547325,0.04251902557199256,3.7010579093795686,0.4939570426940918,0.3849430631016951,0.10487349736847433,-12.984288840333038,0.9782392382621765,0.40522234403291474,0.016421569952007064,2.9339375146925892,0.47631576657295227,0.42052172791769943,0.09347109909007288,-14.69833469864664,0.9551393389701843,0.13130638972419914,0.42182872467053617,5.341717091531307,0.9972843527793884,0.07837386956626108,0.43571371926194874,-5.3456274982568885,0.9979531168937683,0.11676070164467058,0.6711527297876745,9.415136876105752,0.5611691474914551,0.10417673406276474,0.6872658839474355,-4.170516691209325,0.9638863205909729,0.07528996300141602,0.8966163620484691,15.85794170582623,0.726207971572876,0.04753354712974113,0.9382152930748086,-0.8006476915419437,0.9801777601242065,0.035317127218749376,0.9263857753710008,16.303975862662103,0.705680787563324,0.00852506959080194,0.9784254732843932,-0.7204678094476853,0.9359122514724731,0.1824406975123514,0.9419564997999821,13.394411342376676,0.8504046201705933,0.16517607412334948,1.0,-5.7564764532613815,0.9752618670463562
21,0.875,0.1627104793753603,0.00414224849083413,-6.250804714967637,0.9998469948768616,0.11539713787285671,0.10729713394924048,4.4716094191985025,0.9971879720687866,0.04991965389680486,0.11897605437126063,-12.325490624458205,0.9994916915893555,0.30027177330351384,0.11400117306065209,7.067778041986433,0.3507682979106903,0.2150597571784571,0.20239955542409765,-14.552978063838577,0.9951651692390442,0.4019233642292961,0.04153908626020018,2.115130905832495,0.5147215127944946,0.38349796173166284,0.1066454615329669,-12.836528513636457,0.9791816473007202,0.40472799530373316,0.014276492709619223,1.2552205073845266,0.49418097734451294,0.4201742161067465,0.0956945479843176,-14.459592828724938,0.9568606019020081,0.13269613553981413,0.4217822071045623,5.018611684912419,0.9973294734954834,0.07786674242264187,0.435633326995184,-5.022726950436308,0.9979642629623413,0.1189288326436823,0.6715377356307615,8.854268409295903,0.5676342248916626,0.10327247200902229,0.6874384419822914,-3.97649608552614,0.9638901948928833,0.07770244099233284,0.8964908534468967,15.272604988147803,0.7291788458824158,0.04706710943166921,0.9381561367873229,-1.0690270771742851,0.9802731275558472,0.039038346809446046,0.9262460751261844,15.727214674112219,0.7081884741783142,0.00852506959080194,0.9783516988755318,-1.020864620639,0.9354889988899231,0.18371100654841485,0.9442303223099836,12.888013293136897,0.851580023765564,0.16502402963436924,1.0,-5.874139746274244,0.975222110748291
22,0.9166666666666666,0.161990846515327,0.0021829336288261996,-6.3176509035549735,0.9998507499694824,0.1189041725902062,0.10899819023994821,3.963074059524083,0.9972174167633057,0.047742117853562825,0.12056475107577669,-11.417262716567578,0.9994984269142151,0.3086630620417076,0.11104135636859055,5.951862679553552,0.36471548676490784,0.21048521100436537,0.20311795121806717,-13.585018347178961,0.9952955842018127,0.3994804314202864,0.025519336366085107,1.569308355962224,0.5299350619316101,0.3813204470250422,0.10826590142443603,-11.926827031027756,0.9800801873207092,0.4005717099533791,0.015058177627597863,0.5425792243139405,0.5071658492088318,0.4182543384409454,0.09763855057524962,-13.398687667790927,0.9584482312202454,0.13249074095226668,0.42283804718631135,4.568171508825771,0.9973447322845459,0.07634079521494322,0.4366125830665806,-4.572254649685814,0.9979433417320251,0.1178924115347664,0.672180631575882,7.901673648249722,0.5720974206924438,0.101762915659257,0.6879338786127733,-3.667388241121051,0.9637359380722046,0.07629855743873137,0.8966333040534961,13.909367979816947,0.7298493981361389,0.0463261168032041,0.938150339370804,-1.1040218107601656,0.9801533818244934,0.037516120019049054,0.9266158491198853,14.351427499237605,0.7083024978637695,0.00852506959080194,0.978302711677785,-1.0655267500279286,0.9345661401748657,0.18188515291330198,0.9451778768946436,11.566486912147875,0.851448118686676,0.1635877859145991,1.0,-5.567105978984531,0.9749622941017151
23,0.9583333333333334,0.16061049272086042,0.011715703099157091,-6.0730167170851725,0.9998517632484436,0.11927903193389484,0.1178020735232856,3.9512182337952018,0.9972426295280457,0.04679753727535801,0.1287963311154505,-11.107287347160149,0.999506413936615,0.3114051613722223,0.11917210506857584,5.462040611303026,0.37363696098327637,0.20817150024795222,0.21220736774592136,-12.893031270437236,0.9953518509864807,0.3943630021607309,0.026855366059460907,0.3244007916504109,0.5373440384864807,0.37728740343711437,0.11705756414011122,-10.71972363395038,0.9806106090545654,0.3921997224750511,0.015839862545576504,-0.6654039943946226,0.5124779343605042,0.4146147017850135,0.10690715844901585,-12.050678431352166,0.9593851566314697,0.13148268210624292,0.42845153549154436,4.444664346330746,0.9973738789558411,0.07524412429104226,0.44191860117777454,-4.448508294002334,0.9979403018951416,0.11736423287651732,0.6751738385271296,7.666980468839834,0.5746428370475769,0.10062881078489232,0.6907033493783725,-3.530111773591494,0.9634485244750977,0.0753104562476093,0.8974212037590263,13.480916978442298,0.7307316660881042,0.04588461807930629,0.9384623456732946,-0.7202574159854683,0.9799745082855225,0.03664781541886642,0.9271629113474955,13.88415073555749,0.7097208499908447,0.00852506959080194,0.9782699742959007,-0.6590658372953283,0.9338565468788147,0.17967275530203392,0.9467914511473843,11.22571621191169,0.8517162203788757,0.16167031202316137,1.0,-5.028517852443374,0.9746655225753784
24,1.0,0.15855856044847716,0.019732429317235147,-6.416586973499783,0.9998566508293152,0.12062837296167715,0.12568933870315013,3.3810832209501984,0.9972631335258484,0.045223099278038824,0.13653563151258058,-10.79335470284075,0.9995189905166626,0.30836222089182697,0.1256288107251875,3.846502925416046,0.3793408274650574,0.20735015731412743,0.21738607860208878,-12.6125462798629,0.9954727292060852,0.3895198119918326,0.028172781277863476,-2.2605153489677794,0.5437295436859131,0.37366765179395733,0.1227775172311924,-10.73183692962095,0.981178879737854,0.3825216424541386,0.016621547463555143,-3.3187184809161288,0.5187299251556396,0.410567506249159,0.11219721434326743,-12.064961480410231,0.9603269100189209,0.12984688889586787,0.4326939065602271,4.225528572695023,0.9973965287208557,0.07498774786623454,0.4460462180780473,-4.229146860280723,0.99796062707901,0.11533171213782165,0.6770584957557301,7.21840962640701,0.5750564336776733,0.10067499492977922,0.6921549508831809,-3.895343530995069,0.9636737108230591,0.07390318028557483,0.8981698523654129,12.62371336419007,0.7296703457832336,0.046115347075508385,0.9388335475053001,-1.786053772625768,0.9799142479896545,0.03515262583140361,0.9276501243476661,12.989836282979333,0.7081566452980042,0.00852506959080194,0.9783510981817481,-1.7925873430687105,0.9334359765052795,0.17862750311108255,0.9470472126249144,10.404775318491618,0.8506650924682617,0.1607994530393282,1.0,-6.10093906529188,0.9744628667831421
25,1.0416666666666667,0.15778945513781137,0.023652215723654713,-6.256431055234881,0.9998570680618286,0.12216714305371029,0.12937013236064385,3.093909958300359,0.9972448945045471,0.044911075886609336,0.14097998092813036,-10.577645853439932,0.9995314478874207,0.3087519626345237,0.1270677912969369,3.4232243085006617,0.3847610652446747,0.20791963782498582,0.22163123912519647,-12.307545514118559,0.9956042766571045,0.3872835233094518,0.029524832423628827,-2.622741817417608,0.5449092984199524,0.37358218495387174,0.12675726040341487,-10.581988868268922,0.9817476272583008,0.377187243983318,0.01740323238153378,-3.6745543642626335,0.5203376412391663,0.4106816850624316,0.11568495660648798,-11.929390929686265,0.961357593536377,0.12936595343708165,0.4347270883294772,4.08540781491688,0.997388482093811,0.07498174947316373,0.4481298794693972,-4.088490639607119,0.9979655742645264,0.1149252528847939,0.6762178627718934,6.887776088486665,0.5749741196632385,0.10065078745361779,0.6923413789698007,-4.21301779917618,0.9640151858329773,0.0738090697759169,0.8983876299437817,12.011041339069443,0.7289016246795654,0.046057575856834496,0.9389803414217422,-2.3281743390736116,0.9799456000328064,0.035256287543864104,0.927403002421379,12.348717231766528,0.7071154713630676,0.00852506959080194,0.9781250558854208,-2.353725638099422,0.933064877986908,0.17869771590485403,0.9467084001833073,9.795581450285194,0.8497841358184814,0.16035340910745996,1.0,-6.631056005988916,0.9743351340293884
26,1.0833333333333333,0.15474177792210808,0.041878541230773614,-6.616087809908716,0.9998558163642883,0.12116508320450647,0.14558842286083354,2.992386865522154,0.9970912337303162,0.044664457689462915,0.15757111408013408,-10.567782766631433,0.9995350241661072,0.3061186497558999,0.13740754845442454,2.714363200807952,0.387454628944397,0.2314029960195594,0.22990724768254894,-12.230971975471997,0.995749294757843,0.36585366294915644,0.036807482179077894,-3.8706062868938407,0.5425242781639099,0.3683838253177252,0.1429199808109051,-10.238076172803215,0.9823116064071655,0.3557377172756431,0.018184917299512424,-5.00763812600344,0.5183829069137573,0.4040124626598124,0.13179500956891776,-11.516884682091431,0.9622908234596252,0.1268086189309286,0.44419757531131776,4.039022983815652,0.9973556399345398,0.0735927117622458,0.45812396143245204,-4.0419423161135155,0.9979434609413147,0.1124745700771333,0.6798990009549319,6.451585751854508,0.5727571845054626,0.09963632986548637,0.6963918531376914,-4.135029570188632,0.9638484716415405,0.07102286861289439,0.9003446740160539,11.254446170935124,0.7247543334960938,0.04568059926421702,0.939988427444024,-2.232726524769553,0.9796793460845947,0.03016662008094759,0.929574212558123,11.557962495096849,0.703473687171936,0.00852506959080194,0.9784359681552689,-2.257145802934021,0.932407021522522,0.1722964226690632,0.9490714667144284,8.995460063287258,0.8470815420150757,0.15808726575599877,1.0,-6.478284578007731,0.9738718867301941
27,1.125,0.1547896730525983,0.036545980993487485,-6.347811951314293,0.9998543858528137,0.1231142541446648,0.1406860406223566,2.9866253363343893,0.9970108270645142,0.04363999860056304,0.15290449564273664,-10.169014611041488,0.9995410442352295,0.3051776681633003,0.126887398136845,3.3327822539751772,0.389711856842041,0.21039892017794679,0.22812120069993683,-11.923746939196516,0.9959172606468201,0.36407456137079824,0.032243258039622885,-1.2551879021613823,0.5416675209999084,0.3704948725611947,0.13883227171972556,-10.41539562573783,0.9829667806625366,0.35843994793463907,0.018966602217491062,-2.0580832497593367,0.517803430557251,0.4070502518531778,0.12854161994044877,-11.715793912468607,0.9634103775024414,0.12738320385812887,0.44048460780021187,3.8938146655642476,0.9972993731498718,0.07303205541333808,0.4546876802919561,-3.896378542312534,0.9978824257850647,0.11277564072596824,0.678000468944778,5.78673844228911,0.5712530016899109,0.10045465330070973,0.6939699364802354,-4.190336437521007,0.9634696245193481,0.07086304938890749,0.9002382135180639,10.20944091471079,0.720792829990387,0.046022740123040105,0.9395877372698987,-2.32716569637861,0.9793069362640381,0.02872756679203997,0.9302771158040758,10.475707809915678,0.6987705826759338,0.00852506959080194,0.9782588857728982,-2.3545403592363416,0.9310571551322937,0.17105715760164397,0.9500574417940637,7.946249598812396,0.8444844484329224,0.15885962137468973,1.0,-6.48387764442724,0.9733640551567078
28,1.1666666666666667,0.15342434790773385,0.03214636294159741,-6.043807748497435,0.9998507499694824,0.12439359424351198,0.13730400636530052,3.0508216460168667,0.9969512224197388,0.041581969836917504,0.14914328508473376,-9.597076042932882,0.9995335340499878,0.29933139866421005,0.1242826508600152,4.309658588814739,0.38890311121940613,0.20111502362783526,0.22491767690400494,-11.385202908093802,0.9960007667541504,0.37238645976801393,0.0409227639808605,0.15610283356262947,0.5450032949447632,0.37191674667235314,0.13471662642482635,-9.911508769909272,0.9835534691810608,0.3636261948410596,0.019748287135469705,-0.5524122478097794,0.520849347114563,0.40868991147728795,0.1238511773059768,-11.141256521908302,0.9644200205802917,0.12882036920521003,0.4379404816148486,3.730225142477413,0.9972606897354126,0.0728851752421376,0.4520143378795967,-3.7327429277307864,0.9978206753730774,0.11302427218369888,0.6767961060942687,5.516241843009963,0.5664834976196289,0.10091950874854344,0.6925141408667991,-3.9521913143535388,0.9619424343109131,0.07067166597930889,0.9005374908564568,9.855953718191078,0.7148065567016602,0.046277517627789345,0.9392049743554552,-2.059176565412821,0.9785106182098389,0.0273745187404504,0.9309737303482702,10.123621441069897,0.6932973861694336,0.00852506959080194,0.9781216237848975,-2.078418624568428,0.9289875030517578,0.17012017019518794,0.9515511096743543,7.679034661431364,0.8412648439407349,0.15883713066798455,1.0,-5.983836200096718,0.9725887179374695
29,1.2083333333333333,0.15159334676002903,0.030606169937472217,-6.572362741344631,0.9998561143875122,0.12554832585887918,0.13563322824211765,2.9334769352904124,0.9969781041145325,0.03908000300539409,0.14713227588346875,-9.16780888676891,0.9995353817939758,0.29615951129169493,0.11644584826272608,4.119760563875405,0.39173564314842224,0.19417517056587275,0.2234176917207247,-10.876873996646369,0.9961439371109009,0.3688191826108678,0.03257754502236484,-0.1541228734810823,0.550606369972229,0.37199533773604054,0.13296087913632,-9.344663789381046,0.9840009212493896,0.36491778100434813,0.020529972053448343,-0.8990954158942907,0.5256780385971069,0.4092869848871611,0.12205919016338415,-10.489741586891823,0.964996337890625,0.12951211622678627,0.43616586848083183,3.5460166895126974,0.9972849488258362,0.07065841305433908,0.45043258647338463,-3.548241716997638,0.9978204965591431,0.11306465793150823,0.6764400521455392,5.098290247519683,0.5659188032150269,0.10102344402551071,0.691660592452948,-3.7955336837226006,0.9612941145896912,0.07082508801511284,0.9005641456484236,9.317167133935568,0.7106953263282776,0.046387233320062754,0.9389154869519059,-1.8900128046017224,0.9781014323234558,0.027469655765282618,0.931208553859004,9.566607222246542,0.6898548007011414,0.00852506959080194,0.9781675926793284,-1.900816859898395,0.9278367757797241,0.1695569190417086,0.9514627633622944,7.0788321319018594,0.8394818902015686,0.15795761028235092,1.0,-5.764416633827048,0.9723033308982849
30,1.25,0.15065210752157399,0.029723171666230955,-6.462518758224469,0.9998598098754883,0.12617488355833142,0.13493953138194215,2.8818137002196473,0.9970105290412903,0.03783582182465602,0.1460895275857936,-8.936778465242863,0.9995306134223938,0.2955921100653597,0.11604758929920661,3.9701086638548544,0.3951058089733124,0.22031778035411353,0.21096680457305292,-10.633274882008923,0.9962563514709473,0.3691241174564975,0.03233403079933711,-0.3857679163595298,0.5568669438362122,0.37228981238237735,0.13154155122591188,-9.125202516651527,0.9844093322753906,0.3667124035430394,0.021311656971426982,-1.165638455959058,0.5310925245285034,0.40956274227910994,0.1207229551270831,-10.243920284946489,0.9655427932739258,0.1299826280431135,0.4353590363104659,3.457318066771132,0.9973071813583374,0.0692403455154303,0.4496175410868996,-3.4596139399747923,0.9977914690971375,0.11310758822017271,0.6762671385120611,4.867129526587199,0.5648002028465271,0.10111658033175164,0.6911895420624243,-3.656344809522031,0.9604198932647705,0.07096014727591554,0.9007210729209618,8.955328462708351,0.706617534160614,0.046509471939870956,0.9387155151642097,-1.5326970534535551,0.9775006175041199,0.027499861458887956,0.9320685933524191,9.195092474955151,0.686568021774292,0.00852506959080194,0.9780528907243857,-1.5203175365217736,0.9260830879211426,0.16916223762327412,0.952028522624435,6.729456943678943,0.8375797271728516,0.15732643239913902,1.0,-5.409463854623049,0.9717813730239868
31,1.2916666666666667,0.15187871100674208,0.01500579733958063,-6.284065964984594,0.9998554587364197,0.12557717822163122,0.12177907507991555,3.391892073004339,0.9970004558563232,0.0385486217548498,0.13305510812097177,-8.699226126108769,0.999488115310669,0.2858676387510857,0.10519597015197245,4.5059930215229755,0.38394221663475037,0.24047652061980546,0.18955670952992912,-10.017011236274987,0.996187686920166,0.37322562189896236,0.024928622153854465,-0.055532898399546074,0.5496983528137207,0.3777892687818127,0.11322073471133685,-7.715522648602598,0.9836844801902771,0.3834634373558333,0.022093341889405625,-0.8400203536445681,0.5243564248085022,0.41541367428654064,0.10143888270762091,-8.66301380421667,0.963865339756012,0.1319547474182725,0.42737055551239206,3.5617093014893344,0.9972825050354004,0.0697506629735191,0.4414281591473493,-3.5640102111430036,0.9976604580879211,0.11435963282152932,0.672562022611669,4.860563622763664,0.5663098096847534,0.10199463921118017,0.6864729114862663,-3.035107049201904,0.9593714475631714,0.07215652482298505,0.9008664225303314,8.646238132452067,0.7082724571228027,0.047155908348379655,0.9377747261768501,-0.4650598909704108,0.9770530462265015,0.028243272898995683,0.9327228561894236,8.847599850925134,0.6884861588478088,0.00852506959080194,0.977691673726695,-0.4144794596720604,0.9253724813461304,0.17236499856692888,0.9546845936242772,6.38976872368923,0.8388158082962036,0.15907616044993847,1.0,-4.119852866687988,0.971510112285614
32,1.3333333333333333,0.14712296066757105,0.03651849265494808,-6.176326416139005,0.9998531341552734,0.12273753365800194,0.14077840456524346,3.3327058861537413,0.9969775676727295,0.03752262557268611,0.15231117269873828,-8.662245493207218,0.9994495511054993,0.2802426770735208,0.12280239464333127,3.4238586678555736,0.3847379982471466,0.24545221442678036,0.20052852610381877,-9.883986087263532,0.9960835576057434,0.35273858840673533,0.02666865492864689,-2.2766205293137407,0.5468105673789978,0.36801753307607155,0.1296252247402833,-7.499782739092509,0.9824655055999756,0.3659439213133197,0.022875026807384263,-3.323566534798152,0.5202926397323608,0.401447369856736,0.11700091290321409,-8.467645334586212,0.9611358046531677,0.12830375793637802,0.4405249011627695,3.561448377482548,0.9973105192184448,0.06710026538448015,0.45353165034230836,-3.563640693928046,0.9976269006729126,0.1109929671294225,0.6796787502076157,4.894400391329648,0.5671531558036804,0.09980693248759455,0.6924453318882062,-3.0033364224390207,0.9589815139770508,0.0705120138305443,0.904445099116072,8.752666210398232,0.7094582319259644,0.04628291998094177,0.938782262278427,-0.5462274939457825,0.9768350124359131,0.027295866718555446,0.9367378682679449,8.962704929299898,0.689656674861908,0.00852506959080194,0.9779099244581682,-0.515606921991015,0.924868643283844,0.16922576593549543,0.95756066926838,6.449326912520594,0.8401525616645813,0.15582039447602627,1.0,-4.305575915689437,0.9714292287826538
33,1.375,0.14754525645614752,0.03080474680266242,-5.40285213216478,0.9998536109924316,0.1265112692939686,0.13717571716529503,3.284792944518281,0.9970356822013855,0.03606536227693079,0.14814391416788497,-7.990103594476182,0.9994551539421082,0.3014899132668804,0.12045884531554152,2.2485934197897772,0.3912125527858734,0.21586643525153162,0.20187915966967557,-9.431209065850886,0.9962084889411926,0.35734134275040996,0.027724576968975127,-4.264159628534598,0.547357976436615,0.3691486604462112,0.1239462292093871,-7.2624657630034335,0.9828977584838867,0.3693675402898956,0.023656711725362906,-5.412523998930903,0.5188986659049988,0.40295712156056085,0.1118325407017434,-8.22643696048952,0.9616321921348572,0.13022710521407757,0.43721736530491084,3.3767884380540494,0.9973858594894409,0.0652584461860126,0.44989544676881826,-3.3787197331130012,0.9976744055747986,0.11210348834111208,0.6779637321586253,4.269065492733204,0.5661889910697937,0.1008927554003114,0.6887713969527414,-3.474442974093639,0.9592116475105286,0.07213267557196686,0.9063118667079062,7.694879782247361,0.7086154222488403,0.04762593715173182,0.9381517505540433,-1.6712917848628295,0.9765149354934692,0.02854424845044958,0.9404416361164668,7.859441378902542,0.6881880760192871,0.00852506959080194,0.9776927906161881,-1.7018960526837044,0.923122227191925,0.17154351078269783,0.9629198034617523,5.3321152719572344,0.8403002619743347,0.15683838247673573,1.0,-5.483512141638322,0.9714044332504272
34,1.4166666666666667,0.14733286285683136,0.030573350859741544,-5.2586644617298015,0.9998553395271301,0.12843106086353778,0.13808637768092646,3.1837358828260287,0.9970844984054565,0.03564889965448391,0.14905995551082496,-7.839924546520288,0.9994625449180603,0.3128745565502878,0.12029442707291058,1.9906555638759342,0.39873969554901123,0.20681344606721033,0.20846590636785925,-9.231119447066504,0.996321439743042,0.35946173000477916,0.028036521561616144,-4.325729899935723,0.5468066930770874,0.3686583383301645,0.12343118098260324,-7.022824999121105,0.9832300543785095,0.36785811365263543,0.024438396643341544,-5.446945918950885,0.5155852437019348,0.4026094738943467,0.11185773951528241,-7.949461388300774,0.9619417786598206,0.1309938651473861,0.4373751020859621,3.293127515196981,0.9974547028541565,0.06458509472394383,0.44947054320768154,-3.2949982692303688,0.9977190494537354,0.11252180892727333,0.6783796779516394,4.1659303710331805,0.5661657452583313,0.10114110673194802,0.6881394434792237,-3.425954641013574,0.9593727588653564,0.07299147813156197,0.9074012490187737,7.570757858742782,0.7081540822982788,0.04836993550276902,0.9379728316283134,-1.6274669255217526,0.9761381149291992,0.029306856896242857,0.9419289560970303,7.738780482297577,0.68696129322052,0.00852506959080194,0.9775472467307799,-1.6491442430155547,0.9213022589683533,0.17256073238240496,0.9645106087085469,5.263302352376328,0.8405435085296631,0.15715506590878245,1.0,-5.325415432569464,0.9712731242179871
35,1.4583333333333333,0.14641535487282872,0.030916832974866068,-5.573131075590722,0.9998586773872375,0.12894852795523315,0.13838573710641225,3.1136810131652366,0.9971083402633667,0.035482191960054095,0.14993198602809923,-7.832704085049297,0.9994679689407349,0.31221263403349525,0.12077154810725686,2.1400466049392852,0.4012177288532257,0.19768211700476115,0.21795455455832616,-9.19629048690882,0.9964177012443542,0.36028827852006523,0.028381436962592453,-3.978512363291641,0.5475159287452698,0.36850531500336825,0.12374604288303634,-7.187748919597042,0.9836071729660034,0.36646102431462146,0.025220081561320183,-5.054655269291181,0.5156484246253967,0.40146332924780037,0.11275138053638942,-8.13703244927722,0.9624906778335571,0.13132278289114652,0.4372403673089812,3.267245173342026,0.9974873661994934,0.06428285179099802,0.44922041069086593,-3.2691281033747366,0.9977428317070007,0.1127680860433598,0.6782308404753948,4.254300596698845,0.5663164854049683,0.10044320197744427,0.6876067757780148,-3.5025654628332115,0.9596329927444458,0.07355172552339909,0.9077598726040478,7.7586259857118485,0.7076784372329712,0.04880641896301847,0.9379334324567393,-1.8162046505288056,0.975904107093811,0.029867312547902588,0.9421204178059487,7.940305266028085,0.6854726672172546,0.00852506959080194,0.9774913413345395,-1.846337843092,0.91996169090271,0.173519186366209,0.9644489740349474,5.533017576987721,0.8406761288642883,0.15728814018139622,1.0,-5.509420258888251,0.971185028553009
36,1.5,0.14793568932046575,0.011307103929826572,-6.080934698982626,0.9998555779457092,0.1297705425976132,0.11976241279835814,3.0470840193390765,0.9970133304595947,0.0365713909169097,0.13166625009723934,-8.212586220569193,0.9994474053382874,0.297112554152728,0.11435699628301321,2.9829444486873657,0.39155521988868713,0.2236461498801644,0.1979727259030676,-9.531852013709951,0.9963963031768799,0.36968831160580695,0.023457893301383044,-2.2147455328826724,0.5438452959060669,0.3767489609795171,0.10408852356729342,-7.893345406866357,0.9838027954101562,0.37964698870753255,0.026001766479298825,-3.057957458753279,0.5137884020805359,0.41053063429562014,0.09275694242067967,-8.870128682999923,0.9628875851631165,0.1336854647747003,0.42489689205989606,3.345507662119282,0.9973694682121277,0.06644655026016541,0.43715269055995964,-3.347495016344959,0.9976143836975098,0.11491168863086844,0.6711147727975534,4.446296406209725,0.5605706572532654,0.10287275951719968,0.680539684637532,-3.545234773119807,0.9581654071807861,0.07569713199890357,0.9054070794712946,8.096935197344207,0.7026656270027161,0.05062579772837726,0.9365504451459031,-1.7457238038595315,0.9749026894569397,0.030156429345828635,0.9403678944368019,8.293840371407205,0.6810204386711121,0.00852506959080194,0.9769702400019132,-1.7648625288517374,0.9178498983383179,0.17700428388663572,0.9627905198057741,5.906782012940947,0.8371796607971191,0.16143864249978526,1.0,-5.506750410842977,0.9701453447341919
37,1.5416666666666667,0.14622482727241115,0.01422866861479314,-5.887689097143788,0.999859094619751,0.12964325246511746,0.12096321716219303,3.1748488810659263,0.9970927238464355,0.03546305289671791,0.13313740090026563,-7.9667673950923215,0.9994505643844604,0.29790771011314815,0.11633137245375293,2.7316922813629914,0.39327284693717957,0.23059998610228855,0.19373335144058734,-9.193340793841486,0.9964272379875183,0.370011948672529,0.024211692130977652,-3.2917228093411435,0.5471660494804382,0.371808448726123,0.10479658297950879,-6.959907168226839,0.9838744401931763,0.37990930903427766,0.026783451397277464,-4.324344189921044,0.5163394808769226,0.4047039709693355,0.09230798995856127,-7.80771309463333,0.9627209305763245,0.13253483494974586,0.4255324350750118,3.307895385783939,0.9974247217178345,0.06609941940039647,0.43775943509348825,-3.3098259410356623,0.9976398348808289,0.11391756268231802,0.6715606227941504,3.9990705234904307,0.5582615733146667,0.10294521371588412,0.6804374905013123,-3.6178487500786765,0.9574859738349915,0.07515047507591018,0.9059924953602234,7.268469117742255,0.7009178400039673,0.05065274141690341,0.9368065958016097,-1.942640219705925,0.9741714000701904,0.02869112236710997,0.9417517922231168,7.420352129317427,0.6791906952857971,0.00852506959080194,0.9772152183797671,-1.9712831218262918,0.9160205125808716,0.17732092559256102,0.9623425519619817,4.988350709387048,0.8360552191734314,0.1610293737525731,1.0,-5.6048833881550095,0.9696035385131836
38,1.5833333333333333,0.14537133277325257,0.003663169558781744,-5.645213816464298,0.9998616576194763,0.13187857016873122,0.11304434576355288,3.1089275119290134,0.997042715549469,0.03333203754906053,0.12456015672196269,-7.66508355260819,0.9994499683380127,0.2959480070963688,0.11163496020935852,2.6807096629161706,0.3862485885620117,0.20914687827956074,0.19245491236849993,-8.939163181525734,0.9965393543243408,0.3819136066658162,0.03259419533935335,-2.9098102712267346,0.5428513884544373,0.3763202217577527,0.09657329220035997,-6.955801469184755,0.9843865633010864,0.38644381944869033,0.027565136315256103,-3.8428934826973222,0.5126577019691467,0.40961131000770673,0.0838956785468698,-7.663021199540015,0.9635446667671204,0.13427407271538763,0.419782776234159,3.1734976119251788,0.9973692297935486,0.06607103363579202,0.4314689891146573,-3.1756404810830126,0.9975301623344421,0.11547501061159254,0.6692252744861082,3.653369068393618,0.5558140277862549,0.1032525569094614,0.6777539252828143,-3.086774492536232,0.9567373991012573,0.07629621829763132,0.9051731230690612,6.752899021291102,0.6978994607925415,0.051043395689491844,0.9365054383940125,-1.132312429766062,0.973081111907959,0.029332718905140283,0.9412725406706425,6.897921178464761,0.676417887210846,0.00852506959080194,0.9770706569777228,-1.1154691928922587,0.912909984588623,0.18026151945928304,0.9616389985273348,4.537001453144968,0.8340269923210144,0.16276975272158728,1.0,-4.5274190874982,0.9685279130935669
39,1.625,0.1448635285424483,0.003511829472595225,-6.036260978414352,0.9998638033866882,0.12736067047170352,0.1094276812769408,3.240456974959246,0.9969803094863892,0.03291901514177722,0.1216685198564891,-8.05426038659718,0.9994253516197205,0.28859494034984756,0.10719166865117492,3.4115648836059562,0.3774067759513855,0.21645823226651384,0.18727876310122707,-9.446474768481853,0.996546745300293,0.3805249405341985,0.025401285254274233,-1.8678009647975848,0.5394577980041504,0.3761419340533795,0.09301583978540538,-7.882548861332824,0.9844541549682617,0.3884867541331857,0.028346821233234745,-2.7030101302112004,0.5105852484703064,0.4104693397888146,0.0803862227731986,-8.78661805360894,0.9635790586471558,0.133609156836932,0.4178553724027669,3.3193948469762242,0.9972871541976929,0.06638792637781485,0.42990725127966056,-3.321520598414426,0.9973437190055847,0.1157473826587394,0.6693753205622754,3.874626670309221,0.5544755458831787,0.10331550095849856,0.6779029399932673,-3.0567546602787776,0.9558488726615906,0.07674453431061212,0.9054429990714269,7.151958620902771,0.6958926320075989,0.05125757638126196,0.9372426505219026,-0.9149405894254568,0.9725921154022217,0.02954021615525277,0.9418784450579937,7.308710663490368,0.6753454804420471,0.00852506959080194,0.9776977043763648,-0.8859147844103492,0.9120771288871765,0.18154538606241316,0.962126111692925,4.917368907949954,0.8324030041694641,0.16317008090480445,1.0,-4.352209066321995,0.9679741859436035
40,1.6666666666666667,0.1438607669083254,0.0033604893864087057,-4.8181613138034045,0.9998652338981628,0.10889967939864903,0.1083427046150133,5.097647629299168,0.9970723390579224,0.03203078409223463,0.12004858001727985,-8.940671328393542,0.9994418025016785,0.2549867043100153,0.12387935966583534,6.397500989553869,0.3658994138240814,0.2168191614474477,0.1861964050635724,-10.795392121352698,0.9965948462486267,0.3803643539168255,0.0553735442532372,1.094961793483332,0.5420722961425781,0.3620117065697271,0.09319790127053879,-8.796236863368424,0.9850754737854004,0.3922976522730176,0.029128506151213384,0.32829615000138757,0.5161699056625366,0.3995626889510443,0.07933898757840194,-9.87599899174843,0.9650191068649292,0.1277412576924883,0.4189669859887767,4.084801775390478,0.997198224067688,0.06808202476240204,0.4310755066930393,-4.08825145704381,0.9971545338630676,0.1153187759077856,0.6725594228468733,4.889382079854152,0.5526363253593445,0.10318475454479811,0.6834258594858158,-3.6337154114251646,0.9549901485443115,0.0765031754632157,0.9061555560380764,8.726604355266788,0.6947969198226929,0.051901667440102495,0.9390443363036973,-1.113961932964887,0.9721745252609253,0.02753351569249943,0.9423012248900567,8.881196689812588,0.6762278079986572,0.00852506959080194,0.9778641658179071,-1.065644268668672,0.9124027490615845,0.1790151292125952,0.9680678731592186,6.221829025994752,0.8304250836372375,0.16280157053759936,1.0,-4.931758084557202,0.9675072431564331
41,1.7083333333333333,0.14020765082074393,0.003209149300222187,-6.879199072576407,0.9998683333396912,0.09198194904710821,0.10782076298729368,6.008185460393033,0.9970865845680237,0.03016578927742305,0.11974517623100235,-11.156107667759393,0.9994434714317322,0.22700646870820296,0.12891192418609884,8.525890209719774,0.35127854347229004,0.215196069585588,0.18919132250954232,-15.140491538750746,0.9966429471969604,0.3605776395783333,0.06553307059398521,3.481188087181434,0.5437024831771851,0.3525902153295803,0.09666403641284192,-15.838039664706429,0.9858936071395874,0.3910649019863443,0.042108437209010065,2.851374289594413,0.5217349529266357,0.39306238900659063,0.081030977895394,-17.571698316010345,0.9669713973999023,0.11506390911074411,0.4187445272275438,5.050687406170822,0.9970497488975525,0.06631293475376294,0.4309034675814381,-5.055914005993896,0.9968671202659607,0.11277889450343412,0.6719751271285843,5.691515649022574,0.5519875288009644,0.1029358226058896,0.6826233015082295,-4.563788792010567,0.9535472989082336,0.07450775491620436,0.9055730884778604,9.66813127931812,0.6938706040382385,0.052376270071249044,0.9384836084037053,-1.476021606209334,0.9713440537452698,0.024874133331785387,0.9416105103479014,9.795576128158315,0.676286518573761,0.00852506959080194,0.9773237459677048,-1.4166480836650308,0.9112073183059692,0.17583532852787262,0.9687700999576375,6.598579269956847,0.8283509016036987,0.16126884151179063,1.0,-6.11381789915665,0.9665704369544983
42,1.75,0.13689820483720563,0.003057809214035668,-6.411725768885608,0.999874472618103,0.09427262271223158,0.10777632597244682,5.152817274082281,0.9972189664840698,0.02355167382163244,0.1189785627354342,-9.532558559169269,0.9994522333145142,0.236978939121101,0.13015379764368437,5.62175486659002,0.36091676354408264,0.20575179882507866,0.1879180831862794,-13.575413951412404,0.9966670274734497,0.3666328870099187,0.05831523693843632,-1.9115763971341277,0.565443754196167,0.3319854697215522,0.09914904411857017,-14.087554943073554,0.9867027401924133,0.39519201693950007,0.03504802891822933,-3.0551157627261247,0.5431918501853943,0.3713992190786021,0.08364878081894227,-15.605333158716844,0.9688170552253723,0.11300522252461917,0.4188485437577989,4.4220785721270115,0.9970952868461609,0.0623238767748909,0.4309137042803554,-4.427744866126187,0.996872067451477,0.11007388098604465,0.6717481675803241,5.052963710751604,0.5574749112129211,0.10171895195202907,0.6824390094028912,-4.1642846629762085,0.9539861083030701,0.07282072162709138,0.905397235451694,8.830703771050258,0.6980912685394287,0.05211799583401758,0.9382574832517525,-1.6267245243922137,0.971252977848053,0.02205969517051009,0.9413293858472301,8.977166589459365,0.6799518465995789,0.00852506959080194,0.9769177042139864,-1.5885935641368372,0.9105350971221924,0.1738741535659829,0.9678493710365867,6.050704600287997,0.8298020958900452,0.15910887065815066,1.0,-5.421234052709225,0.966444194316864
43,1.7916666666666667,0.13511049681933684,0.002906469127849149,-5.206112838873548,0.9998784065246582,0.09454720023416546,0.10813655529509131,5.2721975700524615,0.9973350763320923,0.018799346961022062,0.11844355679142869,-8.30596518385916,0.999463677406311,0.25470084607406995,0.1322893457245881,4.3794257196604915,0.3737519383430481,0.199267539067527,0.1874465999328793,-12.141440197119202,0.9967262744903564,0.3682785307127664,0.05269246103340638,-3.2986200210838965,0.5845111608505249,0.319993010363335,0.09897849109641406,-11.819394827198678,0.9874097108840942,0.3968446963293053,0.02769271336686004,-4.5148972317893366,0.5607619285583496,0.3548430359751806,0.08372442915864454,-13.128203906062614,0.9703555107116699,0.11209749659980674,0.4193397190519328,4.1068652975391995,0.9971626996994019,0.05886731297675253,0.4309614409249535,-4.111809088662071,0.996949315071106,0.10911182409330283,0.6715596226100868,4.841052112608191,0.5611838102340698,0.10036664050809867,0.6820897499627809,-4.035977059745992,0.9551610350608826,0.07299457987741642,0.9047829806132208,8.582895055821146,0.7027076482772827,0.051965172936732446,0.937657992283643,-1.9625872892252538,0.9717631936073303,0.02081372492120889,0.9396145858829528,8.738468925427657,0.68460613489151,0.00852506959080194,0.976190698484233,-1.9764011873051837,0.9117321968078613,0.1721899515772103,0.9672163330397854,5.944285384392124,0.8322417140007019,0.15787488550369544,1.0,-5.971780735471826,0.9670750498771667
44,1.8333333333333333,0.13183541614219838,0.00275512904166263,-3.572803020961752,0.9998837113380432,0.09225816081083757,0.10851366323707996,5.610969620579304,0.9974650144577026,0.011235671063733283,0.11883646005735549,-7.080889466378731,0.9994856119155884,0.2551395582578656,0.12965083363829713,3.8482246723474214,0.3819136321544647,0.1608320158857641,0.19070581447253926,-10.924283276560805,0.9967371225357056,0.3596457899182832,0.056035905840642886,-3.484882101255669,0.6045671701431274,0.2858338910503532,0.09291380659420068,-10.922787715717924,0.9882256984710693,0.3929813629439996,0.02470288253452164,-4.619053553899026,0.5803356766700745,0.321237628798595,0.07651276618355282,-11.893953840332241,0.9722371101379395,0.10945893528217666,0.4190736321351904,3.8217143515860563,0.9973061084747314,0.050461340913494475,0.42859404760359016,-3.8257391697367535,0.997147262096405,0.10741522648773669,0.6711296634397869,4.933596314236956,0.5693380236625671,0.0972643145022267,0.6807872338038411,-4.665825328587268,0.9574641585350037,0.0730059877944749,0.9029479100077314,8.412187104980966,0.7115093469619751,0.05017385769700542,0.9370350616068782,-3.563630556473364,0.9729755520820618,0.020056508321255596,0.935626324512265,8.525728571634254,0.6919568181037903,0.00852506959080194,0.9752649717868095,-3.6730036681767926,0.9142756462097168,0.17179199048185365,0.965296911985258,5.976150774595808,0.8377675414085388,0.15605497894331988,1.0,-7.7248480232387315,0.9686000347137451
45,1.875,0.12871644287432682,0.002603788955476111,-3.8671584524082463,0.9998915195465088,0.09136001810072913,0.10922246376533315,4.65533584062008,0.9976494908332825,0.0002177602324488179,0.1185542357387036,-6.472619607241208,0.9995055198669434,0.2545515760294522,0.1392011668271906,3.67012587258644,0.41326218843460083,0.12997345893715004,0.19082494740294012,-11.853073876281332,0.9966583847999573,0.3690644991454847,0.05426271478326312,-1.3897580986819176,0.6352269649505615,0.25757818514630954,0.08791564173827186,-14.338134439811016,0.9890065789222717,0.4043332208752929,0.02301075335156543,-2.1382986424107244,0.6098851561546326,0.28392182212495587,0.06760180385299001,-15.711835163825754,0.9740727543830872,0.10588643240433422,0.4195488000429099,3.385426218191476,0.9974537491798401,0.042509517016114454,0.4283368954139595,-3.388858126862346,0.9973465800285339,0.10476470594530764,0.6708007954701339,4.808332521136373,0.5814126133918762,0.09435917897782127,0.6804574135838443,-4.316547120474679,0.9596104621887207,0.07207416715839518,0.9013879177255383,8.235369386525276,0.7225231528282166,0.04861146217088002,0.9364011693705597,-3.1748144254046604,0.974208414554596,0.019338984690870187,0.9323329121455501,8.369191492717686,0.7021133899688721,0.00852506959080194,0.9745394912493942,-3.2663610787856534,0.9169411659240723,0.17026149421795905,0.9633285221269642,6.012594049350954,0.8441879153251648,0.1540824566527136,1.0,-6.981313746038539,0.9699981212615967
46,1.9166666666666667,0.133992406493977,0.002452448869289592,-3.5291436370629223,0.9998986721038818,0.09912242263328755,0.11020297730883055,4.179248636995069,0.9978280663490295,0.0023941902557919324,0.11953564075752086,-6.075431108825622,0.9995229840278625,0.2678535546382202,0.13920183613403503,3.8947427570309383,0.4465177655220032,0.11684179718253859,0.18585604257772043,-11.863196721469457,0.9965609312057495,0.3908864230107888,0.053779040360088945,0.3753103327867925,0.6654520630836487,0.2429385960998991,0.08822402111996484,-14.607273391604986,0.9896137714385986,0.42583344025432834,0.023492605612076736,-0.13620972627724523,0.6397440433502197,0.25885472345958055,0.06919426223193982,-15.947816540945782,0.9754892587661743,0.1123078862203112,0.42073698453136993,3.1108278682829766,0.9976177215576172,0.04403965824321915,0.4286428967366875,-3.1139773868556735,0.997543454170227,0.11225089659694665,0.6717490687191812,4.5517144710859645,0.5923200845718384,0.09705546491531543,0.6802364384488819,-4.378693849141018,0.9613900184631348,0.08059658522198118,0.900617259825809,7.744925237964812,0.7323366403579712,0.05510645246946028,0.9359200380919396,-3.3716910592320493,0.9753883481025696,0.030396392676223922,0.9315203386352323,7.8739314877432385,0.711100161075592,0.00852506959080194,0.9739887295008577,-3.468143763871342,0.9193155169487,0.18445995388804323,0.9599586005258628,5.669914736132815,0.8500152230262756,0.16128754576291887,1.0,-7.035659082877665,0.9713580012321472
47,1.9583333333333333,0.13909507645368452,0.002301108783103073,-2.7788586429732445,0.9999052286148071,0.12699544223121156,0.11232152312305023,3.3766629273022817,0.9979699850082397,0.004570620279135047,0.12301574813120947,-4.518762542994133,0.9995385408401489,0.2886899727958215,0.13797911207577399,2.216439474059007,0.4823412299156189,0.09501721058933024,0.18626342577053323,-9.658739245169986,0.9965802431106567,0.4119291520288158,0.05406023336388062,-1.4286352049293587,0.6941208839416504,0.20887322391394866,0.08797135718596177,-12.216934361446908,0.9903182983398438,0.4493381888012871,0.02266408864121164,-1.948226944884277,0.6682579517364502,0.2207469193903967,0.06442909153189853,-13.273774858751935,0.9770588874816895,0.12026530123766035,0.42281138766386983,2.4219783228377945,0.9977735280990601,0.04292215532523958,0.42944097212339666,-2.4245099244542963,0.9977363348007202,0.1204967568010133,0.6722853779389747,3.46591043117567,0.6014235019683838,0.09499094301591614,0.6803643807692275,-4.027650275921562,0.9631258845329285,0.08973912099295692,0.9000267440258197,5.909535386663806,0.740058958530426,0.06058035915233099,0.9356127234358036,-3.4866986853511652,0.9763063192367554,0.04384766412312133,0.9304061017002705,6.008828378230072,0.7183483242988586,0.015866868164240162,0.9736839036698496,-3.59286854286491,0.9202286601066589,0.19417711215426325,0.9570118309401422,4.3406497473246946,0.8545832633972168,0.16777011372041245,1.0,-6.58884725732327,0.9724664688110352
48,2.0,0.1470103870332792,0.002149768696916554,-2.457045112413335,0.9999133944511414,0.17064967365022046,0.11342117069106696,2.560111214554357,0.9981370568275452,0.006747050302478161,0.12281219651674806,-3.0728932948278618,0.9995741844177246,0.3315550691613048,0.13602568665962456,1.7301895356626718,0.5246618390083313,0.0883214421548876,0.1886519526004405,-7.57699213862254,0.9962361454963684,0.44517944916936547,0.043621181261708816,0.16948620332379,0.7229257822036743,0.10873871452478828,0.12180892487805563,-11.00700861244373,0.9905468821525574,0.48503289799155297,0.012173459222496722,-0.038165216758155825,0.6980469226837158,0.13625137737717327,0.11166987585006621,-11.920877062128062,0.9776291847229004,0.12945454235758877,0.4239925765037677,1.8301985511858083,0.9979321956634521,0.04250531475338466,0.4286877449940371,-1.832137051927226,0.9979384541511536,0.12889238209914408,0.6702500808453707,3.197721375530274,0.6170976161956787,0.08374334231169916,0.6749322239002212,-3.355425391278201,0.9657853245735168,0.10220783635243721,0.889455759734822,5.4894915625704055,0.7537369728088379,0.07271292766950661,0.9332541620649724,-3.140795176612908,0.978022038936615,0.06534015548863042,0.9204224799978157,5.587696345801747,0.7325989007949829,0.039743233599411246,0.9706039719061398,-3.248292519035915,0.924035906791687,0.20154788513269287,0.9340329328095439,4.128966527551339,0.8623608350753784,0.17623426646383725,1.0,-5.711720341584264,0.9743210673332214
49,2.0416666666666665,0.18920397282986373,0.001998428610730035,-2.6793999464638127,0.999921441078186,0.23323958098991585,0.11499673499042083,1.8108650033482214,0.9983077645301819,0.0432992522862107,0.1231941461992128,-2.368826534551304,0.9996074438095093,0.3995170852147162,0.1351211464047817,1.5023920954149736,0.5691854953765869,0.08162567372044496,0.1960884966218806,-6.162894803756791,0.995660662651062,0.5063485741122756,0.0384895036278058,0.1308131005523933,0.7500267028808594,0.11501701027750547,0.15348267166957288,-9.40975356130547,0.9903519153594971,0.5471316883025047,0.008123443957761052,-0.0797752038481896,0.7266858220100403,0.12469952368719861,0.1393515475081578,-10.229308563242041,0.9771535992622375,0.17450864500068677,0.4279754531354573,1.467366689408055,0.9980880618095398,0.07834808975819528,0.42892851678452715,-1.4683103773981108,0.9981266260147095,0.17179951620912204,0.6698553727476987,2.9110401284149257,0.6416803002357483,0.10788023437981556,0.6740777638611154,-2.6220285223345026,0.968669056892395,0.1449693039037124,0.8799754318589215,5.170949039055015,0.7710553407669067,0.11472351923915106,0.9319026948922858,-2.269434662447628,0.9798303246498108,0.11067615892195547,0.9113847301431253,5.281345063596622,0.7495889663696289,0.08725094328582927,0.9682621669713694,-2.3522199958438414,0.9279686212539673,0.24207140843470715,0.9262601575902946,3.9462516998320436,0.871703565120697,0.21513506376233604,1.0,-4.5297336220128015,0.9762663245201111
50,2.0833333333333335,0.21298183873604815,0.001847088524543516,-2.612934913252494,0.9999285340309143,0.2622099781157234,0.1127466938277003,1.7495514381347195,0.9984570741653442,0.06187466099952839,0.12010041567324836,-2.267943454507695,0.9996325373649597,0.4337657395989447,0.13179240232331255,1.6478309946243248,0.6091680526733398,0.07492990528600232,0.17996811858220815,-6.202052041926971,0.9955698847770691,0.5431029138290607,0.03373206858495651,0.6398543913675101,0.7744948267936707,0.08777235181804652,0.1231158727142803,-9.588049429923453,0.9907457232475281,0.5876444069847966,0.002902885667392596,0.48870476015255576,0.7526165843009949,0.13358432022577527,0.08740050234191127,-10.450963392844162,0.9778516292572021,0.2024618116988388,0.42880845773704185,1.3859241012640164,0.998239278793335,0.09877592122162406,0.4283175110105346,-1.386900060617649,0.9982923269271851,0.20085286934015106,0.6693989592230593,2.561101862224978,0.6630297303199768,0.12158084845935345,0.6738870054483541,-2.2102224075208525,0.9708734750747681,0.1682456987569962,0.8799641528571167,4.54563648629151,0.7849888801574707,0.13595220949871478,0.9278366040943854,-1.2261987123916207,0.9811784625053406,0.13387622771193475,0.9103908021281387,4.644537978570727,0.7638741731643677,0.10868979470846778,0.9625044457535243,-1.2463669218246791,0.9305060505867004,0.25906099159692975,0.9302110192440576,3.3580589082060626,0.878919780254364,0.22407005629070675,1.0,-3.403363079125258,0.9776264429092407
51,2.125,0.24418118054614785,0.001695748438356997,-2.380414714958754,0.9999351501464844,0.29390109000825454,0.11231193129229282,1.6425977577371529,0.9985710382461548,0.07781846108568222,0.1184413710364785,-2.0045738510650435,0.9996625781059265,0.46665904207924386,0.12990312314782662,2.2447200389527153,0.6446413993835449,0.06823413685155968,0.1790563386040335,-5.47412787352771,0.9958111047744751,0.5858660121328917,0.029112546384215277,1.8009455472284865,0.7962132096290588,0.09266624599544296,0.07759776256670496,-8.256387923307198,0.9915523529052734,0.6298272227038357,0.0028956048663213866,1.795400045755554,0.7750627398490906,0.12402339806256345,0.03163726458693798,-8.977619801360733,0.9796661734580994,0.2379347341597155,0.42776378575964474,1.2759162539673452,0.9983372688293457,0.12710093025619054,0.42697947070415576,-1.2772483713379845,0.9984424114227295,0.23543545218356818,0.6669909314513792,2.471273835780559,0.6795818209648132,0.14385260102374217,0.6728682699277292,-2.335764087300455,0.9724894165992737,0.196806679590782,0.8683459851868209,4.631194217353576,0.7955968976020813,0.15847221356029734,0.9220572468343361,-1.866899157636778,0.9821184873580933,0.16317339348090237,0.8966530510628167,4.756238927309852,0.7757251262664795,0.13575496259210348,0.9574085773342621,-1.9205464440607343,0.9305468201637268,0.28716011313279916,0.92097272149976,3.63801602567411,0.883665919303894,0.2332411537043342,1.0,-3.904703308432877,0.9783811569213867
52,2.1666666666666665,0.28982609196835646,0.010530920893111,-2.3953793337468645,0.9999415278434753,0.3447262563155396,0.11753262043993394,1.543969483180561,0.9987004995346069,0.11483571307563273,0.12065146401624703,-1.5374773978041665,0.9996948838233948,0.5303835598115656,0.1286228550300985,2.315510088779052,0.6781913638114929,0.06153836841711705,0.185935617791858,-4.337068014303521,0.996148943901062,0.6496139786336798,0.03053133427445238,1.8917350942854796,0.8161938190460205,0.06174755775614859,0.07062926194133497,-7.131520070401307,0.9923372864723206,0.6978026283934659,0.002888324065250177,1.9072690578472717,0.7962548136711121,0.07506436915728092,0.032106866694945634,-7.7616551366086215,0.981467604637146,0.2887982586029996,0.4329114866248344,1.141562311925067,0.9984711408615112,0.17356071638362014,0.4313842236570399,-1.1441923629120694,0.9985900521278381,0.28144244361075743,0.6690275403766479,2.3831499429489345,0.6982545852661133,0.17015263075698303,0.6766594841138237,-2.0826785341900385,0.9744002819061279,0.24212975315951044,0.8591544827928144,4.922937232427742,0.8094353675842285,0.16351567467737677,0.918801289025431,-1.5735980593250964,0.9832028150558472,0.2090375152309481,0.8866133696143109,5.101491715782849,0.7902575731277466,0.14995295757801996,0.9514360599288048,-1.5553260832678253,0.9317362904548645,0.3335369850475223,0.9113275791732985,4.165903801755079,0.8908568620681763,0.21773375981132825,1.0,-3.4922294208864955,0.9794800281524658
53,2.2083333333333335,0.32328181607533363,0.017692814302180015,-2.3345239052187816,0.9999472498893738,0.38604721730232017,0.12188784430059878,1.344408441185978,0.9988189935684204,0.14523140500799062,0.12430119297540759,-0.9139619428325136,0.9997238516807556,0.5765111958295585,0.12657313935714978,1.913256122147985,0.7096557021141052,0.05484259998267441,0.19037609156354765,-2.972851009585371,0.9964612126350403,0.6987471694679445,0.030062500435083996,0.9604764150693631,0.8343374729156494,0.05292585273973623,0.06882344839108433,-5.598746749243266,0.9930137991905212,0.7445867472922859,0.0028810432641789676,0.83881883715713,0.8157141208648682,0.06681572229410083,0.03286556004506974,-6.1727680673987,0.982920229434967,0.3248870894920506,0.43662019804028235,0.9362174739046951,0.9985889196395874,0.20243494127112144,0.43435527515705286,-0.9385910470793263,0.9987224340438843,0.3149248473228164,0.6705065521160992,2.2157578836123384,0.7189244627952576,0.19114880070965923,0.6782877183002786,-1.937922133015503,0.9762957692146301,0.2757088015251309,0.8547585259056459,4.338223572729163,0.8242181539535522,0.1665881858042291,0.9113134762662932,-1.3688020398985694,0.9842482805252075,0.24364423108478617,0.8833778527834932,4.480008485948986,0.8049691915512085,0.15529054659475927,0.9421217727956656,-1.3571374830496141,0.932812511920929,0.3687665518376455,0.9064371793431076,3.462791045037981,0.8984889388084412,0.21459261719670664,1.0,-3.2440568600004562,0.9806145429611206
54,2.25,0.3467371199396532,0.022479485030527754,-2.356182756083716,0.9999524354934692,0.41184522962838876,0.12521906423885334,1.207957279546765,0.9989252686500549,0.16338623751222325,0.12715563919425993,-0.8371682974669262,0.9997493028640747,0.6010694621972936,0.12520400976768783,1.8206202941445353,0.7381675839424133,0.048146831548231774,0.19265628027931186,-2.420179513553719,0.9967347979545593,0.7315761151584027,0.02996892955399613,0.9921449113845027,0.8506885766983032,0.0467315566001032,0.07022879822448927,-4.530155586948357,0.9935390949249268,0.7781153710239469,0.002873762463107758,0.8763863676742099,0.833247184753418,0.061361962518207865,0.03457237619772878,-5.021271388864905,0.9838210344314575,0.3514611262578227,0.43994839599875696,0.8276755635452024,0.9986860156059265,0.2275879193506579,0.4380749506981558,-0.8294392674548281,0.9988390803337097,0.3389242211200725,0.6715922253011266,2.087602578588019,0.7392941117286682,0.20361841339007855,0.6812823485272391,-1.820401997293913,0.9780604839324951,0.3002621088749267,0.8563621310291608,4.044314315674945,0.8385098576545715,0.16921696429500718,0.9083346260766735,-1.2389204001163936,0.9853099584579468,0.26744497250049937,0.8844916891884859,4.170545498073318,0.8193602561950684,0.15884852253065782,0.9348124051816127,-1.2432616525049554,0.9341198205947876,0.39435887282032317,0.9059783225527626,3.1576012353341576,0.9059262275695801,0.20741560946694534,1.0,-3.088829873189606,0.981698751449585
55,2.2916666666666665,0.35559176990330255,0.025769470789953352,-2.429873488870868,0.9999570846557617,0.4243877784299793,0.127531403503352,1.1074517975734575,0.9990203976631165,0.1684936204393092,0.12886558126602615,-0.868009814633111,0.999772310256958,0.6151432543482963,0.122723161049152,1.743082762965299,0.7638503313064575,0.041451063113789134,0.19557459297475985,-2.2363237055595704,0.9969656467437744,0.7514945781457568,0.028372702276869857,0.8275549784278017,0.8653876185417175,0.032957335722450465,0.07664234298248326,-4.326134078034274,0.993999719619751,0.7980732182026012,0.0028664816620365486,0.6895924376183196,0.8489684462547302,0.03687688838085823,0.04276900738360779,-4.81419715991203,0.984626829624176,0.3617794803670178,0.4418268096017795,0.7792010343451529,0.9987767934799194,0.2319405604127406,0.4392510117705213,-0.7804485065357787,0.998946487903595,0.3498688251104452,0.6718262535141648,2.013191820894783,0.7592978477478027,0.20377558775371496,0.6819924001359327,-1.800381974827336,0.9798418283462524,0.31164917050264146,0.856211931168711,3.9556711762483183,0.8521539568901062,0.16050807871729122,0.9084910871512868,-1.426750834127358,0.9864158630371094,0.2779451944761963,0.8836151873706325,4.0671548431236415,0.8330872654914856,0.15125057925793195,0.9332896289659861,-1.4676012323797576,0.9360423684120178,0.40823794371157585,0.9068767030183201,3.0327032879241385,0.9130572080612183,0.18570379066390683,1.0,-3.1603771711544466,0.9828752875328064
56,2.3333333333333335,0.3836468001709592,0.029197432809946015,-2.4750880255230787,0.9999611973762512,0.4707072909879097,0.1312258587745191,0.7990763469763617,0.9991059899330139,0.19810124475887053,0.13268884581545415,-0.6545842570387811,0.9997920989990234,0.6675591225430877,0.12181309549190293,1.0984842625397186,0.7871177792549133,0.034755294679346495,0.2069129484550116,-2.0321138527218237,0.9971154928207397,0.8148865343634925,0.029022207174879803,-0.043005762195576405,0.8786913156509399,0.009565655625387257,0.08277950521935919,-4.491097047692488,0.9944357872009277,0.8627653595497408,0.002859200860965339,-0.2551478574512842,0.8633756041526794,0.03571302731422401,0.05009764090368134,-4.990423440776362,0.9855110049247742,0.40318029835777114,0.44918844444177525,0.5964756624780124,0.9988688230514526,0.25909027554653385,0.4451767095165599,-0.5973410848522045,0.9990444183349609,0.39158644197748105,0.6764088616501963,1.677391879506499,0.7793816924095154,0.21608429948281851,0.6786202954951059,-1.6971197232359085,0.9814461469650269,0.3537089905702209,0.86867498641235,3.300512683048986,0.8652170300483704,0.1532869601599089,0.9113080527971542,-1.2645262588254915,0.9874202609062195,0.3191102791699072,0.8992858601357864,3.3709512373103654,0.845852792263031,0.14567456051584027,0.9336061873604325,-1.299227257817073,0.9372035264968872,0.4512425443087515,0.9218576244483614,2.2388105638194555,0.9200428128242493,0.1585329066360782,1.0,-2.8619210986474175,0.9840253591537476
57,2.375,0.4031272317039092,0.029737687305355028,-2.48016281715413,0.9999647736549377,0.5014602238260969,0.1340506046000648,0.5606836440847182,0.9991754293441772,0.21553005910315576,0.13541559643750323,-0.6927924741694469,0.9998089075088501,0.7006693250002084,0.11829466455999288,0.8869001934360878,0.8080077171325684,0.05809548896987637,0.20965678870918436,-1.980202835434982,0.9972612261772156,0.8557293432413309,0.029687641601573583,0.0040616291031131645,0.8905896544456482,0.014161040890053675,0.08450169751493102,-4.230752210940697,0.9948284029960632,0.9064756868757067,0.00285192005989413,-0.16702785487957675,0.876020610332489,0.03454916624758979,0.05331154883185881,-4.691213323540801,0.9862619042396545,0.4350615025727152,0.45414185312740846,0.4997171969849562,0.9989566206932068,0.2773096818052501,0.44936750560852673,-0.5006360268471745,0.9991308450698853,0.4257342581964513,0.6820145207009984,1.2640793552715472,0.7989128232002258,0.22490835893258382,0.6810781043671914,-1.3194381371516648,0.9828889966011047,0.38834670956755213,0.8785782678203727,2.7034108844988283,0.8774064183235168,0.15041365645650162,0.9078458536787316,-0.4855920915063799,0.9883115887641907,0.3511115699861084,0.9083790013528117,2.7598122060989048,0.8577154278755188,0.1464245153013635,0.9274979748213943,-0.4777991981439641,0.9376553297042847,0.4844260672861648,0.9323691320623452,1.6402582991804855,0.9265641570091248,0.1537522665718175,1.0,-1.9613576636536267,0.9850597381591797
58,2.4166666666666665,0.4102203893609091,0.030978499453645916,-2.7036590388724413,0.9999679923057556,0.5249101462572356,0.13630065721776755,0.1350133210089269,0.9992312788963318,0.23191787804357455,0.13926103619317043,-0.8217606143092844,0.9998224973678589,0.7263585739362024,0.113464267168739,0.40477721406749234,0.8268874287605286,0.07172201886594097,0.21223960573305428,-2.0428945366345266,0.9973724484443665,0.8857579985919037,0.030390985635506993,-0.42860355552980844,0.9013243317604065,0.012525398296904444,0.08706717765905596,-4.235028851261113,0.9951719641685486,0.9368501014657581,0.0028446392588229205,-0.5921755125426728,0.8874821662902832,0.03338530518095557,0.05611480125772942,-4.674365877777387,0.9868871569633484,0.4582948974033049,0.45578112705042073,0.3634016123423987,0.9990257620811462,0.29460708699294996,0.4484202880544379,-0.3643970494072162,0.9992052316665649,0.4514792019088943,0.6848035833182011,0.9401993591248116,0.816703200340271,0.22789887830161934,0.6827936374438912,-1.0983771410257188,0.9841719269752502,0.41381434792719957,0.8889952500645112,2.258243382524939,0.888234555721283,0.15107671575889062,0.9078647590466997,-0.27917136043923285,0.9891020059585571,0.37566277688046157,0.9180486717065043,2.302003037265108,0.8672530651092529,0.15210175884599825,0.9276340478943864,-0.27196388725423104,0.9377454519271851,0.5096035667523631,0.94269010095604,1.1750529220493424,0.9321330785751343,0.14100621537500918,1.0,-1.6951911043421608,0.9859347939491272
59,2.4583333333333335,0.41693903736390675,0.03337362400311046,-3.217660725217072,0.9999709129333496,0.5488443437124277,0.13840649599705626,-0.48438801221042666,0.999282956123352,0.25171312273845775,0.14467741661482086,-1.1940291171999968,0.9998324513435364,0.7504821898892535,0.11216031391464082,-0.20969407446282662,0.8439433574676514,0.09406095654601582,0.20763009767522514,-2.1897241069735567,0.9974325895309448,0.9138096030263198,0.030860409336537397,-0.9085945129237731,0.9110225439071655,0.017780814268987182,0.08864524305659062,-4.633349339494584,0.9953890442848206,0.9657280895843969,0.002837358457751711,-1.059816190868022,0.8979568481445312,0.032221444114321346,0.05832864557640822,-5.058597249574525,0.9870756268501282,0.47851055298223066,0.4580677338405406,0.2993012514835665,0.9990858435630798,0.3097714970916675,0.45106376022532,-0.30037167277224175,0.999271810054779,0.4760425331003718,0.6880349531977554,0.932842224424801,0.8325182199478149,0.23679813861593052,0.6845443772719594,-1.034546591033473,0.9853199124336243,0.43946065633725434,0.8957365932555919,2.3054829702887703,0.8978593945503235,0.15275821206867427,0.9112255190909502,-0.23019272302921623,0.9897684454917908,0.4023527251012795,0.9262074940645785,2.3544106601447314,0.8751857280731201,0.14875792871981125,0.9321139716311375,-0.22467804466745037,0.9365445971488953,0.5357908077654255,0.9490865685266724,1.202898892232938,0.936826229095459,0.13820209376860074,1.0,-1.6591615176765404,0.9866092801094055
60,2.5,0.4460196973894658,0.03339949303100735,-3.22925584793745,0.9999732971191406,0.5853950047113214,0.13490523437782145,-0.629692302204441,0.9993305802345276,0.28653685930259315,0.14153915624539884,-1.2184250881039356,0.9998419880867004,0.7893207186261479,0.1046203149753852,-0.4891847555060654,0.8593003749847412,0.13503750747232499,0.20733412953949262,-2.298655595246977,0.9975066184997559,0.9486686949803907,0.030464545633396786,-1.4079674661948298,0.9197306632995605,0.03911896269608305,0.09019920138619675,-4.83098303706503,0.9956921935081482,1.0,0.0028300776566805015,-1.6129584108948574,0.9073023200035095,0.03105758304768713,0.061783910086117014,-5.289681886116674,0.9877335429191589,0.5114085070477883,0.45056414632649516,0.20216027572601175,0.9991451501846313,0.3397292057224814,0.44387144343219576,-0.20231795753437523,0.9993313550949097,0.5202798330442057,0.6725806524933888,0.6451187973205995,0.8483144044876099,0.2581191687769329,0.6726615947879728,-0.8245540685101018,0.9865618348121643,0.4904010141400254,0.8817085188418762,1.9560010526802052,0.907336413860321,0.1795292517371025,0.8872372185045451,0.11370387018705576,0.9905470609664917,0.45608703733775874,0.9122464934055391,1.9994200091760113,0.8845324516296387,0.1780426789399262,0.9082466055377661,0.1345225419224443,0.9383590221405029,0.586342256853009,0.9328428348138238,0.8460358618831071,0.9420378804206848,0.15560246953551754,0.9710700748129045,-1.220864252090723,0.9874563813209534
61,2.5416666666666665,0.4462325601473153,0.032290988457721576,-3.067416871972751,0.9999755620956421,0.5825638972786447,0.13177970463953534,-0.49074402354907987,0.9993736743927002,0.2898248355644968,0.13776107469756113,-1.1917343210070377,0.999851644039154,0.7882947418371529,0.09317759779679169,-0.34299909229280645,0.8731433153152466,0.13440623174027957,0.20313608733330712,-2.3223973356179104,0.9976154565811157,0.9496824798142502,0.028664253750312643,-1.2429428292759614,0.9275752902030945,0.03361302521419434,0.08845143285088976,-4.703888942099915,0.995959460735321,1.0,0.002822796855609292,-1.440481664876796,0.9157262444496155,0.029893721981052907,0.060479905243163,-5.159445869679507,0.9882407784461975,0.5094568484811406,0.44219673006304433,0.21237746040749558,0.9991990327835083,0.34076017579331136,0.4362507012741956,-0.21266008156117827,0.9993866086006165,0.5253439601444893,0.6581862941402903,0.7434954477240414,0.8627456426620483,0.2588179339239383,0.6592209424038242,-0.8263621389954294,0.9877408146858215,0.5035538006382857,0.8637370783484571,2.2039813923778797,0.9159999489784241,0.18949941949325652,0.8646083741727371,0.19536464009426338,0.9913103580474854,0.4715057911700553,0.8968634623605389,2.2612797852575834,0.893189013004303,0.18966556693622405,0.8858835697725317,0.2248216077510043,0.9404540061950684,0.5992515601167256,0.9148347151262339,1.110751063665948,0.9468410611152649,0.15861375890266913,0.9463161462861466,-1.1483811349256818,0.9883162975311279
62,2.5833333333333335,0.44249809114021904,0.030138172950120414,-3.2413694054157496,0.999977707862854,0.5783781038588802,0.1278701336526177,-0.5727635136146749,0.9994165301322937,0.2911992072448534,0.13623182640521575,-1.2461856242530418,0.9998611211776733,0.7824277671380746,0.088541642809442,-0.41774112801497165,0.8856172561645508,0.1314760394866287,0.19931518070216467,-2.350616746152531,0.9977253675460815,0.9506587760468247,0.026827115514199702,-1.331181570961658,0.9346411228179932,0.03313175573198233,0.08584659748914349,-4.8003680372130395,0.9962156414985657,1.0,0.0028155160545380825,-1.52029447068497,0.9233046174049377,0.028729860914418686,0.05877471261350136,-5.2522069555956605,0.9887509346008301,0.5038222540356125,0.43587914271452544,0.2123330262612115,0.999247670173645,0.33888250458881064,0.4305616036555667,-0.2125194933901974,0.999437153339386,0.5236905046672647,0.6483888737722681,0.7691687079167912,0.8756728768348694,0.2599581272850482,0.6498579818160527,-0.846034682451443,0.9888077974319458,0.5118991510880846,0.8528241056687962,2.1984112032778955,0.9238329529762268,0.19456449698804873,0.8535576144560378,0.2248142191222795,0.9920060634613037,0.4802498762549771,0.8865417769068991,2.251612103601393,0.901414692401886,0.19839829471811266,0.8755524257267784,0.2581499566811748,0.9428256750106812,0.6105589727384665,0.9025237836227777,1.0880278997461166,0.9512415528297424,0.15751658518396483,0.9355758248415446,-1.1114839424464902,0.989098310470581
63,2.625,0.432492353188669,0.019409968667797,-3.3368375448161935,0.9999793767929077,0.5666048709735472,0.11452249746324628,-0.7442294747814954,0.9994447827339172,0.2874778533584229,0.1259203495283062,-1.3911581503366817,0.999868631362915,0.7650827004605665,0.07550673575481576,-0.5744433575405292,0.8967996835708618,0.1316989581239467,0.18604856292785588,-2.4750384696626213,0.9978291392326355,0.9469585299122184,0.019884242195317432,-1.4691306461540754,0.9409211874008179,0.028489018714543426,0.07519079606035091,-4.8382339299987756,0.9964419603347778,1.0,0.002808235253466873,-1.6614960923450364,0.929816722869873,0.027565999847784465,0.04870366904079453,-5.297585532797879,0.9892025589942932,0.49798826552171294,0.419646535187101,0.21385940796224315,0.9992920756340027,0.33662030730898396,0.4159632413143808,-0.21413618541473145,0.9994845390319824,0.5188791711751619,0.6288270038170285,0.8709199053762461,0.8873142600059509,0.2593099611363237,0.6306920671746756,-0.8829549539384625,0.9897992610931396,0.5206914565884574,0.829297534357001,2.356281466467846,0.9309008717536926,0.2024966879565008,0.8315501212876593,0.19349724379506297,0.9926510453224182,0.48938376199185424,0.8628256031389168,2.415288307507251,0.9087444543838501,0.20839592752035235,0.8535451779355314,0.2269901249872619,0.9449697732925415,0.6169076510638988,0.877653900258239,1.2497887020744165,0.9552092552185059,0.16798646409520995,0.9104988889787733,-1.1692955811172139,0.9898266196250916
64,2.6666666666666665,0.42029890587324675,0.01898593641869242,-3.7016366083803915,0.9999809861183167,0.5446297536310644,0.09192145045317848,-1.005418315150918,0.9994761347770691,0.276806607258419,0.10463055651518657,-1.7378069711108164,0.9998734593391418,0.7520716531067465,0.05432950782546184,-0.8241075135917878,0.9068658351898193,0.12343256140764225,0.162463243708008,-3.06228829827139,0.9978850483894348,0.9467499053594367,0.015675954056628767,-1.7394084644416024,0.9465533494949341,0.026837865377241154,0.0579778515095685,-5.452567447487398,0.9965601563453674,1.0,0.0028009544523956635,-1.9174083879722388,0.9355816841125488,0.026402138781150244,0.03351270585031907,-5.910989343400784,0.9893183708190918,0.49075109152514595,0.39224557310065783,0.23893465043797996,0.9993246793746948,0.33284039195321335,0.38952341360043885,-0.2393882453510036,0.9995233416557312,0.5249149459567586,0.5987263414273093,0.9337767765076833,0.8980482220649719,0.2676741587981733,0.6007894668771769,-0.6383233142731249,0.990705132484436,0.5414924719756702,0.7960126528324873,2.4754316725307595,0.9374332427978516,0.22551378161946148,0.7995281383106494,0.5718148313442261,0.993256688117981,0.5109657901469989,0.8288903992084423,2.5374013099168873,0.9159578680992126,0.2344966451212155,0.821709245909607,0.6117075110878585,0.9469566941261292,0.6371368196385935,0.8434147163522108,1.3441320380029957,0.958960771560669,0.19217951437577763,0.8756408362396563,-0.7988632731422364,0.9904828071594238
65,2.7083333333333335,0.4228125383774393,0.018561904169587837,-3.390749705804452,0.9999819397926331,0.549106049033263,0.09147755762232106,-0.8992537693232314,0.9995003342628479,0.27756139641461114,0.10577316499678004,-1.5639303029080267,0.9998748898506165,0.7581811265369697,0.0567138428359617,-0.7389125480504497,0.9158378839492798,0.13541953842236903,0.17204025699779843,-2.890254027810883,0.9979158043861389,0.9470997888304803,0.0204685267556274,-1.663249681114727,0.951429009437561,0.034012220874331665,0.06600170732803162,-5.02723959104994,0.9966650605201721,1.0,0.012254841173563367,-1.8476756109163732,0.9399951696395874,0.025238277714516023,0.04215362956972335,-5.424882814808183,0.9894295930862427,0.49523008491710474,0.3914900780278863,0.19222635395381182,0.999352216720581,0.3368608527654221,0.3896661724401312,-0.19271455601650644,0.9995529055595398,0.5316653637058004,0.5993344415988977,0.7420650423718073,0.9077386260032654,0.2796574560812329,0.6016157912866364,-0.31118960018119174,0.9915079474449158,0.5604256937892199,0.7964787108175704,2.199007934133536,0.9433190822601318,0.24587123152266704,0.7999980830001048,0.9942316520658113,0.9937742948532104,0.5315562744305162,0.8293257851462461,2.2514352398490702,0.9219170808792114,0.2560330682481916,0.8223156759671114,1.0440513947786145,0.9487133026123047,0.6547422084437855,0.8446648994323883,1.011088062003967,0.9623611569404602,0.20986242530439864,0.8768525257971275,-0.3006085750264668,0.9910392761230469
66,2.75,0.41954906324289915,0.01813787192048326,-3.353818055569536,0.9999825358390808,0.5553752038637962,0.09267670704558886,-0.924846179666367,0.9995197653770447,0.28366451760514966,0.10628399104926543,-1.5019745368133737,0.9998729228973389,0.7557050144022011,0.07754938576637191,-0.817018801227958,0.9236218929290771,0.14682578226483142,0.181411165863889,-2.5652652005952072,0.9978490471839905,0.940533084709184,0.031730017174028395,-1.791065372253288,0.9552286267280579,0.03304711359121811,0.07697787248485106,-4.74086779470257,0.9966495037078857,1.0,0.02320252307261863,-1.9864144425884667,0.9420005083084106,0.0240744166478818,0.04940775112929174,-5.154988858959485,0.9891369342803955,0.5023352513665433,0.39242806983684964,0.16016244021755516,0.9993710517883301,0.34232370778674187,0.391697675621972,-0.16074852841568602,0.9995704293251038,0.543431166960264,0.6028435648746684,0.4793344054359057,0.9163167476654053,0.29241767567260174,0.6055408037850308,-0.2969091572894877,0.992176353931427,0.5799335189375253,0.799564921802222,1.9971032202169023,0.9485131502151489,0.2653399887728561,0.8031983286400874,1.162731411722848,0.9941668510437012,0.5546969462222697,0.8325114992034407,2.056010581388768,0.9261670112609863,0.2747835194543706,0.824970320577543,1.2327322153037137,0.9491266012191772,0.6727205264793369,0.8494037489692102,0.7601731478479014,0.9652323126792908,0.23177590941327642,0.8801525136413235,-0.11754753059702364,0.991422712802887
67,2.7916666666666665,0.40990739308861185,0.017713839671378677,-3.653310607375153,0.9999833106994629,0.5520992419077534,0.09216033143280163,-1.2394273970098602,0.9995455741882324,0.2750902860679609,0.10611649438450575,-1.726110321982179,0.999876081943512,0.7547422677230653,0.08460892327517257,-1.128568067962285,0.9308810830116272,0.14375502848160746,0.18246266971813654,-2.9395111015080055,0.9977859258651733,0.9442665578942042,0.04322464886437478,-2.019039190914958,0.9590411186218262,0.031742054650731426,0.08117801224157636,-5.246480632555793,0.996635913848877,1.0,0.03376760517274063,-2.1899962436500338,0.9450218081474304,0.022910555581247584,0.05262374263426979,-5.689261546814163,0.988898754119873,0.49728928304290904,0.38922715149796505,0.15878000556396657,0.9993987679481506,0.3378927796405085,0.38952019712082375,-0.15956306141540785,0.9995988011360168,0.539100780816766,0.5993317541030807,0.6694318235719636,0.9239288568496704,0.2932495862078946,0.6012958189790667,-0.44647403938082164,0.9927893280982971,0.5845572507622256,0.7940498434647965,2.128818848977063,0.953182578086853,0.27083728917457406,0.7981339046504453,0.8639072627419292,0.9945505261421204,0.5593957782792847,0.827057447699072,2.185427357786767,0.9301654696464539,0.2797126762577283,0.8191938770364386,0.9223690590997352,0.9497308135032654,0.6797612415282324,0.8438300847168527,1.0092488674717288,0.9678075909614563,0.24151426920938776,0.875458037350013,-0.42383921899280125,0.9918259382247925
68,2.8333333333333335,0.3941965025813567,0.017289807422274095,-3.5902888893674496,0.9999843239784241,0.5418001520527863,0.09115436089262256,-1.0728438312483943,0.9995807409286499,0.27010517260139105,0.1069349890259137,-1.6369831188686672,0.9998787641525269,0.7482493669305434,0.08686706553674833,-0.9094146357284004,0.9375187754631042,0.14903212622745715,0.1940626855405128,-2.904579237025154,0.9975839853286743,0.938721036502686,0.04954124405507029,-1.8284035888602415,0.9628223776817322,0.03199094842812655,0.08934299966220854,-5.296913978573718,0.9966131448745728,1.0,0.044567235407139486,-1.9928697561614888,0.9491530656814575,0.021746694514613363,0.057925896632683244,-5.742935089573242,0.9887591600418091,0.49026903981640557,0.3902063879076371,0.18557173194661142,0.9994237422943115,0.33271075499566016,0.39123603669686574,-0.18638357424159196,0.9996229410171509,0.5396617386534902,0.6027292912609236,0.8877146623663957,0.9307308793067932,0.2968907813313015,0.6029435958645949,-0.411471651831966,0.9933438301086426,0.6004608932753748,0.7956104136033727,2.4516354012310986,0.9573662281036377,0.28558040764983206,0.8016339252008947,0.8411877176472199,0.9948974251747131,0.5756874736161522,0.8291774213795555,2.514220679945955,0.9339941740036011,0.29687561997247913,0.8226800571547128,0.8922624051028446,0.9502106308937073,0.7008852819695375,0.8447997577070465,1.2562407714601471,0.9700419306755066,0.2551585996956959,0.8794521262497178,-0.46585549679834715,0.9921721816062927
69,2.875,0.38743657367646267,0.016865775173169513,-3.5460348480854647,0.9999852180480957,0.5423411798290517,0.0914443473959341,-0.9853879234882958,0.9996142983436584,0.2689023124236838,0.10832541612910565,-1.632174480391649,0.9998786449432373,0.747960085857321,0.08798246850623125,-0.7900349107004773,0.943473756313324,0.1559298694029238,0.20384436165115885,-2.8729526624670463,0.9972911477088928,0.936969891432841,0.05662249452566531,-1.7113159871618602,0.9662240147590637,0.03312101724894357,0.09212420728118445,-5.411418623209629,0.9965220093727112,1.0,0.053083744458311814,-1.8706233658933316,0.9529225826263428,0.02058283344797914,0.05818740682258458,-5.866159072116528,0.9884549379348755,0.49492516432734623,0.39419795325624246,0.1783535065060826,0.9994423389434814,0.33485419471542277,0.3958706311598048,-0.17914173160135097,0.9996379017829895,0.5468947632361647,0.6102608183107145,0.8502011872218961,0.9370001554489136,0.3035732812814912,0.6103302699601426,-0.2538582338129387,0.9937983155250549,0.6168984377271092,0.803111263610121,2.4589928033936683,0.9611137509346008,0.29794678544074493,0.8105483067845991,1.0789828690328027,0.9951496124267578,0.5927096202211093,0.8367244023539608,2.5216605555148988,0.9367744326591492,0.3101215622801889,0.8316425120479151,1.1383634178277688,0.9500985145568848,0.7149867901989736,0.8534915630841738,1.2448269163991466,0.9720031023025513,0.26793528030673547,0.8893367635069167,-0.22956235930264374,0.9923555850982666
70,2.9166666666666665,0.3832949297280681,0.016441742924064934,-3.5696867943501083,0.9999861121177673,0.5429866670507794,0.09227070810404694,-0.9918759977569257,0.9996426701545715,0.26857600289800754,0.11007040754609773,-1.5834769961912927,0.9998774528503418,0.7512278759146491,0.09388361355425329,-0.7965957594103951,0.948714554309845,0.15223794921836392,0.20784218117971523,-2.8617464605598224,0.9968708157539368,0.9388005540416646,0.06098093079796497,-1.6954492822187632,0.969109296798706,0.03348182454948867,0.09470257037268477,-5.44922296476602,0.9962216019630432,1.0,0.05516340137695194,-1.848014932295357,0.9556968808174133,0.01941897238134492,0.0575308430471188,-5.905793157423561,0.9875524640083313,0.49751939322048283,0.39813879022590576,0.17253280287744438,0.9994557499885559,0.33659759636388326,0.40012559258445973,-0.17326910997395217,0.9996516704559326,0.5493652870126143,0.6198020399754025,0.8544136914901364,0.942724883556366,0.31018300568062795,0.6180927794530777,-0.20955314176462914,0.994238018989563,0.6296821431893376,0.8072468576186783,2.5556919101862166,0.9645271897315979,0.3078951243689915,0.8162846201337662,1.1784008505329788,0.9953907132148743,0.6071129289719995,0.8410343888616724,2.632280442051482,0.9392979741096497,0.32054902163897714,0.8365958034975605,1.2449372782963122,0.949924886226654,0.726897607258994,0.8590036290985575,1.3338092508959327,0.9737933278083801,0.28000229241711017,0.8958335778731488,-0.13403020938873772,0.9925311207771301
71,2.9583333333333335,0.38197045722283735,0.016017710674960352,-3.646979407748093,0.9999867677688599,0.5426363200567557,0.09125183228468298,-0.9728234936941726,0.9996668696403503,0.2698323724018107,0.10851329671200599,-1.5840194292305863,0.9998775124549866,0.7464166321049363,0.09103792146395022,-0.805067674030127,0.9533776044845581,0.15820013280938006,0.202545415652578,-3.241198561677796,0.9963656663894653,0.9387482523562892,0.059526610736938164,-1.6775899492019373,0.9717075824737549,0.037418450346912574,0.09610788492213415,-6.132774397990205,0.9958811402320862,1.0,0.05436541969995542,-1.8260372276453718,0.9582540988922119,0.0182551113147107,0.06039844352946694,-6.623425336990512,0.9867743253707886,0.5014188135336297,0.3998027095883602,0.18678780677093948,0.9994689226150513,0.33873277075300456,0.403090718963502,-0.18757055808043394,0.9996641874313354,0.5523895454548952,0.6236361607778351,0.8377995543180778,0.9478694200515747,0.31823672848791984,0.6274355862964727,-0.1925543590601647,0.9946066737174988,0.6402142493846217,0.8089949654010788,2.577427703181219,0.9675480723381042,0.3186092718798837,0.8185994689163724,1.2841565708338967,0.9956036806106567,0.6174686655273478,0.8428147893940244,2.6444728989557182,0.9418438076972961,0.33158193207638925,0.8385772006460415,1.3572760766588574,0.9499397873878479,0.7382141524322352,0.8610438078588373,1.331083816564352,0.9753689169883728,0.2915628186059324,0.8985550862683872,-0.013917059026524722,0.9926759600639343
72,3.0,0.3737494880310168,0.01559367842585577,-3.5969709918894837,0.9999872446060181,0.5440027762508937,0.09112275410740127,-0.9140250798923314,0.9996865391731262,0.2667845940412488,0.10829736287809315,-1.5895037668537924,0.9998793601989746,0.7460723191517074,0.08982639683225455,-0.741917223149302,0.9575200080871582,0.15665484600785806,0.2008001762643827,-3.429920538227618,0.9959263205528259,0.940497616788649,0.061749121206520055,-1.634475873182686,0.9740501642227173,0.0432000684507417,0.1042233896655885,-6.396303801833612,0.9955011010169983,1.0,0.056230559371990556,-1.8097374861869606,0.9606111645698547,0.01709125024807648,0.06518357140007391,-6.901882819918404,0.985823392868042,0.49872545240188454,0.4048523832330678,0.19747853297546927,0.9994831681251526,0.3341243141663191,0.40874809413515767,-0.19853799011580722,0.999676525592804,0.553365673702785,0.6290747255377793,0.8327808671746981,0.9524220824241638,0.3213692208311393,0.6374967975762282,-0.20599696993341482,0.9949126243591309,0.6451311772962939,0.8145692861795087,2.5520591072305017,0.9702838659286499,0.32484052720721535,0.8247790692126223,1.319130851953367,0.9958008527755737,0.6237168045391926,0.8494807776704152,2.6219888354035197,0.9446443915367126,0.3390874272703114,0.8445527213730306,1.3953765815979051,0.9503565430641174,0.749033967811895,0.8669553237918014,1.3256384132615449,0.9768397212028503,0.2985473638243167,0.904849063694743,0.011738582943921516,0.9928284883499146
73,3.0416666666666665,0.3707825113142698,0.01516964617675119,-3.6662327708380285,0.9999879598617554,0.5409524353637188,0.09211165208341801,-0.9097011026291676,0.9997024536132812,0.2661954887227496,0.11062861153852674,-1.6369424193379674,0.9998837113380432,0.745379944294193,0.09005402358982012,-0.7372345828906552,0.9610732197761536,0.15516494260616204,0.20219326805777516,-3.534800037639892,0.9956693649291992,0.9387151273436534,0.06182665155593781,-1.6248561247783406,0.9760326743125916,0.03845049474878284,0.10766774585629493,-6.520954356038493,0.9953713417053223,1.0,0.056125402834138485,-1.7667554833923438,0.9623588919639587,0.015927389181442257,0.06883150075992037,-7.040093864203153,0.98550945520401,0.5027354649190463,0.40945776259958844,0.21888446800742348,0.9994980692863464,0.33748359853944704,0.4138828768924669,-0.22035146225118304,0.9996915459632874,0.5602853942913788,0.6365205676900098,0.8577002856003271,0.9563933610916138,0.32367810426660626,0.6476717853145172,-0.27932385770451,0.9951727986335754,0.6499656407215855,0.8240304962440174,2.6134596956100267,0.9726112484931946,0.3263358377408649,0.8352023291213166,1.2248340215051652,0.9959536790847778,0.6306252024796504,0.8602389251232334,2.692048511967155,0.9465502500534058,0.3410764348522344,0.8552700206865891,1.2997076297565895,0.9499258995056152,0.7591081313690643,0.8749418742577055,1.3965374377726478,0.9779714941978455,0.30175824537046947,0.916771982011055,-0.1072435328557637,0.9929183125495911
74,3.0833333333333335,0.36537943231549513,0.014745613927646608,-3.5813757494545824,0.9999886155128479,0.5413287960902611,0.09214652083790005,-0.8414632774389562,0.999716579914093,0.2565384042435065,0.10628439112484298,-1.6830959590509462,0.999891996383667,0.7464733702700541,0.09025337076682313,-0.687104221550645,0.9642607569694519,0.09418940401689548,0.16540285325536058,-3.7057911901959315,0.9957217574119568,0.939014630999836,0.06323487748287981,-1.5545366660663866,0.9778581261634827,0.041437184981813965,0.115540962093643,-6.580504093802302,0.9951758980751038,1.0,0.05796356971136114,-1.6799538643332697,0.9641411900520325,0.014763528114808038,0.07490199185898859,-7.088611812965552,0.9847765564918518,0.5031369564999462,0.41433500717282246,0.27196583165066346,0.9995051622390747,0.3329057372938049,0.41935799423786135,-0.2733175381139479,0.999707043170929,0.564957382892587,0.6447091949984162,0.9102542477513773,0.9597308039665222,0.32078929588979743,0.6597934806907185,-0.31187742122767914,0.9953528046607971,0.6500435247646109,0.8359313357808684,2.539485893876486,0.9745684266090393,0.32306555839051654,0.8518192636464169,1.1132068850761176,0.9960599541664124,0.6300948605531416,0.8746614483348306,2.602433036030845,0.9482335448265076,0.33788811444130173,0.872036234262779,1.1772629359745121,0.9491029977798462,0.7666210613887227,0.8868538737040503,1.339608788408049,0.9787800908088684,0.2979833791780565,0.932216811752408,-0.185369410680387,0.992933988571167
75,3.125,0.3664194278168276,0.014321581678542028,-3.6689489889003464,0.9999893307685852,0.5396375875163933,0.09187376101996322,-0.7784179881914325,0.9997281432151794,0.25405712048433193,0.10609079464613941,-1.7180594485791862,0.9998975396156311,0.744988270483451,0.08956929546476773,-0.5252354159210741,0.9671370387077332,0.12267032594244491,0.1865491122611042,-3.584649410024576,0.9956761598587036,0.9372779400961567,0.06322733731163598,-1.426609803556533,0.9795227646827698,0.03332914676132489,0.11154241112460236,-6.383462601826045,0.9952096939086914,1.0,0.05833068502963699,-1.5549424665442615,0.9657320380210876,0.013599667048173817,0.07327074488424277,-6.884826020146779,0.9848586320877075,0.5038704820770799,0.4155711847824388,0.33006212504157,0.9995130300521851,0.3322928851311097,0.42080293401129054,-0.3317010696124185,0.9997187852859497,0.5694204520772368,0.6459200357898947,0.9189817391415449,0.9626463651657104,0.32241426565478093,0.6633097698766655,-0.41579482976106796,0.9955112934112549,0.6518064758640486,0.8387384139187462,2.5524734888396545,0.9763188362121582,0.32339464890618613,0.8588677260330816,1.0477047673452884,0.996160626411438,0.6313719173929535,0.8787678626492823,2.620113818183304,0.9501271843910217,0.3370869540948959,0.8781965287743801,1.1243345537309835,0.9480944275856018,0.7725757364838695,0.8896129351016395,1.3788943210128968,0.9795044660568237,0.3012400544975483,0.9385288724055143,-0.2590672366949611,0.992950975894928
76,3.1666666666666665,0.37039444194561294,0.013897549429437446,-3.6312796229083806,0.9999901652336121,0.5398709726324452,0.09138974435729262,-0.7442821504281447,0.9997448325157166,0.25523146377336786,0.10881119779026807,-1.5600380077521572,0.9999010562896729,0.7449386415475446,0.08864285604706694,-0.4773264385117377,0.9699364900588989,0.13866081411542844,0.21300673369551137,-3.1989673265592864,0.995575487613678,0.9335421264957053,0.06149497502822954,-1.412524619136294,0.9811233282089233,0.030982631208957005,0.10893450642191099,-5.9783428025593075,0.9952962398529053,1.0,0.058405039913192805,-1.5571372162912804,0.967408299446106,0.012435805981539596,0.07310899799779785,-6.461091371492316,0.9851381182670593,0.5080226671302503,0.41639829474411305,0.32956336845531103,0.99952632188797,0.3360253676730791,0.4223428923628448,-0.33095573027391084,0.9997279644012451,0.5739152417848282,0.6481959618453572,0.9161756023598427,0.965612530708313,0.3259063893466499,0.666101561191699,-0.22678865869952566,0.9957365393638611,0.6559720117123218,0.8413540022578436,2.5579449663228573,0.9781144261360168,0.32534270195317516,0.8626003437687373,1.271699652986872,0.996298611164093,0.6353053432408241,0.8821260367626026,2.627408902908647,0.9523036479949951,0.33849089572344004,0.8809291759824953,1.346751458517226,0.948348343372345,0.7788611490662771,0.8924311060558654,1.3813645335769094,0.9805200695991516,0.30520252846508533,0.9435967754889514,-0.017654771020849298,0.9930709600448608
77,3.2083333333333335,0.36796163696246864,0.013473517180332866,-3.6995847358997773,0.999990701675415,0.5345185889039242,0.09073635909103718,-0.771060947923534,0.9997590780258179,0.24588647443145334,0.1081875531888283,-1.6685553159821227,0.9999048709869385,0.742470141366477,0.08808023047437892,-0.49596533102972745,0.972494900226593,0.1347874118233222,0.2131126910506147,-3.4417784659144806,0.9955636262893677,0.9346291158514043,0.06146050313577662,-1.4134974137156913,0.9826486110687256,0.03367677391527797,0.11160775320843166,-6.27350546800118,0.9953168034553528,1.0,0.05763225041453269,-1.5579315848713464,0.969279408454895,0.011271944914905376,0.07209116589846944,-6.775802206101488,0.9852041006088257,0.5022984110440742,0.4170686277012903,0.31856700199792987,0.999535322189331,0.32934373637970404,0.4229936435355796,-0.3198757471984755,0.9997370839118958,0.5702045936120305,0.6497347770697421,0.9081667166909095,0.9681369066238403,0.3205511552632117,0.6680566993273861,-0.24427621875641475,0.9958617687225342,0.650931008966772,0.8439304555230484,2.5315836264103866,0.9795941114425659,0.31840061073937115,0.8653924096566951,1.1510057469449615,0.9963585138320923,0.6298826733606726,0.8858527740027778,2.6010485393708414,0.9537699222564697,0.33098390761169083,0.8834715065794373,1.2192388799680594,0.9478389620780945,0.7761877852708248,0.8951240161472377,1.3651989273339318,0.9811497926712036,0.29992776399319016,0.9470763412240889,-0.1533419001850212,0.9930413365364075
78,3.25,0.36620513666072163,0.013049484931228284,-3.666603526011382,0.9999912977218628,0.5365143907478548,0.08729181931691077,-0.7812139551089439,0.9997736215591431,0.24855442096917,0.10787987224279207,-1.5317452790346318,0.9999056458473206,0.7462688394917356,0.0842960537324982,-0.49988399606184314,0.9748638272285461,0.13638727200931772,0.2131520364604795,-3.1597285719435284,0.9953992366790771,0.9353857345453007,0.05952285980520805,-1.423557845144202,0.983988881111145,0.03311045387968217,0.10609028390142407,-6.02294507770395,0.9953362345695496,1.0,0.05534779989942816,-1.5708741846024288,0.9708046317100525,0.010108083848271155,0.06719192406014061,-6.516347806660947,0.985307514667511,0.5024604497131524,0.41429225361180294,0.2683658019744145,0.9995433688163757,0.3305654909815068,0.420072857241314,-0.26950306518685346,0.9997410178184509,0.5682865791827896,0.6463307703763258,0.8095275420882198,0.9707012176513672,0.31736171135903923,0.6648572392460802,-0.14061222248610292,0.9960588812828064,0.647928785589539,0.8424661112823065,2.302917573516032,0.9811004400253296,0.3145260801013486,0.8609238219100788,1.2741490197201975,0.9964777231216431,0.6266136013302134,0.8840096601452639,2.359253751351829,0.9552798271179199,0.32769722540783763,0.8784725537486376,1.3394432893518267,0.9485458135604858,0.7714785577842425,0.8920918554537612,1.0860830382120155,0.9820331335067749,0.29631490395963134,0.9433671512087122,-0.0014122113755648516,0.9931573271751404
79,3.2916666666666665,0.36652821281367925,0.012625452682123704,-3.62871842287133,0.9999919533729553,0.5372377996911749,0.08592179493193448,-0.8887696037389121,0.9997889399528503,0.248276725873461,0.10909222213033876,-1.5067214677785614,0.9999096989631653,0.7451189173356829,0.08455805107784932,-0.6541505682436284,0.9770927429199219,0.1350146392905566,0.2114658618321141,-2.9307364999077423,0.9954743981361389,0.9353404870242029,0.05896564058643564,-1.6059628290889336,0.9852273464202881,0.033264968821688265,0.10331162465900356,-5.591970037828592,0.9955189228057861,1.0,0.0554257742107655,-1.7782066056381973,0.9722170233726501,0.008944222781636934,0.06409518738662671,-6.073474511101835,0.9858219623565674,0.5021902919169483,0.41223281461095174,0.23283322270817844,0.9995557069778442,0.33079573809089724,0.41880947740722957,-0.23381687317546537,0.9997484683990479,0.5658554002725231,0.6431803538351104,0.6903419878984484,0.9730554223060608,0.3158621303323231,0.6616974806686085,-0.1819432927728679,0.996279776096344,0.6441121809891205,0.8401786020851739,2.1791585343088764,0.9824914336204529,0.3106960235905119,0.8579518920817581,1.2101160904122157,0.9966112375259399,0.6229504227525348,0.8823436276650433,2.237619321208616,0.9570199847221375,0.3224178372537745,0.8755815214964557,1.2730037701254278,0.9492298364639282,0.7669104479705121,0.8894816499882082,0.970449418422053,0.9829241037368774,0.29355521413599495,0.9399277925033098,-0.0749391391393513,0.993324875831604
80,3.3333333333333335,0.3633077921167571,0.012201420433019122,-3.5463844477414246,0.9999926090240479,0.5331256263453942,0.08536009631412825,-0.8858471803746594,0.9998045563697815,0.2457118772458322,0.1130930577508412,-1.4109381964222838,0.9999112486839294,0.7412902214541655,0.08763129088128532,-0.6977168746237385,0.9791618585586548,0.12869936491337042,0.2068514894393438,-2.9170773538315298,0.9954249262809753,0.9350060260609823,0.06373987703229508,-1.6257393591919402,0.9864222407341003,0.031172343094301867,0.08608832101204017,-5.627233438020841,0.9954481720924377,1.0,0.05918861729966582,-1.7946679768992302,0.9737842082977295,0.007780361715002713,0.05031634771241253,-6.115797052198932,0.985576868057251,0.502568986337768,0.41391992285922014,0.20930680894649947,0.9995763897895813,0.33001020150946087,0.4212755772533819,-0.21011064286170517,0.9997585415840149,0.5659984567087323,0.6412702722499113,0.6738548587931106,0.9752790331840515,0.3114277121926663,0.6595831725135641,-0.18727707919544478,0.9964998364448547,0.6380685969152879,0.8405843885890295,2.165840617743272,0.9837919473648071,0.30549186776650517,0.8553552203776413,1.2087271202636056,0.9967547655105591,0.6161355926233004,0.8826010702633985,2.2247469205470223,0.958804190158844,0.3169912486083848,0.8729026779982776,1.2700699411417635,0.9502747058868408,0.7595482268557814,0.8896575669433683,0.9691598476450766,0.9837859869003296,0.28801865319698455,0.9359287932646961,-0.07122837520922752,0.9935068488121033
81,3.375,0.36047476631963654,0.01177738818391454,-3.3429703095944556,0.9999932646751404,0.5224676551726541,0.08582186330904676,-0.7683922306779056,0.9998179078102112,0.23668103710020022,0.11227938990501853,-1.2577889886257678,0.9999139308929443,0.7298953697409827,0.09035437131589025,-0.6139127528552334,0.9810038208961487,0.11339206750661951,0.19862433575823674,-2.6949424042239327,0.9955611228942871,0.9375731457774258,0.06812237189633989,-1.593555587843911,0.9874358177185059,0.024611324695511014,0.07584223628372078,-5.2531100071441355,0.9954652786254883,1.0,0.06265018277670623,-1.7911750830864228,0.9749377369880676,0.0066165006483684926,0.03944332735754645,-5.738898690907793,0.9854291677474976,0.5021867107934556,0.41483963241475813,0.20961644774956031,0.9995951056480408,0.3298626379099389,0.4236579125859934,-0.21032528603294667,0.9997684955596924,0.56505318714693,0.6381498956057324,0.6057723028739236,0.9773025512695312,0.3033078367633272,0.6591342098126358,-0.2713070069059338,0.9967355132102966,0.6245016238166728,0.8373780242848057,2.198559236326875,0.9849716424942017,0.29278510948551256,0.8554354041823132,1.1208960870677378,0.9969234466552734,0.601455293790088,0.879755320929112,2.266620635710738,0.9607434868812561,0.3041662319103951,0.8743291789340416,1.1795102460149258,0.9515044689178467,0.7440031854377502,0.8864272934609788,1.022643471825376,0.9845854640007019,0.27508408316865357,0.9318413979702361,-0.1820416817466482,0.9937489628791809
82,3.4166666666666665,0.36463196370506934,0.01135335593480996,-3.3981818419323453,0.9999938607215881,0.5179347384495461,0.08693498718076342,-0.900736061958673,0.9998307228088379,0.23080500585042726,0.1127204740218365,-1.3248041702985567,0.999915599822998,0.7180180441221703,0.09534008136695256,-0.7003949995415759,0.982706606388092,0.0979578634718396,0.1966803132540651,-2.556336414401437,0.9957600235939026,0.9385495230930344,0.07114350344055868,-1.69480060564153,0.9883659482002258,0.019277864709917346,0.06643377162368569,-4.87221127532486,0.9956176280975342,1.0,0.06621586484398927,-1.8897431972693426,0.9759669899940491,0.005452639581734272,0.02624508016314189,-5.336929350124029,0.9856746792793274,0.49880682012518923,0.41474940736273086,0.1989268566823798,0.9996130466461182,0.3276331393370094,0.4233131820564286,-0.19957952343048216,0.9997754693031311,0.5619294669925579,0.6344281300184343,0.5425680417775767,0.9791256785392761,0.29703566132428477,0.658331190445202,-0.2592929262490273,0.9969635009765625,0.6108393386000088,0.835979405705479,2.214871056956788,0.986034095287323,0.2794643292881279,0.8541247034343237,1.2604523153083897,0.9970873594284058,0.5870864795696615,0.8780818261633683,2.2556611737903927,0.9623738527297974,0.2910258203914525,0.8728706792434198,1.337425001758314,0.9527322053909302,0.7290867267389374,0.885036227320888,1.0409657718947578,0.985308051109314,0.2628417014031303,0.9300353161352096,-0.02447517582303695,0.9940058588981628
83,3.4583333333333335,0.3607330426526094,0.010929323685705377,-3.4487505147072732,0.9999942779541016,0.5130152660265616,0.08900564573673247,-0.9946423827652902,0.9998394250869751,0.2160017704457602,0.11461201934146906,-1.3186727176143573,0.9999163150787354,0.7157231042358078,0.10113638859982638,-0.8127003702598207,0.9842652678489685,0.0691136461825984,0.1866305634590084,-2.623595593349242,0.9960073232650757,0.9372136145326259,0.07612617355087467,-1.778192979071579,0.989212691783905,0.010382004590466443,0.054714584779210935,-4.903754088123891,0.9957965612411499,1.0,0.07369304733908348,-1.973360712846252,0.9768925309181213,0.004288778515100051,0.01559352648223981,-5.375268753132502,0.9859686493873596,0.4912648191435957,0.4231330218238358,0.18129305708623542,0.9996212720870972,0.31699710919403223,0.4320172748641451,-0.18176895226855452,0.9997780323028564,0.5557883894232138,0.6431499614749049,0.3674617677103832,0.9806942939758301,0.2784104391209932,0.6718123067134555,-0.4083112160718828,0.9971565008163452,0.5926228389130309,0.8530438567728906,1.8850027769803934,0.9869131445884705,0.25457490181592735,0.8719700521288878,1.0020873844854519,0.9972048401832581,0.567528592780389,0.8953618063753946,1.9450964090593292,0.9634990692138672,0.2657684800446517,0.8925173769739535,1.0694303873464945,0.9533212780952454,0.7130964006089162,0.9035710769696413,0.7026882620153847,0.9858311414718628,0.23785265107166484,0.9481719903439108,-0.269486939161825,0.9941635727882385
84,3.5,0.34411608686916284,0.010505291436600797,-3.68060994594583,0.999994158744812,0.4924296740978834,0.10461817630686247,-1.1678099097587609,0.999818742275238,0.17503193326820818,0.12906096846057766,-1.6920501820839657,0.9999175667762756,0.7113248563970201,0.11963748569440283,-0.9246908621015633,0.985577404499054,0.06303554065842494,0.18430739029351387,-2.98347898939209,0.9963369965553284,0.9269343875736825,0.11305097395467412,-1.8169679886140622,0.9894183874130249,0.003446084609085266,0.029712548553643785,-4.924703857065855,0.9959444999694824,1.0,0.11426172978918307,-1.9915387571780063,0.9754865765571594,0.0031249174484658335,0.015890650909252804,-5.374623212539195,0.9858571290969849,0.4660828933475537,0.4432740545497869,0.17699824682423906,0.9995831251144409,0.2874487113155172,0.4516930435773372,-0.1774805310896513,0.9997775554656982,0.5303656896211741,0.6693357106396286,0.4536622711399318,0.982051432132721,0.23475201452426697,0.6985821015199087,-0.5904918075036268,0.9973458647727966,0.5376769204455367,0.8862213717950327,1.8973211783341821,0.9877588748931885,0.19340767129560074,0.9056133442236873,0.5194381753335963,0.9973495602607727,0.5091010815018121,0.9296386090623506,1.9461189580577336,0.9645559191703796,0.2038996210701133,0.9282130524682208,0.5529148117982797,0.9544593691825867,0.6618759871162238,0.9379055031420948,0.7344306099930555,0.9862473011016846,0.1749380079671069,0.9836489926111207,-0.7759583970944269,0.9943707585334778
85,3.5416666666666665,0.3561480478373235,0.021295378854536074,-3.6683772217184325,0.9999938607215881,0.5011876240174329,0.11520539032053217,-1.105324788915165,0.9998113512992859,0.1933708856427079,0.1384944902268142,-1.6366161993606894,0.9999133944511414,0.7212310812366605,0.13312139994550923,-0.8488861648580103,0.986801028251648,0.05695743513425148,0.18001177595829107,-2.935782830363972,0.9965936541557312,0.9297823648708134,0.13742492533557962,-1.7634456448807663,0.989812433719635,0.024621676827695945,0.03224726751403559,-4.859833970952611,0.995928943157196,1.0,0.14196189913570043,-1.937830305104179,0.9751397967338562,0.022370967170576617,0.016187775336265798,-5.319116532070414,0.9851261973381042,0.475116939094775,0.4449228454632736,0.17744450236429551,0.9995627403259277,0.30084818937803876,0.4529836855701924,-0.17799214299254534,0.9997763633728027,0.5302420856756316,0.665897491598462,0.4690779162694598,0.9832471609115601,0.23786797590525888,0.6940214806398661,-0.5719285652620033,0.9975225925445557,0.5183667571547868,0.878883578724404,1.9353487434109897,0.988493025302887,0.18458007156740325,0.8963146538139154,0.708370318062327,0.9974968433380127,0.49008244733638295,0.9210196818173056,2.0120411079965344,0.9653178453445435,0.19620502097063489,0.9183881289171797,0.7591010520906245,0.9560615420341492,0.6397663770734257,0.9279037075123894,0.8041205448691555,0.9865673184394836,0.1626279766137439,0.973639539505592,-0.5623394619758274,0.9946076273918152
86,3.5833333333333335,0.36912140275992744,0.03323945844521358,-3.946159489585322,0.9999934434890747,0.50511398590784,0.12851209322372717,-1.3113199393661858,0.9998124241828918,0.2037017354191889,0.14840542198214302,-1.885871585768165,0.9999086260795593,0.7317172356223588,0.1464476452702652,-0.9904195175011994,0.9879432320594788,0.05087932961007802,0.17671362098682292,-3.108260741308554,0.9968246221542358,0.9360844126104301,0.16005755475169084,-1.9411735807901993,0.9902812838554382,0.03917498447265621,0.03016926927581585,-4.9664914071170365,0.9958576560020447,1.0,0.1691151479232036,-2.1152387757347944,0.9752596616744995,0.04193682172712382,0.01648489976327879,-5.41087111077023,0.9842585921287537,0.4828245932617784,0.45009990916067305,0.17649308922009033,0.9995641112327576,0.3098629130126847,0.45796408461217564,-0.17733561229147585,0.9997774958610535,0.5280782087865139,0.6706918506302693,0.4358416839240053,0.984272837638855,0.24758217075454317,0.6945185488432734,-0.27887886267061524,0.9976593852043152,0.5079687164597598,0.8826070005657872,1.9889816964808045,0.9891753792762756,0.1802344980584852,0.892912100414226,1.2619710191162548,0.9976039528846741,0.4769839472114851,0.9235447787510123,2.091310850004752,0.9660876393318176,0.1913843853833053,0.9145931845543088,1.3358666267481765,0.9574171900749207,0.6246401986884773,0.9282015559611302,0.8434087820683533,0.9869177937507629,0.1542915373629243,0.9708991478393785,0.05076454106877949,0.9947725534439087
87,3.625,0.37098597947877615,0.042633911287278094,-3.9382001786508107,0.9999933242797852,0.5116503828878104,0.1415986199290641,-1.1977096410844865,0.9998171329498291,0.2114355851787714,0.157715238781018,-1.911210713111083,0.9999109506607056,0.7370676762435768,0.1677844888518051,-0.892511956790367,0.9889476299285889,0.04480122408590456,0.1761032254543041,-3.141365470572339,0.9970699548721313,0.9384410916751935,0.18921096422872452,-1.8885707566184513,0.9907621145248413,0.037825566958524084,0.032274496680712056,-4.908246139902687,0.9959213733673096,1.0,0.1975024737685273,-2.0250245156523596,0.9756181836128235,0.03536515449620182,0.01678202419029179,-5.334942137257234,0.983978807926178,0.4879381859425581,0.4622451719112233,0.25228881804572756,0.999567449092865,0.32085992718981377,0.46878932194508327,-0.2537067591117591,0.999785304069519,0.5205415314727144,0.6876171511957412,0.7149106099238464,0.9846270084381104,0.25192113317618875,0.6970202071792808,-0.47802506787196375,0.9978020787239075,0.4913344884559507,0.8989677724909216,2.3001519689328718,0.9896947741508484,0.16055676575450858,0.9025254420165585,0.7158306230970313,0.9977283477783203,0.4567254803404194,0.9416125617299623,2.3752760837485227,0.9672484993934631,0.16976556340420157,0.9252209688547506,0.7573049710915084,0.959077775478363,0.6077282504848573,0.9419350382881373,1.1941997927021037,0.9871774315834045,0.13150066236427582,0.9838188858364111,-0.5422743047698935,0.9950069785118103
88,3.6666666666666665,0.36284684078457313,0.05575914169264398,-3.9372509451331106,0.9999936819076538,0.5018926144192678,0.16179670700747661,-0.9769149379358085,0.9998302459716797,0.20221188055044803,0.16977449445556014,-1.9274966710686292,0.999917209148407,0.7145985843067604,0.20852314028702765,-0.886556905865679,0.9897158741950989,0.03872311856173111,0.17553252150014365,-3.289453462216379,0.9973381757736206,0.8997350552433754,0.24151272818553207,-2.3194005243862614,0.9909972548484802,0.03977924427376943,0.035230094930645064,-4.9567372348270995,0.9960753321647644,0.956665221704788,0.2504444095374185,-2.5721666224914363,0.9753731489181519,0.035503119274945275,0.017079148617304783,-5.385995230789731,0.9839197993278503,0.46999273996858626,0.4794962100033027,0.4455066740505345,0.9995924830436707,0.3110856130892929,0.48269518550643103,-0.4462429667908278,0.999801754951477,0.47719877860344784,0.7068671469661536,1.2435758985075653,0.9834835529327393,0.2708036496541305,0.7100947296218174,-1.1626638089062784,0.9979411363601685,0.4390565528613145,0.918384695843471,2.865215807661566,0.9899988770484924,0.12092749156378937,0.9138585804125797,-0.29113321751032634,0.997837483882904,0.402988087955912,0.9657291467066275,2.9420578293913446,0.9680588841438293,0.11404766467056611,0.9301695540776339,-0.274704757942581,0.9603908658027649,0.5557884897962024,0.9584116432657153,1.8167572972757837,0.9872427582740784,0.07735493242075657,1.0,-1.607870668056179,0.995249330997467
89,3.7083333333333335,0.34828602449569984,0.07024247148921506,-3.4506673654807325,0.999994158744812,0.46227485513953187,0.1777501765359421,0.15790609804171274,0.999845564365387,0.18095548613745835,0.18108760622725173,-1.9204915528560609,0.9999235272407532,0.6527713808575648,0.24247428406314755,1.0326526353272147,0.9903331398963928,0.032645013037557645,0.16610213911953264,-3.404027499152851,0.9975816607475281,0.8477178763499513,0.2749166897082833,0.1636767590224811,0.9916073679924011,0.030732212713598647,0.03518218248795211,-5.232798971185605,0.9963072538375854,0.9046950461889928,0.2771506625727224,0.04970449370318258,0.9767440557479858,0.024988355329105115,0.017376273044317776,-5.71476389897519,0.9845845699310303,0.42709210097811423,0.48939815678500503,0.7304862921259613,0.9996246099472046,0.2854436119396671,0.4918405999065123,-0.7317028792567056,0.9998165369033813,0.4303393333004304,0.7186087271798275,1.2863563763644024,0.9811704754829407,0.27359078838407797,0.7219029637648585,-1.3074412525921262,0.9980498552322388,0.3891053519879278,0.9234069350216249,2.922639651572263,0.9900874495506287,0.10213238648962826,0.9055816482146353,-0.0477885693473327,0.9978894591331482,0.3520571637894659,0.9701785901554145,3.0061458219560024,0.9690659046173096,0.07175181647655664,0.9015354704647127,0.01987899575798722,0.9619518518447876,0.5018568271754256,0.9611126112246307,1.9365628754370723,0.9872675538063049,0.04937835909770361,1.0,-1.1990965882127882,0.9953791499137878
90,3.75,0.3309483299365928,0.07752330763567013,-3.3099006590316358,0.9999946355819702,0.4327797688742675,0.18795275394728214,0.44535525970928114,0.999860405921936,0.16756433480197458,0.186076487077774,-1.7504320377119857,0.9999302625656128,0.6006716779161455,0.2672626474680697,1.1517027229226955,0.990821897983551,0.026566907513384187,0.163085498132651,-3.6535473858429417,0.9978091716766357,0.7904765828379735,0.3141024980801487,-0.019861772678264618,0.9921784400939941,0.02632425780193163,0.03264808603948426,-5.848244415466747,0.9965972304344177,0.8424351577594023,0.33411668124087335,-0.18036308905029436,0.9780861735343933,0.016063823720846467,0.01767339747133077,-6.444218092087346,0.9856346249580383,0.3952856439835741,0.495032376845023,0.8624775708437937,0.9996581673622131,0.258449292688337,0.49558578639295797,-0.8640763737580793,0.999832034111023,0.3914402263678674,0.7290662099384115,1.2994323963501289,0.9794670939445496,0.2794265416023053,0.7283879503925992,-1.7125248752501723,0.9981633424758911,0.3474304765124999,0.9219590798479794,3.2641477122448905,0.9900796413421631,0.10025907002577637,0.9004238368539609,0.04496082290784893,0.997872531414032,0.31172224668701615,0.9673416772655188,3.3904079156730096,0.969640851020813,0.06293532644506336,0.8913475936984163,0.1726482789347764,0.9626379609107971,0.4565751233992761,0.9629734345832485,2.405663241659547,0.9873622059822083,0.06663001971725621,1.0,-0.9831170419737603,0.9954628348350525
91,3.7916666666666665,0.3203428437130649,0.08647447128024784,-2.863075854985822,0.9999951124191284,0.4139323933338702,0.20167333246474936,1.0103238546217286,0.9998739957809448,0.16965821345308738,0.18951223606858028,-1.393753569418597,0.9999361038208008,0.5571382948395243,0.2970138711133249,1.4728614806762828,0.9908454418182373,0.020488801989210728,0.15594853142667486,-3.824143326170509,0.9980061054229736,0.7307811217030437,0.35165283720114243,0.08790992139099772,0.9926824569702148,0.02643511226570121,0.041772867022933494,-6.348042904973393,0.9968333840370178,0.7816359121000438,0.3751087803085266,-0.11350672022286877,0.9793925881385803,0.011311247836295413,0.017970521898343764,-7.010098809441861,0.9864993095397949,0.3717254186295036,0.4958724142351691,1.0048037751621661,0.9996891617774963,0.2447899246230091,0.49514806192450556,-1.0060467568599787,0.9998457431793213,0.37079331873448923,0.7286831290963268,1.0697079394090623,0.9767379760742188,0.29792397998669606,0.7239861417250089,-2.0149724140455136,0.9982357621192932,0.3011618815002128,0.9175065179115336,3.1849578830887477,0.9897447228431702,0.11494725441173373,0.8920780170192079,-0.15422510783726104,0.997887134552002,0.2547222494038621,0.9581915050649069,3.291729985815037,0.9695830345153809,0.06323604271934097,0.8876600330565597,-0.017676595161894657,0.9634461402893066,0.4167412856430387,0.9542051102588669,2.180508115342841,0.9872670769691467,0.09910008193805524,1.0,-1.2432583485178466,0.995612382888794
92,3.8333333333333335,0.2524651662383434,0.11455508211631316,-3.2832667415532297,0.9999948740005493,0.3102314716791212,0.2366239571540569,1.27905967924526,0.9998829960823059,0.11212448600916382,0.213258091093447,-1.7581016151224114,0.9999308586120605,0.4228607819781389,0.33819519471043336,1.8766348210661121,0.9875112175941467,0.01441069646503727,0.16682529761310808,-4.600823532574909,0.9980798959732056,0.5357083180754375,0.41420425580456416,0.6514656373257589,0.9918717741966248,0.017911933373113077,0.03797341447680188,-7.359857601583032,0.9969725608825684,0.5727595868494395,0.4447767690607777,0.5063159895086375,0.9775679707527161,0.006942969807949807,0.018267646325356757,-8.087462870564037,0.9871473908424377,0.26367238356065387,0.5063286071939174,1.190582223929692,0.9996989965438843,0.15730968449013277,0.5022891862622136,-1.192426452335933,0.999845564365387,0.26963184906332366,0.7301812773837656,1.1939985935997854,0.9528717994689941,0.254218353096663,0.7160366321760478,-2.245620948709814,0.995867133140564,0.1901092109118095,0.9112422066643184,2.4976202607012583,0.9822084903717041,0.15921514524828084,0.9045789983884591,-0.9516041723260915,0.9962766170501709,0.16076380446448887,0.9564565137271467,2.5234443421937445,0.95838463306427,0.10816377043165605,0.924507335775935,-0.9062170474949872,0.9564676880836487,0.2959087504412046,0.954282285697956,1.1982269328683093,0.9812868237495422,0.1892743319108113,1.0,-2.524662333589914,0.9943631291389465
93,3.875,0.2245872318402737,0.12782308877154577,-3.364583756280261,0.9999951124191284,0.2608852196495468,0.24792879398705894,1.5379570090120525,0.9998922348022461,0.0789904277449934,0.21828033999020166,-2.2009369736348563,0.999934196472168,0.3517041673984623,0.36167106745901156,2.3929211785248627,0.9832175374031067,0.01900783779632672,0.1421644866293927,-5.750045513604783,0.9981845021247864,0.4228303326264051,0.4460124828969658,1.474147055618785,0.9907186031341553,0.011193991550319915,0.0246133411351203,-8.692199522512398,0.9971541166305542,0.4479754436524386,0.47995014281568793,1.4133183782315197,0.9754241704940796,0.0025746917796042016,0.018564770752369755,-9.512384138755413,0.9879947304725647,0.2134878326092503,0.5046743520468662,1.4153162039495326,0.9997099041938782,0.1192822756734358,0.49950296499851676,-1.4178622201206286,0.999855637550354,0.2158928479983659,0.7184554888979638,2.040504875723789,0.9379940629005432,0.21904206902664675,0.6961272781621552,-3.4932680418359308,0.9952558279037476,0.16006602634622935,0.8937551319026945,4.05425011834545,0.9760364294052124,0.12902817677217548,0.916857434460084,-2.6024587094327662,0.9959203004837036,0.12391242225693758,0.9309083635772616,4.151503074218186,0.9510353803634644,0.09273977295688389,0.9404095609243439,-2.6045720813282323,0.952451229095459,0.2329977820142686,0.9422253024586575,2.9149872716969103,0.9770036339759827,0.18204252151592473,1.0,-4.481576192683829,0.9940940737724304
94,3.9166666666666665,0.1680871761603516,0.13437064518516778,-3.2987128171849354,0.9999955892562866,0.18002552456134083,0.24709068121958438,2.8586717193161313,0.9998994469642639,0.05320651273026386,0.21264569227896563,-2.7129342957859883,0.9999379515647888,0.23403852080892634,0.37039481203606145,4.749627722892792,0.960895299911499,0.02360497912761617,0.13057817537521269,-7.387938181383872,0.9981539845466614,0.28696146388226285,0.4607036269645553,4.443297670384532,0.9831734299659729,0.008853815068138747,0.018198719228673006,-11.121622754446946,0.9971519708633423,0.3100369447147263,0.495094678410445,4.556343036436457,0.9655546545982361,0.03443737358413979,0.01886189517938275,-12.176240461717176,0.9885047674179077,0.12641834897602985,0.4989399883093361,2.047721051793027,0.999732255935669,0.08025635838288259,0.4926727038251561,-2.052498533965598,0.9998674392700195,0.12275718376921467,0.7058822980708868,2.633810431038284,0.9289746284484863,0.20589543950525876,0.695420070202146,-3.9974924454931497,0.9955319762229919,0.0703513931758589,0.8978957189047737,4.264675286320435,0.973985493183136,0.1261617206313222,0.9198335191515693,-3.64957174259793,0.9961562156677246,0.024224958530406845,0.9366634441345554,4.2935368402633305,0.9511971473693848,0.07817172633838101,0.9431723773743678,-3.6806107628517806,0.9562708139419556,0.14979671380737863,0.9647708597499485,3.4547897609946943,0.9722321629524231,0.1941167636471601,1.0,-5.482885223331565,0.9941540956497192
95,3.9583333333333335,0.1589530217074457,0.1425897324897115,1.0655808219952954,0.9999960064888,0.1431138049589473,0.24362137695004726,9.483686865065035,0.9998971223831177,0.08904678817247888,0.20487576976350844,-2.0253373948391538,0.9999421238899231,0.15150150300181775,0.37202528921071265,14.037048508409457,0.8756124973297119,0.10813014475321253,0.12076605427658092,-7.074682036310823,0.9981628656387329,0.1993926419750019,0.4651476144656532,13.746056030933564,0.9165192246437073,0.08060767129103144,0.02028910674080985,-7.028182158490007,0.9966863989830017,0.2112789274851246,0.49636100993728466,14.065798109815594,0.9068795442581177,0.06630005538867538,0.019159019606395742,-7.9440915494994275,0.9881840348243713,0.09709108182913877,0.49953731146988467,3.9818892205794003,0.9997420310974121,0.09928664463182194,0.49346232692389225,-3.990506143420781,0.9998770356178284,0.1013541464405282,0.6913071106258487,5.435379049574688,0.911514937877655,0.21942362830661077,0.7067541507074276,-7.628100901405864,0.9953974485397339,0.04401447181051294,0.8861310375614075,7.716754031720515,0.9586193561553955,0.1615157539057658,0.9317910742405391,-10.653745136018799,0.9958813786506653,0.028055727851208755,0.9233523354387871,7.780419547391574,0.9385278820991516,0.12145329514008259,0.9651760514598872,-11.084968045162682,0.9588108062744141,0.1347673176028775,0.9390114242181109,6.321660257335306,0.9620518088340759,0.2700901963124807,1.0,-14.558510379974026,0.993435800075531
96,4.0,0.23220308309799784,0.14201785124391308,-0.6523916217254125,0.9999940991401672,0.18410745493877,0.23526274772777103,11.719015083134243,0.9997370839118958,0.14774423098817066,0.20896912708147244,-8.337459721785661,0.999932050704956,0.2499820904446416,0.21811156752750932,20.169488463372158,0.8000640869140625,0.26470496883682965,0.14793820357559037,-14.323728897621539,0.9974523186683655,0.27386802498971796,0.20254572974461924,23.101569322863007,0.8471093773841858,0.2704798689254446,0.026874287323445354,-12.066461942924235,0.9955507516860962,0.28239846723579437,0.20066034448030223,24.00448580220757,0.8419616222381592,0.27277348870142315,0.019456144033408736,-13.57567730796431,0.9869670271873474,0.13581040207645315,0.5031752812126561,6.664501437266777,0.9997006058692932,0.1372625311268616,0.5040919458349772,-6.665200260884307,0.9998728632926941,0.11403684315107869,0.6933598004921767,11.123694940724013,0.8593205809593201,0.26556440991401176,0.7185266286122839,-9.956391606961109,0.9948763847351074,0.04271666931117049,0.8883874334266334,15.716064345877859,0.9386423230171204,0.2963723264107167,0.9563782522025488,-12.567234219731544,0.9958306550979614,0.03188649717201067,0.9249889618936337,15.94817076155411,0.9257014393806458,0.26845583079367585,0.9959258141341176,-13.112769997923309,0.9620024561882019,0.15120081596858928,0.9212693226695914,13.870224492699666,0.9457950592041016,0.43108101205823024,1.0,-17.90305982801347,0.9928722977638245
97,4.041666666666667,0.25723896688182557,0.1424138234757498,-5.6347849206645915,0.9999861121177673,0.19699246962173256,0.23419501360570633,18.67274046810136,0.9994004368782043,0.1888331677681327,0.21296206304291843,-25.234900733329535,0.9998957514762878,0.32282068431832517,0.18160239056046223,28.668319811876398,0.7351515889167786,0.331627675501463,0.1614086608353294,-32.62400127010548,0.9945300817489624,0.3719843287602049,0.04510736933998599,23.352372286456884,0.7899301648139954,0.3902692135721667,0.03100111661597021,-29.500980155598537,0.9899300336837769,0.3451220890589642,0.010071075524415683,23.064823614474907,0.7903352975845337,0.3918545392380849,0.01975326846042173,-33.4302453238652,0.980334460735321,0.14461820172978937,0.5053727516632631,14.33842432823243,0.9996858239173889,0.1646717307417372,0.5104448175416529,-14.347242872182788,0.9998676180839539,0.12053139378708541,0.6920702042732527,24.97003921713711,0.8244880437850952,0.2862698973828405,0.7260779617929464,-19.15863544434899,0.9946027398109436,0.03959360341974761,0.8850387778359432,36.65234362014022,0.9229477643966675,0.36582178878537475,0.9584058924000475,-20.297744064926036,0.9957919120788574,0.03571726649281258,0.9210594596377063,37.50235492893652,0.9169885516166687,0.3390804959276168,1.0,-21.13950549888977,0.9651408195495605,0.1587366576106588,0.909569292561845,32.932281925228835,0.9245699644088745,0.5066800622979293,0.9903121036007884,-31.350237286455695,0.9916549324989319
98,4.083333333333333,0.28469433752453605,0.1340101222805789,1.0833744044851243,0.99997878074646,0.19221377688460142,0.2256833708545351,9.367845616945292,0.9992797374725342,0.24612609288889872,0.20528930946699106,-8.253103429792112,0.9998937249183655,0.312910692611506,0.21552753120884954,15.012947809002444,0.6673677563667297,0.41801422558014967,0.15527893863280795,-10.260769231311961,0.9934126734733582,0.40961504069740506,0.18723880761821127,14.797226486161334,0.7348247766494751,0.4983600441853829,0.03105269163201425,-6.569845506778034,0.9898332953453064,0.40297694903481956,0.1827655464000648,15.457893050859761,0.7429376840591431,0.5109456685204262,0.020050392887434723,-7.738725319871038,0.9808404445648193,0.14751564393786853,0.503291170154861,5.540016422610824,0.9996994733810425,0.19551165885281688,0.5119346866947178,-5.548108683723482,0.9998747706413269,0.12874026624681026,0.6826347201671805,10.58961130267807,0.8189593553543091,0.3084813288177985,0.721865052713716,-4.910361036442646,0.9948663115501404,0.039244351576042044,0.8741415915484846,15.358830815954445,0.9207870364189148,0.4091077575138751,0.9501158545589018,-6.716700678071952,0.9960769414901733,0.03954803581361449,0.9098527687962168,15.810547545468667,0.9188825488090515,0.38412433136265833,1.0,-7.560772577471022,0.9684177041053772,0.16306480450652802,0.8925405122888972,14.622953879682468,0.9115238189697266,0.538099175486206,0.9799311367949836,-9.0258221044143,0.9915937781333923
99,4.125,0.30198264026058447,0.12787198359307242,1.034658272819918,0.9999796748161316,0.192512919609167,0.22206329891835389,2.9999020719289735,0.9993416666984558,0.33172347272323716,0.19890478516278204,-3.1915744156167563,0.9999029636383057,0.09390809270285405,0.32624980104252355,4.806285084124171,0.685156524181366,0.49974781883908215,0.15477807812128447,-4.7895693411611076,0.9940382838249207,0.07494997738095792,0.4392035913087184,4.744008949594028,0.7322123050689697,0.6053926417266589,0.03021707455110693,-5.3915810028904145,0.9907650351524353,0.06695558613896364,0.46562252326949316,5.0211456219047435,0.7345156073570251,0.6271200267114916,0.02034751731444772,-6.079837200535783,0.9825343489646912,0.15318532626159517,0.5017301041840997,2.1710659845864804,0.9997236132621765,0.23258299632280174,0.5127940782610666,-2.1788343962063306,0.9998860359191895,0.13074871076920305,0.6809307961056481,4.965586273195927,0.8254690766334534,0.33524216025639103,0.7249873936720739,-1.2474564749078572,0.995282769203186,0.04040298751543541,0.8708762565034865,7.7883391162176085,0.9249538779258728,0.44423454677145596,0.948584528466003,-0.947131221592726,0.9964112043380737,0.0433788051344164,0.9056999167040466,8.076438929441187,0.9232736229896545,0.4298600294907535,1.0,-0.9722607447672273,0.9714156985282898,0.1574161382292389,0.8895737545944503,7.668837591518591,0.9120545983314514,0.5466559718775825,0.9719127464649727,-2.2388712797030093,0.992087721824646
100,4.166666666666667,0.3756293605922503,0.06963859506084534,0.779663113977477,0.9999808669090271,0.23696029942755364,0.17189575963854895,0.9607078797317118,0.9994023442268372,0.46781231509049687,0.14305912353823078,-2.087653493302384,0.9999110698699951,0.10735620434979312,0.2749439943496827,1.8025653247123046,0.7123116850852966,0.653512742282392,0.11121199201322414,-2.574983963269491,0.9945918321609497,0.0200829796869854,0.36929069130905545,1.7068441433779016,0.7556743025779724,0.8256406987383019,0.029356712565172485,-1.820286823134708,0.991562008857727,0.06249656646653605,0.4009958988105669,1.7674630124137445,0.7559484243392944,0.8755308785248969,0.020644641741460714,-2.1448223191301237,0.9839778542518616,0.23424761657913323,0.47163549937594923,1.3387673289794582,0.9997450709342957,0.35009530645159503,0.4917603142217746,-1.3401608330007262,0.9998964667320251,0.1912746699623735,0.6502150683581238,3.7225549306955497,0.8401846885681152,0.453470451377408,0.7132030417432501,-0.6020434648252153,0.9957228899002075,0.09183810658277977,0.8467574625947815,6.015400603987524,0.9311777949333191,0.5377016873884116,0.9472407229512765,-0.1665997347146304,0.9967401027679443,0.04720957445521831,0.8866417942234878,6.25786302034733,0.9299393892288208,0.5134577454086352,1.0,-0.1380982168933116,0.9741941690444946,0.2082233431889411,0.8696849993669219,5.955027233767719,0.9153323173522949,0.6490601024575761,0.9617208296613147,-1.1002796075174774,0.9925454258918762
101,4.208333333333333,0.43181360238049643,0.01480673216014251,0.3624143648811233,0.9999813437461853,0.2639774383821284,0.12577430312566315,0.035491446706354235,0.9994534254074097,0.5247966549593005,0.11369153574858655,-2.3631570076365738,0.9999155402183533,0.12602272861636146,0.23208700450664319,0.6457601164976694,0.7387263178825378,0.7385783698923908,0.07930922842187525,-2.6123751607776966,0.995074450969696,0.023528807300442635,0.327291990277031,0.6087544415081251,0.7772368788719177,0.9466834770353306,0.01691664227716701,-1.935962636534477,0.9921621680259705,0.05803754679410846,0.3596337467135124,0.6000049558500361,0.7749645113945007,1.0,0.020941766168473708,-2.248455054986209,0.9850072264671326,0.28224561040812607,0.4454424466522105,1.1769438657429705,0.999758780002594,0.41544104605903676,0.4654855566419261,-1.1853998713980278,0.9999050498008728,0.23214197992190566,0.6194226923155217,3.4795745472979576,0.8533024787902832,0.5230318344223382,0.6948996710861131,-0.4186416086673562,0.9960693120956421,0.12698748011102842,0.8229361942653205,5.7424226693010105,0.9363111257553101,0.5910460529419345,0.9321450395292739,0.26063974242196253,0.996997594833374,0.08009454796251479,0.8642672234258167,5.981121761494339,0.9357247948646545,0.5521404025785054,0.984085348661763,0.3142990507710504,0.9766126275062561,0.2270601671179486,0.8464692070021856,5.65950269268784,0.915785551071167,0.7235706910092767,0.959680652566712,-0.593270789027639,0.9925928711891174
102,4.25,0.42230406721500563,0.01480673216014251,-0.15912369011223343,0.9999803304672241,0.25717560082656943,0.10052216329051437,-0.6295286850216872,0.9994930028915405,0.5198589941046906,0.10302294405436231,-2.7434981264342144,0.9999192953109741,0.14258500201324148,0.20022111721715852,-0.3991656090706731,0.7628207206726074,0.7273552616251482,0.07714964842540491,-3.47684802305508,0.9955382347106934,0.03562853242097542,0.2845991313077347,-0.6015121239976878,0.7960180044174194,0.9376767427388965,0.0349611420480635,-3.6652476429623615,0.9928432106971741,0.053578527121680875,0.3117561395519557,-0.6771023091747033,0.79079669713974,1.0,0.0212388905954867,-4.0983311585768085,0.9862627387046814,0.2848841782587058,0.39500954217476586,1.0294892878350226,0.9997438788414001,0.40964462255366696,0.4122219498835836,-1.0394742377128956,0.9999111890792847,0.23779307571779376,0.5505685195793989,2.9645430752480544,0.8626630306243896,0.5043922486365978,0.6152602700068859,-1.273299439545325,0.9962727427482605,0.13476334483126548,0.7355375109882708,4.822431566517355,0.938985288143158,0.5511905716882514,0.8334850728076892,-1.2336081467183506,0.9971597790718079,0.10550525573395532,0.7741736113946684,4.999974821969184,0.9391095638275146,0.5113876924470235,0.880397770670271,-1.258031684379582,0.9785573482513428,0.19245258646730148,0.7576858370939987,4.647955944497073,0.9138333201408386,0.6774554675331858,0.863025037958975,-2.1990927220676806,0.9926254153251648
103,4.291666666666667,0.4210966332755894,0.01480673216014251,0.8329070615053451,0.9999787211418152,0.2685366324896601,0.1002667793165254,-0.2474774444101504,0.9995237588882446,0.5291290484907429,0.0981178631893664,-2.3019052139386047,0.9999143481254578,0.14621706055912315,0.2045825678709941,-0.33915915931583723,0.7856404781341553,0.7383854393508225,0.09625673907039853,-2.701068167074973,0.9958739280700684,0.031661978380396305,0.28989737073919924,-0.5813137154558953,0.8140280842781067,0.9341452419079306,0.08618128986271346,-2.8764826847807736,0.9928023815155029,0.04911950744925328,0.31298862694885893,-0.6290254610894049,0.8064610958099365,1.0,0.08047162304213565,-3.179939726700595,0.9859648942947388,0.29943893384331405,0.38789969141361386,0.8732429028062954,0.9996834993362427,0.42656735577379645,0.4031990049262482,-0.8824446411173391,0.999909520149231,0.24386178342628037,0.5409427112157561,2.579162229394971,0.8731807470321655,0.513245090944021,0.6004228190190511,-1.4608628976134912,0.9963428378105164,0.14525107710511695,0.7211459175887691,3.6280070921427567,0.9412676692008972,0.5347930877522752,0.8142344339617492,-1.7360307175144123,0.997205913066864,0.13839062430071397,0.7591135045567523,3.7398956559956327,0.9425756931304932,0.4981782815002079,0.8579092862998342,-1.7916003244021363,0.9802347421646118,0.13036797862272448,0.7429286016026407,3.4496230286717657,0.90447998046875,0.6613776903067634,0.8458206029168891,-2.6399111061023692,0.9914588332176208
104,4.333333333333333,0.4546506085497894,0.01480673216014251,0.7544777152339277,0.9999746084213257,0.2791441179823157,0.1113257776414357,-0.4557147245379285,0.9995545744895935,0.5746914960619494,0.11324787484608578,-1.8921625468370733,0.999890923500061,0.15261454190841756,0.2389424981931129,-0.5905959596138295,0.8064787983894348,0.7583630822770815,0.16788311807065437,-2.280717231121025,0.9958809018135071,0.03640228067713128,0.3382700206578924,-0.597425375187315,0.8302437663078308,0.9385898771018538,0.15583988830076623,-2.2279299527042253,0.9888668656349182,0.044660487776825686,0.37035480003275867,-0.6140939161245427,0.8200125098228455,1.0,0.16043672119468266,-2.4224345417598894,0.9789743423461914,0.3057496319270939,0.42348124705599827,0.7855898056237636,0.9996403455734253,0.4528393373321751,0.4408153142188131,-0.7935096431107981,0.9999059438705444,0.24182445104005537,0.5936487642932269,2.4348416985208097,0.8829368948936462,0.5381205904841992,0.6642557739712942,-1.3293259279102643,0.9962983727455139,0.14381479152337479,0.7889851137078802,3.4278776132077984,0.9446923732757568,0.5209901615989625,0.889721999155265,-1.3557218880240882,0.9971727728843689,0.1297021936328025,0.8309107396883069,3.5249366671318505,0.9464136958122253,0.48371481312191617,0.9384732652586595,-1.3891595761032272,0.9816117882728577,0.11095196361519619,0.8129061096911241,3.2585411243877367,0.8997102975845337,0.6553261698866945,0.9248200762766714,-2.1219765837418576,0.9895775318145752
105,4.375,0.4587893255409976,0.01480673216014251,1.1703839266545235,0.9999731183052063,0.28101518745205367,0.11307401315747513,-0.22997409177679437,0.9995928406715393,0.6074047088219169,0.11899537444872106,-1.1103212350653016,0.9998935461044312,0.14960358431113827,0.2553894394768645,-0.48648916287908583,0.8254916667938232,0.7451753926080471,0.2158989006694051,-0.9228491041142848,0.9956566095352173,0.033186627511098285,0.3733018364186074,-0.5239380075471719,0.8461664319038391,0.9035920412250885,0.2778589904608688,0.11343970658369013,0.9729196429252625,0.0402014681043981,0.4119687255484981,-0.5271903067865393,0.8354409337043762,0.9288825636539483,0.29455151337496355,0.14907499817625947,0.9548147916793823,0.30664386928856924,0.45103245131257125,0.6995566959088486,0.9996430277824402,0.4673151265552972,0.4703422336481239,-0.706616947404735,0.9999100565910339,0.23201810881257953,0.6347829924824268,2.5898844504016276,0.8872821927070618,0.5426800287467386,0.7067874754225334,-0.8520094988121312,0.9964180588722229,0.13356748097901164,0.8429751496843293,3.376636175442377,0.9480518698692322,0.5166017007721667,0.9500205242733654,-1.254805282067017,0.9972376227378845,0.10935948959997183,0.8883128741151538,3.4688261227212505,0.950269341468811,0.4745692900234173,1.0,-1.3068610214941754,0.9830594062805176,0.09472373103481879,0.870007365267521,3.1914194799449462,0.8997600078582764,0.6530890115668121,0.9881845750837617,-1.9743830705495646,0.9887058138847351
106,4.416666666666667,0.4366338961306971,0.01480673216014251,0.8967202660159134,0.9999709129333496,0.2512599890962758,0.1103071087979368,-0.5734441035799228,0.9996237754821777,0.5857338027002962,0.12323627537922865,-1.1669762174386595,0.999897301197052,0.12822829418761028,0.257024370991651,-0.8349380756287884,0.8426533341407776,0.6965769697796026,0.2689580828339623,-0.9200560812573808,0.9947565197944641,0.026255876741574993,0.3880205974554019,-0.6816725175175739,0.857437014579773,0.7756890356421309,0.35977738580883034,0.21008164475017785,0.9284449815750122,0.03574244843197051,0.42442430385351093,-0.6425574065341625,0.8418403267860413,0.8114373185545167,0.3729500701733355,0.31047621428859645,0.8991168141365051,0.27232992644613974,0.45196026070637263,0.5673452918564853,0.9996528625488281,0.433171411561203,0.4695578834110898,-0.574583104642144,0.9999112486839294,0.19519759952105825,0.6366595947570461,1.9209565900085959,0.893025815486908,0.5044028206699936,0.7076513798138885,-0.5036244016160589,0.9963357448577881,0.09883789994604307,0.8448162979079749,1.51755255384233,0.9516869783401489,0.4747175241588471,0.9510951183014498,-1.4635189651312674,0.9972004890441895,0.07461321045994092,0.890166266793232,1.4832498904008296,0.9541991353034973,0.4290717593607693,1.0,-1.568479932047011,0.9842801094055176,0.059460659494668965,0.8723177856643921,1.2285662779743445,0.9023231267929077,0.5963338158368519,0.9894659887999692,-2.0551303525744182,0.9874398708343506
107,4.458333333333333,0.4506246772599655,0.01480673216014251,0.5713000690072844,0.9999594688415527,0.26566405034215657,0.10286530645999337,-1.1448064416647623,0.999652087688446,0.600831855927887,0.1319766098216824,-1.1512430898488872,0.9998947381973267,0.16663383306018295,0.2588649615628839,-1.3656564175971782,0.8579613566398621,0.6586609722316157,0.29379726909443027,-1.2014299476737529,0.9894956946372986,0.042474207241493055,0.39461813062561324,-1.1529222320318562,0.8652999997138977,0.6412176406537531,0.3704041738960968,-0.8242784545889725,0.8728638887405396,0.03128342875954292,0.428023659428849,-1.2250357865683812,0.8434866666793823,0.6306027589845535,0.42644200487792205,-0.8255315230178426,0.8377037644386292,0.2808882446820616,0.4533001300415959,0.2647014162001088,0.9996561408042908,0.4401962195302155,0.4713837650263432,-0.26828812449839273,0.9999014139175415,0.19051718860134287,0.6395663656082449,1.2646565488365484,0.9013539552688599,0.49177744135707396,0.7111389265430058,0.4354349908240175,0.9958973526954651,0.09483196042273619,0.8490358426948643,2.1741863401848076,0.9549177885055542,0.46789799635934815,0.9492625580531391,0.9195008890081897,0.9966274499893188,0.0628626908834014,0.886483975907206,2.2697276629884096,0.9573411345481873,0.4214858718796989,1.0,0.966801459197396,0.9848301410675049,0.05289830567692313,0.8748837655071476,2.026046631651601,0.8982428908348083,0.5820413741906056,0.9928757591502709,0.5963188969023963,0.9786408543586731
108,4.5,0.4325151650491251,0.01480673216014251,1.4885699927912814,0.9999497532844543,0.2383226413976374,0.09648188699657168,-0.6220547982925441,0.9996713399887085,0.543517909125024,0.14060270279052198,-0.61334963419375,0.9998790621757507,0.15116220247291762,0.261804336621085,-0.9697714891849444,0.8712517619132996,0.5731949593612999,0.29133459440621373,-0.88642726370824,0.979665219783783,0.05257871139928757,0.4041881721217944,-1.0045922488852783,0.8676379919052124,0.5181209037165121,0.3957386865006374,-0.7259792190882838,0.8163387775421143,0.02682440908711533,0.44101714935940767,-1.1042055904788581,0.8383803963661194,0.517410260053276,0.4479392034598165,-0.7505812391670066,0.7788103222846985,0.21949523529797785,0.44499290566864785,0.25716068068132514,0.9996634721755981,0.3852943781167115,0.47130519768878343,-0.2598526323154549,0.9998925924301147,0.128903076843682,0.6429752740093899,1.1376384453811135,0.9103082418441772,0.42609694545551846,0.7121513440365248,0.6039161687308731,0.9959285259246826,0.03442856387414842,0.8507500495360811,1.9996329028594773,0.9585503339767456,0.40068057159859144,0.9502983951583975,1.1647264007825726,0.9964977502822876,0.00897472736041815,0.8898549468864899,2.0938577441052653,0.9608017802238464,0.3541309268885671,1.0,1.2193174950155976,0.9857705235481262,0.04958617175758984,0.869606763156369,1.8139639886116439,0.895632803440094,0.5126767131997887,0.9857945173274344,0.8419555295348053,0.9717922210693359
109,4.541666666666667,0.44169763833253334,0.01480673216014251,1.501436622779676,0.9999227523803711,0.25202117466370827,0.0985156428842743,-0.6372787337583056,0.9996804594993591,0.5398255144805353,0.14597106239208005,-0.6687123103713007,0.9998476505279541,0.1682849930151258,0.2654060707212969,-1.0651808738062836,0.8821633458137512,0.5600725818162449,0.286792278147014,-0.8967554588053226,0.9517139792442322,0.07528343750931371,0.4129838127203977,-1.115735363031996,0.8616285920143127,0.4980287625897365,0.3826951405186753,-0.7159547153727385,0.744914710521698,0.054014986883148125,0.45184596624305085,-1.2341015715156975,0.8232166171073914,0.4973553230575677,0.4178327041767836,-0.7284799927775448,0.7101927399635315,0.20928224155172648,0.4424117252036965,0.3419439319323302,0.9996667504310608,0.386826647659861,0.47165472717138274,-0.34510777917785956,0.999883770942688,0.12169103076198229,0.6465283304343304,1.2532836267869254,0.9180917143821716,0.419354664837008,0.7119661073482907,0.5256144671847789,0.9958664178848267,0.027210698430353238,0.8533596198807974,2.132197440442667,0.9614506363868713,0.388403460033393,0.9521486335582148,1.088654219771466,0.9962071180343628,0.0006136416528058187,0.8928441025530461,2.2297293831496034,0.9636600017547607,0.3426313857064679,1.0,1.1424194322808991,0.9864177107810974,0.04627403783825655,0.8662324609268734,1.910564488326921,0.8870614767074585,0.5022664854763443,0.9836021912783874,0.7082561753033518,0.9616743326187134
110,4.583333333333333,0.460296806804336,0.01480673216014251,1.8846036676831306,0.9999033212661743,0.2713367021425324,0.10293062814137738,-0.5835059790327863,0.9996736645698547,0.5560203330686649,0.14908055399388642,-0.3412108585312925,0.9997978210449219,0.18452127299724577,0.27028420024089606,-0.841590609765041,0.8911372423171997,0.5335840359047709,0.28762410566662583,-0.5652602616976681,0.9190674424171448,0.10814793079077192,0.4204635408585993,-0.8154272870230055,0.8341235518455505,0.47993065914580085,0.34420635428367957,-0.23866724168340736,0.6755053997039795,0.08814823893289495,0.4570810964761919,-0.9050608876242737,0.7860668301582336,0.4763787822464232,0.37051953586187825,-0.19621135878670493,0.6438908576965332,0.2242911352139682,0.44292963777513017,0.27056259372145414,0.9996705055236816,0.393590757968121,0.47121607020770995,-0.2724226321852816,0.9998713731765747,0.12604388691995652,0.6520643017794319,0.8574584677783291,0.9254838228225708,0.42657946455931267,0.7134331515146866,0.5067988556819001,0.9958773255348206,0.030706425961595202,0.8548688642864104,1.4136540751589795,0.96462482213974,0.3909791583700245,0.9513259716954341,0.9423993357470046,0.9961310029029846,0.0033548815133303198,0.8958373105964178,1.474267723066009,0.9666452407836914,0.3454987758959058,1.0,0.9844488187202038,0.9871862530708313,0.04296190391892327,0.8698720886830493,1.153244073447451,0.8858051896095276,0.5048308252191882,0.9810905986662518,0.6072421418841197,0.9555870890617371
111,4.625,0.4848118360385691,0.01480673216014251,1.9758075317261692,0.9998697638511658,0.29301983330517867,0.1024783439573525,-0.3079729760110252,0.9996716380119324,0.5827326205267057,0.1516913966600591,-0.21106106825250792,0.9997183084487915,0.2060159403235212,0.2724541881922752,-0.6773858726848978,0.8990854024887085,0.5309103125360881,0.29033142676807444,-0.48886443028741394,0.8833038806915283,0.13604496350866546,0.41823488260450875,-0.6721694298649903,0.8047255873680115,0.4785258016211373,0.3295086228096212,-0.20226934307723035,0.6123350858688354,0.11444010830486849,0.4556213770726699,-0.7233432914603062,0.7472989559173584,0.47408175166041056,0.3534143361109441,-0.1643892777419566,0.5834968090057373,0.24513129149833507,0.4400026214079315,0.22892852162646604,0.9996751546859741,0.4051203986576101,0.4682019718459516,-0.23041090725545835,0.9998511075973511,0.13498342054922952,0.6539452666566773,0.3143870842229974,0.9324872493743896,0.43726560429656397,0.7140779468013256,0.24591617052305495,0.9958527088165283,0.03808326724140399,0.8569229188359294,0.5169226353088228,0.9677002429962158,0.3994717735765262,0.9499026038788566,0.6047920638050726,0.9960418939590454,0.00993997166716137,0.8983299659057904,0.5362229324492546,0.9695399403572083,0.3545492403166177,1.0,0.6396364078727509,0.9878290295600891,0.039649769999589975,0.8744206895257256,0.0932850401587001,0.8857641220092773,0.5061123025155654,0.979854989057849,0.22271534146002145,0.9492843747138977
112,4.666666666666667,0.5005157209845749,0.01480673216014251,1.8517424392266473,0.9998643398284912,0.30323844948082257,0.10115056939949955,-0.47918635808975835,0.9996916055679321,0.5880702652048646,0.15076746648579567,-0.12849281969556406,0.999683141708374,0.2091386945719624,0.27321250289712057,-1.092113779611273,0.9079228639602661,0.5212214126561293,0.29118585315327683,-0.6573138064664564,0.8236548900604248,0.12880954209248993,0.4153142993704303,-1.111845244275149,0.8116525411605835,0.4525837656434142,0.34984342622821796,-0.7870133565621912,0.5550777912139893,0.09960548094691977,0.45616882277549486,-1.2553218377833029,0.7494829297065735,0.44007969403597513,0.37523557556268283,-0.7882112283519278,0.5294524431228638,0.24152823201373996,0.43528823469974015,0.20112213811658172,0.9996924996376038,0.424044374664609,0.4658629347093212,-0.20396402725862178,0.9998504519462585,0.1379553474160684,0.6540379334981317,1.0135749401231489,0.9386165738105774,0.4380386402327986,0.7105597278560886,0.7181001562260135,0.9957449436187744,0.039320796835677234,0.8586106829659903,1.5752388801172497,0.9703639149665833,0.39719228717070404,0.9509206221179992,1.0739776375392298,0.9959676861763,0.01959426970442569,0.9005442022895215,1.6358687553560536,0.9720160961151123,0.3507124826308402,1.0,1.1061465912526762,0.9883884191513062,0.03633763608025669,0.8762904115216643,1.1887980337356332,0.885347843170166,0.5048497049452979,0.9807469697761778,0.6138934792064319,0.9440100193023682
113,4.708333333333333,0.505655659827833,0.01480673216014251,1.5173133792560152,0.9998409748077393,0.305718343041725,0.10104427880045133,-0.667971780598607,0.9996938705444336,0.6024507486063413,0.15360714130573655,-0.39721746684124004,0.999649167060852,0.21077265857755934,0.27331397476767133,-1.1504723089134392,0.914525032043457,0.5188947538090865,0.29884494119018395,-0.9047520397867849,0.789951741695404,0.1249809113044039,0.41286825348559425,-1.0882564845767182,0.7968766689300537,0.4534094121679775,0.38495650208473825,-1.528012412907816,0.5047656297683716,0.09326779851729056,0.4559640826080056,-1.2208764594891583,0.726111114025116,0.43820383867190915,0.4156039746454781,-1.607174583490111,0.4814656376838684,0.2441570038575319,0.43490487703937164,0.14080730601838978,0.9996982216835022,0.42734284269718487,0.4668324997429784,-0.14260069499298736,0.9998381733894348,0.1399930868053754,0.6562562076246152,0.861597869577189,0.9442593455314636,0.43512277765839236,0.7114013140187829,0.7076858156650274,0.9957013130187988,0.04197401839001894,0.8613093907937563,1.5426621512988514,0.9728318452835083,0.393837711636616,0.9527559982007525,1.278362562399436,0.9959082007408142,0.033527202614756266,0.9037986040413719,1.6117217311732652,0.9742880463600159,0.34465550750212126,1.0,1.3299369911905223,0.988926112651825,0.0330255021609234,0.8837779770544123,1.1679535325383354,0.8851521015167236,0.49288704181612686,0.9810887085191529,0.8629304986819128,0.9386932849884033
114,4.75,0.5112924957974916,0.01480673216014251,1.4685586335732588,0.9998103976249695,0.31062500985474095,0.10131771691234417,-0.7293565966474405,0.9996926188468933,0.607829953165164,0.1578475113611199,-0.344912563344205,0.9995750784873962,0.20836283371983066,0.270988300132352,-1.226155957979245,0.9211037158966064,0.5235580175970085,0.2972716523261434,-0.8508350382377924,0.7474930882453918,0.11908689209973104,0.41375708432191943,-1.054914886955418,0.7836617231369019,0.4655214292658772,0.3546217442409532,-1.4610315175876518,0.45758020877838135,0.0899655021825977,0.4543936632435685,-1.1872147776542388,0.7040266990661621,0.4524717413906589,0.3796892687664112,-1.3901566703410178,0.43678420782089233,0.2466983665355914,0.4370463826828757,0.08522885539282221,0.9997007250785828,0.42734995594332326,0.4700819639951334,-0.08645314589840396,0.9998216032981873,0.14028414465859634,0.6605672921929577,0.5938020947287445,0.94945228099823,0.42939552886173543,0.7141205239766566,0.5596979660562734,0.9956339597702026,0.0419567152327452,0.8663529236327316,1.2835501514300847,0.9751883149147034,0.38992294246893194,0.9544813425096851,1.1457319230534002,0.9958200454711914,0.03239625997978044,0.9078192478044594,1.3513343919673155,0.9764008522033691,0.3390060254519472,1.0,1.1975574538656206,0.9892827272415161,0.029713368241590113,0.8910447072332809,0.8865624897795961,0.8877996206283569,0.48588229759128104,0.9830450578226726,0.7237491088818646,0.934172511100769
115,4.791666666666667,0.5134907474444512,0.01480673216014251,1.3719977307285074,0.9997678399085999,0.30728735770930354,0.10206025650238851,-0.88950310115716,0.9996934533119202,0.6162961671948128,0.1592320835390977,-0.3872427656917983,0.999498188495636,0.20533662198287203,0.2669621660383554,-1.352112548334605,0.9273701906204224,0.5453497210001388,0.29392627058805176,-0.6154621574443284,0.7058915495872498,0.11279310074095629,0.412821206597997,-1.129954821472314,0.7764710783958435,0.47754760157812204,0.3435278655890453,-0.5168255838323154,0.4146861732006073,0.0859247069919649,0.45279622588720775,-1.2570280736253974,0.6889110207557678,0.4685580749099091,0.3612702312940688,-0.45637505253257843,0.39617395401000977,0.2516124424808137,0.43837579858099945,0.048207553357732726,0.9996986985206604,0.4352063453255918,0.4714702534411773,-0.049734645750580106,0.999801516532898,0.14242860434599922,0.6640140432103895,0.6399886636218811,0.9538436532020569,0.42837769617389515,0.7154730798827789,0.6087781364652721,0.9951637387275696,0.04070285613304835,0.8720146477804173,1.2603099389633214,0.9771034717559814,0.3885394979357923,0.9552817656922875,1.1080265858440534,0.9954032301902771,0.027650127857354222,0.9125122723368038,1.3255623167515393,0.978078305721283,0.3368609082309242,1.0,1.1530338767201873,0.9891484975814819,0.026401234322256825,0.8967227394285279,0.9427544231136996,0.8883524537086487,0.48183099556878806,0.9833119236093547,0.7416047746385127,0.9271224141120911
116,4.833333333333333,0.504869429032372,0.01480673216014251,1.3541510033427862,0.999736487865448,0.29481323444952434,0.10242682131927908,-0.9914923821274328,0.9996974468231201,0.6074479222954501,0.15991489263369074,-0.22034812421008793,0.99940425157547,0.19148825477618203,0.26146921726616557,-1.343606599229932,0.933587908744812,0.5481283611916691,0.29462907049419584,-0.05361160268385742,0.6681845188140869,0.10131028345354205,0.4114108497401501,-0.9622915669667389,0.7734811902046204,0.47433753480363616,0.3104431686950129,0.6456715220575806,0.37529629468917847,0.07364502726360639,0.4526561708745311,-1.072733443782729,0.678737461566925,0.4654740460003897,0.32047930632300287,0.7846575923069303,0.3588285744190216,0.24456564723672036,0.4394608394339904,-0.049692650614629616,0.9996953010559082,0.43269375564181645,0.47334624119452123,0.04813269707158757,0.999776303768158,0.13859177068631998,0.6682220913888572,0.6130988873043165,0.9579974412918091,0.41914962979853226,0.7157749481994988,0.8621984984038512,0.9950855374336243,0.03779778465762961,0.8827684393920892,1.3290152284192862,0.978905439376831,0.37788860525582857,0.9552870343660155,1.4650693187391268,0.9951444268226624,0.027198622389779117,0.9255265221948845,1.4103058918993858,0.9796767234802246,0.3271722138530999,1.0,1.5262887142618575,0.9891994595527649,0.023089100402923536,0.9074822846722798,1.0983970664653233,0.8886352777481079,0.46390817361764836,0.9825350012055237,1.2128518714798977,0.9195600152015686
117,4.875,0.495153301553596,0.01480673216014251,1.0594505523803286,0.9997101426124573,0.27851012562304334,0.10507104621892485,-1.1009307222570524,0.999692976474762,0.59281197475168,0.1615726515394302,-0.33464510459433106,0.9993875026702881,0.17783388770112965,0.26281437261406965,-1.2806602896512738,0.9384518265724182,0.5449765292036476,0.29517215099202015,-0.035238930233788546,0.6456653475761414,0.09362074420790235,0.41198305001477664,-0.7839547746837787,0.7520718574523926,0.46645939072403997,0.3124125779337096,1.186172598891811,0.3403101861476898,0.0637354114128577,0.4528419123945303,-0.8758564811891975,0.6514960527420044,0.4596221737615309,0.3237133317330614,1.3859464711544234,0.3255898058414459,0.2346342076197551,0.44169808876112737,-0.037781736492029004,0.999685525894165,0.42349043489638166,0.47744647510410465,0.03641301550974348,0.9997491240501404,0.13303878911513028,0.6747482944503741,0.692113798230293,0.9617589116096497,0.4089642761777463,0.7181884226011004,0.9004350641105979,0.9949821829795837,0.03205760011648216,0.8913495968816588,1.4497463051545656,0.9806168079376221,0.3671765603096756,0.9556283455844078,1.6091273694054966,0.99494469165802,0.018049705498206864,0.9340688390145957,1.5187078448320344,0.9811117649078369,0.3183269869739054,1.0,1.6812421887441955,0.989163875579834,0.019776966483590248,0.9126684262869866,1.215461522215303,0.8919470906257629,0.45072284605392554,0.9829000847397442,1.3957261517569886,0.9161007404327393
118,4.916666666666667,0.4767797121231772,0.01480673216014251,1.0592015643997492,0.9997014403343201,0.25831343248351696,0.1063419221923939,-0.9850914811449735,0.999703049659729,0.5686730335849525,0.1615821042353594,-0.520550950198105,0.9994145631790161,0.1607256210676839,0.25954739515663783,-1.1774398001761843,0.9416536688804626,0.5369703389561641,0.30943661961106605,-0.14545214303925627,0.6489253640174866,0.08582845869324703,0.40337819093597405,-0.511051346462238,0.730121374130249,0.46852554436618343,0.4001292910136654,1.049132877139502,0.31395432353019714,0.05851179799535477,0.44734881086024214,-0.5941250110192707,0.6247440576553345,0.45904864504591303,0.429637414088355,1.1941542195728503,0.2994503676891327,0.2155638943549777,0.44350472556878273,0.035310735710692875,0.9996948838233948,0.4053922398487899,0.4821005297276691,-0.037333695798070825,0.9997459053993225,0.12413136565980928,0.6801485247651683,0.9584465567639425,0.9652559757232666,0.39296999783499736,0.7201560223241469,1.1872431935695527,0.9949398040771484,0.02095756823248217,0.900685389582454,2.0883093841490443,0.9821078181266785,0.3497954542051179,0.9564258319079765,2.303263639144907,0.9947786331176758,0.0032869714811029314,0.9438247804730466,2.2140160045914383,0.9823671579360962,0.29983871618642777,1.0,2.42338318685365,0.9892077445983887,0.01646483256425696,0.9126578795816901,1.9950759004666438,0.8929840922355652,0.43482739243579044,0.9830158969062798,2.1807093459022,0.9129837155342102
119,4.958333333333333,0.4689601001141387,0.01480673216014251,1.1030619593420774,0.9996918439865112,0.24748278179606784,0.1047337240246122,-1.0090343964908643,0.9997121095657349,0.5548567286169568,0.15558489249063504,-0.514370126012439,0.9994410276412964,0.1455125987452917,0.25019722609487643,-1.137718087261544,0.942823052406311,0.5244801406483536,0.3070064502894898,0.006174655530310562,0.6470873355865479,0.10253393958118825,0.38380974107173793,-0.3868128298051567,0.6932145953178406,0.47032315051399776,0.3883692067428043,1.2777165583337378,0.29068851470947266,0.07437854854137577,0.42950208432806886,-0.46079577489785556,0.5871801972389221,0.46366804870111417,0.4144664651654656,1.4497565270350394,0.27662393450737,0.2079426636992425,0.4448942403771942,-0.003253012045352217,0.9997002482414246,0.39714452471029316,0.48330139726603105,0.0007130497401229085,0.999740719795227,0.12366945635030012,0.6817348268943098,0.9677623399294674,0.9683811068534851,0.38590170288174674,0.7206240814566419,1.2688524156850918,0.9946711659431458,0.02086608688667086,0.9059753694334743,2.017004925059408,0.9833943247795105,0.34114808805194086,0.9565612891532521,2.3418144566901633,0.994474470615387,0.006962985478217117,0.9495320390013849,2.1382748879157525,0.9833536148071289,0.28841509154502676,1.0,2.4591221622196078,0.9889727830886841,0.013152698644923673,0.9148051688726067,1.929857021105334,0.8937513828277588,0.42709425668362533,0.9833828977465765,2.2345522914830425,0.909699559211731
120,5.0,0.44368448945233674,0.01480673216014251,1.4744975430484073,0.999610185623169,0.1959325708052303,0.10073640405598329,-0.2982847882631343,0.9996304512023926,0.5353014336030283,0.14524849723352554,-0.35828522053781514,0.999396800994873,0.09152130808338346,0.251648723971494,0.4950965475344254,0.9398141503334045,0.5025710828221018,0.30832269548449465,0.4171450887600441,0.6219640970230103,0.11568826977052285,0.2660089643127265,1.9636347718663083,0.6298322677612305,0.42471229641527625,0.32754320006013227,2.065518679811419,0.262636661529541,0.12264809108761847,0.27051723204757644,2.0572066670975,0.5329968333244324,0.4050860515461291,0.329194680936151,2.291496178860112,0.24998435378074646,0.18790433807482881,0.44605840606807995,0.14674392990377078,0.9996302127838135,0.3727834962949104,0.48421675328417046,-0.14886236827441815,0.9996516108512878,0.11618032969536013,0.6818140507825616,1.3547361418637656,0.9705760478973389,0.3680279310553316,0.7167784448852957,1.1509677704814933,0.994098961353302,0.016355225183327795,0.9124158684635854,2.3265877226669978,0.9828423857688904,0.32273471492910066,0.9577202389621464,2.325812070600644,0.9937078356742859,0.006962985478217117,0.9577846301115069,2.454744923283158,0.9826962947845459,0.2681131479248494,1.0,2.468377624019676,0.9882668256759644,0.009840564725590379,0.9223563155232231,2.5333987091732424,0.8766664266586304,0.409547800478193,0.9866575961338947,2.522415520353041,0.900891125202179
121,5.041666666666667,0.44665420834577624,0.01480673216014251,1.5396598230367178,0.9996193051338196,0.1884830766110829,0.09867493656611222,-0.15400725395721554,0.9996522665023804,0.5220924766868247,0.13913295728965164,-0.40359404357928186,0.9994167685508728,0.07576883997378958,0.22083785423460933,0.13700158451643363,0.9446476697921753,0.5092194125882513,0.27870863766723963,0.4067668857663727,0.6354272365570068,0.12460709828256465,0.28621601685978587,0.9925208461455098,0.5936674475669861,0.42863495485698355,0.29381207983134144,0.9683197188425962,0.2400059998035431,0.12392381569992601,0.3101597516196334,1.0121003764609773,0.4968395233154297,0.4144592133369271,0.304549901672967,1.09373020616569,0.22794057428836823,0.18663918776791347,0.4494820949537602,0.3558496508017901,0.9996337890625,0.3669534256450085,0.48618667910179403,-0.3587657010005242,0.9996528625488281,0.12894425376869692,0.6835040390653945,1.6040551786744093,0.9731717109680176,0.3714722500422071,0.7168960753252945,0.8503290470877891,0.9945292472839355,0.024198210396762516,0.9160551734555409,2.5871855413226594,0.9839991927146912,0.32878650797119796,0.9587544521376112,2.220826147825687,0.9941016435623169,0.006962985478217117,0.9634583612262375,2.712180041624116,0.9838067889213562,0.27200700310880294,1.0,2.1706641363577392,0.9890199303627014,0.039307914824860006,0.9255967131084176,2.771398335251352,0.8768565058708191,0.4145101970215787,0.9944518871206042,1.7021362598230518,0.9054333567619324
122,5.083333333333333,0.4391719561879879,0.01480673216014251,1.14205241890046,0.999641478061676,0.18623822805347665,0.09646620097050256,0.09571560666749289,0.9995893239974976,0.49732079145252456,0.13499205898888444,-1.0047323447532643,0.999443769454956,0.07188545133423996,0.22039303080879247,1.4829815994260709,0.9266877174377441,0.5089812876882946,0.2786442122388407,0.044197596177946816,0.6611641049385071,0.2016434792857631,0.20470227430786345,3.3755518103146205,0.5365586280822754,0.44022885767936026,0.25220204171733573,1.6647099780319967,0.22465863823890686,0.23685246021245315,0.2010985619540416,3.651732152040068,0.44909486174583435,0.44490562144547363,0.2572398037157611,1.9031238595410225,0.21227529644966125,0.185503818316303,0.4513406999350393,0.6107869100199096,0.9995787143707275,0.3552222605949973,0.4862508756582122,-0.6132897496010734,0.9996292591094971,0.14681076111663974,0.6834747232521051,1.8391695649711661,0.9733743667602539,0.3805946096883946,0.7154181268359056,0.5773990300071847,0.9945038557052612,0.03369760166074387,0.919646480131069,2.536607458394857,0.9826228022575378,0.3392513187993756,0.9590968736223088,1.3855495650732597,0.9940242171287537,0.006962985478217117,0.9677446179438541,2.6333967857682388,0.9823699593544006,0.27856396929843036,0.9992953567837364,1.4656905389735182,0.9888013005256653,0.0668926557822955,0.931132430554865,2.8047316368412134,0.8686296343803406,0.4293801641351296,1.0,1.6404763284962425,0.9088926911354065
123,5.125,0.4367907218316703,0.01480673216014251,1.1871931942936842,0.999626636505127,0.18348793544281075,0.09572169248807552,0.7055455812436052,0.9995368123054504,0.4661929696331152,0.12745408431167193,-1.4550240741462999,0.9994837045669556,0.08215755053089276,0.22758541013305753,2.0622512570614373,0.8745468258857727,0.5016385767048119,0.2895841839350304,-0.7290663268415793,0.6852428317070007,0.22243801622236276,0.2572738849432102,3.621919660474834,0.4837697148323059,0.43028764926652907,0.27169937109319,1.2298461419481552,0.22075265645980835,0.2496002872161849,0.26757399909794743,3.8522817533697866,0.40503183007240295,0.4385156929315562,0.28493962125584926,1.3945612938647445,0.20597213506698608,0.1818720273590917,0.45130510702157217,0.9230844074167978,0.9995607137680054,0.33096915995923837,0.48439381158691824,-0.9256938177088428,0.9996083974838257,0.159056932099205,0.6806723658856212,2.2277052998226607,0.972870945930481,0.3816974123975101,0.7109785685466447,0.6723294844428632,0.9942997694015503,0.03776985408192748,0.9194724342909595,3.280155340418831,0.9815397262573242,0.34898446796809707,0.9591390337232358,2.015725874990904,0.9940655827522278,0.006962985478217117,0.9668917655457124,3.407799346785548,0.9813182950019836,0.28316202090978976,0.9993659126967043,2.18068331177872,0.9887014031410217,0.09640428747007344,0.9389518498831283,3.56275155514684,0.8659325838088989,0.4370949569197916,1.0,2.2178066143293895,0.9141530394554138
124,5.166666666666667,0.4345443131837589,0.01480673216014251,0.9920408925157953,0.9993807673454285,0.18744939996225024,0.09512601453965487,1.5588076111757592,0.9994651079177856,0.4077788349584718,0.11657780464283643,-2.502984607886346,0.9995089769363403,0.19125221327214748,0.2728260388814565,1.8833985419702632,0.7914299368858337,0.4331946624699468,0.30381245005643787,-1.9412824566484157,0.6969912052154541,0.2929078037968528,0.375595012151602,3.021678631220717,0.4367343783378601,0.43854909953999877,0.3406201395094649,0.7083098555450105,0.2216433435678482,0.30903476941948377,0.40652979111924764,3.4331323062270145,0.36623451113700867,0.4573305680574185,0.3533572229313566,0.7772252734256849,0.20777194201946259,0.16876638697744614,0.45233287410618855,1.4284852690502148,0.9995377659797668,0.29603458952933,0.47992244285640245,-1.4303468861292812,0.9995655417442322,0.17105554138552367,0.6788129958012764,2.4045412791870793,0.9530298113822937,0.36869654429306237,0.7052050263700741,-0.03945814750556955,0.992198646068573,0.045501831836052054,0.9274144811510487,3.5269180193415446,0.9757183790206909,0.351313068409068,0.9580055516012341,1.4206000502017266,0.993053138256073,0.006962985478217117,0.9739166237294664,3.4756167918015617,0.9748266339302063,0.2856681584114086,1.0,1.5428593866181688,0.9857661724090576,0.125954681728254,0.9636435861630491,3.041254622393924,0.8690202236175537,0.4471449762146998,0.998175915106527,1.0463815750864125,0.9191774725914001
125,5.208333333333333,0.4214284315032457,0.01480673216014251,0.49504086261109725,0.9994144439697266,0.1851339899477646,0.08973875432878073,1.9244658939648986,0.9992887377738953,0.3702777110659053,0.11300769996346671,-3.080273911848731,0.9995203614234924,0.22360276930028178,0.2210996960313107,4.626001807160785,0.7158203125,0.3927099032530857,0.2998346591469948,-2.251026620354314,0.6982182860374451,0.3940992345321457,0.19162461698622216,7.038332465384887,0.3962748944759369,0.44162792431210157,0.2948464484917067,0.8964377510857628,0.23141518235206604,0.405942386891999,0.17398206869672023,7.522450621965648,0.3342738747596741,0.46285230652906834,0.29279692408516816,1.0294750451348658,0.22239276766777039,0.1538909544128377,0.4546215808610648,1.684816615191128,0.9995321035385132,0.27597020404674216,0.47640846288722416,-1.687091609091215,0.9995524287223816,0.17165778183250274,0.6803475897735448,2.771842751426605,0.9545443654060364,0.3584692856277864,0.7031292136603752,-0.160221428193918,0.9925660490989685,0.04977029349718673,0.9330917798196133,4.164771633259001,0.9755293726921082,0.3519038621425162,0.9567791021780521,1.0732941987495601,0.9934006333351135,0.006962985478217117,0.9681588473002553,4.059703692637621,0.974839448928833,0.28686758840990895,1.0,1.2082112727610541,0.9861534237861633,0.11289092591895321,0.973099610549657,3.6748392814654616,0.8692758083343506,0.4497413035138047,0.9969352537533059,0.8835259805145338,0.9247366189956665
126,5.25,0.4080670415267506,0.01480673216014251,1.2744144116554998,0.9993718862533569,0.19180227311207462,0.08856985933058213,3.8887728161859214,0.9991613030433655,0.3270661327012321,0.10472007951667377,-3.760642734419486,0.9995310306549072,0.21804264840841175,0.22175005932302183,6.283137114732602,0.6470108032226562,0.35952222651769256,0.2824212306215432,-3.9088351882622407,0.7156879305839539,0.35361222406853327,0.24510798695941793,7.498774384387765,0.35871535539627075,0.42095756092958775,0.2462027706948401,-0.8382116068073056,0.26324009895324707,0.38069147613149723,0.2517769428964691,7.86494234801645,0.3038179576396942,0.4450467420939962,0.23734373903079997,-0.8875829743102357,0.2539628744125366,0.1446206010827762,0.4547495424900548,2.4936818431901084,0.9995020627975464,0.24891145828535338,0.47378335391241283,-2.49443434246006,0.9995162487030029,0.17015538978640216,0.6803898578756988,3.0431257027636502,0.945530116558075,0.34409919381045667,0.700520994314202,-1.2719275729618529,0.9926673173904419,0.05069588207695061,0.9418782415226845,3.8648609684516035,0.9736529588699341,0.35547180623751,0.9558452474397391,-0.4347400134256946,0.9936405420303345,0.006962985478217117,0.9870521747168615,3.846303594915187,0.9717047810554504,0.2912513552173605,1.0,-0.3821998474785836,0.9859183430671692,0.11595050728728129,0.9844631179163785,3.1239560636073387,0.8756715655326843,0.4562645905250254,0.9963063755333115,-1.1964921445197652,0.931082546710968
127,5.291666666666667,0.38255166939206053,0.01480673216014251,-0.07956774660554804,0.9994156956672668,0.18898696723903535,0.08387400060605678,5.156157751725809,0.9990805387496948,0.2861799998959014,0.09971075829592657,-5.556573111595581,0.9995554685592651,0.24186256982062926,0.21436740627859133,9.546021297394068,0.5856943130493164,0.324811235638681,0.27739249314694947,-7.161120328822976,0.7286842465400696,0.39617588800211856,0.19404222263664173,12.589897381961428,0.3288942873477936,0.3855968066619027,0.2593297397319766,-5.318609570879324,0.30791059136390686,0.4003447821032711,0.20714194945404735,13.377568387939652,0.2815353572368622,0.4026091800472481,0.2604669532085784,-5.720196774382426,0.2996183931827545,0.13200899208584221,0.45046729470269,3.4356492587859333,0.999492347240448,0.2274073398890893,0.46736160506802643,-3.437361903743997,0.999514102935791,0.17343273562554168,0.6764763495015772,4.290747038751065,0.9423572421073914,0.33023832607457343,0.6951587433473709,-1.8321522210082655,0.9927765727043152,0.05448570288565065,0.942952837378092,6.019990214350603,0.9715158343315125,0.3568823568019343,0.953459430563012,-0.5856113312802786,0.9938643574714661,0.006962985478217117,0.9929463058271462,6.1105728247972335,0.9692133665084839,0.2932099545152694,1.0,-0.4961960927039393,0.9859253168106079,0.1164981771958357,0.9832135966959619,5.334549673811367,0.8782095909118652,0.4651457653016339,0.9911165829159763,-1.5472820614575118,0.9364666938781738
