frame_id,timestamp,nose_x,nose_y,nose_z,nose_visibility,left_shoulder_x,left_shoulder_y,left_shoulder_z,left_shoulder_visibility,right_shoulder_x,right_shoulder_y,right_shoulder_z,right_shoulder_visibility,left_elbow_x,left_elbow_y,left_elbow_z,left_elbow_visibility,right_elbow_x,right_elbow_y,right_elbow_z,right_elbow_visibility,left_wrist_x,left_wrist_y,left_wrist_z,left_wrist_visibility,right_wrist_x,right_wrist_y,right_wrist_z,right_wrist_visibility,left_pinky_x,left_pinky_y,left_pinky_z,left_pinky_visibility,right_pinky_x,right_pinky_y,right_pinky_z,right_pinky_visibility,left_hip_x,left_hip_y,left_hip_z,left_hip_visibility,right_hip_x,right_hip_y,right_hip_z,right_hip_visibility,left_knee_x,left_knee_y,left_knee_z,left_knee_visibility,right_knee_x,right_knee_y,right_knee_z,right_knee_visibility,left_ankle_x,left_ankle_y,left_ankle_z,left_ankle_visibility,right_ankle_x,right_ankle_y,right_ankle_z,right_ankle_visibility,left_heel_x,left_heel_y,left_heel_z,left_heel_visibility,right_heel_x,right_heel_y,right_heel_z,right_heel_visibility,left_foot_index_x,left_foot_index_y,left_foot_index_z,left_foot_index_visibility,right_foot_index_x,right_foot_index_y,right_foot_index_z,right_foot_index_visibility
0,0.0,0.6469853520393372,0.46872010827064514,0.05073413997888565,0.9996036887168884,0.5730831027030945,0.5156549215316772,0.3265703320503235,0.9958121180534363,0.5665165781974792,0.5133054256439209,-0.23348362743854523,0.9998507499694824,0.5825072526931763,0.572950541973114,0.5904495120048523,0.040071699768304825,0.6180051565170288,0.5748104453086853,-0.427401065826416,0.980989933013916,0.6467951536178589,0.5743284225463867,0.739972710609436,0.0686192736029625,0.7352473139762878,0.534224808216095,-0.5407859683036804,0.979101300239563,0.6579420566558838,0.57403564453125,0.7874587774276733,0.09620032459497452,0.7594395875930786,0.5219703316688538,-0.5915283560752869,0.9744244813919067,0.491399884223938,0.6739962697029114,0.17827682197093964,0.99607253074646,0.5033826231956482,0.6800881624221802,-0.17792469263076782,0.9995096921920776,0.5206695795059204,0.782739520072937,0.37503474950790405,0.34877610206604004,0.5681590437889099,0.7985585927963257,-0.3154033124446869,0.9856287240982056,0.4741936922073364,0.867531955242157,0.5743095278739929,0.5596513152122498,0.5374969840049744,0.9347383379936218,-0.45487111806869507,0.9841331243515015,0.43953201174736023,0.8956262469291687,0.5876989960670471,0.5790573954582214,0.5094979405403137,0.9527311325073242,-0.47540152072906494,0.9665975570678711,0.5309879183769226,0.8943373560905457,0.5440744757652283,0.6813742518424988,0.6293973922729492,0.9637671709060669,-0.6213241815567017,0.9765457510948181
1,0.04166666666666667,0.6491245627403259,0.4688165783882141,-0.003045442746952176,0.9996356964111328,0.5773863196372986,0.5156567692756653,0.30490943789482117,0.9961180686950684,0.5665125250816345,0.5136986970901489,-0.2738795280456543,0.999859631061554,0.6180281043052673,0.558243989944458,0.5673404335975647,0.05264241620898247,0.6184866428375244,0.5757507085800171,-0.4643916189670563,0.9812966585159302,0.7098589539527893,0.5221719145774841,0.7343069314956665,0.09574858099222183,0.7346429824829102,0.5364669561386108,-0.5608633756637573,0.9785378575325012,0.7394332885742188,0.5170227289199829,0.7772546410560608,0.12273277342319489,0.7599639892578125,0.5267005562782288,-0.611262321472168,0.9734749794006348,0.49427664279937744,0.6742562055587769,0.18754905462265015,0.9963380098342896,0.5017892718315125,0.6803869009017944,-0.18715091049671173,0.9995447993278503,0.5206860303878784,0.7794446349143982,0.4549095928668976,0.3555280268192291,0.5681623220443726,0.7969623804092407,-0.34139782190322876,0.9861931800842285,0.4743170738220215,0.8652580976486206,0.7217393517494202,0.5665008425712585,0.5375204682350159,0.9331220388412476,-0.4857071042060852,0.9848768711090088,0.4439055025577545,0.8876347541809082,0.7414354681968689,0.583389401435852,0.5086907148361206,0.9523335695266724,-0.5080059766769409,0.9677414894104004,0.5346107482910156,0.8894780874252319,0.6851794719696045,0.6877252459526062,0.6294336318969727,0.9623368382453918,-0.6770414113998413,0.977628231048584
2,0.08333333333333334,0.6508728861808777,0.4702374339103699,0.0008236140129156411,0.999667227268219,0.5768389701843262,0.5156568288803101,0.30722343921661377,0.9964246153831482,0.5676905512809753,0.5146107077598572,-0.2716097831726074,0.9998694062232971,0.6145181655883789,0.5532286167144775,0.5769467949867249,0.06255155056715012,0.6184917092323303,0.5777250528335571,-0.4769526720046997,0.9811433553695679,0.7084681391716003,0.5125962495803833,0.7855340838432312,0.12193789333105087,0.7346681356430054,0.5393604040145874,-0.5966913104057312,0.9775120615959167,0.726951003074646,0.5006155967712402,0.8351101279258728,0.14959029853343964,0.7618570327758789,0.530859649181366,-0.6489384174346924,0.9722061157226562,0.49327829480171204,0.6743367910385132,0.1944652944803238,0.9966200590133667,0.499136745929718,0.6806045770645142,-0.19412006437778473,0.9995814561843872,0.5189802050590515,0.7779878377914429,0.487316757440567,0.36150166392326355,0.5671289563179016,0.7958724498748779,-0.35289865732192993,0.9867964386940002,0.47349950671195984,0.8620942234992981,0.7610875368118286,0.5750586986541748,0.5370194911956787,0.9322458505630493,-0.5057791471481323,0.9857262969017029,0.4455908536911011,0.8835186958312988,0.7817573547363281,0.5895145535469055,0.5067806839942932,0.951947033405304,-0.5291157364845276,0.9691715836524963,0.5346006751060486,0.8869760632514954,0.7301803827285767,0.6959453821182251,0.6276997327804565,0.9600332975387573,-0.6984963417053223,0.978878378868103
3,0.125,0.6561117172241211,0.4703626036643982,-0.004912567790597677,0.9996925592422485,0.5756089687347412,0.5156022310256958,0.30663177371025085,0.9966908693313599,0.5697914361953735,0.5158370733261108,-0.2864282429218292,0.9998772144317627,0.6096792817115784,0.554210364818573,0.58568274974823,0.06937676668167114,0.6193720698356628,0.5793973207473755,-0.507504940032959,0.9806076288223267,0.7070859670639038,0.5160617232322693,0.8061842918395996,0.14253367483615875,0.7361665368080139,0.5421393513679504,-0.6541686654090881,0.9767464995384216,0.7247866988182068,0.5036768913269043,0.8590492010116577,0.17180201411247253,0.7650516033172607,0.5336076617240906,-0.712921142578125,0.9714126586914062,0.49042126536369324,0.6743369698524475,0.20113763213157654,0.9968644976615906,0.4942665994167328,0.6806720495223999,-0.20077726244926453,0.9996131062507629,0.5190197229385376,0.7768627405166626,0.504607081413269,0.3664507269859314,0.5651929378509521,0.7951654195785522,-0.35864967107772827,0.9872077703475952,0.47089043259620667,0.8592727780342102,0.7895923852920532,0.581380307674408,0.535601019859314,0.9310598373413086,-0.4993021786212921,0.986400306224823,0.44362834095954895,0.8796051144599915,0.8114587664604187,0.5936978459358215,0.5042225122451782,0.9512022733688354,-0.5211520791053772,0.9702754020690918,0.5328938961029053,0.884210467338562,0.7599576115608215,0.7022215723991394,0.6251851320266724,0.9580675959587097,-0.6889896392822266,0.9799208641052246
4,0.16666666666666669,0.6574071645736694,0.47034722566604614,-0.02032993920147419,0.9997122287750244,0.5741127729415894,0.5151868462562561,0.3054971396923065,0.9969136714935303,0.5723082423210144,0.5162802934646606,-0.3109537363052368,0.9998829364776611,0.6079745292663574,0.5565353035926819,0.585724949836731,0.07234367728233337,0.6201220750808716,0.5812041759490967,-0.5356262922286987,0.9793440699577332,0.7027110457420349,0.5261237025260925,0.8027769923210144,0.151931032538414,0.7363734841346741,0.5448379516601562,-0.6855095624923706,0.9755399823188782,0.7196010947227478,0.5148364901542664,0.8583667278289795,0.18285799026489258,0.7660871148109436,0.5367319583892822,-0.7494169473648071,0.9703224897384644,0.4881387948989868,0.6743376851081848,0.20892558991909027,0.9970776438713074,0.4913299083709717,0.6807655692100525,-0.208546981215477,0.9996398091316223,0.5182898044586182,0.7769727110862732,0.5303509831428528,0.37333664298057556,0.5630975365638733,0.795235276222229,-0.34193873405456543,0.987758457660675,0.4699568450450897,0.858561635017395,0.833566427230835,0.59150230884552,0.5347415208816528,0.930575966835022,-0.44141384959220886,0.9872012138366699,0.44339096546173096,0.8787334561347961,0.8575390577316284,0.60024493932724,0.5020763278007507,0.9505621790885925,-0.45984458923339844,0.9716349840164185,0.5318343043327332,0.8827362060546875,0.8045411109924316,0.7119832634925842,0.6230460405349731,0.9569827914237976,-0.6331579089164734,0.9811147451400757
5,0.20833333333333334,0.6572795510292053,0.46977606415748596,-0.027201686054468155,0.9997355937957764,0.5732444524765015,0.5151873826980591,0.30076250433921814,0.9971543550491333,0.5759260058403015,0.5169186592102051,-0.31003281474113464,0.9998904466629028,0.6076570153236389,0.5574389100074768,0.5861390233039856,0.07844539731740952,0.6203831434249878,0.5832279920578003,-0.533580482006073,0.9784513115882874,0.7043511867523193,0.5265576839447021,0.8140327334403992,0.16786988079547882,0.7365106344223022,0.5453675985336304,-0.6903024315834045,0.9745975732803345,0.7216915488243103,0.5142014622688293,0.8701890110969543,0.19986844062805176,0.7673429846763611,0.5372662544250488,-0.7554337978363037,0.96947181224823,0.48107025027275085,0.6744014024734497,0.21004265546798706,0.9973071813583374,0.4892425239086151,0.6808353066444397,-0.2096637338399887,0.9996699690818787,0.5117852687835693,0.7757412791252136,0.5572635531425476,0.38145700097084045,0.5627855062484741,0.7939882278442383,-0.3519585132598877,0.9884343147277832,0.4683839976787567,0.8588994741439819,0.8785166144371033,0.6044710278511047,0.5343456268310547,0.9303754568099976,-0.46443790197372437,0.9880767464637756,0.4425838887691498,0.8796110153198242,0.904341995716095,0.6094070076942444,0.5002044439315796,0.9496989250183105,-0.4837838411331177,0.973185122013092,0.5313799381256104,0.8825116157531738,0.8506486415863037,0.7231854200363159,0.6228597164154053,0.9572134017944336,-0.6653426885604858,0.9824066758155823
6,0.25,0.6570342779159546,0.4697096347808838,-0.032057832926511765,0.9997544884681702,0.5720188021659851,0.5149315595626831,0.2917577922344208,0.9973498582839966,0.5762878656387329,0.5170536041259766,-0.3170027434825897,0.9998958706855774,0.6073195338249207,0.5533627271652222,0.5859410166740417,0.08394486457109451,0.6203622817993164,0.5847097635269165,-0.5449813008308411,0.9777393937110901,0.7104469537734985,0.5206748247146606,0.814373254776001,0.17978037893772125,0.7361570000648499,0.5460482835769653,-0.7045230865478516,0.9734929203987122,0.727902889251709,0.5085680484771729,0.8700964450836182,0.21246390044689178,0.7671788334846497,0.5394917726516724,-0.7697597146034241,0.9684036374092102,0.4775712788105011,0.6744154095649719,0.20949529111385345,0.9975093007087708,0.4885960817337036,0.6811597943305969,-0.20912186801433563,0.9996955990791321,0.507659375667572,0.7745458483695984,0.5420677065849304,0.38829174637794495,0.561611533164978,0.79408198595047,-0.3445618450641632,0.9889930486679077,0.4661312997341156,0.8592866063117981,0.8551681637763977,0.6150698065757751,0.5342657566070557,0.9302983283996582,-0.4335448443889618,0.9888587594032288,0.4407321512699127,0.8777531385421753,0.8801383972167969,0.616677463054657,0.4999903440475464,0.9494237899780273,-0.45051103830337524,0.974541962146759,0.5280865430831909,0.8813807368278503,0.8262356519699097,0.7326198816299438,0.6223544478416443,0.957165539264679,-0.6223099827766418,0.983549177646637
7,0.2916666666666667,0.656781792640686,0.4698239266872406,-0.022254491224884987,0.9997721910476685,0.5695989727973938,0.5148210525512695,0.2933245003223419,0.9975356459617615,0.5760257840156555,0.5170291662216187,-0.3117543160915375,0.9999014735221863,0.6073817014694214,0.5534218549728394,0.5805947184562683,0.0881521925330162,0.6204168796539307,0.5844441652297974,-0.5277377963066101,0.9768561124801636,0.7104201912879944,0.5187036395072937,0.7990671992301941,0.19192294776439667,0.7362614870071411,0.5474275946617126,-0.6743436455726624,0.9717856049537659,0.7272031307220459,0.5053057074546814,0.8541113138198853,0.2249070703983307,0.7671115398406982,0.5407423377037048,-0.7362900376319885,0.9665857553482056,0.47515034675598145,0.6745398044586182,0.21112768352031708,0.9976857900619507,0.4879659116268158,0.6811858415603638,-0.21076354384422302,0.999718189239502,0.5053352117538452,0.7744064331054688,0.5430436134338379,0.39445045590400696,0.560458779335022,0.7937180399894714,-0.34320923686027527,0.9895476698875427,0.46514779329299927,0.8597296476364136,0.8490278720855713,0.6250706911087036,0.533810019493103,0.9296712875366211,-0.4395371377468109,0.9895641207695007,0.44102177023887634,0.8784978985786438,0.8731738328933716,0.6236391067504883,0.4992525279521942,0.9486081004142761,-0.45784226059913635,0.9757599234580994,0.5274446606636047,0.8811565637588501,0.8185639977455139,0.7418798208236694,0.6216493248939514,0.9571178555488586,-0.6268628239631653,0.9845697283744812
8,0.33333333333333337,0.6561279892921448,0.46968331933021545,-0.025229787454009056,0.9997847676277161,0.562152087688446,0.5129674673080444,0.29323986172676086,0.9976977705955505,0.5763306617736816,0.5170134902000427,-0.3162035346031189,0.9999064803123474,0.5977039933204651,0.5545858144760132,0.5739468932151794,0.08934872597455978,0.6204082369804382,0.5841387510299683,-0.5303129553794861,0.9753702878952026,0.7084673047065735,0.523319661617279,0.7966111898422241,0.2004728615283966,0.7364562749862671,0.5472450256347656,-0.6632813215255737,0.9701388478279114,0.7242775559425354,0.5112527012825012,0.8537036180496216,0.23512974381446838,0.7677685022354126,0.5398451089859009,-0.7250574827194214,0.965022087097168,0.47039130330085754,0.6737295389175415,0.2126474529504776,0.9978358745574951,0.4882093667984009,0.6804649233818054,-0.21227766573429108,0.9997385740280151,0.5032691359519958,0.774150550365448,0.560950517654419,0.39709141850471497,0.5603575110435486,0.7923657298088074,-0.33950668573379517,0.989946186542511,0.46352148056030273,0.8599649667739868,0.8823317885398865,0.6317003965377808,0.5320672392845154,0.9286718368530273,-0.43167826533317566,0.9901387691497803,0.4379591941833496,0.8799735903739929,0.9083611369132996,0.6273959279060364,0.4965784251689911,0.9472073316574097,-0.4493987262248993,0.9767419695854187,0.5259497165679932,0.8805195689201355,0.8545584082603455,0.7487898468971252,0.6185632944107056,0.9570659399032593,-0.6206076145172119,0.9854159355163574
9,0.375,0.6509339213371277,0.46860116720199585,-0.02325327694416046,0.9997947216033936,0.5552385449409485,0.5110180974006653,0.28964582085609436,0.9978376626968384,0.5762143731117249,0.5161057710647583,-0.3146473467350006,0.9999104142189026,0.5848606824874878,0.5552860498428345,0.5712095499038696,0.09028911590576172,0.619497537612915,0.5840911865234375,-0.5303817987442017,0.9738643169403076,0.7044961452484131,0.5254135727882385,0.7930785417556763,0.20917557179927826,0.7368477582931519,0.5470980405807495,-0.6643211245536804,0.9688325524330139,0.7240765690803528,0.5133877992630005,0.8482019305229187,0.24566452205181122,0.7683752179145813,0.5397191643714905,-0.72589510679245,0.9638841152191162,0.46718767285346985,0.6732083559036255,0.21190783381462097,0.9979570508003235,0.48845210671424866,0.6797111630439758,-0.21155080199241638,0.9997538924217224,0.5027690529823303,0.7743169665336609,0.5411708354949951,0.39404451847076416,0.5595390200614929,0.7920312285423279,-0.3096201717853546,0.9900088310241699,0.4610002636909485,0.864147961139679,0.8467885255813599,0.6309758424758911,0.5305547714233398,0.9276048541069031,-0.385424941778183,0.990449070930481,0.4365454912185669,0.8815789222717285,0.8711584210395813,0.6257247924804688,0.49509286880493164,0.9457811117172241,-0.4006754159927368,0.9772382378578186,0.5260346531867981,0.8806245923042297,0.8198075890541077,0.7505909204483032,0.6165148019790649,0.9556261301040649,-0.5625015497207642,0.9859150648117065
10,0.4166666666666667,0.648377001285553,0.46948790550231934,-0.0311275664716959,0.9998023509979248,0.5531306266784668,0.5109170079231262,0.27879753708839417,0.9979408979415894,0.5761662125587463,0.5155657529830933,-0.3137194514274597,0.9999133944511414,0.5832005143165588,0.5557766556739807,0.5582247972488403,0.08970662951469421,0.6189043521881104,0.5837763547897339,-0.5268968939781189,0.9727653861045837,0.6935932040214539,0.5248692631721497,0.782622218132019,0.2112240344285965,0.7374980449676514,0.5468074083328247,-0.6574564576148987,0.9670447707176208,0.710904598236084,0.512296199798584,0.8374411463737488,0.24903196096420288,0.7690680027008057,0.5394341945648193,-0.7179437279701233,0.9621379375457764,0.46555349230766296,0.6730009913444519,0.21125522255897522,0.9980522394180298,0.4882104694843292,0.6792027950286865,-0.2108919322490692,0.9997666478157043,0.5021986365318298,0.7744301557540894,0.5325701236724854,0.3896945118904114,0.5589610934257507,0.7915346026420593,-0.30390021204948425,0.9900997877120972,0.46138736605644226,0.8646103143692017,0.8318575620651245,0.6284169554710388,0.5295562148094177,0.9268096089363098,-0.3881635069847107,0.990702748298645,0.435108482837677,0.8833427429199219,0.8556201457977295,0.6223722100257874,0.49419400095939636,0.9449980854988098,-0.40428364276885986,0.9775702953338623,0.5260713696479797,0.8808399438858032,0.8048136234283447,0.7506327629089355,0.6153714656829834,0.9554697871208191,-0.5655772089958191,0.9862940311431885
11,0.45833333333333337,0.644977867603302,0.4680083692073822,-0.03262370824813843,0.9998149275779724,0.5535990595817566,0.5108188986778259,0.2792632281780243,0.9980610609054565,0.5752014517784119,0.5154344439506531,-0.31208130717277527,0.9999179244041443,0.5842603445053101,0.5554873943328857,0.5584991574287415,0.0919545590877533,0.6180568337440491,0.5825894474983215,-0.5251333117485046,0.9729661345481873,0.6921720504760742,0.5220682621002197,0.7780362367630005,0.21840831637382507,0.7364009618759155,0.5456277132034302,-0.6559428572654724,0.9669411182403564,0.7094981074333191,0.5094592571258545,0.8306286931037903,0.2570487856864929,0.7674182653427124,0.5385861992835999,-0.7162034511566162,0.962007999420166,0.4653846025466919,0.6725099682807922,0.21050116419792175,0.9981600642204285,0.48752692341804504,0.6786648631095886,-0.21014529466629028,0.999781608581543,0.5027762651443481,0.7739777565002441,0.5352699160575867,0.39068901538848877,0.5587944388389587,0.790922999382019,-0.31152045726776123,0.990419328212738,0.46150580048561096,0.8645879626274109,0.8385788798332214,0.6302041411399841,0.5291290283203125,0.9266079664230347,-0.40622201561927795,0.9910961389541626,0.4329259991645813,0.8836199641227722,0.86272794008255,0.6226917505264282,0.49299412965774536,0.9444600939750671,-0.423737108707428,0.9782441258430481,0.5245380997657776,0.8803256750106812,0.8112133741378784,0.753280758857727,0.61496901512146,0.9555004835128784,-0.5925964117050171,0.9868570566177368
12,0.5,0.6341522336006165,0.467797189950943,-0.01831214502453804,0.9998235702514648,0.5537884831428528,0.5120230317115784,0.29652485251426697,0.9981266260147095,0.5627444982528687,0.5148873329162598,-0.30007845163345337,0.9999213218688965,0.5850889682769775,0.5555992722511292,0.5736247301101685,0.09184430539608002,0.6082923412322998,0.5790618658065796,-0.5124384164810181,0.9739658236503601,0.6825944185256958,0.5215652585029602,0.784320056438446,0.22050930559635162,0.7219497561454773,0.5415950417518616,-0.6216229796409607,0.9675974249839783,0.6984632015228271,0.5101817846298218,0.8361532688140869,0.25909551978111267,0.7514430284500122,0.5337215662002563,-0.6731926202774048,0.9624756574630737,0.4662654995918274,0.6725339889526367,0.20992068946361542,0.9982234239578247,0.48552775382995605,0.6783040761947632,-0.20957453548908234,0.9997912049293518,0.5030494332313538,0.7746714353561401,0.5150166749954224,0.3901902139186859,0.5586161017417908,0.7907474040985107,-0.31972014904022217,0.9906626343727112,0.45994651317596436,0.8696664571762085,0.7925453186035156,0.6281883120536804,0.5283785462379456,0.9266748428344727,-0.4409780204296112,0.9913699626922607,0.4328196942806244,0.8870934247970581,0.8135843276977539,0.6187715530395508,0.49278318881988525,0.9445985555648804,-0.46084803342819214,0.9786749482154846,0.5250822901725769,0.8810235261917114,0.7593166828155518,0.7530305981636047,0.6136529445648193,0.9555692672729492,-0.6284227967262268,0.9872317910194397
13,0.5416666666666667,0.622807502746582,0.4660431444644928,-0.004128447268158197,0.9998331665992737,0.5514791011810303,0.5125776529312134,0.30439749360084534,0.9981867074966431,0.5491704344749451,0.5145555138587952,-0.28753662109375,0.9999251961708069,0.5853539109230042,0.5521718263626099,0.5952807664871216,0.09236564487218857,0.5952657461166382,0.5759932398796082,-0.4927605390548706,0.9754096269607544,0.670473039150238,0.5150644779205322,0.805254340171814,0.22280102968215942,0.7083368301391602,0.5388799905776978,-0.5868682265281677,0.968738317489624,0.684584379196167,0.5053122043609619,0.8555706739425659,0.2615199387073517,0.7358732223510742,0.5305046439170837,-0.6333983540534973,0.9634413123130798,0.46638306975364685,0.6726919412612915,0.20712286233901978,0.9982844591140747,0.4837982654571533,0.678282618522644,-0.20677615702152252,0.999800443649292,0.5049422979354858,0.7757869958877563,0.4859428107738495,0.3902757465839386,0.5582835078239441,0.7906602621078491,-0.32508257031440735,0.9909095168113708,0.4601929485797882,0.8718622326850891,0.7477757930755615,0.6261822581291199,0.5283545255661011,0.926751434803009,-0.4569951295852661,0.991648256778717,0.43298885226249695,0.8890542984008789,0.7671666741371155,0.6154869794845581,0.4930044412612915,0.9446878433227539,-0.47737932205200195,0.9791204333305359,0.5258554816246033,0.8833940625190735,0.714062511920929,0.7526060938835144,0.613679826259613,0.9556233286857605,-0.6398698687553406,0.9876046180725098
14,0.5833333333333334,0.6159590482711792,0.46569234132766724,0.00032394067966379225,0.9998368620872498,0.5513499975204468,0.5141046047210693,0.31107866764068604,0.9982001781463623,0.5386029481887817,0.5141682624816895,-0.27541929483413696,0.9999274015426636,0.5781426429748535,0.5588749647140503,0.6111685633659363,0.09196264296770096,0.5834344625473022,0.5727027654647827,-0.49146533012390137,0.9771100878715515,0.656496524810791,0.5297107100486755,0.8135878443717957,0.221290722489357,0.697968602180481,0.5335937142372131,-0.590600848197937,0.9706006646156311,0.6711680889129639,0.5261420011520386,0.8623281717300415,0.2602984607219696,0.7254508137702942,0.5243598222732544,-0.6392370462417603,0.9652084708213806,0.4720474183559418,0.67375648021698,0.2009487748146057,0.9982625246047974,0.4801987111568451,0.6782981753349304,-0.20059244334697723,0.9998003840446472,0.5149726867675781,0.7796803116798401,0.39933347702026367,0.3876672387123108,0.558064341545105,0.790405809879303,-0.35732704401016235,0.9904048442840576,0.4603630006313324,0.8715384602546692,0.6190296411514282,0.6136379837989807,0.5280256271362305,0.9268372654914856,-0.5024529099464417,0.9911947846412659,0.4330790638923645,0.8870881795883179,0.6339964270591736,0.6044447422027588,0.4931163787841797,0.9446195363998413,-0.5239004492759705,0.978435218334198,0.5265165567398071,0.8855365514755249,0.5743488669395447,0.7432650327682495,0.6136404871940613,0.9556710124015808,-0.6890134811401367,0.9871340394020081
15,0.625,0.6016897559165955,0.4653259813785553,0.0032296031713485718,0.9998273253440857,0.5512296557426453,0.5144866704940796,0.3288837671279907,0.9981388449668884,0.5236726403236389,0.5121372938156128,-0.27493399381637573,0.9999277591705322,0.567205011844635,0.5607447028160095,0.6501873731613159,0.0892745777964592,0.5711665749549866,0.5676618814468384,-0.5189631581306458,0.9788421392440796,0.6328929662704468,0.5458449125289917,0.8714004755020142,0.2132849246263504,0.6852978467941284,0.5251748561859131,-0.6441032290458679,0.9727066159248352,0.645738959312439,0.546650230884552,0.925046443939209,0.2518177330493927,0.7103328108787537,0.5130200982093811,-0.6987156867980957,0.9673221707344055,0.48020774126052856,0.6749465465545654,0.19839100539684296,0.9982375502586365,0.4771619439125061,0.6783121228218079,-0.19805118441581726,0.9997963905334473,0.5176217555999756,0.7818139791488647,0.3178942799568176,0.37938544154167175,0.5562555193901062,0.790533185005188,-0.38253310322761536,0.9889135360717773,0.4604152739048004,0.8709311485290527,0.5143965482711792,0.599541187286377,0.5280423164367676,0.9273170232772827,-0.5142588019371033,0.9901983737945557,0.43327754735946655,0.8869773745536804,0.5263894200325012,0.5971274971961975,0.49314171075820923,0.9447411298751831,-0.5345069169998169,0.9771578311920166,0.5266446471214294,0.8935421109199524,0.44888874888420105,0.7329804301261902,0.6136894822120667,0.956771194934845,-0.7084404826164246,0.9861042499542236
16,0.6666666666666667,0.5885171890258789,0.4645984172821045,-0.04152911156415939,0.9998263716697693,0.539402961730957,0.5144792795181274,0.3076431155204773,0.9979583024978638,0.49795010685920715,0.5115025639533997,-0.3144742548465729,0.9999281764030457,0.5530392527580261,0.5471016764640808,0.6873859167098999,0.08614923059940338,0.5301534533500671,0.5568963289260864,-0.6575039625167847,0.9800291657447815,0.6125625371932983,0.5148613452911377,1.0037529468536377,0.2090083211660385,0.6362521648406982,0.5127867460250854,-0.8876179456710815,0.9739195108413696,0.6225517988204956,0.5158988833427429,1.0737884044647217,0.2498590350151062,0.6591206192970276,0.49877849221229553,-0.9589501023292542,0.9683093428611755,0.4823189079761505,0.6760546565055847,0.19843080639839172,0.9982384443283081,0.46619147062301636,0.6783292293548584,-0.19810989499092102,0.9997972249984741,0.517238438129425,0.7816008925437927,0.3691670298576355,0.3764500916004181,0.5391683578491211,0.7927049994468689,-0.3685343563556671,0.9875937104225159,0.4609827697277069,0.8683813810348511,0.6017370820045471,0.5894776582717896,0.5280532240867615,0.928735077381134,-0.491519033908844,0.9897341728210449,0.4358503222465515,0.8833984136581421,0.616493284702301,0.5937738418579102,0.4935621917247772,0.9460972547531128,-0.5098260045051575,0.9768754839897156,0.524073600769043,0.8892057538032532,0.5388103723526001,0.7228177189826965,0.6135836839675903,0.9574160575866699,-0.6839450001716614,0.9852787852287292
17,0.7083333333333334,0.5859366655349731,0.4646473824977875,-0.05518109351396561,0.9997888207435608,0.5399309992790222,0.5130167007446289,0.3019116222858429,0.9976220726966858,0.48631730675697327,0.5086639523506165,-0.3434162139892578,0.9999163150787354,0.559406578540802,0.5103783011436462,0.6798384189605713,0.08420591801404953,0.5295632481575012,0.5441561937332153,-0.6479884386062622,0.9802586436271667,0.6166623830795288,0.4892083704471588,0.9975758790969849,0.20098312199115753,0.6118281483650208,0.49990755319595337,-0.802351713180542,0.9726269245147705,0.6244974136352539,0.4858176112174988,1.0024422407150269,0.24209018051624298,0.6297418475151062,0.49057069420814514,-0.8685380816459656,0.9659444689750671,0.4869380593299866,0.6759955883026123,0.20096467435359955,0.9981613159179688,0.4583117961883545,0.6778750419616699,-0.20075958967208862,0.9997801184654236,0.49497655034065247,0.7748252749443054,0.3538201153278351,0.36258578300476074,0.5198580622673035,0.7978150248527527,-0.3655669689178467,0.9831441044807434,0.45211905241012573,0.8517540693283081,0.5918906927108765,0.566664457321167,0.5280745625495911,0.9294854998588562,-0.44278788566589355,0.9878193736076355,0.4281177222728729,0.8688796758651733,0.6069416999816895,0.5826029181480408,0.4953482449054718,0.94691401720047,-0.4587622284889221,0.9758290648460388,0.49913036823272705,0.8773761987686157,0.5210446715354919,0.7029456496238708,0.608494758605957,0.9592485427856445,-0.667343020439148,0.9826946258544922
18,0.75,0.570032000541687,0.46345824003219604,-0.13805843889713287,0.9997999668121338,0.5325626134872437,0.5122867822647095,0.3019419014453888,0.9973039627075195,0.48291289806365967,0.5058755278587341,-0.37060436606407166,0.9999082088470459,0.5494725704193115,0.505831778049469,0.6723290085792542,0.08074218034744263,0.5197833776473999,0.5293213129043579,-0.7976670861244202,0.9803833961486816,0.6099168658256531,0.47615814208984375,0.9834555983543396,0.20382682979106903,0.5770482420921326,0.49450230598449707,-1.08722984790802,0.9721235036849976,0.6246944665908813,0.47343820333480835,1.051411509513855,0.2482617348432541,0.6007562279701233,0.4847049117088318,-1.1703641414642334,0.9645807147026062,0.4901427924633026,0.6757506728172302,0.20465771853923798,0.9982137680053711,0.45045390725135803,0.6766310334205627,-0.2046109288930893,0.9997830390930176,0.49676018953323364,0.7763740420341492,0.34468841552734375,0.36244744062423706,0.5039685368537903,0.79932701587677,-0.36346083879470825,0.9808226823806763,0.43897244334220886,0.8529416918754578,0.5800511837005615,0.5593757033348083,0.5295592546463013,0.9307551383972168,-0.4338812232017517,0.9877111315727234,0.41664645075798035,0.8723775744438171,0.5944985151290894,0.5805875658988953,0.5011276006698608,0.9479713439941406,-0.45156216621398926,0.9763943552970886,0.49310100078582764,0.884879469871521,0.5055035948753357,0.6987553834915161,0.6028087139129639,0.9640118479728699,-0.6633702516555786,0.9824156165122986
19,0.7916666666666667,0.5706402063369751,0.4591929018497467,-0.13142989575862885,0.9998145699501038,0.5219847559928894,0.5063035488128662,0.28278031945228577,0.9973232746124268,0.47631847858428955,0.5046728849411011,-0.3951290249824524,0.9999059438705444,0.5386595129966736,0.5008528828620911,0.6535190939903259,0.08109545707702637,0.474880188703537,0.5598324537277222,-0.7174278497695923,0.9687869548797607,0.6214632391929626,0.47736868262290955,0.9869375228881836,0.22246712446212769,0.5144075155258179,0.6065017580986023,-0.9574487209320068,0.9570896625518799,0.6350411772727966,0.46690815687179565,1.0629626512527466,0.2636619508266449,0.5150651931762695,0.6240668296813965,-1.0213643312454224,0.950509786605835,0.49016910791397095,0.6741281747817993,0.20306706428527832,0.9982632398605347,0.44789162278175354,0.6743634939193726,-0.20321668684482574,0.9997646808624268,0.494317889213562,0.7756849527359009,0.3632335662841797,0.36258137226104736,0.49379491806030273,0.7968699336051941,-0.22302676737308502,0.9757202863693237,0.4334867298603058,0.8547972440719604,0.6187717914581299,0.549968421459198,0.5200042724609375,0.9269825220108032,-0.20588503777980804,0.984860360622406,0.4121708869934082,0.8741846084594727,0.6339581608772278,0.576244056224823,0.49380773305892944,0.9443744421005249,-0.21544015407562256,0.9734735488891602,0.49336785078048706,0.884913444519043,0.5597573518753052,0.6968276500701904,0.6027129888534546,0.96204674243927,-0.3886856436729431,0.9794883728027344
20,0.8333333333333334,0.5473248958587646,0.4557182192802429,-0.11511264741420746,0.9998269081115723,0.5256913304328918,0.5059769749641418,0.27645260095596313,0.9974632263183594,0.4404054284095764,0.5009376406669617,-0.22880975902080536,0.999908447265625,0.5851345062255859,0.5120473504066467,0.41250079870224,0.14444003999233246,0.3821256756782532,0.5424784421920776,-0.6236674189567566,0.9715865254402161,0.6448720693588257,0.47097325325012207,0.5003442764282227,0.290619432926178,0.47457000613212585,0.4982541501522064,-0.8653566241264343,0.960963785648346,0.6556050777435303,0.45570364594459534,0.5238815546035767,0.32074254751205444,0.4979340136051178,0.48098674416542053,-0.9336576461791992,0.9543418288230896,0.49955740571022034,0.6664020419120789,0.16346469521522522,0.9982593655586243,0.4376193881034851,0.6637452840805054,-0.16352200508117676,0.9997397661209106,0.4957253038883209,0.7755352258682251,0.19127096235752106,0.3620229661464691,0.46847954392433167,0.7814518213272095,-0.31744369864463806,0.9677401185035706,0.45603078603744507,0.8678699731826782,0.30964553356170654,0.5359609723091125,0.4681481122970581,0.9028628468513489,-0.31112250685691833,0.9754765629768372,0.4317387342453003,0.8886178135871887,0.31100672483444214,0.5650830864906311,0.4435957968235016,0.9262537956237793,-0.32295677065849304,0.9600140452384949,0.5165873169898987,0.8911093473434448,0.19048474729061127,0.6871758699417114,0.5449580550193787,0.9485271573066711,-0.5944172143936157,0.9710474610328674
21,0.875,0.5298897624015808,0.44808799028396606,-0.09724072366952896,0.9998409152030945,0.5339581966400146,0.5033458471298218,0.30008116364479065,0.997664213180542,0.4222433865070343,0.49855631589889526,-0.1446174681186676,0.9999104142189026,0.6046164631843567,0.5153056383132935,0.19041010737419128,0.21819402277469635,0.3645073473453522,0.5384584665298462,-0.5126740336418152,0.9742672443389893,0.6561729907989502,0.46497637033462524,-0.017727799713611603,0.3583624064922333,0.4544532299041748,0.47648781538009644,-0.7140900492668152,0.964693546295166,0.6672547459602356,0.4490737318992615,-0.05029583349823952,0.38179832696914673,0.47567489743232727,0.45856818556785583,-0.7660470008850098,0.9583249092102051,0.5100015997886658,0.6611224412918091,0.15172064304351807,0.9983636736869812,0.4329849183559418,0.6570543646812439,-0.15178082883358002,0.9997345209121704,0.49647796154022217,0.7756050825119019,0.1266058087348938,0.3917980194091797,0.44957128167152405,0.7757077813148499,-0.3251267075538635,0.9664587378501892,0.46017855405807495,0.8730441927909851,0.22651556134223938,0.5566951632499695,0.4329302906990051,0.8972115516662598,-0.3349548876285553,0.9727767705917358,0.4345149099826813,0.8916745185852051,0.2246147096157074,0.5820156931877136,0.40614527463912964,0.9192817807197571,-0.3469170033931732,0.9499284029006958,0.5181845426559448,0.899505615234375,0.07724066078662872,0.7028185725212097,0.48793745040893555,0.9411512613296509,-0.5832321643829346,0.9691405296325684
22,0.9166666666666667,0.5255118608474731,0.4453953802585602,-0.21016067266464233,0.9998559951782227,0.5374359488487244,0.5000842809677124,0.2810315787792206,0.9978234767913818,0.42154058814048767,0.49522924423217773,-0.22045648097991943,0.9999169111251831,0.6185510158538818,0.5114189386367798,0.208953395485878,0.2785123586654663,0.34497779607772827,0.5340398550033569,-0.6351278424263,0.9767052531242371,0.6617097854614258,0.45973634719848633,0.5900347828865051,0.4191336929798126,0.4271346628665924,0.4643097519874573,-0.9061622023582458,0.9681040048599243,0.6723522543907166,0.44231361150741577,0.6595574617385864,0.43611031770706177,0.44422081112861633,0.4448889195919037,-0.9617693424224854,0.9620451331138611,0.5141503810882568,0.6590573191642761,0.1576361209154129,0.998429000377655,0.4336129128932953,0.6553481817245483,-0.15785706043243408,0.9997475743293762,0.49660730361938477,0.770459771156311,0.2653886675834656,0.42248135805130005,0.43623077869415283,0.774605929851532,-0.37943902611732483,0.9635080695152283,0.46821263432502747,0.8703907132148743,0.5190155506134033,0.5827443599700928,0.39680221676826477,0.8971637487411499,-0.39659279584884644,0.9709001183509827,0.4455101788043976,0.8887258768081665,0.5304116606712341,0.6034643650054932,0.3713185489177704,0.9168787002563477,-0.40881457924842834,0.9386845827102661,0.5194143056869507,0.8980957269668579,0.34553664922714233,0.7201384902000427,0.45205870270729065,0.9376559257507324,-0.6673455238342285,0.9674267172813416
23,0.9583333333333334,0.5193694829940796,0.4430418014526367,-0.28597161173820496,0.9998700618743896,0.5476496815681458,0.49978476762771606,0.25145286321640015,0.9979789853096008,0.4174171984195709,0.49523669481277466,-0.20844270288944244,0.9999240040779114,0.634306788444519,0.5077484846115112,0.3789849877357483,0.3382643163204193,0.3244902193546295,0.5295448303222656,-0.6270359754562378,0.9789408445358276,0.6649470925331116,0.45116090774536133,0.49703162908554077,0.4740389585494995,0.40603357553482056,0.4590822756290436,-0.917032778263092,0.9711669087409973,0.6765672564506531,0.4344848096370697,0.5282724499702454,0.4856509566307068,0.42041343450546265,0.4390498697757721,-0.9821720719337463,0.9653241038322449,0.5188261270523071,0.6595081090927124,0.15805163979530334,0.9985042810440063,0.4342067241668701,0.6558489203453064,-0.15844188630580902,0.9997660517692566,0.49696671962738037,0.7674674391746521,0.3998255133628845,0.455176442861557,0.42672789096832275,0.7732639908790588,-0.39389538764953613,0.9643938541412354,0.46948862075805664,0.8659988641738892,0.7046442031860352,0.6101308465003967,0.3710044324398041,0.8957832455635071,-0.44270965456962585,0.971778929233551,0.44976794719696045,0.881018340587616,0.7238835096359253,0.6270207762718201,0.346547394990921,0.913422703742981,-0.4588613212108612,0.9288173317909241,0.5219331383705139,0.8968558311462402,0.5943427085876465,0.7390307784080505,0.41009441018104553,0.9395807981491089,-0.7213826775550842,0.967827558517456
24,1.0,0.4994281232357025,0.439704954624176,-0.4068787097930908,0.9998827576637268,0.5509522557258606,0.49970927834510803,-0.009285800158977509,0.9981311559677124,0.403342604637146,0.4961734414100647,-0.23038461804389954,0.999930739402771,0.6366329789161682,0.4931550621986389,-0.4244639575481415,0.4005827307701111,0.3025505542755127,0.525079607963562,-0.7333399653434753,0.9810028672218323,0.6662510633468628,0.4383637011051178,-0.9217410683631897,0.5243016481399536,0.3716096580028534,0.4539330005645752,-1.0877964496612549,0.9739058017730713,0.6796358227729797,0.4219556748867035,-1.0226571559906006,0.5326454639434814,0.376094788312912,0.4353969991207123,-1.182543396949768,0.9682003259658813,0.5205259323120117,0.6621751189231873,0.11427636444568634,0.9986421465873718,0.4301624000072479,0.6564613580703735,-0.11473377048969269,0.9997879266738892,0.4988554120063782,0.7683101892471313,0.37871259450912476,0.5017983317375183,0.3988117575645447,0.7732405066490173,-0.27428165078163147,0.9677513837814331,0.4748448133468628,0.8618826866149902,0.6961793899536133,0.6459053158760071,0.3228508234024048,0.8867380023002625,-0.20809945464134216,0.974141538143158,0.45202142000198364,0.8775998950004578,0.716735303401947,0.6574302911758423,0.29536110162734985,0.903398871421814,-0.21452902257442474,0.9284436702728271,0.5296681523323059,0.8954225778579712,0.5575484037399292,0.7622947692871094,0.34808918833732605,0.9297680854797363,-0.4822542071342468,0.970181405544281
25,1.0416666666666667,0.5025053024291992,0.4374069273471832,-0.4554938077926636,0.9998937249183655,0.55000901222229,0.4996267259120941,0.0014616232365369797,0.9982693791389465,0.394196093082428,0.4975586533546448,-0.3579747974872589,0.9999364614486694,0.6394813656806946,0.48560866713523865,-0.2393765151500702,0.45681044459342957,0.2878354489803314,0.5254571437835693,-0.8464416265487671,0.9828569889068604,0.6662216782569885,0.4345453381538391,-0.5884819626808167,0.5699892044067383,0.34836483001708984,0.453252375125885,-1.203640103340149,0.9763733744621277,0.6813436150550842,0.4185425639152527,-0.6591567993164062,0.5751507878303528,0.34895849227905273,0.4352000653743744,-1.306235432624817,0.9707940220832825,0.5182902216911316,0.6652882099151611,0.1311662644147873,0.9987680912017822,0.42668935656547546,0.6576219797134399,-0.13154450058937073,0.9998076558113098,0.4998946189880371,0.7689273357391357,0.462341845035553,0.5434093475341797,0.3829919695854187,0.7728129625320435,-0.2762397229671478,0.9707441329956055,0.47776615619659424,0.8602444529533386,0.8767993450164795,0.6785189509391785,0.30186203122138977,0.8854045867919922,-0.17769822478294373,0.9763126373291016,0.45370110869407654,0.8768923878669739,0.9053421020507812,0.6871052384376526,0.27920570969581604,0.9004508256912231,-0.18039211630821228,0.9300248026847839,0.534809410572052,0.8948327302932739,0.7418855428695679,0.7836018204689026,0.33290034532546997,0.9236708879470825,-0.45959335565567017,0.9723747372627258
26,1.0833333333333335,0.4954705834388733,0.4373999536037445,-0.4893006980419159,0.9999039173126221,0.5490259528160095,0.4975590109825134,-0.039255235344171524,0.9984003305435181,0.38268110156059265,0.4980391561985016,-0.3599538207054138,0.9999414086341858,0.6379722356796265,0.4790617823600769,-0.3229628801345825,0.5088078379631042,0.2806485593318939,0.5246666669845581,-0.8060356974601746,0.9845299124717712,0.6697009801864624,0.4306170344352722,-0.7250733375549316,0.6113845109939575,0.3269093334674835,0.4504877030849457,-1.151320219039917,0.9786241054534912,0.6823465824127197,0.41412004828453064,-0.8105611801147461,0.6135725975036621,0.323426216840744,0.43549641966819763,-1.2510313987731934,0.973237931728363,0.5170786380767822,0.6657296419143677,0.12010133266448975,0.9988856315612793,0.42159217596054077,0.6580801010131836,-0.12060844898223877,0.9998254776000977,0.5016101598739624,0.7683442831039429,0.42146730422973633,0.5866584181785583,0.36776962876319885,0.7723817229270935,-0.16533660888671875,0.9735441207885742,0.4799865782260895,0.8569351434707642,0.8525693416595459,0.7096813917160034,0.2884298861026764,0.8768186569213867,0.04724077507853508,0.9784454107284546,0.455391526222229,0.8737125396728516,0.8851335048675537,0.7159811854362488,0.2686643898487091,0.8874545097351074,0.05781753361225128,0.9327516555786133,0.5363545417785645,0.8924765586853027,0.7226009964942932,0.804194986820221,0.3076721429824829,0.914847195148468,-0.19836105406284332,0.9746557474136353
27,1.125,0.4855332672595978,0.4363998770713806,-0.5026172399520874,0.9999131560325623,0.5447899103164673,0.49585461616516113,-0.04359198734164238,0.99851393699646,0.3691202700138092,0.4990125298500061,-0.3458348214626312,0.9999442100524902,0.6346150040626526,0.47254008054733276,-0.2904124855995178,0.5559629201889038,0.2611845135688782,0.5239344239234924,-0.7837474346160889,0.9860336184501648,0.6720066666603088,0.4260447919368744,-0.6629906296730042,0.6487181782722473,0.3095461428165436,0.4492817521095276,-1.1492302417755127,0.9806435108184814,0.685657262802124,0.4103729724884033,-0.7437593340873718,0.6480884552001953,0.3079453706741333,0.4340284764766693,-1.250035285949707,0.9753934741020203,0.5158827304840088,0.6658098101615906,0.10766404122114182,0.998992383480072,0.41299962997436523,0.6592106223106384,-0.10817871242761612,0.999841034412384,0.5026746988296509,0.7664756774902344,0.3664036989212036,0.6258847713470459,0.36246803402900696,0.7708307504653931,-0.12075454741716385,0.9760226011276245,0.48150041699409485,0.8552291989326477,0.7902272343635559,0.7377551198005676,0.28023001551628113,0.8699427843093872,0.1299361139535904,0.98031085729599,0.4570797383785248,0.8724034428596497,0.8220086097717285,0.7419047355651855,0.264771431684494,0.8786060214042664,0.1446204036474228,0.9343323707580566,0.5373072028160095,0.8924204707145691,0.6545470356941223,0.8227172493934631,0.2984325587749481,0.910749614238739,-0.10296747088432312,0.9766086935997009
28,1.1666666666666667,0.45384418964385986,0.43387991189956665,-0.45475417375564575,0.9999207854270935,0.5349481701850891,0.49329692125320435,-0.07271038740873337,0.9986007213592529,0.351927787065506,0.4992995858192444,-0.24706006050109863,0.9999423027038574,0.6306055188179016,0.46815595030784607,-0.30623990297317505,0.5992972254753113,0.23854410648345947,0.5248833894729614,-0.6378545761108398,0.987385630607605,0.6713172197341919,0.42240428924560547,-0.640453577041626,0.6826623678207397,0.27622297406196594,0.4519851803779602,-1.1231549978256226,0.9824424386024475,0.6847608685493469,0.4068894386291504,-0.7157573103904724,0.6796339750289917,0.2720971405506134,0.4369778037071228,-1.1651471853256226,0.9771801829338074,0.5112776160240173,0.6639293432235718,0.06245851889252663,0.9990861415863037,0.39991462230682373,0.6600660681724548,-0.0627967119216919,0.999853789806366,0.5024709701538086,0.7652913928031921,0.257885217666626,0.6622215509414673,0.34845906496047974,0.7686185240745544,-0.09493817389011383,0.9782982468605042,0.4836393892765045,0.8546940684318542,0.6997544765472412,0.7632811665534973,0.2785979211330414,0.8669413328170776,0.1678052544593811,0.9820007681846619,0.4611367881298065,0.8716789484024048,0.7362238764762878,0.7645638585090637,0.2737143337726593,0.8759133219718933,0.183323472738266,0.9340953230857849,0.5391792058944702,0.8916581273078918,0.5142650008201599,0.8394941687583923,0.2863225042819977,0.9085578918457031,-0.06713970750570297,0.9783636331558228
29,1.2083333333333335,0.438137024641037,0.43339210748672485,-0.46753811836242676,0.9999276399612427,0.527152419090271,0.49252328276634216,-0.06676939129829407,0.9986297488212585,0.33824071288108826,0.5000243782997131,-0.20239658653736115,0.9999402761459351,0.6291401982307434,0.46813926100730896,-0.24363526701927185,0.6379413604736328,0.2189590483903885,0.526537299156189,-0.5451627969741821,0.9886084198951721,0.6704843044281006,0.42265182733535767,-0.5370579361915588,0.7125571370124817,0.2571253180503845,0.45588356256484985,-0.9275299310684204,0.9840576648712158,0.6840823292732239,0.40713319182395935,-0.6040130257606506,0.7061613202095032,0.25172317028045654,0.4397779107093811,-1.018230676651001,0.9786906838417053,0.5023843050003052,0.6620620489120483,0.050032563507556915,0.99916672706604,0.3886134624481201,0.6599204540252686,-0.0503012090921402,0.9998642802238464,0.5005745887756348,0.7639342546463013,0.2636912167072296,0.6948627233505249,0.34267979860305786,0.7649179697036743,-0.09489137679338455,0.9803531765937805,0.4848768413066864,0.8544405102729797,0.6701499819755554,0.7862911820411682,0.2814330756664276,0.8661762475967407,0.14618058502674103,0.9835423827171326,0.46411216259002686,0.8716179132461548,0.6995266079902649,0.7848213315010071,0.2778479754924774,0.8754542469978333,0.15972523391246796,0.9345923066139221,0.5415645241737366,0.8908790349960327,0.4809216856956482,0.8546062707901001,0.28716033697128296,0.9082255363464355,-0.09479346871376038,0.9799999594688416
30,1.25,0.4277324974536896,0.4342600405216217,-0.4338371753692627,0.999934196472168,0.5163899064064026,0.49310755729675293,-0.009364919736981392,0.9986774921417236,0.331474244594574,0.5038110613822937,-0.19302748143672943,0.9999407529830933,0.6182786226272583,0.46709761023521423,-0.0052456059493124485,0.6731647849082947,0.21379324793815613,0.5274854898452759,-0.5540879368782043,0.9897037148475647,0.6703987717628479,0.4215885102748871,-0.053470246493816376,0.7403976917266846,0.24413786828517914,0.45877233147621155,-0.9265639185905457,0.9855173230171204,0.6836735606193542,0.40672406554222107,-0.07460503280162811,0.732269287109375,0.2372686117887497,0.44263023138046265,-1.0166155099868774,0.9801161885261536,0.4921717047691345,0.6623871922492981,0.06537430733442307,0.9992411136627197,0.3800465762615204,0.6599806547164917,-0.06570158153772354,0.999875545501709,0.49831628799438477,0.7673073410987854,0.29255226254463196,0.7242091298103333,0.3355181813240051,0.7658478021621704,-0.14096364378929138,0.9821997284889221,0.48777884244918823,0.854832649230957,0.6723715662956238,0.8070693612098694,0.2812565267086029,0.8687762022018433,0.04071678966283798,0.9849796295166016,0.46767348051071167,0.8717163801193237,0.6987824440002441,0.8042373061180115,0.27802935242652893,0.8790444135665894,0.048362020403146744,0.9363632202148438,0.5443687438964844,0.8912503123283386,0.5018552541732788,0.8682142496109009,0.2850246727466583,0.9100119471549988,-0.20239216089248657,0.9815287590026855
31,1.2916666666666667,0.41136056184768677,0.4341060221195221,-0.43120473623275757,0.9999396800994873,0.5054658055305481,0.4934767782688141,-0.00725534139201045,0.998677670955658,0.3220711946487427,0.5053094625473022,-0.20027261972427368,0.9999373555183411,0.6036648750305176,0.47009316086769104,0.08881565928459167,0.7046905755996704,0.20864109694957733,0.5325002074241638,-0.5388206839561462,0.9906861782073975,0.6703352332115173,0.42245760560035706,0.11720642447471619,0.7653058767318726,0.22792822122573853,0.46000415086746216,-0.8863862156867981,0.9868267178535461,0.6833937168121338,0.4054604470729828,0.11872117966413498,0.755272626876831,0.22251902520656586,0.44420260190963745,-0.9709774255752563,0.9813131093978882,0.48088303208351135,0.6624826192855835,0.0656370222568512,0.999304473400116,0.3699706196784973,0.6604152917861938,-0.06603845953941345,0.9998831152915955,0.49467477202415466,0.7673472762107849,0.27575546503067017,0.7506235241889954,0.331900030374527,0.7666987776756287,-0.1010790541768074,0.9838009476661682,0.492157906293869,0.8549960851669312,0.6390686631202698,0.82576584815979,0.28757381439208984,0.8679994344711304,0.13264115154743195,0.9862353205680847,0.47206661105155945,0.8719364404678345,0.6618619561195374,0.8212960958480835,0.284216046333313,0.878308892250061,0.14705565571784973,0.9376058578491211,0.5466510057449341,0.8912180066108704,0.4669669568538666,0.8804365992546082,0.28901270031929016,0.9087762832641602,-0.09094052761793137,0.9828522801399231
32,1.3333333333333335,0.3880395293235779,0.43531522154808044,-0.4270605742931366,0.9999437928199768,0.478674054145813,0.49381574988365173,-0.05708099529147148,0.9987388849258423,0.30190324783325195,0.5068477392196655,-0.18610075116157532,0.9999336004257202,0.5799303650856018,0.4715763032436371,-0.1169196367263794,0.7334522008895874,0.1989433467388153,0.5330259203910828,-0.5166781544685364,0.9915069937705994,0.6621925830841064,0.4257872998714447,-0.2892305254936218,0.787799060344696,0.20130734145641327,0.4677571654319763,-0.908927857875824,0.9878631234169006,0.6761108636856079,0.41014814376831055,-0.33402594923973083,0.7764527797698975,0.19515593349933624,0.4520278871059418,-0.9990994930267334,0.9820255637168884,0.46122512221336365,0.6634297966957092,0.04494908079504967,0.9993578195571899,0.35257723927497864,0.6620668172836304,-0.045222386717796326,0.9998888373374939,0.4922374188899994,0.7673718333244324,0.22164630889892578,0.7747465968132019,0.3244432210922241,0.7667537927627563,-0.09044772386550903,0.9853070974349976,0.5102362036705017,0.8523890376091003,0.5712228417396545,0.8425227999687195,0.2927059829235077,0.8649178743362427,0.11690180748701096,0.9873483180999756,0.5008798241615295,0.8669096231460571,0.5922619104385376,0.8354724049568176,0.2912430465221405,0.8756487965583801,0.12719714641571045,0.9382079839706421,0.5515741109848022,0.8903621435165405,0.3920383155345917,0.8912816643714905,0.29233241081237793,0.9066731333732605,-0.11010687798261642,0.9839329719543457
33,1.375,0.3828585743904114,0.43597570061683655,-0.413369745016098,0.999947190284729,0.4677456021308899,0.4940503239631653,-0.06478863954544067,0.9987918734550476,0.2876724898815155,0.5079534649848938,-0.19971239566802979,0.999925434589386,0.5695140957832336,0.4734143614768982,-0.09614050388336182,0.7595381736755371,0.18199840188026428,0.5358287692070007,-0.5172119736671448,0.9922685623168945,0.6532811522483826,0.4278591573238373,-0.25254136323928833,0.80826336145401,0.1849772334098816,0.4738464951515198,-0.9049869179725647,0.9888606667518616,0.672688364982605,0.4125453531742096,-0.2928272485733032,0.7959772944450378,0.18230564892292023,0.456909716129303,-0.9974196553230286,0.9828386902809143,0.4502395689487457,0.6634851098060608,0.03874187916517258,0.999396800994873,0.34229084849357605,0.662902295589447,-0.03897229954600334,0.9998892545700073,0.4896581768989563,0.7658043503761292,0.20983323454856873,0.7965616583824158,0.32306987047195435,0.7670491933822632,-0.06615880131721497,0.9866146445274353,0.519925594329834,0.8506808280944824,0.550916850566864,0.8576278686523438,0.2946091890335083,0.8657211065292358,0.16126146912574768,0.9882883429527283,0.511463463306427,0.8639745712280273,0.5706418752670288,0.8472160696983337,0.29451000690460205,0.8759711384773254,0.1731555163860321,0.9375669360160828,0.55124831199646,0.8873790502548218,0.35386529564857483,0.9010726809501648,0.29329714179039,0.9056988954544067,-0.07271292805671692,0.9847886562347412
34,1.4166666666666667,0.37495559453964233,0.43626800179481506,-0.4069492220878601,0.9999505877494812,0.4580122232437134,0.4940805435180664,-0.06263843923807144,0.9988759160041809,0.281477153301239,0.5090768933296204,-0.17527244985103607,0.9999097585678101,0.5637238621711731,0.47387003898620605,-0.07382474839687347,0.7832445502281189,0.17851926386356354,0.5392106771469116,-0.47658199071884155,0.9929169416427612,0.6465239524841309,0.42821890115737915,-0.19697168469429016,0.8269414901733398,0.1765860617160797,0.4793561100959778,-0.8853554725646973,0.9897547364234924,0.6705827116966248,0.41362133622169495,-0.2227325588464737,0.8143083453178406,0.1742522418498993,0.4625677168369293,-0.9741079807281494,0.9835841655731201,0.44433993101119995,0.6604612469673157,0.020760392770171165,0.9994336366653442,0.33636608719825745,0.6627157926559448,-0.02106582373380661,0.9998841285705566,0.4838019013404846,0.7622498273849487,0.14527824521064758,0.8164077997207642,0.32165995240211487,0.7663475275039673,-0.018333828076720238,0.9876628518104553,0.5350932478904724,0.8506441116333008,0.47388318181037903,0.871324896812439,0.29722970724105835,0.8654597401618958,0.23515373468399048,0.9889790415763855,0.5358683466911316,0.8618823885917664,0.49154549837112427,0.8535659909248352,0.296687513589859,0.8750400543212891,0.24943433701992035,0.9350703954696655,0.5510093569755554,0.8876498937606812,0.24774250388145447,0.9100137948989868,0.29476895928382874,0.9037079811096191,0.0085685970261693,0.9854133129119873
35,1.4583333333333335,0.36737823486328125,0.43687376379966736,-0.43435749411582947,0.9999530911445618,0.4516858756542206,0.4941903054714203,-0.09561756253242493,0.9989635348320007,0.27908578515052795,0.5110751390457153,-0.17776606976985931,0.9998922348022461,0.5595741868019104,0.4728650152683258,-0.12128373235464096,0.8047204613685608,0.17204706370830536,0.5400311946868896,-0.455658495426178,0.9934847950935364,0.641940712928772,0.42810988426208496,-0.2733289897441864,0.8438900709152222,0.1701394021511078,0.48233017325401306,-0.8644016981124878,0.990511417388916,0.6655488610267639,0.41371822357177734,-0.30952155590057373,0.8312782645225525,0.16707293689250946,0.46605411171913147,-0.9557791948318481,0.9840353727340698,0.4389355182647705,0.6590877771377563,0.006540245376527309,0.9994593858718872,0.3313676714897156,0.662782609462738,-0.00682712672278285,0.9998738765716553,0.47839924693107605,0.7572960257530212,0.11674606800079346,0.8343989849090576,0.3209403455257416,0.7655056715011597,-0.06061284989118576,0.988641619682312,0.5471837520599365,0.8506264686584473,0.44878286123275757,0.8837580680847168,0.3000166714191437,0.8642362356185913,0.17328357696533203,0.9896512627601624,0.5565686821937561,0.8612335324287415,0.4655521810054779,0.8541279435157776,0.2974262535572052,0.8743208050727844,0.18461939692497253,0.93282550573349,0.550887405872345,0.8913242220878601,0.1969776749610901,0.9181692004203796,0.2998043894767761,0.9038809537887573,-0.07327849417924881,0.9861346483230591
36,1.5,0.3531225919723511,0.4360986649990082,-0.42223238945007324,0.9999544024467468,0.4396679699420929,0.4931531846523285,-0.10992933809757233,0.9990413188934326,0.2659706473350525,0.5111619234085083,-0.1787305623292923,0.9998618364334106,0.5495461821556091,0.47178229689598083,-0.1314452439546585,0.8240641951560974,0.16506683826446533,0.5409971475601196,-0.44990792870521545,0.9939007759094238,0.6370354294776917,0.4280232787132263,-0.27315813302993774,0.8591840267181396,0.15653935074806213,0.48524022102355957,-0.8577830791473389,0.9910747408866882,0.6593232154846191,0.4135916829109192,-0.3055858314037323,0.8468034267425537,0.15001043677330017,0.47016897797584534,-0.9460586309432983,0.9840822815895081,0.43799257278442383,0.6550391912460327,-0.0009734014747664332,0.9994691014289856,0.3302353024482727,0.6616355776786804,0.0006902473978698254,0.9998572468757629,0.47855454683303833,0.7552963495254517,0.11097799241542816,0.8506388664245605,0.32197344303131104,0.7637037038803101,-0.060753993690013885,0.9894405603408813,0.5530564188957214,0.847270667552948,0.4307282865047455,0.8949568867683411,0.30177319049835205,0.8649153709411621,0.15729139745235443,0.9902344346046448,0.5636138319969177,0.8562980890274048,0.44627025723457336,0.852228581905365,0.3020534813404083,0.8749272227287292,0.1661745011806488,0.9311180710792542,0.550719141960144,0.8914483189582825,0.1778695285320282,0.9255459308624268,0.3030029535293579,0.9038238525390625,-0.09162664413452148,0.9867366552352905
37,1.5416666666666667,0.35413408279418945,0.4363238215446472,-0.41731542348861694,0.9999542832374573,0.4339664876461029,0.4920671880245209,-0.1300605833530426,0.9991217255592346,0.2620249092578888,0.5133113861083984,-0.18559566140174866,0.9997869729995728,0.5465895533561707,0.47026458382606506,-0.15979555249214172,0.8415202498435974,0.17492729425430298,0.5406380891799927,-0.45661401748657227,0.9938549995422363,0.6344113349914551,0.42841362953186035,-0.30329379439353943,0.8730264902114868,0.15041016042232513,0.485657274723053,-0.8580917119979858,0.9910189509391785,0.6566746234893799,0.41388702392578125,-0.3367050588130951,0.8611373901367188,0.14369210600852966,0.4711526930332184,-0.9461107850074768,0.982736349105835,0.4365021288394928,0.6532672643661499,-0.005080403760075569,0.9994805455207825,0.32850921154022217,0.6611831784248352,0.004809235222637653,0.9998370409011841,0.47886136174201965,0.7540303468704224,0.09160137176513672,0.8652842044830322,0.32059159874916077,0.7633799910545349,-0.06955806165933609,0.9901399612426758,0.5537092685699463,0.8455158472061157,0.4142281711101532,0.9050617218017578,0.3025648891925812,0.8638542890548706,0.15257248282432556,0.9907781481742859,0.5650152564048767,0.8536108732223511,0.43070483207702637,0.8514752984046936,0.3051130771636963,0.8735968470573425,0.16160772740840912,0.930304765701294,0.5491885542869568,0.8902726173400879,0.1632201075553894,0.9322285056114197,0.305009126663208,0.9035953283309937,-0.09685451537370682,0.9872824549674988
38,1.5833333333333335,0.3484571874141693,0.4358665943145752,-0.4163917005062103,0.9999545812606812,0.43055984377861023,0.49018287658691406,-0.10579992085695267,0.9991952180862427,0.2605479657649994,0.5139086246490479,-0.18805016577243805,0.999730110168457,0.5451470613479614,0.46854105591773987,-0.12962637841701508,0.8571979999542236,0.17804041504859924,0.5404104590415955,-0.48214393854141235,0.9936931729316711,0.6318613886833191,0.42820873856544495,-0.26957792043685913,0.8854609131813049,0.148148775100708,0.48738279938697815,-0.9076213240623474,0.9909871220588684,0.65381920337677,0.412789523601532,-0.3056103587150574,0.8739639520645142,0.13851086795330048,0.47403138875961304,-0.9989102482795715,0.9817377328872681,0.43400952219963074,0.6520618200302124,0.0005287806270644069,0.9995013475418091,0.3260047435760498,0.6600408554077148,-0.0008528849575668573,0.9998204708099365,0.47708410024642944,0.7541030645370483,0.06165105849504471,0.8784460425376892,0.3198649287223816,0.7634896636009216,-0.07553602010011673,0.990675151348114,0.5501605868339539,0.845568835735321,0.3866001069545746,0.9140996932983398,0.30280807614326477,0.8635574579238892,0.16290703415870667,0.9911730885505676,0.5592332482337952,0.8542230725288391,0.40335986018180847,0.8491251468658447,0.3082548677921295,0.8727501630783081,0.17416740953922272,0.9282498955726624,0.547254204750061,0.8916276693344116,0.13878394663333893,0.9381406903266907,0.3065824806690216,0.9035738706588745,-0.08066647499799728,0.987682580947876
39,1.625,0.3444633185863495,0.4359680116176605,-0.41570380330085754,0.9999532103538513,0.4283589720726013,0.48977652192115784,-0.10623461753129959,0.9992566704750061,0.2576979100704193,0.5143463015556335,-0.19086545705795288,0.9996652603149414,0.5433142185211182,0.4679785668849945,-0.13576740026474,0.8712872862815857,0.17914776504039764,0.5405776500701904,-0.5109853744506836,0.9936820268630981,0.6282477378845215,0.42856842279434204,-0.28032270073890686,0.8966416120529175,0.1482234001159668,0.48981207609176636,-0.9904633164405823,0.9911397099494934,0.6509321331977844,0.41309309005737305,-0.3148563802242279,0.8854873776435852,0.13565528392791748,0.4768928587436676,-1.0887136459350586,0.981332004070282,0.4333893358707428,0.652632474899292,0.0005024285637773573,0.9995154738426208,0.3263073265552521,0.6601786017417908,-0.0007652954082004726,0.9998024106025696,0.47692951560020447,0.7547480463981628,0.08601762354373932,0.890349268913269,0.3197293281555176,0.7637072801589966,-0.044393740594387054,0.9912529587745667,0.5488027930259705,0.8474219441413879,0.39435577392578125,0.9223381876945496,0.3056310713291168,0.8635982275009155,0.19539211690425873,0.9915949702262878,0.554953396320343,0.8548833131790161,0.40833842754364014,0.8512223362922668,0.3130348026752472,0.8730546236038208,0.2055119127035141,0.9278291463851929,0.5458800196647644,0.8933194875717163,0.13610082864761353,0.9436489939689636,0.30766382813453674,0.9034164547920227,-0.04992363601922989,0.9881380796432495
40,1.6666666666666667,0.3374953269958496,0.4361986219882965,-0.4649817645549774,0.999954104423523,0.42679837346076965,0.4890754818916321,-0.17073200643062592,0.9993113875389099,0.25491124391555786,0.5160092711448669,-0.1978883147239685,0.9996222257614136,0.5445579290390015,0.466971218585968,-0.23183280229568481,0.8839978575706482,0.1669459044933319,0.5433477759361267,-0.5115497708320618,0.9939507842063904,0.6225935220718384,0.4288884997367859,-0.4038445055484772,0.9066853523254395,0.1442011147737503,0.49188536405563354,-0.9659945964813232,0.9913507103919983,0.6469143629074097,0.4133058190345764,-0.4505162835121155,0.8957006931304932,0.13353613018989563,0.47910523414611816,-1.0607794523239136,0.9808381199836731,0.43421947956085205,0.65269935131073,-0.006338199134916067,0.9995274543762207,0.32741329073905945,0.6622884273529053,0.006135467905551195,0.9997931122779846,0.47760531306266785,0.7551140785217285,0.10718797892332077,0.901025116443634,0.3195555806159973,0.7670337557792664,0.005010840017348528,0.9918245077133179,0.5448880791664124,0.8474637269973755,0.40495792031288147,0.9296499490737915,0.3088203966617584,0.8639616966247559,0.284588098526001,0.9919033646583557,0.5486542582511902,0.8555148243904114,0.41980424523353577,0.8532304167747498,0.31722790002822876,0.8736662864685059,0.29942822456359863,0.926876425743103,0.54567551612854,0.8939234018325806,0.20700225234031677,0.9484219551086426,0.3084706664085388,0.903704047203064,0.05266253650188446,0.988387405872345
41,1.7083333333333335,0.3351598381996155,0.436218798160553,-0.4699699282646179,0.9999550580978394,0.4263286292552948,0.488626629114151,-0.15939687192440033,0.9993622303009033,0.25352010130882263,0.5168045163154602,-0.2054101675748825,0.9995819926261902,0.5451196432113647,0.4670509397983551,-0.2147010862827301,0.8954248428344727,0.1639992743730545,0.5447400808334351,-0.5183630585670471,0.9941832423210144,0.6212111711502075,0.42945361137390137,-0.38591381907463074,0.9157096147537231,0.1431608945131302,0.49274927377700806,-0.9711155295372009,0.9915131330490112,0.6461533308029175,0.41343623399734497,-0.4304998517036438,0.9048244953155518,0.1319894939661026,0.48064202070236206,-1.065514326095581,0.9803192019462585,0.4345841705799103,0.652795672416687,-0.006181334611028433,0.9995419979095459,0.3276935815811157,0.6633713841438293,0.0060016196221113205,0.9997852444648743,0.47799283266067505,0.7555215954780579,0.12181542813777924,0.9106137156486511,0.32002678513526917,0.7679144144058228,0.018238235265016556,0.9923033714294434,0.5428841710090637,0.8502810597419739,0.4138701260089874,0.936231255531311,0.3115065395832062,0.864175021648407,0.29491889476776123,0.9921464920043945,0.5463464260101318,0.8576160669326782,0.427284836769104,0.8558787703514099,0.32032883167266846,0.8740665316581726,0.30935540795326233,0.9262986779212952,0.5455381870269775,0.8947426080703735,0.2280070185661316,0.9527546167373657,0.3106212913990021,0.9038971066474915,0.06193094328045845,0.9885897040367126
42,1.75,0.331028014421463,0.4368363320827484,-0.4627171754837036,0.999955415725708,0.42696884274482727,0.4885336458683014,-0.14976656436920166,0.9994025826454163,0.25347527861595154,0.5173118114471436,-0.2042216807603836,0.9995616674423218,0.546130895614624,0.46682119369506836,-0.20860525965690613,0.9056930541992188,0.16212402284145355,0.5444250106811523,-0.5100098252296448,0.9944607615470886,0.6216365098953247,0.4291346073150635,-0.3792436420917511,0.9237875938415527,0.14371497929096222,0.49321794509887695,-0.9622012376785278,0.9917201995849609,0.6465757489204407,0.4125283658504486,-0.42356744408607483,0.9128379821777344,0.13068053126335144,0.4816130995750427,-1.057499647140503,0.9799179434776306,0.4353802502155304,0.6529658436775208,-0.005786786321550608,0.999552309513092,0.32798704504966736,0.6643296480178833,0.005621641408652067,0.9997798800468445,0.4783143401145935,0.755916953086853,0.12764479219913483,0.919215202331543,0.3205607533454895,0.7681530117988586,0.008435231633484364,0.9927770495414734,0.5418376326560974,0.8507112264633179,0.4400261342525482,0.9421281814575195,0.3138746917247772,0.864246666431427,0.27118155360221863,0.9923957586288452,0.5453673601150513,0.8580600619316101,0.4564781188964844,0.8569920659065247,0.3221038281917572,0.8743177652359009,0.284232497215271,0.9255366325378418,0.5457015037536621,0.8946019411087036,0.23105701804161072,0.9565930962562561,0.31370222568511963,0.9041725397109985,0.03733978793025017,0.9888359904289246
43,1.7916666666666667,0.3266843557357788,0.4376794397830963,-0.469279408454895,0.9999561905860901,0.42668992280960083,0.4882883131504059,-0.14790990948677063,0.9994360208511353,0.2514461874961853,0.5177174210548401,-0.20416368544101715,0.9995529055595398,0.5470431447029114,0.4665554463863373,-0.201026052236557,0.9148776531219482,0.15841293334960938,0.5451955795288086,-0.5071426630020142,0.9947274923324585,0.622475266456604,0.4286344051361084,-0.3638794422149658,0.9309272170066833,0.14225594699382782,0.4943872392177582,-0.9486175775527954,0.9918574690818787,0.647605836391449,0.4106515944004059,-0.405701220035553,0.9195312261581421,0.1286831498146057,0.48285478353500366,-1.040187954902649,0.9793325662612915,0.43630436062812805,0.6537272334098816,-0.004676938056945801,0.9995646476745605,0.3285415768623352,0.6656666398048401,0.004490469582378864,0.9997798800468445,0.47872495651245117,0.756862998008728,0.1469949632883072,0.9269887804985046,0.3213079869747162,0.7695590853691101,0.02478392980992794,0.9932560920715332,0.5413739085197449,0.8506364822387695,0.5318813920021057,0.9474824070930481,0.31714847683906555,0.8648483157157898,0.31376320123672485,0.9926998019218445,0.5448464751243591,0.8578636050224304,0.5551900267601013,0.8595866560935974,0.3246156871318817,0.8745249509811401,0.33027806878089905,0.9254734516143799,0.5469682216644287,0.8944957852363586,0.305379182100296,0.9601020812988281,0.31746214628219604,0.9042830467224121,0.08758179843425751,0.9891387820243835
44,1.8333333333333335,0.33152246475219727,0.4379865527153015,-0.4743608236312866,0.9999572038650513,0.42697685956954956,0.4880453944206238,-0.14569655060768127,0.9994709491729736,0.2527385354042053,0.517810046672821,-0.2075924128293991,0.9995405077934265,0.5480941534042358,0.46643465757369995,-0.186790332198143,0.9231665134429932,0.16196036338806152,0.5457736253738403,-0.5091356635093689,0.9949361681938171,0.6231616735458374,0.4285416007041931,-0.34548220038414,0.9374462366104126,0.14511656761169434,0.49409937858581543,-0.9453681707382202,0.9920074343681335,0.6497648358345032,0.41010695695877075,-0.38616588711738586,0.9258862137794495,0.1324349045753479,0.4834744930267334,-1.0367985963821411,0.9789363741874695,0.43696340918540955,0.6543136835098267,-0.003031485714018345,0.9995818138122559,0.32968950271606445,0.6664568185806274,0.0028213083278387785,0.9997819662094116,0.4811191260814667,0.7589981555938721,0.15474583208560944,0.9340542554855347,0.3216012120246887,0.7709383368492126,0.03494264557957649,0.99371737241745,0.5419138669967651,0.8505851030349731,0.56082683801651,0.952395498752594,0.3227576017379761,0.8649409413337708,0.3378421366214752,0.9930446147918701,0.5460951328277588,0.8577273488044739,0.5861302614212036,0.8635397553443909,0.3299809694290161,0.87461918592453,0.3558101952075958,0.9258518218994141,0.5482564568519592,0.8943163156509399,0.33528169989585876,0.9633938074111938,0.3222735822200775,0.9044889211654663,0.11552147567272186,0.9895226955413818
45,1.875,0.32965752482414246,0.43827372789382935,-0.4665774405002594,0.9999573826789856,0.42733731865882874,0.48784375190734863,-0.14050009846687317,0.9994973540306091,0.2535920739173889,0.5177456736564636,-0.1903150975704193,0.9995259046554565,0.5487974286079407,0.4665953516960144,-0.18012744188308716,0.93061363697052,0.16468621790409088,0.5476056933403015,-0.48063138127326965,0.9951106905937195,0.6242281794548035,0.4285394251346588,-0.3437538146972656,0.9433128833770752,0.14672733843326569,0.4950639307498932,-0.9093695878982544,0.9921916127204895,0.6546749472618103,0.41035333275794983,-0.38508087396621704,0.9316527843475342,0.13528363406658173,0.4835689067840576,-0.9976966977119446,0.9787627458572388,0.43738314509391785,0.6543482542037964,-0.0038639078848063946,0.9995908141136169,0.33034712076187134,0.666724443435669,0.0036474214866757393,0.9997805953025818,0.48391884565353394,0.760064959526062,0.14645637571811676,0.9403616189956665,0.3223188519477844,0.7723672986030579,0.023275813087821007,0.9941043257713318,0.5421019792556763,0.8506086468696594,0.53877192735672,0.9567201137542725,0.32637932896614075,0.865446925163269,0.3075816035270691,0.9932790994644165,0.5462117195129395,0.8579069972038269,0.5613117814064026,0.86468505859375,0.3327953815460205,0.8747950792312622,0.3234376013278961,0.9248846769332886,0.5492725968360901,0.8941837549209595,0.3108755946159363,0.9661632776260376,0.3252577781677246,0.9047870635986328,0.08434231579303741,0.9897447228431702
46,1.9166666666666667,0.33375808596611023,0.43796586990356445,-0.43829482793807983,0.9999574422836304,0.4288945496082306,0.48772674798965454,-0.11362874507904053,0.9995272159576416,0.2545735836029053,0.5178099870681763,-0.19209319353103638,0.9995067119598389,0.5490853190422058,0.4668239951133728,-0.1260853260755539,0.937308132648468,0.16638469696044922,0.5496052503585815,-0.48967310786247253,0.9952799677848816,0.628748893737793,0.4287453591823578,-0.25672319531440735,0.9486498832702637,0.14816416800022125,0.49637871980667114,-0.9191247820854187,0.9924297332763672,0.659184455871582,0.41150403022766113,-0.2901371121406555,0.9371116757392883,0.1374989002943039,0.4845888018608093,-1.0059919357299805,0.9789167046546936,0.43924692273139954,0.6553328633308411,-0.0027763484977185726,0.9996029138565063,0.3310253918170929,0.6673079133033752,0.002554165432229638,0.999774694442749,0.488127738237381,0.7619383931159973,0.11403130739927292,0.9460536241531372,0.32415518164634705,0.7754825949668884,0.0110991932451725,0.9943901300430298,0.5422526001930237,0.8514324426651001,0.5130918025970459,0.9606003165245056,0.328816294670105,0.8670264482498169,0.2992394268512726,0.9934333562850952,0.5456567406654358,0.8590353727340698,0.5384219884872437,0.8668081164360046,0.33411169052124023,0.8761283159255981,0.31606325507164,0.9235093593597412,0.5519115924835205,0.8953465223312378,0.2934628427028656,0.968658447265625,0.3279179334640503,0.9062875509262085,0.07649281620979309,0.9898485541343689
47,1.9583333333333335,0.3370327055454254,0.43751826882362366,-0.4015209674835205,0.9999591708183289,0.4290178120136261,0.48766574263572693,-0.054414212703704834,0.9995589852333069,0.2558674216270447,0.517806887626648,-0.1909569650888443,0.9995052814483643,0.5492340922355652,0.4677034020423889,-0.047361649572849274,0.9432807564735413,0.1666136384010315,0.5490662455558777,-0.5021371841430664,0.9954102039337158,0.6363549828529358,0.43022170662879944,-0.15260986983776093,0.9535020589828491,0.15008923411369324,0.4962503910064697,-0.9205382466316223,0.9926045536994934,0.6654110550880432,0.41399598121643066,-0.17744553089141846,0.942223846912384,0.13955646753311157,0.4849921762943268,-1.0078738927841187,0.9789131879806519,0.442398339509964,0.6568768620491028,0.015291976742446423,0.9996233582496643,0.3328770399093628,0.6678584814071655,-0.015557881444692612,0.9997777938842773,0.4924474358558655,0.7648276090621948,0.1171841099858284,0.951160728931427,0.32594460248947144,0.7776291370391846,-0.00976733211427927,0.9946896433830261,0.5420902967453003,0.852654755115509,0.5125753283500671,0.9641276597976685,0.33088019490242004,0.8682409524917603,0.28378209471702576,0.9937044978141785,0.5426989793777466,0.8614818453788757,0.5368411540985107,0.8721274137496948,0.33548519015312195,0.8773857951164246,0.29982733726501465,0.9237611889839172,0.5554560422897339,0.8961111903190613,0.29457175731658936,0.9709903001785278,0.32929956912994385,0.908394455909729,0.05886012688279152,0.9901642203330994
48,2.0,0.3377954363822937,0.4375244081020355,-0.41214969754219055,0.9999608397483826,0.4323727488517761,0.48831862211227417,-0.07506541907787323,0.9995865821838379,0.25771254301071167,0.5177642703056335,-0.17033563554286957,0.9995243549346924,0.5522747039794922,0.4731143116950989,-0.08055983483791351,0.9486558437347412,0.16733621060848236,0.5508942604064941,-0.4782295525074005,0.9955909848213196,0.650867760181427,0.4406690001487732,-0.19473326206207275,0.9578424692153931,0.15385845303535461,0.4961917996406555,-0.8833937048912048,0.9928295016288757,0.6797435283660889,0.4277303218841553,-0.22734573483467102,0.9468007683753967,0.14770369231700897,0.4848868250846863,-0.97471022605896,0.9790748953819275,0.44865989685058594,0.6592475175857544,0.014656707644462585,0.9996469020843506,0.33639761805534363,0.6690132021903992,-0.01491821650415659,0.9997897148132324,0.49424394965171814,0.7680051922798157,0.11799707263708115,0.955635130405426,0.32841601967811584,0.7778428792953491,-0.014614904299378395,0.9949702620506287,0.5365671515464783,0.8530673980712891,0.5752943754196167,0.9670101404190063,0.3334280848503113,0.8687744140625,0.29515886306762695,0.9939597845077515,0.5305538773536682,0.8632215261459351,0.6084830164909363,0.8761582970619202,0.33868154883384705,0.8783708810806274,0.3159930408000946,0.924784243106842,0.55616694688797,0.8960162401199341,0.39489537477493286,0.9727712273597717,0.3304351270198822,0.9087992906570435,0.08940405398607254,0.9905296564102173
49,2.041666666666667,0.3523522615432739,0.43827033042907715,-0.3923249840736389,0.9999606013298035,0.4345969259738922,0.4888402819633484,-0.07102213054895401,0.9996018409729004,0.2614839971065521,0.5178619623184204,-0.19181004166603088,0.9995395541191101,0.5534652471542358,0.4777253568172455,-0.06541541963815689,0.953388512134552,0.1714579313993454,0.5498073697090149,-0.5148248672485352,0.9957109093666077,0.6652608513832092,0.4491705298423767,-0.18529345095157623,0.9616296291351318,0.16221195459365845,0.4960947036743164,-0.895501434803009,0.9929803609848022,0.6948580741882324,0.438727468252182,-0.21601545810699463,0.9505754113197327,0.1578209400177002,0.48223811388015747,-0.9863142371177673,0.9792391657829285,0.45343902707099915,0.6619463562965393,0.023175640031695366,0.9996635317802429,0.3416503965854645,0.6702629923820496,-0.023369699716567993,0.9998002648353577,0.4950757622718811,0.7689245343208313,0.18308226764202118,0.959613025188446,0.3309691846370697,0.7773599624633789,-0.01900394819676876,0.9952825307846069,0.5280838012695312,0.8554979562759399,0.5832284688949585,0.9698101878166199,0.3345673978328705,0.8689312934875488,0.2867150604724884,0.9943078756332397,0.515782356262207,0.8690294027328491,0.6095234751701355,0.8852234482765198,0.3401803970336914,0.8789087533950806,0.3049905598163605,0.9285427331924438,0.556391179561615,0.8959184885025024,0.39657914638519287,0.9747625589370728,0.3312635123729706,0.9090355634689331,0.07123275101184845,0.9909999370574951
50,2.0833333333333335,0.35393330454826355,0.43924403190612793,-0.4027075469493866,0.9999606609344482,0.4390026926994324,0.48979511857032776,-0.057906776666641235,0.9996129870414734,0.2640362083911896,0.5187290906906128,-0.1920374184846878,0.9995570182800293,0.5567837357521057,0.49100208282470703,-0.0367804579436779,0.9576407670974731,0.17531965672969818,0.548442006111145,-0.5191813707351685,0.9958168268203735,0.6696877479553223,0.46481022238731384,-0.16499380767345428,0.9651416540145874,0.17607228457927704,0.4890184998512268,-0.9011639952659607,0.9930922389030457,0.7055671811103821,0.4533384442329407,-0.19615937769412994,0.9543560743331909,0.1715947985649109,0.475552499294281,-0.9913634657859802,0.9792559742927551,0.45706474781036377,0.6627529263496399,0.032122157514095306,0.9996774792671204,0.3454340100288391,0.6706520915031433,-0.03226601704955101,0.9998118877410889,0.4950522482395172,0.7697876691818237,0.2154562771320343,0.9629918932914734,0.33357226848602295,0.777098536491394,-0.0712028369307518,0.9955695867538452,0.5165374875068665,0.8571319580078125,0.5887815952301025,0.9722612500190735,0.3355708420276642,0.870561957359314,0.1804378777742386,0.9946274757385254,0.500011146068573,0.8718609809875488,0.6122707724571228,0.8939494490623474,0.34110885858535767,0.8812731504440308,0.19345678389072418,0.9314994215965271,0.5572344660758972,0.8968132138252258,0.4033810794353485,0.9764683842658997,0.33448687195777893,0.9099732637405396,-0.04837311804294586,0.9914262294769287
51,2.125,0.36948326230049133,0.43975359201431274,-0.46194320917129517,0.9999616742134094,0.4451029598712921,0.4935762286186218,-0.06055772677063942,0.9996212720870972,0.26471295952796936,0.5203234553337097,-0.2709735333919525,0.9995855689048767,0.5604967474937439,0.506477415561676,0.0067536779679358006,0.9613085389137268,0.1730826199054718,0.552421510219574,-0.6125528216362,0.9961230754852295,0.6802540421485901,0.4804786741733551,-0.11865287274122238,0.9682464003562927,0.18821099400520325,0.48589015007019043,-0.9788834452629089,0.9935865998268127,0.7178583741188049,0.4716728627681732,-0.1490418165922165,0.9576860070228577,0.189211905002594,0.46858906745910645,-1.0751953125,0.9805355072021484,0.4608239531517029,0.6674057841300964,0.04628891497850418,0.9996911287307739,0.3492177128791809,0.6753052473068237,-0.04642004892230034,0.9998217225074768,0.49474185705184937,0.7743390798568726,0.22450515627861023,0.9661238193511963,0.3371375501155853,0.7803377509117126,-0.06002911925315857,0.9958000779151917,0.5053032040596008,0.8629024624824524,0.6596896648406982,0.9745222926139832,0.335790753364563,0.8724040985107422,0.21712729334831238,0.9949111342430115,0.48818397521972656,0.8762796521186829,0.6907135248184204,0.9025775194168091,0.34158793091773987,0.8839324712753296,0.24261921644210815,0.9347185492515564,0.5573207139968872,0.9003826975822449,0.4932355284690857,0.9781707525253296,0.33610671758651733,0.9114651679992676,-0.0008672052645124495,0.9917975664138794
52,2.166666666666667,0.38178616762161255,0.44025978446006775,-0.4582862854003906,0.9999620318412781,0.4613511860370636,0.4983428418636322,-0.036905236542224884,0.999620258808136,0.27657216787338257,0.520184338092804,-0.2451268881559372,0.9996143579483032,0.5739130973815918,0.5305147171020508,0.05206774175167084,0.9644336700439453,0.172515407204628,0.5467998385429382,-0.5721339583396912,0.996435821056366,0.690689742565155,0.5192887187004089,-0.0628150925040245,0.9710230231285095,0.21304115653038025,0.4762590527534485,-0.9022899866104126,0.9940310716629028,0.7299057245254517,0.5148225426673889,-0.08989008516073227,0.9606059789657593,0.21870119869709015,0.45849472284317017,-0.9904499650001526,0.9815695881843567,0.46915367245674133,0.6723724603652954,0.04798009619116783,0.9996867179870605,0.35651370882987976,0.6793949604034424,-0.048145636916160583,0.9998252987861633,0.4946431517601013,0.7790800333023071,0.24314996600151062,0.968805193901062,0.34404104948043823,0.7845872640609741,-0.057441823184490204,0.9960587024688721,0.4935404360294342,0.8721267580986023,0.6100121140480042,0.9765352606773376,0.3373965919017792,0.8765479326248169,0.2271573394536972,0.995175838470459,0.4756942689418793,0.8888055086135864,0.63777095079422,0.9105961918830872,0.3431427776813507,0.8900319337844849,0.2496611773967743,0.9375290274620056,0.5579236745834351,0.9026443362236023,0.42365437746047974,0.9796420931816101,0.33596280217170715,0.9131408929824829,0.006571904756128788,0.9921342134475708
53,2.2083333333333335,0.3827120065689087,0.4417003095149994,-0.47546082735061646,0.999963641166687,0.46944931149482727,0.5020402073860168,-0.03846834599971771,0.9996240735054016,0.28257879614830017,0.5201038718223572,-0.2133825272321701,0.999645471572876,0.5834872722625732,0.5413938760757446,0.05042465031147003,0.9671465754508972,0.17233982682228088,0.5423545241355896,-0.5312559604644775,0.9967511892318726,0.6993967294692993,0.5354637503623962,-0.07883279770612717,0.973452627658844,0.225709468126297,0.47397541999816895,-0.8422731757164001,0.9944857954978943,0.7362390160560608,0.5363816022872925,-0.10991869866847992,0.9629897475242615,0.23297415673732758,0.4557414650917053,-0.9267375469207764,0.9826233983039856,0.4744409918785095,0.6745258569717407,0.04527454450726509,0.9996747374534607,0.36290568113327026,0.6808305382728577,-0.045439835637807846,0.9998269081115723,0.49557623267173767,0.7799131274223328,0.2563837766647339,0.9710689783096313,0.35180485248565674,0.7843791842460632,-0.028761543333530426,0.9962823390960693,0.4883476793766022,0.8744842410087585,0.5949878096580505,0.9782519936561584,0.33787277340888977,0.8790210485458374,0.23024627566337585,0.995326817035675,0.46714189648628235,0.8927711248397827,0.6194123029708862,0.9172651171684265,0.3425467610359192,0.893252968788147,0.25105568766593933,0.9384269714355469,0.5579481720924377,0.9035533666610718,0.40909212827682495,0.9807648062705994,0.33611035346984863,0.9141007661819458,0.01556059904396534,0.9923061728477478
54,2.25,0.3872670829296112,0.44239330291748047,-0.4668460488319397,0.9999655485153198,0.4790210723876953,0.5055641531944275,-0.018892450258135796,0.999630331993103,0.29107749462127686,0.5189672708511353,-0.17374420166015625,0.9996734261512756,0.5838098526000977,0.552730143070221,0.08618035912513733,0.9690984487533569,0.17474953830242157,0.5326849818229675,-0.48407596349716187,0.9970265030860901,0.6958950161933899,0.551249623298645,-0.033679936081171036,0.9754708409309387,0.2408922016620636,0.466999351978302,-0.7694156169891357,0.9947940111160278,0.7348199486732483,0.5544998645782471,-0.0604284405708313,0.9647769927978516,0.24869543313980103,0.4499983787536621,-0.8467608690261841,0.9829632043838501,0.47840145230293274,0.6739563345909119,0.04908718541264534,0.999662458896637,0.3687189817428589,0.6798726320266724,-0.0492544025182724,0.999822199344635,0.49599385261535645,0.7787595987319946,0.2357035130262375,0.9727295637130737,0.3579740822315216,0.7838266491889954,0.019349921494722366,0.9964325428009033,0.4851735830307007,0.8771045804023743,0.4871131181716919,0.9795800447463989,0.33864980936050415,0.8796135783195496,0.3041624426841736,0.995395302772522,0.46310722827911377,0.8968870043754578,0.5003498196601868,0.9230995178222656,0.3421202003955841,0.8932458758354187,0.3230237364768982,0.9393089413642883,0.5597688555717468,0.9042383432388306,0.29818156361579895,0.981600821018219,0.33684998750686646,0.9152148365974426,0.10039642453193665,0.9923684000968933
55,2.291666666666667,0.42266982793807983,0.44431644678115845,-0.4550987184047699,0.9999668598175049,0.4854033291339874,0.5080974698066711,0.026568042114377022,0.9996394515037537,0.30817165970802307,0.5148645639419556,-0.20078220963478088,0.999702513217926,0.5809689164161682,0.5602923035621643,0.16442646086215973,0.9687061309814453,0.1795191615819931,0.5207945108413696,-0.5300306677818298,0.9972854256629944,0.6922159194946289,0.5702484846115112,0.06349492818117142,0.9760953187942505,0.25869131088256836,0.4628046452999115,-0.8141650557518005,0.9951023459434509,0.7263014316558838,0.5757210850715637,0.046891503036022186,0.9637690782546997,0.26747724413871765,0.44736775755882263,-0.8909169435501099,0.983534574508667,0.48311713337898254,0.6738935708999634,0.07329154759645462,0.9996656775474548,0.3764486610889435,0.6792498826980591,-0.07350751757621765,0.9998272657394409,0.4969008266925812,0.7781710624694824,0.24848419427871704,0.9736079573631287,0.3678363263607025,0.783306896686554,0.008689322508871555,0.9964913725852966,0.4847266674041748,0.8762741088867188,0.5154906511306763,0.980537474155426,0.3390871584415436,0.8801079988479614,0.29274988174438477,0.9954463243484497,0.4627968668937683,0.8956844210624695,0.5344487428665161,0.9282252788543701,0.3413170874118805,0.8929585218429565,0.311428427696228,0.9412617087364197,0.5619066953659058,0.9037913084030151,0.33303776383399963,0.982207715511322,0.3380609154701233,0.9161608815193176,0.08914420753717422,0.992478609085083
56,2.3333333333333335,0.4444710910320282,0.44674721360206604,-0.31108883023262024,0.9999690055847168,0.4960453510284424,0.5175002813339233,0.13301464915275574,0.9996512532234192,0.3381749093532562,0.5114014148712158,-0.20133090019226074,0.9997286200523376,0.5612441301345825,0.5818060636520386,0.26156866550445557,0.9581199884414673,0.22982752323150635,0.49285775423049927,-0.598251461982727,0.9975017309188843,0.6528996229171753,0.6027650833129883,0.22897282242774963,0.9727620482444763,0.2910343110561371,0.44902127981185913,-0.8324279189109802,0.9952747821807861,0.6804181933403015,0.6113124489784241,0.23023556172847748,0.95637047290802,0.30092933773994446,0.4410719871520996,-0.9192004799842834,0.9836959838867188,0.4915398061275482,0.674106240272522,0.11445558071136475,0.9996904730796814,0.39383694529533386,0.6788800954818726,-0.11477097123861313,0.9998409748077393,0.500785231590271,0.7791119813919067,0.28110894560813904,0.9729077816009521,0.3850138783454895,0.7832719087600708,-0.050776854157447815,0.9965078234672546,0.48633959889411926,0.8764234781265259,0.5248048901557922,0.9812408685684204,0.33910462260246277,0.8807655572891235,0.15005344152450562,0.995553731918335,0.4663999378681183,0.896267294883728,0.5466935634613037,0.9323411583900452,0.334876149892807,0.8931503295898438,0.16289061307907104,0.9419373869895935,0.5642766356468201,0.9064768552780151,0.39425450563430786,0.982629656791687,0.33965110778808594,0.9172806739807129,-0.03897034004330635,0.9926977753639221
57,2.375,0.45730704069137573,0.44893598556518555,-0.2679979205131531,0.9999716281890869,0.49557989835739136,0.5221298933029175,0.18024063110351562,0.9996722340583801,0.3642227053642273,0.5074988603591919,-0.20136483013629913,0.9997501373291016,0.5325708389282227,0.587873101234436,0.3247056305408478,0.9414510130882263,0.2848769724369049,0.48075413703918457,-0.6273669004440308,0.9975607395172119,0.6227231621742249,0.6147705316543579,0.34472206234931946,0.9690223932266235,0.3038102686405182,0.447539746761322,-0.9204621315002441,0.9952119588851929,0.6528391242027283,0.6240816116333008,0.3582542836666107,0.9492183327674866,0.3000742495059967,0.4392828047275543,-0.99757319688797,0.9836090803146362,0.4942275285720825,0.6737625598907471,0.133583664894104,0.9997134804725647,0.4076823890209198,0.673428475856781,-0.13391679525375366,0.9998522996902466,0.5055633783340454,0.7786166071891785,0.26498913764953613,0.9703191518783569,0.3979497253894806,0.7795847654342651,-0.0897001400589943,0.9964005947113037,0.4862266480922699,0.8772478103637695,0.4699305593967438,0.9813668727874756,0.3389647305011749,0.8804960250854492,0.0822436511516571,0.9956195950508118,0.46482035517692566,0.8973158597946167,0.4810464084148407,0.9350228905677795,0.32876497507095337,0.892619788646698,0.09251206368207932,0.9424298405647278,0.5663244724273682,0.9092397689819336,0.35073456168174744,0.9826890230178833,0.34161168336868286,0.9193986058235168,-0.0929567739367485,0.9928860068321228
58,2.416666666666667,0.46754974126815796,0.4509815573692322,-0.23562943935394287,0.9999704360961914,0.49298393726348877,0.5248099565505981,0.20014315843582153,0.9996694922447205,0.391052782535553,0.5018419027328491,-0.20100675523281097,0.9997633099555969,0.5196545124053955,0.5923393964767456,0.3408154845237732,0.8895701169967651,0.30743536353111267,0.44874176383018494,-0.45673641562461853,0.9975752830505371,0.599920928478241,0.6223007440567017,0.2835342288017273,0.9453766345977783,0.3412655293941498,0.4533843398094177,-0.4426189363002777,0.9894530177116394,0.6313029527664185,0.6338690519332886,0.2806300222873688,0.9246507883071899,0.3375454545021057,0.46017855405807495,-0.48714679479599,0.965183436870575,0.4944114685058594,0.6735084056854248,0.14181731641292572,0.9997159838676453,0.4136436879634857,0.6668387055397034,-0.1419191211462021,0.9998524188995361,0.5083898305892944,0.7777554392814636,0.2639594078063965,0.9666652679443359,0.406899094581604,0.7750802040100098,-0.17795759439468384,0.9963405728340149,0.4857688546180725,0.8761674165725708,0.42567557096481323,0.9808048605918884,0.33878815174102783,0.880828857421875,-0.004589505959302187,0.995708167552948,0.46234604716300964,0.8959612846374512,0.43507465720176697,0.9355886578559875,0.3213158845901489,0.8929466009140015,0.00636051082983613,0.9428098797798157,0.5672308802604675,0.9104269742965698,0.28448954224586487,0.9824159741401672,0.34512412548065186,0.9209486246109009,-0.20299012959003448,0.9931381344795227
59,2.4583333333333335,0.4821111559867859,0.45377397537231445,-0.12458835542201996,0.9999687075614929,0.4895031750202179,0.5242266654968262,0.2550279498100281,0.9996342062950134,0.4085942208766937,0.4961240291595459,-0.1868809014558792,0.9997720718383789,0.5023850798606873,0.5968884825706482,0.3898209035396576,0.8245248198509216,0.3323962986469269,0.4402405321598053,-0.4763578772544861,0.9973598718643188,0.5756123661994934,0.6294848918914795,0.34488531947135925,0.8984466195106506,0.3407689034938812,0.44911542534828186,-0.6915861964225769,0.9870233535766602,0.6082162261009216,0.6413084268569946,0.3485223650932312,0.8774389624595642,0.3263484835624695,0.4547767639160156,-0.7574658989906311,0.9602712392807007,0.49207645654678345,0.6707956790924072,0.15785612165927887,0.9997137188911438,0.42040807008743286,0.6615273952484131,-0.1581641435623169,0.9998527765274048,0.5105043649673462,0.7737134099006653,0.1912456750869751,0.9560458064079285,0.41854986548423767,0.7705191969871521,-0.29355496168136597,0.9961714148521423,0.4850163757801056,0.8754696846008301,0.2856210172176361,0.9778395891189575,0.33730292320251465,0.8808649182319641,-0.22741879522800446,0.995703399181366,0.46324843168258667,0.8950659036636353,0.2846834063529968,0.9320454001426697,0.3099159002304077,0.8930168151855469,-0.22674165666103363,0.9438140392303467,0.5705552697181702,0.9103025197982788,0.14634333550930023,0.9803465008735657,0.34646499156951904,0.9219310879707336,-0.4156007170677185,0.9933021664619446
60,2.5,0.4925526976585388,0.4725269675254822,0.039516840130090714,0.999943196773529,0.48221147060394287,0.5279810428619385,0.29474401473999023,0.9994851350784302,0.42970800399780273,0.4976373612880707,-0.18813204765319824,0.999767005443573,0.47864896059036255,0.5934323668479919,0.4661162495613098,0.7548074722290039,0.43615520000457764,0.45114535093307495,-0.3440174460411072,0.996942400932312,0.5247958898544312,0.6330768465995789,0.46601125597953796,0.8246090412139893,0.3985726237297058,0.44383376836776733,-0.22881940007209778,0.9843726754188538,0.5327863693237305,0.6508653163909912,0.4745343029499054,0.8063185214996338,0.3673349916934967,0.4269675612449646,-0.25337648391723633,0.9550231695175171,0.4903561770915985,0.670776903629303,0.16873608529567719,0.9997040033340454,0.4363078773021698,0.6629573702812195,-0.1690530925989151,0.9998483061790466,0.5098819732666016,0.7695440649986267,0.13580076396465302,0.935276448726654,0.446211576461792,0.7689688205718994,-0.374106764793396,0.9954318404197693,0.48629146814346313,0.8775625228881836,0.2173869013786316,0.9717814922332764,0.3372803032398224,0.8792955279350281,-0.36337271332740784,0.9952318072319031,0.4654134511947632,0.8981164693832397,0.21671371161937714,0.9232978224754333,0.303354412317276,0.8894882202148438,-0.3681333661079407,0.9428037405014038,0.573461651802063,0.910841166973114,0.08903566002845764,0.9758821725845337,0.34591346979141235,0.9240845441818237,-0.5435315370559692,0.992965579032898
61,2.541666666666667,0.5051866173744202,0.46648111939430237,0.03783990815281868,0.9999135732650757,0.4829196631908417,0.5252636671066284,0.3104856014251709,0.999276340007782,0.44889992475509644,0.4979579448699951,-0.20024721324443817,0.9997649788856506,0.483195960521698,0.5905395746231079,0.5155763030052185,0.6834704875946045,0.483120858669281,0.44731059670448303,-0.32944804430007935,0.9967450499534607,0.5270828008651733,0.6329143047332764,0.5187264084815979,0.750700056552887,0.4380364418029785,0.42056626081466675,-0.17014926671981812,0.9836651682853699,0.5390715003013611,0.6490270495414734,0.5328429341316223,0.7367405295372009,0.40391573309898376,0.4030097424983978,-0.20117321610450745,0.9540408849716187,0.48966389894485474,0.6703788042068481,0.17887458205223083,0.9997003674507141,0.44327646493911743,0.6616419553756714,-0.17919762432575226,0.9998471140861511,0.5092868208885193,0.7687408924102783,0.15397508442401886,0.8972457647323608,0.4556417763233185,0.7681447863578796,-0.3594304025173187,0.9945075511932373,0.4869803488254547,0.8791217803955078,0.2633911967277527,0.9616458415985107,0.33757635951042175,0.8769538998603821,-0.3398481607437134,0.9945435523986816,0.46678972244262695,0.8998157382011414,0.2654668688774109,0.9106219410896301,0.30127763748168945,0.8855986595153809,-0.34395280480384827,0.9409831166267395,0.5748685598373413,0.9107481241226196,0.14098744094371796,0.9690448045730591,0.34553682804107666,0.9264609217643738,-0.5148656368255615,0.9923150539398193
62,2.5833333333333335,0.512188732624054,0.4629240930080414,-0.04992350563406944,0.999912679195404,0.48492324352264404,0.5232893228530884,0.3058972954750061,0.999300479888916,0.4635951519012451,0.4975396692752838,-0.2729327380657196,0.9997827410697937,0.483224093914032,0.5950385332107544,0.5136010646820068,0.621934175491333,0.5284280776977539,0.4354385733604431,-0.42374637722969055,0.9969848394393921,0.5302383303642273,0.6380025148391724,0.45473793148994446,0.696605384349823,0.47901594638824463,0.3681129813194275,-0.38103002309799194,0.9850969910621643,0.5462284684181213,0.6507242918014526,0.45992931723594666,0.6879874467849731,0.4774925708770752,0.35746726393699646,-0.43693915009498596,0.958081841468811,0.4890679121017456,0.6703558564186096,0.19526280462741852,0.9997205138206482,0.4509943127632141,0.6622127294540405,-0.19554650783538818,0.9998570680618286,0.5080684423446655,0.768849790096283,0.20786775648593903,0.8588970303535461,0.46928277611732483,0.7688814401626587,-0.3326888978481293,0.9942765831947327,0.4863203763961792,0.8791869878768921,0.3516046702861786,0.9533619284629822,0.3381901979446411,0.8749390840530396,-0.2615462839603424,0.9943856000900269,0.4677587151527405,0.8992111086845398,0.3599923551082611,0.9019820690155029,0.30267393589019775,0.8820552825927734,-0.26059678196907043,0.9426568150520325,0.5755447149276733,0.9113410115242004,0.20261222124099731,0.9642598628997803,0.3467322289943695,0.9261733889579773,-0.4263368248939514,0.9922031164169312
63,2.625,0.5116982460021973,0.46126556396484375,-0.08540478348731995,0.9998752474784851,0.4886021614074707,0.5182397365570068,0.291507750749588,0.9992730021476746,0.4561309516429901,0.4968654215335846,-0.3166886270046234,0.9997889399528503,0.48871666193008423,0.5922470688819885,0.5133516192436218,0.5651987195014954,0.5483711957931519,0.42945852875709534,-0.4899956285953522,0.9971736073493958,0.528661847114563,0.6357707977294922,0.4676925539970398,0.6381661891937256,0.5696844458580017,0.35521650314331055,-0.4152267575263977,0.9863089919090271,0.5419785976409912,0.648910403251648,0.4736007750034332,0.6328852772712708,0.5656194090843201,0.34124964475631714,-0.4664202928543091,0.9614861011505127,0.4970008432865143,0.6678193807601929,0.2018498033285141,0.9997321367263794,0.4543151557445526,0.6596032381057739,-0.2021780163049698,0.9998626112937927,0.5077628493309021,0.7686033844947815,0.24675872921943665,0.8218682408332825,0.47093063592910767,0.7669739723205566,-0.3479956090450287,0.9930440783500671,0.4803820252418518,0.8789584040641785,0.38259121775627136,0.9459194540977478,0.3381608724594116,0.8711951375007629,-0.24328893423080444,0.9939445853233337,0.4648340344429016,0.8996890187263489,0.3853682279586792,0.8930703401565552,0.29999133944511414,0.8753725290298462,-0.23909863829612732,0.9426090121269226,0.5752159357070923,0.9101262092590332,0.2891128659248352,0.9592472314834595,0.3474956452846527,0.9264569282531738,-0.4037204682826996,0.9919100999832153
64,2.666666666666667,0.517013430595398,0.46016573905944824,-0.13286733627319336,0.999683678150177,0.5026401877403259,0.501989483833313,0.27074337005615234,0.998932957649231,0.455859512090683,0.4932835102081299,-0.3692726194858551,0.9997605681419373,0.4939901530742645,0.5915256142616272,0.5079762935638428,0.5135515928268433,0.564185619354248,0.4378603994846344,-0.6049586534500122,0.9973412156105042,0.5218403935432434,0.623320996761322,0.5258572101593018,0.5836835503578186,0.6614808440208435,0.3808754086494446,-0.5112600922584534,0.9870719909667969,0.5273948907852173,0.6337605118751526,0.5532109141349792,0.579856812953949,0.6876049041748047,0.3718494474887848,-0.5691843032836914,0.9633691310882568,0.5049840211868286,0.6599135994911194,0.1973331868648529,0.999687135219574,0.45829278230667114,0.655032753944397,-0.1976620852947235,0.999829113483429,0.5075648427009583,0.7649491429328918,0.24099335074424744,0.79168701171875,0.47640225291252136,0.7657836079597473,-0.33092623949050903,0.9920326471328735,0.4789825975894928,0.8784956932067871,0.3899290859699249,0.9371573328971863,0.3407314121723175,0.8685262799263,-0.24284008145332336,0.9935476183891296,0.465270072221756,0.8990367650985718,0.3955281674861908,0.8864285349845886,0.30111783742904663,0.8697730302810669,-0.2392755150794983,0.9433699250221252,0.5747976899147034,0.9087058305740356,0.29817304015159607,0.9519500136375427,0.36377933621406555,0.9259193539619446,-0.4061780571937561,0.9913110136985779
65,2.7083333333333335,0.5228601098060608,0.46038228273391724,-0.1444987952709198,0.9996947050094604,0.49349552392959595,0.5027864575386047,0.2569553256034851,0.9989075064659119,0.46990707516670227,0.4906800389289856,-0.38452407717704773,0.9997699856758118,0.4684141278266907,0.5911688208580017,0.4969383180141449,0.46804431080818176,0.5735551118850708,0.4439392685890198,-0.5990902185440063,0.9975329041481018,0.5124069452285767,0.619494616985321,0.5498789548873901,0.5369906425476074,0.7078050971031189,0.3919978439807892,-0.5673571825027466,0.9878572225570679,0.5228173732757568,0.6315945386886597,0.5828903913497925,0.53434818983078,0.7381640672683716,0.377471923828125,-0.6265802979469299,0.9654989242553711,0.5028427243232727,0.6578159332275391,0.1989484429359436,0.9996553659439087,0.4617149233818054,0.6541102528572083,-0.199351966381073,0.9998055696487427,0.5073332190513611,0.7631941437721252,0.23660242557525635,0.7609397172927856,0.48110079765319824,0.7656773328781128,-0.37157854437828064,0.9911555051803589,0.4746575951576233,0.8783949017524719,0.3808225989341736,0.9239728450775146,0.34626686573028564,0.8674828410148621,-0.3255123496055603,0.9929012656211853,0.4654310345649719,0.8991605043411255,0.38559409976005554,0.8728564381599426,0.30259597301483154,0.8680697679519653,-0.3256208896636963,0.942715585231781,0.5746563673019409,0.906563937664032,0.29146742820739746,0.9428650140762329,0.3723263144493103,0.9256049394607544,-0.47406649589538574,0.9907810688018799
66,2.75,0.5307666659355164,0.4629572331905365,0.04129238799214363,0.9997096061706543,0.4729042947292328,0.5041764974594116,0.3203868269920349,0.9989757537841797,0.4868782162666321,0.48188576102256775,-0.28037917613983154,0.9997860789299011,0.4483010172843933,0.5826506614685059,0.49705326557159424,0.42980676889419556,0.5991135239601135,0.4473406672477722,-0.44376927614212036,0.9976605772972107,0.5127963423728943,0.6222173571586609,0.5201177597045898,0.4950788915157318,0.7342676520347595,0.4322819113731384,-0.4096328616142273,0.9878340363502502,0.530652642250061,0.6372773051261902,0.5378929972648621,0.49358201026916504,0.7687068581581116,0.4376954436302185,-0.4552769064903259,0.966007649898529,0.49844884872436523,0.6545018553733826,0.1948803812265396,0.999660074710846,0.46768009662628174,0.6502978205680847,-0.19535088539123535,0.9998023509979248,0.5075547099113464,0.7593789100646973,0.22538289427757263,0.7321692109107971,0.48535239696502686,0.764892041683197,-0.3492301404476166,0.9900786876678467,0.47265878319740295,0.8769230842590332,0.33114004135131836,0.9063894748687744,0.35346147418022156,0.8667844533920288,-0.33661162853240967,0.9914731383323669,0.4616882801055908,0.8975769877433777,0.3335345387458801,0.8571593761444092,0.3029509484767914,0.8655730485916138,-0.33927077054977417,0.9414182305335999,0.5735041499137878,0.9033176302909851,0.24005438387393951,0.9328315854072571,0.37457939982414246,0.9278351068496704,-0.4778498709201813,0.989737868309021
67,2.791666666666667,0.5409418940544128,0.46302324533462524,-0.04656726121902466,0.9997364282608032,0.45243126153945923,0.5088968276977539,0.33307838439941406,0.9990642666816711,0.5000231862068176,0.484598308801651,-0.29159608483314514,0.9998048543930054,0.449646919965744,0.5772169828414917,0.5006265044212341,0.4008904695510864,0.6141527891159058,0.4635256230831146,-0.36928611993789673,0.9977943301200867,0.5005447864532471,0.6223177909851074,0.5260215997695923,0.4620005488395691,0.7512427568435669,0.46695059537887573,-0.16379372775554657,0.9870998859405518,0.5209565758705139,0.6355776190757751,0.542693018913269,0.45963606238365173,0.7874394059181213,0.4715932309627533,-0.18557943403720856,0.9649638533592224,0.47520536184310913,0.6538896560668945,0.2117372304201126,0.9996694326400757,0.47289207577705383,0.6484185457229614,-0.21242991089820862,0.9998031854629517,0.5074313879013062,0.7593423128128052,0.24249397218227386,0.7173846960067749,0.49120593070983887,0.7649460434913635,-0.39356520771980286,0.9897315502166748,0.4666271507740021,0.8755872845649719,0.35209691524505615,0.9008238911628723,0.36414119601249695,0.867316722869873,-0.382214218378067,0.9909899234771729,0.45270296931266785,0.8952482342720032,0.359939843416214,0.8500168919563293,0.30716100335121155,0.8653380274772644,-0.38451114296913147,0.9422754049301147,0.5667715072631836,0.9010475277900696,0.2712659239768982,0.9307275414466858,0.37638887763023376,0.9298533201217651,-0.5202564597129822,0.9896991848945618
68,2.8333333333333335,0.5438328981399536,0.4687975347042084,0.2805421054363251,0.9997456669807434,0.41644731163978577,0.5157114267349243,0.414750874042511,0.9991419315338135,0.5356545448303223,0.48573756217956543,-0.199796661734581,0.9998226165771484,0.39711448550224304,0.5813130140304565,0.5675692558288574,0.4384545683860779,0.6454211473464966,0.5010554194450378,-0.34284254908561707,0.9979726076126099,0.4513092339038849,0.6245342493057251,0.7532685995101929,0.43561047315597534,0.7674161195755005,0.5297755002975464,-0.26770082116127014,0.9866377711296082,0.46736466884613037,0.637179970741272,0.800538957118988,0.4276236891746521,0.7970179915428162,0.5404919981956482,-0.2840900719165802,0.9645965099334717,0.45126184821128845,0.6550856828689575,0.2157926708459854,0.9996776580810547,0.5121180415153503,0.6496977806091309,-0.21651439368724823,0.9997984170913696,0.49087202548980713,0.7598217725753784,0.24512578547000885,0.7195952534675598,0.5100151300430298,0.7651742696762085,-0.3912602365016937,0.9901302456855774,0.46763136982917786,0.8759932518005371,0.33399686217308044,0.8986842632293701,0.38256365060806274,0.8710322380065918,-0.4281700849533081,0.9909795522689819,0.4530583620071411,0.8954882621765137,0.3358769416809082,0.8514171242713928,0.32835355401039124,0.8662880659103394,-0.4272482097148895,0.9455972909927368,0.5634969472885132,0.9013236165046692,0.272042453289032,0.9246368408203125,0.38207006454467773,0.9303354024887085,-0.518627405166626,0.9893045425415039
69,2.875,0.5432674884796143,0.46933692693710327,0.304548442363739,0.9997521638870239,0.41088393330574036,0.5192367434501648,0.4066024422645569,0.9992186427116394,0.5601711273193359,0.4923498034477234,-0.22001305222511292,0.9998389482498169,0.37582358717918396,0.5900880098342896,0.5578022599220276,0.48647812008857727,0.6475602984428406,0.5217602849006653,-0.35822033882141113,0.9981481432914734,0.43032217025756836,0.6276983022689819,0.7507537603378296,0.409275084733963,0.7628648281097412,0.5549980998039246,-0.27073463797569275,0.9867395758628845,0.44892799854278564,0.6385294198989868,0.7997880578041077,0.3951800763607025,0.7926174402236938,0.5667461156845093,-0.2851449251174927,0.9651997089385986,0.4454967975616455,0.6552353501319885,0.23081916570663452,0.9996853470802307,0.5201955437660217,0.6498492360115051,-0.2314644455909729,0.9997928142547607,0.48046696186065674,0.7602419853210449,0.27010175585746765,0.7174434661865234,0.5212525725364685,0.7652644515037537,-0.3868120312690735,0.9904791712760925,0.4653216600418091,0.8771260976791382,0.34450313448905945,0.8952715992927551,0.3929615020751953,0.8740086555480957,-0.4020766019821167,0.9910827875137329,0.4520231783390045,0.8988169431686401,0.3521363139152527,0.84983891248703,0.3391646146774292,0.8700574636459351,-0.3979058861732483,0.9492061138153076,0.56264328956604,0.9014431834220886,0.3223118782043457,0.9162935614585876,0.3927098512649536,0.9302361607551575,-0.4754160940647125,0.9891980886459351
70,2.916666666666667,0.5437857508659363,0.4720713496208191,0.4439164996147156,0.9997385740280151,0.41116002202033997,0.520958423614502,0.41463780403137207,0.9992892742156982,0.5703257322311401,0.4993009567260742,-0.12574996054172516,0.9998540282249451,0.36961132287979126,0.5934491157531738,0.5631245970726013,0.5256878137588501,0.6718375086784363,0.5451791286468506,-0.08166410773992538,0.9982921481132507,0.43312332034111023,0.6251372694969177,0.7652673721313477,0.3826482594013214,0.752124011516571,0.5839599967002869,0.23521788418293,0.984276294708252,0.44513705372810364,0.6363574862480164,0.8140373229980469,0.3651127219200134,0.7733878493309021,0.595806360244751,0.26371291279792786,0.9596831798553467,0.44177505373954773,0.6582069396972656,0.2195165902376175,0.99969881772995,0.5258451104164124,0.6535462141036987,-0.2201530635356903,0.9997962713241577,0.47338077425956726,0.760796070098877,0.26368448138237,0.7134541273117065,0.5270656943321228,0.7662124633789062,-0.372170090675354,0.9907085299491882,0.46040987968444824,0.8769091367721558,0.32868635654449463,0.8901405334472656,0.4002071022987366,0.8785580396652222,-0.4014747142791748,0.9906668663024902,0.44332030415534973,0.8985084295272827,0.33150824904441833,0.8468102812767029,0.3365726172924042,0.8830363154411316,-0.39744967222213745,0.9516041874885559,0.5537804365158081,0.8998314738273621,0.30921295285224915,0.9051193594932556,0.40082165598869324,0.9301172494888306,-0.4553561210632324,0.9880661368370056
71,2.9583333333333335,0.5428807735443115,0.4730888903141022,0.44253548979759216,0.9997321963310242,0.41152825951576233,0.5223238468170166,0.37053439021110535,0.9993544816970825,0.5771885514259338,0.5059254169464111,-0.09658637642860413,0.9998674988746643,0.36239731311798096,0.5941877961158752,0.5300503969192505,0.5539511442184448,0.6640079617500305,0.5627099275588989,-0.03145661950111389,0.9983780384063721,0.4325598478317261,0.6237367987632751,0.7435731887817383,0.35420462489128113,0.7278450131416321,0.6124365329742432,0.2652902603149414,0.97871333360672,0.44400426745414734,0.6350240707397461,0.7975143194198608,0.33552074432373047,0.7384733557701111,0.6296175718307495,0.2952357530593872,0.9480924606323242,0.4377872049808502,0.6610352993011475,0.21477818489074707,0.9997186064720154,0.5218057632446289,0.6575321555137634,-0.215614914894104,0.9998056888580322,0.47378984093666077,0.762161374092102,0.21201325953006744,0.6997808218002319,0.5285818576812744,0.7684722542762756,-0.3243340253829956,0.9907368421554565,0.45957282185554504,0.876806378364563,0.20139633119106293,0.8834993243217468,0.4027702808380127,0.8793585896492004,-0.38268259167671204,0.9904597997665405,0.45780450105667114,0.8983162641525269,0.1942482441663742,0.8449649810791016,0.3594357669353485,0.8835569620132446,-0.3811146914958954,0.9539501070976257,0.5497875809669495,0.8992916941642761,0.1588098704814911,0.8955538272857666,0.4022079408168793,0.9299168586730957,-0.4388370215892792,0.9873671531677246
72,3.0,0.5419660210609436,0.47294196486473083,0.3388991057872772,0.9997342824935913,0.4074440002441406,0.5243179798126221,0.20460103452205658,0.999411940574646,0.5853059887886047,0.5209828019142151,-0.15527765452861786,0.9998785257339478,0.36859238147735596,0.5982756614685059,0.38184618949890137,0.581632137298584,0.6325089335441589,0.5989201664924622,-0.08152979612350464,0.9982218146324158,0.43209606409072876,0.6229278445243835,0.6820530295372009,0.32468482851982117,0.6589701771736145,0.6524401307106018,0.22808143496513367,0.9491889476776123,0.4433930814266205,0.6344431042671204,0.7018037438392639,0.3062022626399994,0.6557928919792175,0.6680737733840942,0.2641325294971466,0.9045122861862183,0.4331856966018677,0.6669704914093018,0.18845519423484802,0.9997351169586182,0.5203142762184143,0.6674320697784424,-0.18890832364559174,0.9998112320899963,0.466152161359787,0.773228645324707,0.18266306817531586,0.6862232685089111,0.522468626499176,0.7746626138687134,-0.22955885529518127,0.9902689456939697,0.4564792513847351,0.8805682063102722,0.08209992945194244,0.880704402923584,0.3951285481452942,0.8813446164131165,-0.36085668206214905,0.990213930606842,0.4633660316467285,0.902558445930481,0.06665117293596268,0.8473003506660461,0.3529530465602875,0.882836639881134,-0.35304513573646545,0.9560420513153076,0.548078179359436,0.9040120244026184,0.011920053511857986,0.8877886533737183,0.4010253846645355,0.9309976696968079,-0.3784412741661072,0.9863712787628174
73,3.041666666666667,0.5392016768455505,0.47515764832496643,0.35002243518829346,0.9996994137763977,0.4104861915111542,0.5248376131057739,0.20412614941596985,0.9994568824768066,0.5877954959869385,0.5257943272590637,-0.15369747579097748,0.9998837113380432,0.3686888813972473,0.5968853235244751,0.3778180778026581,0.5876803994178772,0.6180287003517151,0.6056500673294067,-0.01942567154765129,0.9972004294395447,0.4270428419113159,0.6229191422462463,0.6499897241592407,0.2959497272968292,0.5855677127838135,0.6571483612060547,0.3372863531112671,0.8863241076469421,0.4412997364997864,0.6369074583053589,0.6769517064094543,0.2786619961261749,0.5782305002212524,0.672339916229248,0.37950217723846436,0.8357757329940796,0.43242156505584717,0.6684278845787048,0.1773238182067871,0.9997481107711792,0.5164299607276917,0.6718526482582092,-0.1776958853006363,0.9998107552528381,0.4575445353984833,0.7764600515365601,0.13241033256053925,0.6778727769851685,0.51591956615448,0.7775951027870178,-0.2241806834936142,0.9895681142807007,0.45285800099372864,0.884040355682373,0.05163554474711418,0.8804599046707153,0.39151716232299805,0.8827075958251953,-0.29698655009269714,0.9896834492683411,0.4520273804664612,0.906306266784668,0.03842724487185478,0.8516659140586853,0.3497059643268585,0.8839564323425293,-0.29744952917099,0.9573798775672913,0.5444672107696533,0.9047341346740723,-0.02886594645678997,0.8794541954994202,0.3989581763744354,0.9309312701225281,-0.3419993221759796,0.9839592576026917
74,3.0833333333333335,0.5391829013824463,0.4755097031593323,0.3025907874107361,0.9996318221092224,0.4131488502025604,0.5264124870300293,0.1240922212600708,0.9994825124740601,0.5903165936470032,0.5270147919654846,-0.1650961935520172,0.9998680353164673,0.3619026243686676,0.5963071584701538,0.3350358307361603,0.5952417850494385,0.6010501980781555,0.6064882874488831,0.03970954567193985,0.9908608794212341,0.4156379997730255,0.6131216287612915,0.6371984481811523,0.2695697546005249,0.5373250842094421,0.6388729810714722,0.4636591970920563,0.8064002394676208,0.43133261799812317,0.62212735414505,0.6709589958190918,0.253743439912796,0.5240656733512878,0.6522083878517151,0.5244673490524292,0.7590053081512451,0.4325481057167053,0.6745243668556213,0.16453827917575836,0.9997461438179016,0.5152286291122437,0.6802826523780823,-0.16501912474632263,0.9997908473014832,0.4557001292705536,0.7796965837478638,0.24114063382148743,0.6538970470428467,0.5139293074607849,0.7808839678764343,-0.08854108303785324,0.98744136095047,0.4517515003681183,0.8841473460197449,0.15980228781700134,0.879901647567749,0.3953871726989746,0.8832079768180847,-0.1389244645833969,0.9891381859779358,0.44844725728034973,0.9070252180099487,0.14965185523033142,0.857689619064331,0.35458678007125854,0.886629581451416,-0.13869071006774902,0.9590141773223877,0.5429912805557251,0.9047074317932129,0.09660417586565018,0.8713973164558411,0.3985082805156708,0.9317909479141235,-0.16745799779891968,0.9809907674789429
75,3.125,0.5385708808898926,0.4789977967739105,0.5238600969314575,0.9995619654655457,0.4138680696487427,0.5277765989303589,0.2660677433013916,0.999514639377594,0.5945091843605042,0.5269637703895569,0.04480582848191261,0.9998574256896973,0.3600684404373169,0.5953173041343689,0.47428077459335327,0.5931634902954102,0.5968751907348633,0.6046978235244751,0.2656206488609314,0.9805960655212402,0.42222291231155396,0.6086475849151611,0.8044008612632751,0.24517600238323212,0.5304219722747803,0.6225563287734985,0.7264560461044312,0.7282571196556091,0.43183374404907227,0.6196829676628113,0.8620715737342834,0.23099540174007416,0.5188143253326416,0.6262267231941223,0.7966941595077515,0.685373067855835,0.4317541718482971,0.6734570860862732,0.15172390639781952,0.9997555613517761,0.5145326852798462,0.6783222556114197,-0.15220466256141663,0.9997856020927429,0.4528386890888214,0.7790707945823669,0.23359525203704834,0.6517974138259888,0.5113121867179871,0.78141850233078,-0.13720284402370453,0.9876627922058105,0.44663476943969727,0.8834897875785828,0.07904841005802155,0.8848488330841064,0.3930443525314331,0.8839621543884277,-0.2700825035572052,0.9893699884414673,0.4376927316188812,0.9060519933700562,0.05779850855469704,0.86741703748703,0.3517358899116516,0.8878265619277954,-0.29394301772117615,0.9618952870368958,0.5382245182991028,0.9046502113342285,0.012367655523121357,0.8706345558166504,0.39013102650642395,0.9331750869750977,-0.31010836362838745,0.9794919490814209
76,3.166666666666667,0.5378794074058533,0.4847973883152008,0.4114333987236023,0.9994160532951355,0.415841281414032,0.5297411680221558,0.16832934319972992,0.9995280504226685,0.5979530811309814,0.533564567565918,-0.05522685497999191,0.9998061656951904,0.35873621702194214,0.5950012803077698,0.36758264899253845,0.6055027842521667,0.5937009453773499,0.610016405582428,0.18225769698619843,0.972819447517395,0.4232877492904663,0.6024800539016724,0.6831024885177612,0.2238216996192932,0.5329777002334595,0.6085191369056702,0.6531831622123718,0.6581147313117981,0.4346572458744049,0.6055128574371338,0.758318305015564,0.21087875962257385,0.5243126749992371,0.6095213294029236,0.7258923649787903,0.6190846562385559,0.43131011724472046,0.6748324632644653,0.15261700749397278,0.9997391104698181,0.514910101890564,0.6829978227615356,-0.15312737226486206,0.9997547268867493,0.45009565353393555,0.7801737785339355,0.2653014361858368,0.6332076191902161,0.5095148086547852,0.7838150262832642,-0.10102237015962601,0.9876405000686646,0.44416478276252747,0.8836223483085632,0.14438624680042267,0.8854724168777466,0.39355531334877014,0.8855801820755005,-0.21227291226387024,0.9897451400756836,0.43274039030075073,0.9054449796676636,0.13059021532535553,0.8741147518157959,0.35203859210014343,0.8903985023498535,-0.2209194153547287,0.9646174311637878,0.5274267196655273,0.9047039747238159,0.08071336895227432,0.8628737926483154,0.3862411379814148,0.934273362159729,-0.2554759681224823,0.9780879616737366
