frame_id,timestamp,nose_x,nose_y,nose_z,nose_visibility,left_shoulder_x,left_shoulder_y,left_shoulder_z,left_shoulder_visibility,right_shoulder_x,right_shoulder_y,right_shoulder_z,right_shoulder_visibility,left_elbow_x,left_elbow_y,left_elbow_z,left_elbow_visibility,right_elbow_x,right_elbow_y,right_elbow_z,right_elbow_visibility,left_wrist_x,left_wrist_y,left_wrist_z,left_wrist_visibility,right_wrist_x,right_wrist_y,right_wrist_z,right_wrist_visibility,left_pinky_x,left_pinky_y,left_pinky_z,left_pinky_visibility,right_pinky_x,right_pinky_y,right_pinky_z,right_pinky_visibility,left_hip_x,left_hip_y,left_hip_z,left_hip_visibility,right_hip_x,right_hip_y,right_hip_z,right_hip_visibility,left_knee_x,left_knee_y,left_knee_z,left_knee_visibility,right_knee_x,right_knee_y,right_knee_z,right_knee_visibility,left_ankle_x,left_ankle_y,left_ankle_z,left_ankle_visibility,right_ankle_x,right_ankle_y,right_ankle_z,right_ankle_visibility,left_heel_x,left_heel_y,left_heel_z,left_heel_visibility,right_heel_x,right_heel_y,right_heel_z,right_heel_visibility,left_foot_index_x,left_foot_index_y,left_foot_index_z,left_foot_index_visibility,right_foot_index_x,right_foot_index_y,right_foot_index_z,right_foot_index_visibility
0,0.0,0.5745020508766174,0.43532079458236694,-0.08093541115522385,0.9994556307792664,0.494645357131958,0.4790341258049011,0.22827814519405365,0.996567964553833,0.50783371925354,0.4790448248386383,-0.3593977689743042,0.9997079968452454,0.531980037689209,0.5398721098899841,0.5335772037506104,0.07100401818752289,0.5675460696220398,0.5390483736991882,-0.5207899212837219,0.9854713678359985,0.6237706542015076,0.5051379799842834,0.7157904505729675,0.15568706393241882,0.6731414794921875,0.49545031785964966,-0.5271111130714417,0.9720765948295593,0.6528789401054382,0.48960667848587036,0.7630244493484497,0.20141446590423584,0.7037582397460938,0.48302212357521057,-0.5745423436164856,0.9631320834159851,0.47044479846954346,0.6533516049385071,0.18499061465263367,0.9967244267463684,0.483900785446167,0.6585693359375,-0.18483372032642365,0.9986121654510498,0.4883398413658142,0.7532840967178345,0.4220687448978424,0.3632863163948059,0.49697214365005493,0.772877037525177,-0.04703209176659584,0.956544816493988,0.4677791893482208,0.8475931286811829,0.6639342904090881,0.5502001643180847,0.4815191626548767,0.8914855718612671,0.08108264207839966,0.96965491771698,0.4458096921443939,0.8724204301834106,0.6831020712852478,0.6526432037353516,0.45618054270744324,0.9086177945137024,0.0890764519572258,0.9541503190994263,0.5343827605247498,0.8577480316162109,0.6325014233589172,0.7168251276016235,0.5761980414390564,0.9164039492607117,-0.029921717941761017,0.9571037888526917
1,0.04166666666666667,0.5744258165359497,0.4352174699306488,-0.12059000134468079,0.999424934387207,0.49849241971969604,0.4793705344200134,0.24031391739845276,0.9965101480484009,0.5049982070922852,0.479358971118927,-0.41992467641830444,0.9996991753578186,0.5664819478988647,0.5360959768295288,0.49890607595443726,0.07092893123626709,0.5695012211799622,0.5390483736991882,-0.5123339891433716,0.9854265451431274,0.6583660840988159,0.4964694082736969,0.572851836681366,0.1596868336200714,0.6710348725318909,0.4954478144645691,-0.3670547604560852,0.9711788296699524,0.68034428358078,0.4844435155391693,0.598414421081543,0.204790860414505,0.7011323571205139,0.4837718605995178,-0.4064268469810486,0.9613199234008789,0.47221192717552185,0.6534494161605835,0.20023106038570404,0.9966557621955872,0.4827951192855835,0.658568799495697,-0.20000506937503815,0.998542308807373,0.4916320741176605,0.7540364265441895,0.43636354804039,0.3589131832122803,0.4980282187461853,0.7736459970474243,-0.04936305806040764,0.9555956721305847,0.46771156787872314,0.8513679504394531,0.6923325061798096,0.5463501811027527,0.4815368354320526,0.8916878700256348,0.10556668043136597,0.969269335269928,0.44587454199790955,0.873612105846405,0.712101399898529,0.6495693922042847,0.45640963315963745,0.9107372164726257,0.11562568694353104,0.9537981748580933,0.5344491004943848,0.8719278573989868,0.6438150405883789,0.7165531516075134,0.5758337378501892,0.9164032936096191,-0.02141931653022766,0.9570424556732178
2,0.08333333333333334,0.5744401812553406,0.435239315032959,-0.13158029317855835,0.9993704557418823,0.49888691306114197,0.47954660654067993,0.239478200674057,0.9963867664337158,0.5040256381034851,0.4795847535133362,-0.4324724078178406,0.9996803402900696,0.5637698173522949,0.5350172519683838,0.505940318107605,0.06847862154245377,0.5693920850753784,0.5390501022338867,-0.5068926215171814,0.9853857755661011,0.6527125835418701,0.49507465958595276,0.6096293926239014,0.15864749252796173,0.6694351434707642,0.4953732490539551,-0.33111801743507385,0.9698601365089417,0.6803741455078125,0.4846184253692627,0.638792097568512,0.20417362451553345,0.6979618668556213,0.48453420400619507,-0.36719173192977905,0.9590652585029602,0.4786120057106018,0.6537505984306335,0.20417353510856628,0.9965354800224304,0.48329976201057434,0.6586834788322449,-0.2039720118045807,0.9984142780303955,0.49794918298721313,0.7559517025947571,0.43945273756980896,0.35392850637435913,0.4993879199028015,0.7744916677474976,-0.037626758217811584,0.9538573026657104,0.4717942178249359,0.8542736172676086,0.6964553594589233,0.5418598055839539,0.48159125447273254,0.8918082118034363,0.16181649267673492,0.9684914350509644,0.44970405101776123,0.8752171397209167,0.7163161635398865,0.6462951302528381,0.4563497304916382,0.9112661480903625,0.17617590725421906,0.9526441097259521,0.5367920994758606,0.8698097467422485,0.6461336612701416,0.7153233885765076,0.5735851526260376,0.9169831275939941,0.041755352169275284,0.9563851356506348
3,0.125,0.5745652318000793,0.435352087020874,-0.12867207825183868,0.9993007183074951,0.5026746392250061,0.48000603914260864,0.24693167209625244,0.9962153434753418,0.5009032487869263,0.4800494313240051,-0.42957696318626404,0.9996547102928162,0.5679222345352173,0.5298173427581787,0.5069940090179443,0.06641625612974167,0.5662757158279419,0.5389402508735657,-0.517871618270874,0.9852980375289917,0.6504436731338501,0.4920578598976135,0.5805312991142273,0.15621082484722137,0.6604466438293457,0.49519237875938416,-0.38891518115997314,0.9688064455986023,0.6806709170341492,0.4845294952392578,0.6021300554275513,0.20169606804847717,0.6895065903663635,0.4855923056602478,-0.4290805459022522,0.9572619199752808,0.4823404848575592,0.6547256708145142,0.2078351080417633,0.9963521957397461,0.483551561832428,0.6594788432121277,-0.20764705538749695,0.9981899857521057,0.4998731017112732,0.7602969408035278,0.40513864159584045,0.3496311604976654,0.5026206970214844,0.7768682241439819,-0.04684612900018692,0.9514327049255371,0.47247186303138733,0.8623943328857422,0.6292458772659302,0.535717248916626,0.48159244656562805,0.893170952796936,0.13731369376182556,0.9666160345077515,0.4498295783996582,0.8834878206253052,0.644481897354126,0.6394996643066406,0.4547804892063141,0.912612795829773,0.14942151308059692,0.949296772480011,0.5436321496963501,0.8854811787605286,0.5650628209114075,0.7116941809654236,0.5712164044380188,0.9186846613883972,0.018790049478411674,0.9545338749885559
4,0.16666666666666669,0.5745586156845093,0.4363272786140442,-0.12960399687290192,0.9992269277572632,0.5059272050857544,0.48086637258529663,0.251753032207489,0.9958813786506653,0.49727004766464233,0.48018187284469604,-0.425052672624588,0.9996466040611267,0.564419686794281,0.5305148363113403,0.5620825886726379,0.06376861780881882,0.5618443489074707,0.5384731888771057,-0.5769193172454834,0.9857661128044128,0.6437642574310303,0.49335068464279175,0.7181203961372375,0.15072771906852722,0.656123161315918,0.4945395588874817,-0.5318529009819031,0.9695698618888855,0.6708158850669861,0.48472994565963745,0.7574731707572937,0.19573016464710236,0.6865981221199036,0.48557645082473755,-0.5830228328704834,0.9579941630363464,0.48569154739379883,0.6560920476913452,0.20811296999454498,0.9961466789245605,0.4835469126701355,0.6602666974067688,-0.20792464911937714,0.9980759620666504,0.501211941242218,0.7623250484466553,0.40084779262542725,0.34595420956611633,0.5041911602020264,0.7783871293067932,-0.060909073799848557,0.9504370093345642,0.47338688373565674,0.8635777235031128,0.6343228816986084,0.5301446914672852,0.4833835959434509,0.893477737903595,0.1241900846362114,0.9661489725112915,0.4506679177284241,0.8840457201004028,0.6507545709609985,0.6330254673957825,0.45609596371650696,0.9140070080757141,0.13647571206092834,0.9478440284729004,0.5453769564628601,0.8879639506340027,0.5713638663291931,0.7086929678916931,0.5709810256958008,0.9191255569458008,-0.014389527030289173,0.954189658164978
5,0.20833333333333334,0.571656346321106,0.43636026978492737,-0.128753200173378,0.999115526676178,0.509060263633728,0.4828628897666931,0.2499464452266693,0.995441734790802,0.49474507570266724,0.48088502883911133,-0.41913315653800964,0.9996439218521118,0.5561649203300476,0.5337196588516235,0.5989463329315186,0.06078825518488884,0.553194522857666,0.5383919477462769,-0.6714359521865845,0.9861300587654114,0.6311555504798889,0.5166770219802856,0.817234992980957,0.1421869695186615,0.6503103971481323,0.49424657225608826,-0.8204939365386963,0.9710776805877686,0.6464778780937195,0.5148777961730957,0.8739919662475586,0.18635033071041107,0.6799578666687012,0.48555153608322144,-0.8965199589729309,0.9601553082466125,0.48578694462776184,0.6588362455368042,0.2067679762840271,0.9959794282913208,0.4836772382259369,0.6627098917961121,-0.2066112905740738,0.9980469942092896,0.5006169676780701,0.7630130052566528,0.4043899178504944,0.34320083260536194,0.5067455172538757,0.7799408435821533,-0.06632019579410553,0.9508289098739624,0.47009167075157166,0.8617485761642456,0.6410408616065979,0.5292128324508667,0.4864368736743927,0.894614040851593,0.09745010733604431,0.9667356610298157,0.44872742891311646,0.8830299377441406,0.6577214002609253,0.6306569576263428,0.4594186246395111,0.9149128198623657,0.1063704565167427,0.9484547972679138,0.5405070185661316,0.8836187124252319,0.5862961411476135,0.7089614272117615,0.5722770094871521,0.9192959666252136,-0.042582545429468155,0.9547286033630371
6,0.25,0.5703548789024353,0.43696755170822144,-0.13144978880882263,0.9989069104194641,0.5179163813591003,0.484686940908432,0.23440170288085938,0.9948217272758484,0.4872163236141205,0.4813479781150818,-0.4165469706058502,0.999641478061676,0.5444513559341431,0.5356706976890564,0.5964270234107971,0.05825264751911163,0.5434229373931885,0.5371295213699341,-0.6842299103736877,0.9866881966590881,0.6118809580802917,0.5318174958229065,0.7906917333602905,0.1331186145544052,0.6447521448135376,0.4929794669151306,-0.8529312014579773,0.9724646210670471,0.6243883967399597,0.5339732766151428,0.8341802954673767,0.1760561615228653,0.6725054979324341,0.48535436391830444,-0.9331986904144287,0.962142825126648,0.4902042746543884,0.6600543856620789,0.2061745524406433,0.9957457184791565,0.48385778069496155,0.6644289493560791,-0.20598673820495605,0.9980474710464478,0.5001944899559021,0.7628567218780518,0.40634939074516296,0.3421412706375122,0.5094020366668701,0.7817276120185852,-0.07874873280525208,0.9521107077598572,0.4643310606479645,0.8567003011703491,0.6517611742019653,0.5305312275886536,0.49030637741088867,0.8959283828735352,0.05385464057326317,0.9677039384841919,0.4443340301513672,0.8776170015335083,0.6693180799484253,0.6317508816719055,0.46343696117401123,0.9163694381713867,0.05843186005949974,0.9499935507774353,0.5285071730613708,0.8816149830818176,0.5912690162658691,0.7106949687004089,0.5754662156105042,0.9197648167610168,-0.09686067700386047,0.9556033611297607
7,0.2916666666666667,0.5627902746200562,0.44210243225097656,-0.19129697978496552,0.9988781213760376,0.5234987735748291,0.48867636919021606,0.2178248018026352,0.9945222735404968,0.4782131612300873,0.48409658670425415,-0.42071452736854553,0.9996429681777954,0.5553423762321472,0.5081114768981934,0.5828402042388916,0.05804546922445297,0.5266571640968323,0.533602237701416,-0.7947613000869751,0.9873694181442261,0.6144653558731079,0.47843465209007263,0.8480342626571655,0.14373160898685455,0.6172301173210144,0.48706144094467163,-1.0141353607177734,0.974087655544281,0.623301088809967,0.47463542222976685,0.9141691327095032,0.18870261311531067,0.6374790668487549,0.47867369651794434,-1.0949956178665161,0.9639833569526672,0.5000002980232239,0.6618035435676575,0.19665008783340454,0.9959670305252075,0.48193299770355225,0.6658796668052673,-0.1965959072113037,0.9981381297111511,0.504507303237915,0.7682367563247681,0.30134570598602295,0.3465908467769623,0.5090762376785278,0.7841833829879761,-0.08862826228141785,0.9520304799079895,0.47736743092536926,0.8638902902603149,0.4797954261302948,0.5304993391036987,0.49170875549316406,0.897146999835968,0.027268163859844208,0.9672377109527588,0.4549427926540375,0.8819609880447388,0.4890739917755127,0.6333566904067993,0.4655131995677948,0.9181873202323914,0.02913760393857956,0.9493230581283569,0.5459012985229492,0.8892300724983215,0.38043013215065,0.712099552154541,0.5766348838806152,0.9217933416366577,-0.14012743532657623,0.9551223516464233
8,0.33333333333333337,0.5522133111953735,0.44288960099220276,-0.2280445247888565,0.9988725781440735,0.5376327037811279,0.49045616388320923,0.19171397387981415,0.994344174861908,0.46742621064186096,0.48558157682418823,-0.4086114764213562,0.9996449947357178,0.5723778605461121,0.4890354573726654,0.44232359528541565,0.06500720977783203,0.5145491361618042,0.530357301235199,-0.7695692181587219,0.9881188869476318,0.6072394251823425,0.4654054641723633,0.6353541612625122,0.1613166630268097,0.605120062828064,0.4828721880912781,-0.9371171593666077,0.9753918647766113,0.6169820427894592,0.44851794838905334,0.6725567579269409,0.2038249522447586,0.6260931491851807,0.4734972417354584,-1.011491060256958,0.9650350213050842,0.514316201210022,0.6617384552955627,0.18843303620815277,0.9961462616920471,0.4765152037143707,0.6656045913696289,-0.1883721649646759,0.9982278943061829,0.5117201209068298,0.7693307399749756,0.2716904878616333,0.35532084107398987,0.5008466839790344,0.7837772965431213,-0.11810272186994553,0.9530792236328125,0.49315786361694336,0.868099570274353,0.4517526924610138,0.5334804654121399,0.49183282256126404,0.8979314565658569,-0.023421714082360268,0.9666784405708313,0.47053349018096924,0.887231707572937,0.45995453000068665,0.6335403919219971,0.46690791845321655,0.9187976717948914,-0.02534642443060875,0.9469388127326965,0.5645995736122131,0.8968669176101685,0.3289443850517273,0.7166686058044434,0.57661372423172,0.9263941049575806,-0.22236061096191406,0.9547359347343445
9,0.375,0.552460789680481,0.44354432821273804,-0.23093797266483307,0.9987866878509521,0.538280725479126,0.4910752773284912,0.17562198638916016,0.9941665530204773,0.465786874294281,0.4866964817047119,-0.4499058127403259,0.9996513724327087,0.5695412158966064,0.48687902092933655,0.47795262932777405,0.06760899722576141,0.5022662281990051,0.5199201107025146,-0.8455557823181152,0.9888163805007935,0.5791904330253601,0.46893325448036194,0.8197900652885437,0.17104503512382507,0.5833210945129395,0.48179930448532104,-1.0679463148117065,0.9769322872161865,0.5885307788848877,0.45724520087242126,0.880041778087616,0.21246254444122314,0.6123976707458496,0.4732254147529602,-1.153281569480896,0.96683269739151,0.5188944339752197,0.6614620089530945,0.18544591963291168,0.9963746070861816,0.47236841917037964,0.6653827428817749,-0.18540702760219574,0.9983455538749695,0.5176827907562256,0.7680397033691406,0.31744617223739624,0.36072707176208496,0.49602851271629333,0.7817217111587524,-0.10223478823900223,0.9526405930519104,0.4958074688911438,0.8659934997558594,0.5463883876800537,0.5351657271385193,0.492018461227417,0.8977736234664917,0.015537772327661514,0.9656781554222107,0.4736085534095764,0.8817044496536255,0.5631864070892334,0.6349177956581116,0.46789753437042236,0.9184876680374146,0.019545476883649826,0.9456872344017029,0.5732647180557251,0.8917182683944702,0.44257909059524536,0.7200916409492493,0.5751424431800842,0.9263483881950378,-0.1636338233947754,0.9538167119026184
10,0.4166666666666667,0.5529210567474365,0.4431559443473816,-0.22624601423740387,0.9988810420036316,0.5340732336044312,0.4914359152317047,0.18954196572303772,0.9942315220832825,0.47001680731773376,0.4870987832546234,-0.4574834108352661,0.9996650218963623,0.5663042068481445,0.4902937412261963,0.6266024112701416,0.06742047518491745,0.5135833024978638,0.51453697681427,-0.8681617975234985,0.9888145923614502,0.5892130732536316,0.4672626554965973,1.019290804862976,0.17965556681156158,0.5839847326278687,0.4813977777957916,-1.1110204458236694,0.9763455390930176,0.5999569892883301,0.45691242814064026,1.1007978916168213,0.22177159786224365,0.6121883392333984,0.4736088216304779,-1.196692705154419,0.9652525782585144,0.5137186646461487,0.6612025499343872,0.1856553554534912,0.9966604113578796,0.46944430470466614,0.6644229888916016,-0.18571673333644867,0.9984789490699768,0.5153668522834778,0.7645095586776733,0.3904590308666229,0.3652617335319519,0.48913344740867615,0.7738195657730103,-0.10283768177032471,0.9516079425811768,0.4926704466342926,0.8576191663742065,0.6588004231452942,0.535094141960144,0.4917423129081726,0.8946900367736816,0.028294632211327553,0.9654040932655334,0.4709167182445526,0.8747947812080383,0.6781282424926758,0.6316013336181641,0.46761956810951233,0.9156935811042786,0.032147787511348724,0.9449528455734253,0.567204475402832,0.8804851770401001,0.5661463141441345,0.7229515910148621,0.5751639604568481,0.9251856803894043,-0.15487679839134216,0.954317569732666
11,0.45833333333333337,0.5534700751304626,0.4430847764015198,-0.23157070577144623,0.998977541923523,0.5407499670982361,0.49232691526412964,0.1960717737674713,0.9946643114089966,0.4620380699634552,0.48763465881347656,-0.4105820953845978,0.9996890425682068,0.583410918712616,0.49072742462158203,0.5578692555427551,0.11260435730218887,0.4250956177711487,0.5169761180877686,-0.8414389491081238,0.9895238280296326,0.6343332529067993,0.47001785039901733,0.9014836549758911,0.25225502252578735,0.5094106197357178,0.47314000129699707,-1.1341768503189087,0.978243887424469,0.6494131088256836,0.45685094594955444,1.0183576345443726,0.2864452004432678,0.5291479229927063,0.4594786763191223,-1.2151905298233032,0.9676416516304016,0.5154656767845154,0.6577855348587036,0.18596181273460388,0.9968832731246948,0.4637469947338104,0.6589856743812561,-0.18604223430156708,0.9985972046852112,0.5141986012458801,0.7581723928451538,0.3894686698913574,0.3787555396556854,0.47711411118507385,0.765781581401825,-0.28132379055023193,0.9520242214202881,0.49088409543037415,0.8535464406013489,0.6419784426689148,0.5495246648788452,0.48634326457977295,0.8882505297660828,-0.245463028550148,0.9656946659088135,0.47018957138061523,0.8716012835502625,0.6602158546447754,0.6378575563430786,0.46396467089653015,0.908714771270752,-0.25323036313056946,0.9440250396728516,0.5645042061805725,0.8750730752944946,0.5438576340675354,0.7325153946876526,0.5654019117355347,0.9213449358940125,-0.47914305329322815,0.9553125500679016
12,0.5,0.5534315705299377,0.44306010007858276,-0.21380481123924255,0.9990714192390442,0.5506101846694946,0.49267905950546265,0.24017827212810516,0.9950326085090637,0.45429638028144836,0.48748546838760376,-0.2993867099285126,0.9997149705886841,0.6039763689041138,0.4927646219730377,0.5032713413238525,0.1728784441947937,0.39054158329963684,0.5189051032066345,-0.7487598657608032,0.9904122948646545,0.6605218052864075,0.4623425602912903,0.7139667272567749,0.3213649094104767,0.4918612241744995,0.46816617250442505,-0.9885183572769165,0.9802191257476807,0.6692758798599243,0.4489424228668213,0.7756725549697876,0.3476257026195526,0.5165311098098755,0.45248109102249146,-1.056701898574829,0.9702338576316833,0.5188302993774414,0.6488960385322571,0.16707000136375427,0.9970544576644897,0.4539695382118225,0.6487055420875549,-0.16711273789405823,0.9987092018127441,0.5164628624916077,0.7516351938247681,0.28113439679145813,0.4023582637310028,0.46542781591415405,0.7568588256835938,-0.3493770360946655,0.9527953863143921,0.4897480309009552,0.8462792634963989,0.47031083703041077,0.568209171295166,0.47006556391716003,0.8780450820922852,-0.38085535168647766,0.9660425782203674,0.4689439535140991,0.8635091781616211,0.4782373607158661,0.6475473642349243,0.44968393445014954,0.8990215063095093,-0.3953207731246948,0.9425334930419922,0.5563852787017822,0.8710099458694458,0.3470122218132019,0.7428603172302246,0.5395181775093079,0.914627730846405,-0.6319757699966431,0.9565887451171875
13,0.5416666666666667,0.5379846692085266,0.4376252293586731,-0.2315221130847931,0.999162495136261,0.5600003004074097,0.49057015776634216,0.24001333117485046,0.9954327940940857,0.4369688332080841,0.4832683503627777,-0.22546537220478058,0.9997401833534241,0.6264088153839111,0.49828529357910156,0.3995186686515808,0.24102750420570374,0.36852481961250305,0.5174821615219116,-0.6296208500862122,0.9912596344947815,0.666365921497345,0.45198240876197815,0.5040926933288574,0.3866181969642639,0.4536789655685425,0.4554695188999176,-0.8892320990562439,0.9820913672447205,0.678059458732605,0.43855613470077515,0.5367637872695923,0.4067525565624237,0.47569045424461365,0.43795400857925415,-0.9424647092819214,0.9728079438209534,0.5261426568031311,0.6449901461601257,0.15017753839492798,0.997231125831604,0.4500889182090759,0.6452879905700684,-0.15038210153579712,0.9988219141960144,0.5158930420875549,0.7480522990226746,0.3128148913383484,0.4385557770729065,0.44284650683403015,0.7562398314476013,-0.3119155764579773,0.9540770053863525,0.4917312562465668,0.8415356874465942,0.5318354368209839,0.5981124043464661,0.4278813600540161,0.871807873249054,-0.3078347444534302,0.9663556814193726,0.47288164496421814,0.8562647104263306,0.5438739061355591,0.6670796275138855,0.4072346091270447,0.8891654014587402,-0.317995548248291,0.9351620674133301,0.5464786291122437,0.8696883320808411,0.42345336079597473,0.7594990134239197,0.47714030742645264,0.9128277897834778,-0.5500443577766418,0.9573616981506348
14,0.5833333333333334,0.5374777317047119,0.43664684891700745,-0.28602007031440735,0.9992452263832092,0.5663374066352844,0.48999205231666565,0.17781461775302887,0.9957857728004456,0.43320485949516296,0.48321041464805603,-0.1920725256204605,0.9997630715370178,0.6400697231292725,0.49989786744117737,0.2543439567089081,0.30741769075393677,0.3505353629589081,0.5120025873184204,-0.5676915049552917,0.9920527935028076,0.6711305975914001,0.4453503489494324,0.29442739486694336,0.4456251561641693,0.4344504475593567,0.4472360610961914,-0.8098220825195312,0.9837345480918884,0.6849629878997803,0.43031224608421326,0.30599090456962585,0.46034494042396545,0.4494432210922241,0.42885175347328186,-0.8639665246009827,0.97489994764328,0.5260003209114075,0.6461097002029419,0.13094286620616913,0.9974144697189331,0.4454553723335266,0.6466193795204163,-0.13122345507144928,0.998927116394043,0.5152790546417236,0.7451044917106628,0.3213622272014618,0.483747273683548,0.4260703921318054,0.7563060522079468,-0.24280902743339539,0.9573886394500732,0.49213457107543945,0.8359686136245728,0.5521302223205566,0.6327329277992249,0.39876046776771545,0.8677660822868347,-0.18908917903900146,0.9682241082191467,0.47411951422691345,0.8511286973953247,0.565406322479248,0.6911312937736511,0.3802357017993927,0.8839608430862427,-0.19394469261169434,0.9302111268043518,0.5461063981056213,0.8652610778808594,0.44611355662345886,0.7788499593734741,0.43774622678756714,0.9070199728012085,-0.4093870520591736,0.9593412280082703
15,0.625,0.5319592356681824,0.43405288457870483,-0.31659337878227234,0.9993200302124023,0.5683025121688843,0.4892556667327881,0.14387290179729462,0.9961313009262085,0.4288274049758911,0.48323526978492737,-0.21613427996635437,0.9997855424880981,0.646712601184845,0.4979074001312256,0.15675726532936096,0.3686315417289734,0.3360294997692108,0.5074000358581543,-0.6162934899330139,0.9927889704704285,0.6780903935432434,0.4405699670314789,0.10340988636016846,0.4987621605396271,0.4172399342060089,0.44382816553115845,-0.8820071816444397,0.9852433800697327,0.6912981867790222,0.4242827296257019,0.09859825670719147,0.5087706446647644,0.42866185307502747,0.42595338821411133,-0.9468057155609131,0.976891040802002,0.5249938368797302,0.647211492061615,0.1270824670791626,0.9976382851600647,0.440570205450058,0.6477687954902649,-0.12747646868228912,0.9990314245223999,0.5149443745613098,0.7461129426956177,0.39367517828941345,0.5248202681541443,0.4155218005180359,0.7560955882072449,-0.2376987487077713,0.9608568549156189,0.4917527139186859,0.8348777890205383,0.7098309993743896,0.6651792526245117,0.3754429817199707,0.863739013671875,-0.20031292736530304,0.9704651832580566,0.47457242012023926,0.8488715887069702,0.7307711839675903,0.7141121625900269,0.3520275354385376,0.879305362701416,-0.20759069919586182,0.9283545017242432,0.5460653305053711,0.8655929565429688,0.5944083333015442,0.7972675561904907,0.4097323417663574,0.9051277041435242,-0.4454030692577362,0.9618370532989502
16,0.6666666666666667,0.5198800563812256,0.4316912293434143,-0.345001220703125,0.999387800693512,0.5679095387458801,0.4887126386165619,0.10032027214765549,0.9964839816093445,0.42528191208839417,0.48326849937438965,-0.2202589213848114,0.9998064041137695,0.647387683391571,0.49384069442749023,-0.16550172865390778,0.42846548557281494,0.3267636299133301,0.5055611729621887,-0.6402463316917419,0.9934574961662292,0.6808008551597595,0.4364181458950043,-0.5391157865524292,0.5477733016014099,0.4001026153564453,0.4413067698478699,-0.961911678314209,0.9866158366203308,0.6945171356201172,0.42028990387916565,-0.6078087687492371,0.5553749799728394,0.40465423464775085,0.4238697588443756,-1.0437467098236084,0.9787691235542297,0.5253922939300537,0.6469362378120422,0.12437552213668823,0.997859537601471,0.4376593232154846,0.6454706192016602,-0.12485092133283615,0.9991269707679749,0.5148137211799622,0.7445269823074341,0.3997891843318939,0.5636436939239502,0.4079122841358185,0.7509123086929321,-0.2769973874092102,0.9644696116447449,0.49164196848869324,0.8341237902641296,0.7303412556648254,0.6952134966850281,0.3596210479736328,0.8590574264526367,-0.25884830951690674,0.972998857498169,0.47432029247283936,0.8490225076675415,0.7518342733383179,0.7365047335624695,0.338801771402359,0.8740103840827942,-0.2696799039840698,0.9289579391479492,0.5461331009864807,0.8650986552238464,0.6019049286842346,0.8148325085639954,0.38004833459854126,0.8996937870979309,-0.5315170288085938,0.9648768305778503
17,0.7083333333333334,0.5209592580795288,0.4304060935974121,-0.4687543213367462,0.9994487762451172,0.5660844445228577,0.48864203691482544,-0.04628540202975273,0.996795117855072,0.41441965103149414,0.48498550057411194,-0.2742546796798706,0.9998247027397156,0.6524975299835205,0.48601484298706055,-0.3919864296913147,0.48309072852134705,0.3083387017250061,0.506756603717804,-0.7251908183097839,0.9940788745880127,0.6873261332511902,0.43099474906921387,-0.8519367575645447,0.5917133092880249,0.3678959310054779,0.4406227171421051,-1.0636883974075317,0.9878549575805664,0.7020780444145203,0.4152241349220276,-0.9462012648582458,0.5969374179840088,0.3725162446498871,0.42252421379089355,-1.1577006578445435,0.9804543256759644,0.5261249542236328,0.6470932960510254,0.11428199708461761,0.9980644583702087,0.4346739947795868,0.646625816822052,-0.11477500945329666,0.9992123246192932,0.5151723623275757,0.7446419596672058,0.40078094601631165,0.6040000319480896,0.3951685130596161,0.7488872408866882,-0.1557823121547699,0.9678940773010254,0.4914156496524811,0.8330872654914856,0.7566465735435486,0.7245320081710815,0.3379709720611572,0.8486989736557007,0.01249479316174984,0.9754239916801453,0.47378286719322205,0.8476883172988892,0.7809154987335205,0.7600184082984924,0.31725379824638367,0.8606063723564148,0.01838364265859127,0.9313550591468811,0.5461854934692383,0.8640447854995728,0.6246717572212219,0.8321498036384583,0.3473728895187378,0.8898164629936218,-0.22680805623531342,0.9678194522857666
18,0.75,0.5184050798416138,0.4307727813720703,-0.4877750277519226,0.9995037317276001,0.5644300580024719,0.48861780762672424,-0.0682046115398407,0.9970925450325012,0.4072001874446869,0.48698917031288147,-0.28050777316093445,0.9998417496681213,0.6545515060424805,0.4834516942501068,-0.423747718334198,0.5330859422683716,0.29816800355911255,0.5074396729469299,-0.7305124998092651,0.9946398735046387,0.6923104524612427,0.4272042214870453,-0.8979488611221313,0.6314330101013184,0.35340818762779236,0.4413734972476959,-1.0982388257980347,0.9889779686927795,0.7077823877334595,0.4121381342411041,-0.9964408874511719,0.6345274448394775,0.35400649905204773,0.42329224944114685,-1.1953346729278564,0.9820107221603394,0.526316225528717,0.6473449468612671,0.1066063866019249,0.9982516169548035,0.43241047859191895,0.6470358967781067,-0.10707562416791916,0.9992901682853699,0.5157061219215393,0.7448790073394775,0.4102053642272949,0.6409439444541931,0.38766542077064514,0.7473118901252747,-0.17263121902942657,0.9710193276405334,0.49244552850723267,0.8331174850463867,0.7862954139709473,0.7511972188949585,0.316416472196579,0.8482224345207214,-0.05097882077097893,0.9777010083198547,0.47596994042396545,0.8479136228561401,0.8118098974227905,0.7815842628479004,0.2969573140144348,0.8588215112686157,-0.049732863903045654,0.9338570833206177,0.5493374466896057,0.8637676239013672,0.6497941017150879,0.8479967713356018,0.33032873272895813,0.8893072009086609,-0.2922823131084442,0.9706546664237976
19,0.7916666666666667,0.514694333076477,0.4305429458618164,-0.5025708079338074,0.9995532631874084,0.5630308985710144,0.4885977804660797,-0.09135960787534714,0.9973645210266113,0.39759963750839233,0.4886348247528076,-0.30753186345100403,0.9998569488525391,0.6518009305000305,0.47961121797561646,-0.4352699816226959,0.5784114003181458,0.287913054227829,0.5077224969863892,-0.7489069700241089,0.9951497912406921,0.6938534379005432,0.4259091019630432,-0.8948834538459778,0.6673429012298584,0.336494117975235,0.44232550263404846,-1.1225738525390625,0.9899893999099731,0.7112169861793518,0.4110736846923828,-0.9928938746452332,0.6686403751373291,0.3384026288986206,0.4253697991371155,-1.2213854789733887,0.9833981990814209,0.5261229276657104,0.6477481722831726,0.09869568794965744,0.9984217286109924,0.42945441603660583,0.6474249958992004,-0.09916730225086212,0.9993599653244019,0.5154953598976135,0.7450392842292786,0.40039682388305664,0.6751941442489624,0.3836285471916199,0.7474250793457031,-0.10114935040473938,0.9738311767578125,0.4934818744659424,0.8331382870674133,0.7743720412254333,0.7753942012786865,0.3130561411380768,0.8450343012809753,0.11135236918926239,0.9797258377075195,0.47777125239372253,0.84809809923172,0.8012769818305969,0.8013297915458679,0.2978328466415405,0.8527089953422546,0.12243421375751495,0.9358912110328674,0.5525583028793335,0.8638365864753723,0.6368999481201172,0.8624424338340759,0.3195500373840332,0.8864410519599915,-0.1161731481552124,0.9731504917144775
20,0.8333333333333334,0.4950978457927704,0.4304410517215729,-0.46448028087615967,0.9995976090431213,0.5615144371986389,0.48854389786720276,-0.07271420955657959,0.9975930452346802,0.3836354911327362,0.4901823103427887,-0.25214895606040955,0.9998682141304016,0.6469809412956238,0.47622743248939514,-0.33748123049736023,0.6197581887245178,0.27101120352745056,0.5083601474761963,-0.6279028058052063,0.9955998063087463,0.6982335448265076,0.42321711778640747,-0.7214246988296509,0.6999784111976624,0.31528112292289734,0.44334444403648376,-1.0449568033218384,0.9908853769302368,0.7147935032844543,0.4069899022579193,-0.8054540157318115,0.6997740268707275,0.31301450729370117,0.42631736397743225,-1.194667100906372,0.9845360517501831,0.5255088806152344,0.6479926705360413,0.07440014183521271,0.9985721707344055,0.42257487773895264,0.647662878036499,-0.07469726353883743,0.9994214773178101,0.515349268913269,0.7443311810493469,0.31235867738723755,0.7064343094825745,0.3704737722873688,0.7490614652633667,-0.0619572252035141,0.9763320684432983,0.498018354177475,0.8341283798217773,0.6466506123542786,0.7972231507301331,0.3112603425979614,0.8435508012771606,0.15247049927711487,0.9814887046813965,0.4836561977863312,0.8494583368301392,0.6669689416885376,0.8191161751747131,0.3031211793422699,0.8523832559585571,0.1626836359500885,0.9365255236625671,0.5580788254737854,0.8644706606864929,0.4757155478000641,0.8753545880317688,0.30935385823249817,0.8819961547851562,-0.07295463979244232,0.9752329587936401
21,0.875,0.4853783845901489,0.43012604117393494,-0.4594848155975342,0.9996371269226074,0.5573257207870483,0.4883902072906494,-0.0874318927526474,0.99778151512146,0.37481245398521423,0.49235033988952637,-0.22735770046710968,0.999873161315918,0.6439381241798401,0.4718204438686371,-0.3154919147491455,0.6570835113525391,0.2625969648361206,0.5084011554718018,-0.5772213935852051,0.9959935545921326,0.6995640397071838,0.4213361144065857,-0.6579375863075256,0.7292238473892212,0.3016796112060547,0.44445329904556274,-0.9589343667030334,0.9916530847549438,0.7165027260780334,0.4045770764350891,-0.7353792190551758,0.7271913290023804,0.2980821132659912,0.42772483825683594,-1.0683984756469727,0.9853470325469971,0.5227943062782288,0.6482795476913452,0.04939490556716919,0.998705267906189,0.4146423637866974,0.6478646993637085,-0.04958038777112961,0.9994753003120422,0.5152469873428345,0.745132565498352,0.2485256791114807,0.735158383846283,0.3643825948238373,0.7495635747909546,-0.023097645491361618,0.9785827398300171,0.5057862997055054,0.834732174873352,0.6133752465248108,0.8170154690742493,0.3159715533256531,0.8440596461296082,0.24601446092128754,0.9830769300460815,0.4919724762439728,0.8501375317573547,0.6359786987304688,0.8348208665847778,0.3137975335121155,0.8532824516296387,0.26113176345825195,0.9367398619651794,0.5618465542793274,0.8669002652168274,0.43023326992988586,0.8870547413825989,0.3046247661113739,0.8825680613517761,0.020118651911616325,0.9771031737327576
22,0.9166666666666667,0.4731713533401489,0.4301348328590393,-0.4287601113319397,0.9996721148490906,0.5491851568222046,0.48841792345046997,-0.05011759325861931,0.9979304075241089,0.3682442605495453,0.4950973391532898,-0.20705492794513702,0.9998717308044434,0.6420032978057861,0.4667932391166687,-0.18492835760116577,0.6907387971878052,0.2560362219810486,0.5092731714248657,-0.5340890288352966,0.9963281154632568,0.701576292514801,0.41830921173095703,-0.44092682003974915,0.7555927634239197,0.28669455647468567,0.4451894760131836,-0.8918685913085938,0.9922841787338257,0.7178791761398315,0.4022396504878998,-0.4919479489326477,0.7518031001091003,0.28397291898727417,0.42812877893447876,-0.9822946190834045,0.9857978224754333,0.5183947086334229,0.6484065055847168,0.05117012560367584,0.9988212585449219,0.4087068438529968,0.6485545635223389,-0.051335256546735764,0.9995219111442566,0.5146617293357849,0.7472121715545654,0.21395868062973022,0.760977029800415,0.3611408770084381,0.7524603009223938,-0.03294261172413826,0.9805657267570496,0.5108084082603455,0.8348585963249207,0.565381646156311,0.8347922563552856,0.3172277808189392,0.8464778065681458,0.24455596506595612,0.9844813346862793,0.4966795742511749,0.8505886793136597,0.5860066413879395,0.849086344242096,0.3168466091156006,0.8568820953369141,0.2600579857826233,0.9367154836654663,0.5662326216697693,0.8692708015441895,0.3774977922439575,0.8974950909614563,0.3067070245742798,0.8840996623039246,0.018737997859716415,0.9787086248397827
23,0.9583333333333334,0.4657413959503174,0.4301699697971344,-0.41842684149742126,0.9997034072875977,0.5389326810836792,0.48860129714012146,-0.025071723386645317,0.9980604648590088,0.36076775193214417,0.4973876476287842,-0.2039829045534134,0.9998723864555359,0.6392296552658081,0.4642345905303955,-0.092330202460289,0.7210791707038879,0.2511071562767029,0.5106963515281677,-0.5459010004997253,0.9966225028038025,0.7009867429733276,0.4179611802101135,-0.25747472047805786,0.7794113159179688,0.27525994181632996,0.4459753930568695,-0.9088704586029053,0.9928684830665588,0.7181717157363892,0.40169888734817505,-0.30145758390426636,0.7742132544517517,0.2722872495651245,0.4291803240776062,-0.9978318214416504,0.9863027930259705,0.5123828649520874,0.6485405564308167,0.058353010565042496,0.998924732208252,0.40411555767059326,0.6485874652862549,-0.058526795357465744,0.9995644092559814,0.5136861205101013,0.7496205568313599,0.21202881634235382,0.7841673493385315,0.36041000485420227,0.7533629536628723,-0.07384809106588364,0.9823299050331116,0.5157566070556641,0.8360298871994019,0.5230596661567688,0.850813627243042,0.31771087646484375,0.8483797907829285,0.1480298787355423,0.9857550263404846,0.5019117593765259,0.8511743545532227,0.5384696125984192,0.8619855046272278,0.31724312901496887,0.8594945073127747,0.15826712548732758,0.9368787407875061,0.5711560249328613,0.8708637356758118,0.3255673944950104,0.906878650188446,0.30907517671585083,0.8852841258049011,-0.08787262439727783,0.9801948070526123
24,1.0,0.45264628529548645,0.43040013313293457,-0.38467398285865784,0.9997323155403137,0.526540994644165,0.48856449127197266,0.0014380024513229728,0.9981964230537415,0.3486674726009369,0.4989822804927826,-0.16728080809116364,0.9998765587806702,0.6294362545013428,0.4643487334251404,-0.009327584877610207,0.7483842968940735,0.2413053959608078,0.5171956419944763,-0.4746246039867401,0.9968827962875366,0.6989040970802307,0.41737276315689087,-0.14304280281066895,0.8008996844291687,0.25917959213256836,0.4517459273338318,-0.8239673376083374,0.9933947920799255,0.7172982096672058,0.4014328122138977,-0.1773311048746109,0.7944533228874207,0.2535516917705536,0.43687111139297485,-0.9075839519500732,0.9867596626281738,0.5033366084098816,0.6484086513519287,0.05942939594388008,0.9990156292915344,0.39579665660858154,0.6486049890518188,-0.059654951095581055,0.9996024370193481,0.5108106136322021,0.7503339648246765,0.21112701296806335,0.8049009442329407,0.3581584095954895,0.7534836530685425,-0.07490412145853043,0.9839224219322205,0.5213155150413513,0.8362409472465515,0.49550193548202515,0.86519455909729,0.32002636790275574,0.8494530916213989,0.11081229150295258,0.9869160652160645,0.5087206363677979,0.8514479398727417,0.5083682537078857,0.8734391927719116,0.3201030194759369,0.8609107732772827,0.1189010962843895,0.9372580647468567,0.5765594244003296,0.8710912466049194,0.3010396361351013,0.9152817130088806,0.31428906321525574,0.886444091796875,-0.1194649487733841,0.981582760810852
25,1.0416666666666667,0.44216760993003845,0.4308268427848816,-0.3818105161190033,0.9997586607933044,0.5152073502540588,0.48855775594711304,0.019167738035321236,0.9983323812484741,0.33915039896965027,0.49993816018104553,-0.17161524295806885,0.999883770942688,0.6185483336448669,0.4635254442691803,0.02096431516110897,0.7730063199996948,0.23372814059257507,0.5217519402503967,-0.4922207295894623,0.9971201419830322,0.6977126002311707,0.4183308482170105,-0.10045797377824783,0.8203727006912231,0.2457960993051529,0.4583061635494232,-0.8548921942710876,0.9938969612121582,0.7151569128036499,0.40253502130508423,-0.13094276189804077,0.8131944537162781,0.24139827489852905,0.4440740644931793,-0.9387682676315308,0.9873384833335876,0.49449247121810913,0.6484380960464478,0.06497626006603241,0.9991006255149841,0.38949865102767944,0.6495943069458008,-0.06524553149938583,0.9996383190155029,0.5082570910453796,0.7497812509536743,0.2457922399044037,0.8232690691947937,0.3564509451389313,0.753614068031311,-0.10552342981100082,0.9853430390357971,0.5239900946617126,0.8363282084465027,0.5315922498703003,0.8780242800712585,0.32113584876060486,0.8501254320144653,0.06759987771511078,0.9879213571548462,0.5116202235221863,0.8515591621398926,0.5449499487876892,0.8835688829421997,0.32113590836524963,0.8617559671401978,0.07395420968532562,0.9376734495162964,0.5775789618492126,0.871029257774353,0.34664928913116455,0.922726571559906,0.31874287128448486,0.8868955373764038,-0.17059195041656494,0.982781171798706
26,1.0833333333333335,0.426222026348114,0.4308532178401947,-0.42252621054649353,0.9997820258140564,0.5065237879753113,0.4882667064666748,-0.01446191594004631,0.9984361529350281,0.3309653103351593,0.5004639625549316,-0.1952650547027588,0.9998880624771118,0.6071531176567078,0.46343284845352173,-0.024316592141985893,0.7950775623321533,0.22747665643692017,0.5257652997970581,-0.5365129113197327,0.9973229169845581,0.6940751671791077,0.4191945195198059,-0.18839915096759796,0.8378089070320129,0.23898376524448395,0.46587759256362915,-0.944377064704895,0.9943333864212036,0.7143152952194214,0.4038415551185608,-0.227163165807724,0.8298957347869873,0.23323442041873932,0.4513307213783264,-1.0370266437530518,0.9878116250038147,0.4861295819282532,0.6484636068344116,0.06321626156568527,0.9991768002510071,0.382394403219223,0.650881826877594,-0.06348861753940582,0.9996699094772339,0.5063598155975342,0.7478135824203491,0.2575107216835022,0.8399933576583862,0.3552000820636749,0.7537131309509277,-0.08937180042266846,0.9866360425949097,0.5282260775566101,0.8354776501655579,0.556685745716095,0.8896507024765015,0.3238429129123688,0.8502607345581055,0.12490400671958923,0.9888306856155396,0.515035092830658,0.8514774441719055,0.5729305148124695,0.8927637338638306,0.32284408807754517,0.8610613942146301,0.13508279621601105,0.9382163286209106,0.5795838832855225,0.8704106211662292,0.3805583119392395,0.9295473694801331,0.3231452405452728,0.8857340812683105,-0.10865402221679688,0.9838685989379883
27,1.125,0.4105329215526581,0.43061262369155884,-0.38358545303344727,0.9998016357421875,0.49217087030410767,0.48727259039878845,-0.020441386848688126,0.9985384345054626,0.32060515880584717,0.5011506676673889,-0.18040405213832855,0.9998853802680969,0.5918163061141968,0.46289753913879395,-0.033677518367767334,0.8150275349617004,0.2203829437494278,0.5305970907211304,-0.5147209763526917,0.9974261522293091,0.684105634689331,0.4201565682888031,-0.1778842955827713,0.8535149097442627,0.219371035695076,0.474860280752182,-0.9419931173324585,0.9946656823158264,0.7086195945739746,0.40496936440467834,-0.21213647723197937,0.844999372959137,0.21403242647647858,0.45927754044532776,-1.0297166109085083,0.988089382648468,0.4754458963871002,0.6483354568481445,0.049741365015506744,0.9992429614067078,0.37117868661880493,0.6512962579727173,-0.05004230514168739,0.9996957778930664,0.50596022605896,0.7477771043777466,0.20815862715244293,0.8552871942520142,0.3522978127002716,0.7530778646469116,-0.073601134121418,0.9877653121948242,0.543001651763916,0.835357666015625,0.5092566609382629,0.9001267552375793,0.3256933093070984,0.8501747846603394,0.15048906207084656,0.9896472692489624,0.5334254503250122,0.8513225317001343,0.524163007736206,0.8998682498931885,0.33131030201911926,0.8605796098709106,0.1610649675130844,0.9386214017868042,0.5886253118515015,0.870185375213623,0.30339300632476807,0.9356424808502197,0.32501766085624695,0.8857163190841675,-0.08010183274745941,0.9848547577857971
28,1.1666666666666667,0.4012489318847656,0.43050628900527954,-0.37220826745033264,0.9998199343681335,0.48388564586639404,0.4862101078033447,-0.03521773964166641,0.998654305934906,0.3148203194141388,0.501538872718811,-0.15472039580345154,0.9998745322227478,0.5865140557289124,0.4608473777770996,-0.04076099768280983,0.8331396579742432,0.22238892316818237,0.53156578540802,-0.45701074600219727,0.9974130392074585,0.6786458492279053,0.41934409737586975,-0.16100357472896576,0.8677346110343933,0.2176479697227478,0.47674185037612915,-0.8712459206581116,0.9948309659957886,0.7016433477401733,0.4038262367248535,-0.18895460665225983,0.8587589263916016,0.20970354974269867,0.4616064131259918,-0.9572145342826843,0.98792964220047,0.4708007872104645,0.6468919515609741,0.02952548861503601,0.9993013143539429,0.365767240524292,0.6511296629905701,-0.029870690777897835,0.9997135400772095,0.5055167078971863,0.7465134859085083,0.14007103443145752,0.8692083954811096,0.352803498506546,0.752865195274353,-0.0274062342941761,0.9887219667434692,0.5519630312919617,0.835433304309845,0.4365547299385071,0.9095736145973206,0.32907870411872864,0.8495632410049438,0.2201041728258133,0.9902822971343994,0.5487185716629028,0.8497880697250366,0.4516201913356781,0.9037665724754333,0.3392864167690277,0.8591373562812805,0.23372109234333038,0.9373517632484436,0.5876668095588684,0.8707402944564819,0.2250327467918396,0.9411918520927429,0.32782742381095886,0.8860504031181335,0.007652257569134235,0.9856336116790771
29,1.2083333333333335,0.3976666331291199,0.42905372381210327,-0.36533233523368835,0.9998360276222229,0.47697949409484863,0.4846420884132385,-0.05913155525922775,0.9987690448760986,0.30811449885368347,0.5014922618865967,-0.1448875516653061,0.9998438358306885,0.5822806358337402,0.46126747131347656,-0.08872419595718384,0.8495405316352844,0.229800283908844,0.5316121578216553,-0.45048102736473083,0.9971908330917358,0.6744056344032288,0.4198249876499176,-0.20511001348495483,0.8806500434875488,0.2090502679347992,0.47789597511291504,-0.874598503112793,0.9948037266731262,0.697613537311554,0.40410226583480835,-0.2244289368391037,0.8716319799423218,0.2000752091407776,0.4628310203552246,-0.9609405398368835,0.9873908162117004,0.47071415185928345,0.6442026495933533,0.010911802761256695,0.9993482828140259,0.36441469192504883,0.6501630544662476,-0.011198912747204304,0.9997236132621765,0.5045636296272278,0.7445919513702393,0.12418418377637863,0.881918728351593,0.3539063632488251,0.7522096633911133,-0.00023942386906128377,0.9895516037940979,0.5590304732322693,0.8350127339363098,0.42519330978393555,0.9181513786315918,0.33366483449935913,0.8485254049301147,0.24710899591445923,0.9907937049865723,0.5603705644607544,0.8455127477645874,0.4407051205635071,0.9042899012565613,0.3451293408870697,0.8576987385749817,0.2602730095386505,0.9351034760475159,0.5863292813301086,0.8716141581535339,0.20411205291748047,0.9462649822235107,0.3286762535572052,0.886257529258728,0.032170407474040985,0.9862353801727295
30,1.25,0.3884503245353699,0.42909759283065796,-0.3875749707221985,0.9998486638069153,0.4725112020969391,0.4828977584838867,-0.10772337019443512,0.9988611936569214,0.3035251498222351,0.5022088289260864,-0.14320512115955353,0.9997987151145935,0.5819879174232483,0.46094608306884766,-0.13999459147453308,0.8643507957458496,0.2229384481906891,0.5343529582023621,-0.39981698989868164,0.9970614910125732,0.6733251214027405,0.4189174175262451,-0.27144718170166016,0.8921965956687927,0.20157954096794128,0.4782435894012451,-0.8035999536514282,0.9948508739471436,0.6949190497398376,0.40224534273147583,-0.3016802966594696,0.8828696608543396,0.19624625146389008,0.46263566613197327,-0.8858070969581604,0.9869925379753113,0.4674184024333954,0.6436530351638794,-0.003423036076128483,0.9993796348571777,0.3619372546672821,0.6500581502914429,0.003151134354993701,0.9997209906578064,0.5034253001213074,0.7435852289199829,0.08801699429750443,0.8934161067008972,0.35406172275543213,0.7525455951690674,0.02051367051899433,0.9903108477592468,0.5630381107330322,0.8350809216499329,0.3873516619205475,0.9259392619132996,0.3380773961544037,0.8486179113388062,0.2816527187824249,0.9912652373313904,0.5711140036582947,0.8454585075378418,0.4021681547164917,0.9032804369926453,0.3500785529613495,0.8578030467033386,0.29618173837661743,0.9335313439369202,0.5727968215942383,0.8731058835983276,0.15745416283607483,0.9508943557739258,0.3292658030986786,0.886414647102356,0.07273954153060913,0.9868293404579163
31,1.2916666666666667,0.374848335981369,0.4290543496608734,-0.42728492617607117,0.9998597502708435,0.46714603900909424,0.4820679724216461,-0.1441822350025177,0.9989427328109741,0.29813867807388306,0.5040985941886902,-0.1384592056274414,0.9997268915176392,0.5793562531471252,0.46028798818588257,-0.18041642010211945,0.8777547478675842,0.210472971200943,0.5387049913406372,-0.36912456154823303,0.9969510436058044,0.6684095859527588,0.41772493720054626,-0.3188140392303467,0.9025918841362,0.1932254582643509,0.47903281450271606,-0.7631480693817139,0.9948819279670715,0.6902964115142822,0.4014272093772888,-0.35325825214385986,0.8930010199546814,0.1891915202140808,0.4628831446170807,-0.846321165561676,0.9864228367805481,0.4647798240184784,0.6435555219650269,-0.01771000772714615,0.999405026435852,0.3604057729244232,0.6503580808639526,0.01745091937482357,0.9997028708457947,0.5023110508918762,0.7437185645103455,0.021021632477641106,0.903771698474884,0.35217881202697754,0.7560328245162964,0.06972833722829819,0.990813136100769,0.5682271122932434,0.8387621641159058,0.29040807485580444,0.9328794479370117,0.3409333825111389,0.8487183451652527,0.36264342069625854,0.9914615750312805,0.581936240196228,0.8491500020027161,0.3009777367115021,0.8967334032058716,0.35244640707969666,0.8581448793411255,0.3800933361053467,0.930398166179657,0.5568571090698242,0.8802580833435059,0.0371510311961174,0.9548643231391907,0.3297384977340698,0.8868406414985657,0.16112501919269562,0.9870598316192627
32,1.3333333333333335,0.3761976957321167,0.42873239517211914,-0.47601190209388733,0.9998701214790344,0.46560776233673096,0.48104017972946167,-0.15084616839885712,0.9990189075469971,0.2954493761062622,0.5044437646865845,-0.14171303808689117,0.9996694922447205,0.5806268453598022,0.45830973982810974,-0.18021941184997559,0.8898016214370728,0.21171775460243225,0.538772702217102,-0.4252432584762573,0.9969183206558228,0.6651492118835449,0.4180431365966797,-0.32661816477775574,0.9119260311126709,0.1944413036108017,0.4811972975730896,-0.7662708759307861,0.9950127005577087,0.6881008744239807,0.40183454751968384,-0.3621828854084015,0.9020272493362427,0.18421700596809387,0.4667903780937195,-0.8614776730537415,0.9863089919090271,0.46299153566360474,0.6431676745414734,-0.01574084348976612,0.9994349479675293,0.3591998219490051,0.6505128741264343,0.015531562268733978,0.9996936321258545,0.5016438961029053,0.7437765598297119,0.02103833667933941,0.913152277469635,0.3511005938053131,0.7581285834312439,0.0867525190114975,0.9912921190261841,0.5691460967063904,0.8401137590408325,0.2918487787246704,0.9392145872116089,0.343255877494812,0.8488302230834961,0.3992592990398407,0.9916799068450928,0.5831136703491211,0.850817859172821,0.3020053505897522,0.8941044211387634,0.3541387617588043,0.8583809733390808,0.4184451699256897,0.9284012913703918,0.5507315397262573,0.88158118724823,0.03461845964193344,0.9586047530174255,0.3317209780216217,0.8876264691352844,0.19536985456943512,0.9873461723327637
33,1.375,0.37391743063926697,0.4287649989128113,-0.45314937829971313,0.9998779296875,0.4611049294471741,0.48074594140052795,-0.1450427919626236,0.9990886449813843,0.2929701507091522,0.5052717924118042,-0.1541481912136078,0.9995880126953125,0.5778375267982483,0.4580324590206146,-0.17899265885353088,0.900659441947937,0.2128814458847046,0.5381871461868286,-0.42458587884902954,0.9967278242111206,0.6620335578918457,0.4183039665222168,-0.3236842751502991,0.9204152822494507,0.1923687607049942,0.4803387522697449,-0.8152228593826294,0.994983434677124,0.6854793429374695,0.4020809531211853,-0.35882800817489624,0.9105126857757568,0.18223120272159576,0.4667731821537018,-0.9027237892150879,0.9858198761940002,0.4616924226284027,0.642932653427124,-0.014275221154093742,0.9994547367095947,0.35796597599983215,0.6506947875022888,0.014049172401428223,0.9996811747550964,0.5014076828956604,0.7438804507255554,0.025620367377996445,0.9215118885040283,0.3504319190979004,0.7591856122016907,0.050675004720687866,0.9916875958442688,0.568928599357605,0.8402224779129028,0.30490437150001526,0.944776713848114,0.3449476361274719,0.849262535572052,0.3301026225090027,0.9918212890625,0.5815290212631226,0.850856602191925,0.31644207239151,0.8899216651916504,0.3550978899002075,0.8584996461868286,0.34569981694221497,0.9260949492454529,0.5510150790214539,0.8821817636489868,0.055997058749198914,0.9617226719856262,0.3340406119823456,0.8884778022766113,0.11998555064201355,0.9874494075775146
34,1.4166666666666667,0.3727935254573822,0.42892104387283325,-0.4398972690105438,0.9998845458030701,0.45882126688957214,0.48086294531822205,-0.12366814911365509,0.9991426467895508,0.29132887721061707,0.5061803460121155,-0.15096710622310638,0.999544620513916,0.5757914781570435,0.4578327536582947,-0.15926699340343475,0.9104030132293701,0.21091976761817932,0.5395408272743225,-0.4069521129131317,0.9966915845870972,0.6606374382972717,0.41777467727661133,-0.3081563413143158,0.9280744791030884,0.18841631710529327,0.4827551245689392,-0.8044679164886475,0.9950584173202515,0.6845266819000244,0.40107330679893494,-0.34436118602752686,0.9181854128837585,0.1777087152004242,0.4692233204841614,-0.8888256549835205,0.985643744468689,0.4614623486995697,0.643072247505188,-0.008879420347511768,0.9994634389877319,0.3565210998058319,0.6512399911880493,0.00867490191012621,0.9996722936630249,0.5014928579330444,0.7439581155776978,0.05329360067844391,0.9289475679397583,0.3506939113140106,0.7602096796035767,0.028331493958830833,0.9921206831932068,0.5661534667015076,0.8386815786361694,0.3503207266330719,0.9496246576309204,0.34729519486427307,0.8506008386611938,0.2910885810852051,0.9919595122337341,0.5747729539871216,0.8477523922920227,0.36415237188339233,0.8856449723243713,0.3558032512664795,0.8594539761543274,0.3053446114063263,0.9232771992683411,0.5527079105377197,0.8812341690063477,0.11522848159074783,0.9642396569252014,0.33765262365341187,0.8895926475524902,0.07831224054098129,0.987470269203186
35,1.4583333333333335,0.36725956201553345,0.4289589822292328,-0.4047624468803406,0.9998930096626282,0.4566572904586792,0.4808710217475891,-0.11268152296543121,0.9992076754570007,0.29079926013946533,0.5067138075828552,-0.12915198504924774,0.9994990825653076,0.571423351764679,0.45792466402053833,-0.1514831781387329,0.9192003607749939,0.21315151453018188,0.538629412651062,-0.41787710785865784,0.9963149428367615,0.6592409610748291,0.41813603043556213,-0.29971015453338623,0.9350650906562805,0.1890132874250412,0.48185810446739197,-0.8070606589317322,0.9948096871376038,0.6833239197731018,0.40134090185165405,-0.3370835483074188,0.9255498647689819,0.17692871391773224,0.4694950580596924,-0.8914758563041687,0.9847189784049988,0.46076464653015137,0.6432363390922546,-0.009271053597331047,0.9994887113571167,0.35590702295303345,0.6524525284767151,0.009014254435896873,0.9996784925460815,0.5015544891357422,0.7440998554229736,0.06434141099452972,0.9357511401176453,0.35117629170417786,0.7614737153053284,0.022166408598423004,0.9925646781921387,0.5662145018577576,0.838420569896698,0.3594382405281067,0.9541825652122498,0.34855425357818604,0.8515357971191406,0.27938318252563477,0.99226975440979,0.5755665898323059,0.8474552035331726,0.3731846809387207,0.8844842910766602,0.35665464401245117,0.8603405952453613,0.29277488589286804,0.9232357740402222,0.5539245009422302,0.8811911344528198,0.1212729960680008,0.966928243637085,0.3399638831615448,0.8900521397590637,0.06369996815919876,0.9878456592559814
36,1.5,0.3701115548610687,0.4290008544921875,-0.40567588806152344,0.9999009966850281,0.45739784836769104,0.4809553027153015,-0.1226273849606514,0.9992676377296448,0.29167503118515015,0.5070616602897644,-0.13101236522197723,0.9994558095932007,0.5721140503883362,0.4580713212490082,-0.1598706692457199,0.9271205067634583,0.21389320492744446,0.5378497838973999,-0.3968966603279114,0.9960612654685974,0.6596820950508118,0.41820353269577026,-0.3044270873069763,0.9413357973098755,0.1879945695400238,0.4822351038455963,-0.7967085838317871,0.994625449180603,0.6830336451530457,0.4013139307498932,-0.33825692534446716,0.9320468306541443,0.1769018918275833,0.4696880280971527,-0.8771633505821228,0.983862042427063,0.4608395993709564,0.643871545791626,-0.011648534797132015,0.9995089173316956,0.3560520112514496,0.6536368131637573,0.01136618573218584,0.9996824860572815,0.5021485090255737,0.7445037961006165,0.07407401502132416,0.9419154524803162,0.3516092300415039,0.7625560760498047,0.032101161777973175,0.9930235147476196,0.5672829747200012,0.8380541801452637,0.3717764616012573,0.958368182182312,0.3498944938182831,0.8522353172302246,0.2943302392959595,0.9925947189331055,0.5777852535247803,0.8469134569168091,0.38580068945884705,0.8837860226631165,0.3574269711971283,0.8608731031417847,0.30840373039245605,0.9230806827545166,0.5550534129142761,0.881523609161377,0.13632813096046448,0.9694031476974487,0.34168633818626404,0.8902766108512878,0.08083653450012207,0.9882413744926453
37,1.5416666666666667,0.3722970187664032,0.42981237173080444,-0.4026252031326294,0.9999082684516907,0.4590892493724823,0.4810221791267395,-0.11546114832162857,0.9993205070495605,0.2940077483654022,0.507461667060852,-0.1240692064166069,0.9994375705718994,0.5735996961593628,0.4581429958343506,-0.15447703003883362,0.9342120885848999,0.2154906988143921,0.5375145673751831,-0.39908069372177124,0.9958056807518005,0.6604565382003784,0.4181443750858307,-0.29981276392936707,0.9469468593597412,0.1902218908071518,0.4833163321018219,-0.810689389705658,0.9944322109222412,0.683501660823822,0.40125399827957153,-0.334585964679718,0.9377802014350891,0.17952139675617218,0.47034183144569397,-0.8937323689460754,0.983040988445282,0.4619625210762024,0.6456718444824219,-0.010688338428735733,0.9995300769805908,0.3573880195617676,0.6552245616912842,0.010403054766356945,0.9996920824050903,0.5054619312286377,0.74549800157547,0.0751529335975647,0.9474844932556152,0.3517801761627197,0.7642353177070618,0.03240558132529259,0.9934946298599243,0.5694965124130249,0.8376145362854004,0.4093518853187561,0.9621451497077942,0.3531385064125061,0.8543182611465454,0.29468241333961487,0.9929586052894592,0.5797864198684692,0.8462179899215698,0.4265982210636139,0.8822451829910278,0.36185261607170105,0.8632874488830566,0.3086680769920349,0.9232977032661438,0.5585491061210632,0.8821085095405579,0.1737738996744156,0.9716841578483582,0.34467920660972595,0.890892505645752,0.08024157583713531,0.9887377023696899
38,1.5833333333333335,0.3756837248802185,0.4301756024360657,-0.40333810448646545,0.9999147057533264,0.4600934386253357,0.4810594916343689,-0.09866626560688019,0.9993643164634705,0.295301616191864,0.5081086158752441,-0.13071896135807037,0.9994214177131653,0.5746453404426575,0.4582136571407318,-0.12846577167510986,0.940570592880249,0.2156226634979248,0.5377982258796692,-0.4105546772480011,0.9956905245780945,0.6610066294670105,0.4182701110839844,-0.2601505219936371,0.9519599676132202,0.1929800808429718,0.48470941185951233,-0.8285839557647705,0.9944809079170227,0.6837851405143738,0.40134748816490173,-0.29225948452949524,0.9427720904350281,0.18206851184368134,0.47083529829978943,-0.9138781428337097,0.9829944372177124,0.46269357204437256,0.6470354795455933,-0.008450514636933804,0.9995438456535339,0.3583112955093384,0.656575620174408,0.008184172213077545,0.9996919631958008,0.5091509222984314,0.7474489808082581,0.0818575769662857,0.9524986147880554,0.35250476002693176,0.7648099660873413,0.0351162850856781,0.9938645362854004,0.5712404847145081,0.8379203081130981,0.4028474986553192,0.9655039310455322,0.356049120426178,0.8559529185295105,0.2978917062282562,0.9932106733322144,0.5814955234527588,0.8462621569633484,0.41855588555336,0.8800989389419556,0.36510059237480164,0.8655902147293091,0.3118332624435425,0.9226971864700317,0.5599377155303955,0.8840187191963196,0.16322855651378632,0.973651647567749,0.3467607796192169,0.8911833763122559,0.08331012725830078,0.9890996217727661
39,1.625,0.37593814730644226,0.4313431680202484,-0.4019271433353424,0.999920666217804,0.46096089482307434,0.48114150762557983,-0.08966273069381714,0.999407172203064,0.2959432303905487,0.5089325308799744,-0.127547949552536,0.9994074106216431,0.5752930045127869,0.458300918340683,-0.12444309890270233,0.9463275671005249,0.2159348428249359,0.5396837592124939,-0.3952217400074005,0.9956358075141907,0.6616899967193604,0.41929587721824646,-0.26490655541419983,0.9565072059631348,0.19425171613693237,0.4860120713710785,-0.8074647784233093,0.9946211576461792,0.6861540675163269,0.4021480977535248,-0.29807931184768677,0.9473921060562134,0.1829158514738083,0.47155070304870605,-0.8914023637771606,0.9832570552825928,0.4631459414958954,0.6474062204360962,-0.009383848868310452,0.9995511770248413,0.3589130938053131,0.6569827198982239,0.009165926836431026,0.9996859431266785,0.51103675365448,0.74811190366745,0.07428991794586182,0.9569782614707947,0.35376977920532227,0.765455961227417,0.03992537036538124,0.9941611886024475,0.5731346011161804,0.8382256627082825,0.3651313781738281,0.9684447050094604,0.3580721914768219,0.8567339777946472,0.2951480746269226,0.9933645725250244,0.5829979181289673,0.8466588258743286,0.3775266408920288,0.8772914409637451,0.3664582073688507,0.8663374781608582,0.30831825733184814,0.9217503666877747,0.5627568960189819,0.8843308687210083,0.1258987933397293,0.9752762913703918,0.34824037551879883,0.8916332125663757,0.08180718123912811,0.9893013834953308
40,1.6666666666666667,0.37826868891716003,0.4317278265953064,-0.38885852694511414,0.9999256730079651,0.4617709815502167,0.4811848998069763,-0.08048524707555771,0.9994457960128784,0.29648032784461975,0.5093079209327698,-0.12321744859218597,0.9993976354598999,0.5758384466171265,0.45836466550827026,-0.11745305359363556,0.9514914751052856,0.21610614657402039,0.5402770638465881,-0.3919956088066101,0.9956069588661194,0.6621401309967041,0.4210236072540283,-0.26098179817199707,0.9606083035469055,0.19426028430461884,0.486112505197525,-0.799953043460846,0.9947701096534729,0.6877540349960327,0.4038403034210205,-0.29443830251693726,0.9516085386276245,0.18321791291236877,0.4714752733707428,-0.8829487562179565,0.9835801720619202,0.4635377526283264,0.6477938294410706,-0.008510056883096695,0.999560534954071,0.3591192066669464,0.6572917103767395,0.008295057341456413,0.9996843338012695,0.5127313137054443,0.7489466071128845,0.07313430309295654,0.9609984159469604,0.3547239303588867,0.7660268545150757,0.03579076752066612,0.9944182634353638,0.573567271232605,0.8383774757385254,0.36575567722320557,0.9710546731948853,0.3591180145740509,0.8569879531860352,0.2912538945674896,0.993455708026886,0.5827107429504395,0.8468907475471497,0.37887144088745117,0.8741294145584106,0.36700600385665894,0.8664291501045227,0.30450162291526794,0.9200026988983154,0.5655824542045593,0.8843955993652344,0.13047397136688232,0.9766774773597717,0.34932461380958557,0.8921257853507996,0.07801122218370438,0.9894092679023743
41,1.7083333333333335,0.38223376870155334,0.4323377013206482,-0.3830164968967438,0.9999309778213501,0.46307995915412903,0.4831288456916809,-0.05582291632890701,0.9994779229164124,0.2969608008861542,0.5103772878646851,-0.12405561655759811,0.9994071125984192,0.5761790871620178,0.4633890986442566,-0.0669851005077362,0.9560834765434265,0.2166699767112732,0.542295515537262,-0.3739306926727295,0.9957629442214966,0.6701589226722717,0.42831459641456604,-0.20226424932479858,0.9642874598503113,0.1949920803308487,0.4855629503726959,-0.738770067691803,0.9949681758880615,0.697106659412384,0.4116101861000061,-0.23308296501636505,0.95533686876297,0.18419983983039856,0.47140368819236755,-0.8166576027870178,0.9839421510696411,0.46720266342163086,0.648859977722168,-0.0035786477383226156,0.9995713829994202,0.3615745007991791,0.6580991744995117,0.0034240263048559427,0.9996895790100098,0.5143808722496033,0.7507458329200745,0.08444221317768097,0.9645126461982727,0.35614264011383057,0.7664726376533508,0.01583229936659336,0.9946861267089844,0.5726795792579651,0.83953458070755,0.39932531118392944,0.9733143448829651,0.3608417809009552,0.8581497073173523,0.2647876441478729,0.9935980439186096,0.5777602791786194,0.8477956056594849,0.41563934087753296,0.8747236728668213,0.36827611923217773,0.8674318194389343,0.2778615951538086,0.9188665747642517,0.5736860632896423,0.8841707110404968,0.18098068237304688,0.9778702855110168,0.3507886230945587,0.893473744392395,0.05036244913935661,0.9895589351654053
42,1.75,0.3884696662425995,0.43416938185691833,-0.39709773659706116,0.9999364018440247,0.46801334619522095,0.48562541604042053,-0.05632071569561958,0.9995096921920776,0.2979108691215515,0.5118595361709595,-0.14535300433635712,0.9994356036186218,0.5821818709373474,0.4679350256919861,-0.05673892796039581,0.9601500034332275,0.21709927916526794,0.5423502922058105,-0.4143851101398468,0.9959911108016968,0.6794859766960144,0.43548837304115295,-0.1883482038974762,0.9675188064575195,0.20183898508548737,0.48521050810813904,-0.7554947733879089,0.9951817393302917,0.7061429619789124,0.4194470942020416,-0.2203630805015564,0.9584270715713501,0.1934763342142105,0.47098642587661743,-0.8485593795776367,0.9843724966049194,0.47223445773124695,0.6527437567710876,0.008280660957098007,0.9995936751365662,0.3645341098308563,0.6615313291549683,-0.008439294993877411,0.9997063279151917,0.5169087052345276,0.7561463713645935,0.1259440779685974,0.9677765369415283,0.35669437050819397,0.769342303276062,0.004057728685438633,0.9950613975524902,0.5708039999008179,0.8405911326408386,0.5322009325027466,0.9755121469497681,0.36194491386413574,0.8592126965522766,0.2836317718029022,0.9939368963241577,0.5674023032188416,0.8494783639907837,0.5583732724189758,0.8802472352981567,0.3693384528160095,0.8684319257736206,0.3016263246536255,0.9207109212875366,0.5785762071609497,0.884111762046814,0.3331828713417053,0.9792071580886841,0.35277655720710754,0.8944801092147827,0.06899649649858475,0.9900141954421997
43,1.7916666666666667,0.40894344449043274,0.4370730519294739,-0.4429313540458679,0.9999415874481201,0.47705981135368347,0.4892043173313141,-0.016063127666711807,0.9995319247245789,0.299650102853775,0.5141571164131165,-0.2359171062707901,0.9994710683822632,0.5922151207923889,0.48021405935287476,0.04659183695912361,0.9637497067451477,0.21362662315368652,0.5419641733169556,-0.5269590616226196,0.9963254332542419,0.6983403563499451,0.4494151473045349,-0.06710425764322281,0.9704680442810059,0.21436470746994019,0.4798125624656677,-0.8412179946899414,0.9955318570137024,0.7254852056503296,0.4365091323852539,-0.09590129554271698,0.9612913727760315,0.21132755279541016,0.46135273575782776,-0.932461142539978,0.985267162322998,0.48112496733665466,0.65928715467453,0.0500207357108593,0.9996177554130554,0.37003064155578613,0.6666582822799683,-0.05016092211008072,0.9997263550758362,0.5186103582382202,0.7663804292678833,0.19063542783260345,0.9705420732498169,0.3589540123939514,0.7736974954605103,-0.035770196467638016,0.9953864216804504,0.5478151440620422,0.8457902669906616,0.6810067892074585,0.9774207472801208,0.36234527826309204,0.8608438372612,0.29860493540763855,0.9942835569381714,0.534381628036499,0.8559319376945496,0.7168383002281189,0.8896216154098511,0.36994093656539917,0.8709627985954285,0.32197868824005127,0.9238554239273071,0.5772979259490967,0.8852913975715637,0.5141056776046753,0.9803724884986877,0.35514435172080994,0.8971751928329468,0.08018102496862411,0.990454912185669
44,1.8333333333333335,0.4321526885032654,0.44181427359580994,-0.4919587969779968,0.999946653842926,0.48903754353523254,0.4952504634857178,-0.023740962147712708,0.999557614326477,0.30620306730270386,0.5146971940994263,-0.29158300161361694,0.9995156526565552,0.6024415493011475,0.5001784563064575,0.07687109708786011,0.9670106768608093,0.2083347737789154,0.534507691860199,-0.6117590069770813,0.9966506958007812,0.7172526717185974,0.47875261306762695,-0.02896646037697792,0.9731916785240173,0.24401773512363434,0.4658297002315521,-0.9177320599555969,0.9958627223968506,0.7514022588729858,0.4699532389640808,-0.056833747774362564,0.9642969965934753,0.24436834454536438,0.44856706261634827,-1.0116299390792847,0.9861359596252441,0.48927998542785645,0.6658806204795837,0.06434854120016098,0.9996413588523865,0.3760465979576111,0.6724895238876343,-0.06451928615570068,0.9997475147247314,0.5181261897087097,0.7732042074203491,0.2498411238193512,0.9730395078659058,0.36449459195137024,0.7789658308029175,-0.05905788764357567,0.9956908822059631,0.521607518196106,0.8572142720222473,0.704891562461853,0.979228675365448,0.3631485104560852,0.8649634122848511,0.2714742124080658,0.9946519732475281,0.5046478509902954,0.8703821897506714,0.7376827001571655,0.899292528629303,0.37033599615097046,0.8757417798042297,0.29572606086730957,0.9283875226974487,0.5746814608573914,0.8887550234794617,0.5428578853607178,0.9817180633544922,0.35740312933921814,0.9003509283065796,0.04463372752070427,0.9909874796867371
45,1.875,0.43910500407218933,0.4434329569339752,-0.46266958117485046,0.9999513626098633,0.4958324730396271,0.4987841248512268,0.007828965783119202,0.999579668045044,0.3144901394844055,0.5146809816360474,-0.2522725462913513,0.9995580315589905,0.6033124327659607,0.5145129561424255,0.13968472182750702,0.9696529507637024,0.20813004672527313,0.5261529684066772,-0.579158365726471,0.9969341158866882,0.7183479070663452,0.5045968294143677,0.06544634699821472,0.9755727648735046,0.2579277753829956,0.4583769738674164,-0.8815380334854126,0.9961366653442383,0.755694568157196,0.49970465898513794,0.04990752413868904,0.9668333530426025,0.2619487941265106,0.44276103377342224,-0.9689621925354004,0.9868247509002686,0.4937046766281128,0.6674439311027527,0.06763926893472672,0.9996578693389893,0.3810458183288574,0.6742749214172363,-0.06792531162500381,0.9997642040252686,0.5175214409828186,0.7766817808151245,0.2586657702922821,0.9751489162445068,0.36974281072616577,0.7797040343284607,-0.04380172863602638,0.9959498643875122,0.5147801041603088,0.8647360801696777,0.62535560131073,0.9808570146560669,0.3635183572769165,0.8660610318183899,0.25380387902259827,0.9949642419815063,0.4983452260494232,0.8791038393974304,0.6497250199317932,0.9081277847290039,0.3698875308036804,0.8765000104904175,0.27431121468544006,0.9323371052742004,0.574553906917572,0.893743634223938,0.4615922272205353,0.9829484224319458,0.3581669330596924,0.9022966623306274,0.03917693719267845,0.9914268851280212
46,1.9166666666666667,0.44074246287345886,0.4449228346347809,-0.4980834424495697,0.9999558925628662,0.5023567080497742,0.5012727975845337,-0.008806515485048294,0.9996013641357422,0.3193543255329132,0.5144807696342468,-0.2334374487400055,0.9995985627174377,0.6122726798057556,0.5282043218612671,0.1520523875951767,0.9718571901321411,0.20723573863506317,0.5246120691299438,-0.5587241053581238,0.997202455997467,0.7237628698348999,0.5238074064254761,0.1150534600019455,0.9777108430862427,0.27141815423965454,0.4572831094264984,-0.8679990768432617,0.9964041709899902,0.7591327428817749,0.5204383134841919,0.10852136462926865,0.9690759181976318,0.2776089310646057,0.44088906049728394,-0.9615957736968994,0.9874799847602844,0.49770796298980713,0.6687996983528137,0.06188571825623512,0.9996702075004578,0.38671666383743286,0.6744370460510254,-0.06223417818546295,0.9997791051864624,0.5167028903961182,0.7764588594436646,0.29756054282188416,0.9766960740089417,0.3757786750793457,0.7791791558265686,-0.03730660676956177,0.9961569309234619,0.5119151473045349,0.8679812550544739,0.6306210160255432,0.9821830987930298,0.3638661205768585,0.8663778305053711,0.2579134404659271,0.9951691031455994,0.49570900201797485,0.8844216465950012,0.6518068313598633,0.9157114028930664,0.36976054310798645,0.8773521184921265,0.2769835889339447,0.9352229237556458,0.5741857290267944,0.896196722984314,0.4660243093967438,0.9838753342628479,0.3581681251525879,0.903643786907196,0.04172853007912636,0.9917171001434326
47,1.9583333333333335,0.4478577971458435,0.4473445415496826,-0.5352616906166077,0.9999600052833557,0.5069743394851685,0.5028600096702576,-0.012482959777116776,0.9996240139007568,0.319884330034256,0.5138224363327026,-0.2625840902328491,0.9996364116668701,0.6172351241111755,0.5352574586868286,0.18429754674434662,0.9736300110816956,0.20520369708538055,0.525780975818634,-0.5886711478233337,0.9974578619003296,0.7288030982017517,0.533555269241333,0.1379062384366989,0.979569673538208,0.27559760212898254,0.4576857089996338,-0.89459627866745,0.9966926574707031,0.7624598741531372,0.5314205884933472,0.129755437374115,0.9709104895591736,0.282190203666687,0.4403661787509918,-0.9772945046424866,0.9883241653442383,0.5005925297737122,0.6696648597717285,0.06289386004209518,0.9996832013130188,0.39035624265670776,0.6746556162834167,-0.063286192715168,0.9997930526733398,0.5156492590904236,0.7751971483230591,0.31974199414253235,0.9779027104377747,0.3808027505874634,0.778592586517334,0.03017125092446804,0.9962735176086426,0.5084179639816284,0.8694480061531067,0.6739806532859802,0.9832842350006104,0.36414676904678345,0.8668385744094849,0.34833377599716187,0.9952983260154724,0.49440401792526245,0.8892899751663208,0.6982685327529907,0.9225580096244812,0.3694605231285095,0.8789578676223755,0.3710893392562866,0.9382930994033813,0.5747910141944885,0.8949645161628723,0.5140934586524963,0.9847438931465149,0.3583279848098755,0.9041590690612793,0.14763158559799194,0.9919443726539612
48,2.0,0.4708572030067444,0.45242491364479065,-0.5012862086296082,0.9999631643295288,0.5160194039344788,0.5091831088066101,0.025602182373404503,0.999635636806488,0.3394058346748352,0.5102989077568054,-0.25465771555900574,0.9996700286865234,0.6136395931243896,0.5555403232574463,0.22260530292987823,0.9732985496520996,0.22124266624450684,0.5042115449905396,-0.6088561415672302,0.9976779818534851,0.7213663458824158,0.5647485852241516,0.19386176764965057,0.9801590442657471,0.30868497490882874,0.45246925950050354,-0.889464259147644,0.9968304634094238,0.7545456886291504,0.5696930289268494,0.18969838321208954,0.9699694514274597,0.322820246219635,0.43718189001083374,-0.9669973850250244,0.9884675741195679,0.5059281587600708,0.6706932783126831,0.07785939425230026,0.9996956586837769,0.40125584602355957,0.6741281747817993,-0.07820866256952286,0.9998064041137695,0.5159820318222046,0.7737968564033508,0.2931446135044098,0.978621244430542,0.3892921507358551,0.7776708602905273,0.03241082653403282,0.996314287185669,0.5045490860939026,0.8682729601860046,0.6169742345809937,0.9840826988220215,0.36446401476860046,0.8690484762191772,0.3367809057235718,0.9954068064689636,0.48682546615600586,0.8877253532409668,0.6396828293800354,0.9285888075828552,0.36820489168167114,0.883078396320343,0.3586221933364868,0.9415448904037476,0.5745642781257629,0.894217848777771,0.4562385082244873,0.9853800535202026,0.3580995798110962,0.9048026204109192,0.1451859474182129,0.9921362400054932
49,2.041666666666667,0.4804637134075165,0.45329874753952026,-0.43555501103401184,0.9999662637710571,0.5252658128738403,0.5167983770370483,0.05107734352350235,0.999653160572052,0.3601989448070526,0.5090929269790649,-0.24850010871887207,0.9997007250785828,0.6112704873085022,0.5724640488624573,0.1864129602909088,0.969039797782898,0.2389073222875595,0.4922234117984772,-0.5974456071853638,0.9978857040405273,0.6944587230682373,0.5879594683647156,0.12685775756835938,0.9800179600715637,0.3260064423084259,0.44722825288772583,-0.8688045144081116,0.9969818592071533,0.732420027256012,0.5918503999710083,0.11293252557516098,0.9681453108787537,0.340920627117157,0.4354531764984131,-0.9373953938484192,0.9886865615844727,0.5131381154060364,0.6718881130218506,0.0906270369887352,0.9997157454490662,0.4123823344707489,0.6735063195228577,-0.09092067927122116,0.9998221397399902,0.5187007188796997,0.7745714783668518,0.3024190664291382,0.9786798357963562,0.3980986177921295,0.7769865989685059,0.02108088694512844,0.996439516544342,0.5036370158195496,0.8691434860229492,0.6038917899131775,0.9847412705421448,0.3644729554653168,0.8710090517997742,0.25568386912345886,0.9955189228057861,0.48642387986183167,0.8877660632133484,0.6250454187393188,0.9334779381752014,0.36429303884506226,0.8857871294021606,0.2728445529937744,0.9432575106620789,0.574439287185669,0.8952385783195496,0.46237894892692566,0.9858004450798035,0.35927608609199524,0.9057419896125793,0.07862390577793121,0.9923765659332275
50,2.0833333333333335,0.4913756847381592,0.45281586050987244,-0.3341060280799866,0.9999686479568481,0.529258668422699,0.5197333097457886,0.10489967465400696,0.9996693730354309,0.3775842487812042,0.5065338015556335,-0.22606417536735535,0.9997283816337585,0.5950146317481995,0.5786136388778687,0.22706402838230133,0.9603629112243652,0.2716491222381592,0.47982174158096313,-0.5945672988891602,0.9980525970458984,0.6703637838363647,0.6055614352226257,0.2001955807209015,0.9772177934646606,0.34537312388420105,0.44116824865341187,-0.8395756483078003,0.9970048666000366,0.6969254612922668,0.6135084629058838,0.1969338059425354,0.9618198275566101,0.3563496172428131,0.4333474040031433,-0.9065200090408325,0.9884819388389587,0.5189073085784912,0.6709321737289429,0.10745542496442795,0.9997354745864868,0.4223540127277374,0.6719935536384583,-0.10772030800580978,0.9998370409011841,0.5216310620307922,0.7734528183937073,0.28656619787216187,0.977013885974884,0.40962138772010803,0.773553192615509,-0.07399217039346695,0.9964356422424316,0.5038577318191528,0.8699926137924194,0.5481582880020142,0.9848994016647339,0.36453697085380554,0.8707152605056763,0.10330069810152054,0.9955997467041016,0.4855143129825592,0.8884681463241577,0.5632272362709045,0.9372338056564331,0.35959333181381226,0.885199248790741,0.11391298472881317,0.9442022442817688,0.5743228197097778,0.8965922594070435,0.4605821967124939,0.9858497977256775,0.3606070280075073,0.9060990214347839,-0.08428656309843063,0.9926185607910156
51,2.125,0.5095630288124084,0.45646196603775024,-0.2429472804069519,0.9999678134918213,0.5240010619163513,0.5253961086273193,0.194527730345726,0.9996689558029175,0.4245010018348694,0.5030019283294678,-0.22854726016521454,0.9997405409812927,0.5446805953979492,0.5925229787826538,0.3473187983036041,0.9102909564971924,0.3429816961288452,0.4566556513309479,-0.5901228189468384,0.9979923963546753,0.6192676424980164,0.6219302415847778,0.3192601799964905,0.9516409635543823,0.3816307485103607,0.4585455358028412,-0.6761311888694763,0.9911220073699951,0.648281991481781,0.6339236497879028,0.3218782842159271,0.9330118298530579,0.38244059681892395,0.4689243733882904,-0.7311171889305115,0.9716692566871643,0.5183303356170654,0.6703585386276245,0.14306077361106873,0.9997394680976868,0.43736088275909424,0.6664657592773438,-0.1431823968887329,0.9998392462730408,0.5243039131164551,0.7716943621635437,0.2557232081890106,0.9749968647956848,0.4292545020580292,0.7695561051368713,-0.18445265293121338,0.9965185523033142,0.5032579898834229,0.8711086511611938,0.40581047534942627,0.9849411249160767,0.3619816303253174,0.8706405758857727,-0.024685412645339966,0.9958310127258301,0.48290058970451355,0.8894675374031067,0.4122873842716217,0.9393194317817688,0.34098532795906067,0.8841065168380737,-0.01509147323668003,0.9460694789886475,0.5742079019546509,0.9010370969772339,0.2746119201183319,0.9860332608222961,0.36416688561439514,0.9091386795043945,-0.21184042096138,0.9930652379989624
52,2.166666666666667,0.5149467587471008,0.4594825208187103,-0.06409236788749695,0.999967634677887,0.5206961035728455,0.5281565189361572,0.30978676676750183,0.9996621608734131,0.43453124165534973,0.5006684064865112,-0.1622791886329651,0.9997550845146179,0.5340431928634644,0.5957499742507935,0.41910532116889954,0.8604417443275452,0.3774609863758087,0.45399484038352966,-0.5406398177146912,0.9979533553123474,0.5881523489952087,0.6280968189239502,0.3738343417644501,0.9247349500656128,0.39275220036506653,0.4582625925540924,-0.7325819134712219,0.9906128644943237,0.6181755661964417,0.6402060389518738,0.37760743498802185,0.9007156491279602,0.37755444645881653,0.46289142966270447,-0.7987884283065796,0.9702141284942627,0.5167352557182312,0.6683688759803772,0.1539388746023178,0.9997469186782837,0.4446779787540436,0.6585720777511597,-0.1541174203157425,0.9998444318771362,0.5258699655532837,0.7684336304664612,0.10868225991725922,0.9715477228164673,0.4441540241241455,0.7647114992141724,-0.3425091505050659,0.9964963793754578,0.5014739632606506,0.8713235855102539,0.17383664846420288,0.9838728308677673,0.3618655204772949,0.8702738881111145,-0.29018720984458923,0.995934784412384,0.4807734489440918,0.8888805508613586,0.16885659098625183,0.9394402503967285,0.33969607949256897,0.8829759359359741,-0.29235416650772095,0.9469314813613892,0.5737218260765076,0.9039724469184875,0.01807374879717827,0.9854693412780762,0.3637886047363281,0.9119871854782104,-0.493407666683197,0.9934223890304565
53,2.2083333333333335,0.5217979550361633,0.46247392892837524,-0.07606322318315506,0.9999661445617676,0.518686056137085,0.5240306854248047,0.30537110567092896,0.9995166063308716,0.4625319242477417,0.5013635754585266,-0.1657564342021942,0.9997605085372925,0.48140376806259155,0.5757558345794678,0.5377737879753113,0.7843903303146362,0.42335379123687744,0.4558134078979492,-0.38785240054130554,0.9971851706504822,0.5234626531600952,0.6237968802452087,0.651654064655304,0.8455139398574829,0.3797013461589813,0.44500136375427246,-0.34643954038619995,0.9881552457809448,0.49736833572387695,0.6165779829025269,0.6726239323616028,0.8238258361816406,0.3605245351791382,0.4483098089694977,-0.369587779045105,0.9671268463134766,0.5151726007461548,0.6678405404090881,0.17239485681056976,0.9997385144233704,0.45227834582328796,0.6594110727310181,-0.17275705933570862,0.9998424053192139,0.5262733697891235,0.7647327184677124,0.1353279948234558,0.9580468535423279,0.4639733135700226,0.7637361884117126,-0.34307146072387695,0.9959844350814819,0.5002121329307556,0.8718472719192505,0.20291879773139954,0.981343150138855,0.3618922829627991,0.8704544305801392,-0.3174559473991394,0.9957070350646973,0.47850480675697327,0.8900119662284851,0.19989940524101257,0.9358691573143005,0.33275818824768066,0.8825081586837769,-0.31902292370796204,0.946433424949646,0.5736395120620728,0.9048861265182495,0.08698539435863495,0.9836674928665161,0.36560171842575073,0.9147381782531738,-0.47295647859573364,0.9934368133544922
54,2.25,0.5283404588699341,0.4667121469974518,-0.040994275361299515,0.9999526143074036,0.5115259885787964,0.5232179164886475,0.2603320777416229,0.9993994832038879,0.46381711959838867,0.5029628276824951,-0.2141101211309433,0.9997495412826538,0.4956790506839752,0.5888097882270813,0.44685885310173035,0.7261345386505127,0.43526288866996765,0.4528823494911194,-0.4595719575881958,0.9966650009155273,0.5382890701293945,0.6336175799369812,0.47303512692451477,0.7805325388908386,0.39608901739120483,0.4407227039337158,-0.5376632213592529,0.9857606291770935,0.5479141473770142,0.6437574625015259,0.48433083295822144,0.7601123452186584,0.3678628206253052,0.4420303702354431,-0.5835824608802795,0.9625577926635742,0.5145520567893982,0.6677296161651611,0.1707111895084381,0.9997245073318481,0.45427119731903076,0.6599152088165283,-0.1710423231124878,0.9998375773429871,0.5265726447105408,0.7634571194648743,0.15328902006149292,0.9478145837783813,0.465770423412323,0.7641392350196838,-0.3583914041519165,0.9956148862838745,0.5022021532058716,0.8731210827827454,0.26009252667427063,0.9786401391029358,0.36015066504478455,0.8704447746276855,-0.3090827167034149,0.9956387877464294,0.48232582211494446,0.8911699056625366,0.2609621584415436,0.9320480227470398,0.33020293712615967,0.8820521235466003,-0.30989837646484375,0.9469283223152161,0.5750789642333984,0.9039325714111328,0.12860478460788727,0.9815391898155212,0.3667280077934265,0.9170860052108765,-0.49299511313438416,0.9935255646705627
55,2.291666666666667,0.5161409378051758,0.464143842458725,0.027762630954384804,0.9999449849128723,0.5114610195159912,0.523896336555481,0.2838064730167389,0.9993616938591003,0.48081812262535095,0.4990772604942322,-0.1830483376979828,0.9997571706771851,0.49794426560401917,0.5945056080818176,0.45177510380744934,0.6601088047027588,0.5137413740158081,0.4362002909183502,-0.24936260282993317,0.996565580368042,0.5433360934257507,0.6434351205825806,0.40656182169914246,0.7209160327911377,0.4485040307044983,0.40370386838912964,0.0032447315752506256,0.9841412901878357,0.5613094568252563,0.6561731100082397,0.4102204740047455,0.7066811919212341,0.42488452792167664,0.3988979458808899,-0.015832699835300446,0.9578565955162048,0.5139906406402588,0.6676152944564819,0.1679973602294922,0.9997385740280151,0.4691886603832245,0.6585228443145752,-0.16837702691555023,0.9998480677604675,0.5280015468597412,0.7635232210159302,0.19988365471363068,0.8982738852500916,0.48486757278442383,0.7642601728439331,-0.3255005180835724,0.9939205050468445,0.5027785897254944,0.8750181198120117,0.341266393661499,0.9645980596542358,0.3602263927459717,0.8684085607528687,-0.2808217704296112,0.9943478107452393,0.4834333658218384,0.8925399780273438,0.34842514991760254,0.91359543800354,0.3282226026058197,0.8755350112915039,-0.28081920742988586,0.9414982199668884,0.574949324131012,0.9044408798217773,0.19461941719055176,0.9721498489379883,0.37095844745635986,0.9177983403205872,-0.443669855594635,0.99242103099823
56,2.3333333333333335,0.524446964263916,0.4639556407928467,-0.04254789650440216,0.9999322891235352,0.5095065832138062,0.5231166481971741,0.29564863443374634,0.9993492960929871,0.48615211248397827,0.4962412714958191,-0.26988673210144043,0.9997661709785461,0.5040994882583618,0.5901786088943481,0.5177039504051208,0.6004224419593811,0.5798352956771851,0.44249653816223145,-0.3871094286441803,0.996772289276123,0.5495021343231201,0.6374350786209106,0.5152009129524231,0.6674205660820007,0.5319395065307617,0.38092273473739624,-0.32211804389953613,0.9854826331138611,0.5659785866737366,0.6502721309661865,0.5307475924491882,0.6577646136283875,0.5123721361160278,0.3720620274543762,-0.36816757917404175,0.9614232182502747,0.5136151909828186,0.6675516366958618,0.18414482474327087,0.9997516870498657,0.4771878123283386,0.6591060757637024,-0.18446089327335358,0.99985271692276,0.5278335809707642,0.7655680179595947,0.19730731844902039,0.8493213653564453,0.4956112205982208,0.7652653455734253,-0.28083816170692444,0.9926902055740356,0.5029305219650269,0.8764893412590027,0.32635730504989624,0.9524908065795898,0.3618498146533966,0.8667536973953247,-0.2037305384874344,0.9936614632606506,0.4842492341995239,0.8943380117416382,0.33165818452835083,0.9011055827140808,0.32800376415252686,0.8717136383056641,-0.2009216696023941,0.9407855868339539,0.5751577019691467,0.9049264788627625,0.2172805815935135,0.9646661281585693,0.375282883644104,0.9178221821784973,-0.3427186608314514,0.991645872592926
57,2.375,0.5402632355690002,0.4637370705604553,-0.024340815842151642,0.9997760057449341,0.5098099708557129,0.5155903697013855,0.30140116810798645,0.9992742538452148,0.4903574585914612,0.496757835149765,-0.29382777214050293,0.9997594952583313,0.511050283908844,0.5875440835952759,0.5146642327308655,0.5433957576751709,0.6065600514411926,0.44196397066116333,-0.42264267802238464,0.9968597292900085,0.5416561365127563,0.6336923837661743,0.46448925137519836,0.606587290763855,0.6275818347930908,0.3693443238735199,-0.3200553357601166,0.9862957000732422,0.5508687496185303,0.6484894156455994,0.4694523215293884,0.600284218788147,0.6143767237663269,0.35538750886917114,-0.3654077351093292,0.9640508890151978,0.5175312757492065,0.6673685312271118,0.19632254540920258,0.9997594356536865,0.48169243335723877,0.6593784093856812,-0.19660064578056335,0.9998533725738525,0.5290852785110474,0.7686666250228882,0.22171252965927124,0.809256374835968,0.5003952980041504,0.7666685581207275,-0.27654626965522766,0.9914460182189941,0.503555953502655,0.8782444000244141,0.3424376845359802,0.9435747861862183,0.3635334074497223,0.8660885095596313,-0.15084360539913177,0.9929757118225098,0.4849914014339447,0.8964956402778625,0.3477363586425781,0.8924102187156677,0.32841047644615173,0.8687206506729126,-0.14425049722194672,0.9407830834388733,0.5752037763595581,0.9055839776992798,0.2803727984428406,0.9599170088768005,0.377136766910553,0.9196173548698425,-0.29620039463043213,0.9911035895347595
58,2.416666666666667,0.545013964176178,0.4664735794067383,-0.05936590954661369,0.9997281432151794,0.5098994374275208,0.5108991861343384,0.25814443826675415,0.9991065263748169,0.4935070872306824,0.49702200293540955,-0.4210723042488098,0.9997596740722656,0.49890556931495667,0.5849854946136475,0.5148274898529053,0.4934743344783783,0.6162124872207642,0.4499501585960388,-0.6099422574043274,0.9970752000808716,0.528792679309845,0.6292011141777039,0.5769628882408142,0.555301308631897,0.7203807234764099,0.395790159702301,-0.5505669713020325,0.9871829748153687,0.5350244641304016,0.6432207822799683,0.6113156080245972,0.5512264370918274,0.7475473880767822,0.3841927647590637,-0.6164586544036865,0.9662806391716003,0.5172511339187622,0.6672837734222412,0.20790424942970276,0.9997485876083374,0.47793588042259216,0.6595848798751831,-0.20833978056907654,0.9998434782028198,0.5261152982711792,0.7700228095054626,0.29151982069015503,0.7864119410514832,0.4966447651386261,0.7701736688613892,-0.33352726697921753,0.9912350177764893,0.4992915987968445,0.8797587156295776,0.49690619111061096,0.9416508674621582,0.3632690906524658,0.8663209080696106,-0.21643772721290588,0.993196964263916,0.4820203185081482,0.900062084197998,0.508172333240509,0.8912927508354187,0.32170817255973816,0.8662868738174438,-0.21124067902565002,0.9432087540626526,0.5753178596496582,0.9055201411247253,0.40398484468460083,0.9579843282699585,0.37597566843032837,0.9267209768295288,-0.361728698015213,0.9913454055786133
59,2.4583333333333335,0.5526456832885742,0.47205203771591187,0.032411377876996994,0.9997305870056152,0.48170170187950134,0.513047993183136,0.30588915944099426,0.9991054534912109,0.5045376420021057,0.49660658836364746,-0.33413273096084595,0.9997724294662476,0.4676419198513031,0.5852842926979065,0.49257299304008484,0.4507157802581787,0.6161864995956421,0.456731379032135,-0.5304181575775146,0.9972027540206909,0.5289568901062012,0.6397209167480469,0.5107990503311157,0.507565438747406,0.7451040744781494,0.4303476810455322,-0.46365028619766235,0.98750901222229,0.527937114238739,0.6481699347496033,0.5337207913398743,0.5046500563621521,0.7777324914932251,0.4290141463279724,-0.5198009610176086,0.9675319194793701,0.5028959512710571,0.6672670245170593,0.20429039001464844,0.9997382164001465,0.4796142876148224,0.6597101092338562,-0.20472973585128784,0.999834418296814,0.5229001045227051,0.7697275876998901,0.2988065183162689,0.7569705843925476,0.49696141481399536,0.7719713449478149,-0.3048955500125885,0.9907850623130798,0.49497514963150024,0.8798650503158569,0.47257131338119507,0.9323824644088745,0.3632664084434509,0.8698250651359558,-0.2197529524564743,0.9930964708328247,0.4800322949886322,0.9011895060539246,0.48116251826286316,0.8823238611221313,0.3201645016670227,0.867389976978302,-0.21704386174678802,0.9447514414787292,0.5749566555023193,0.9050982594490051,0.38751810789108276,0.9517298936843872,0.3753660023212433,0.9303150177001953,-0.35674142837524414,0.9912598133087158
60,2.5,0.5565983057022095,0.47737112641334534,0.08302666246891022,0.999751091003418,0.4622160494327545,0.5190126299858093,0.3449825644493103,0.9991664290428162,0.5104818940162659,0.4970068335533142,-0.30919718742370605,0.9997918605804443,0.452759325504303,0.5855276584625244,0.4922742545604706,0.4187634289264679,0.622058629989624,0.4714455008506775,-0.5216137170791626,0.9973424077033997,0.5084970593452454,0.6465775370597839,0.5113086104393005,0.46617400646209717,0.7613512873649597,0.4676152169704437,-0.5179072022438049,0.9874247312545776,0.5211784839630127,0.6625286340713501,0.5312842726707458,0.46306589245796204,0.7948026061058044,0.4706234037876129,-0.5762529373168945,0.9680368900299072,0.4848311245441437,0.6667460799217224,0.21774935722351074,0.9997405409812927,0.4834184944629669,0.6594910025596619,-0.21835769712924957,0.9998348951339722,0.5185485482215881,0.7694947123527527,0.28256756067276,0.7350350022315979,0.49903738498687744,0.772981584072113,-0.3672431409358978,0.99066561460495,0.49267831444740295,0.8823931813240051,0.46109139919281006,0.9230285286903381,0.36326169967651367,0.8756335377693176,-0.3392588198184967,0.9929378628730774,0.4766732454299927,0.9047513008117676,0.4590719938278198,0.8729169368743896,0.3202347159385681,0.8711098432540894,-0.34179583191871643,0.9463215470314026,0.5722032785415649,0.9053551554679871,0.35503536462783813,0.9462552666664124,0.3761802613735199,0.9340196847915649,-0.4935629665851593,0.9912567138671875
61,2.541666666666667,0.5608493089675903,0.4824533462524414,0.23392562568187714,0.9997631311416626,0.4467781186103821,0.5273188352584839,0.41310182213783264,0.9992293119430542,0.5387887954711914,0.50306236743927,-0.1936212182044983,0.9998112916946411,0.42117202281951904,0.5853997468948364,0.5953356623649597,0.43641650676727295,0.6617801785469055,0.5058915019035339,-0.31174802780151367,0.9975472688674927,0.46216604113578796,0.6404258012771606,0.7835310101509094,0.43618038296699524,0.7898284196853638,0.5255913734436035,-0.22734792530536652,0.9871900677680969,0.4722495973110199,0.6502748131752014,0.8308653831481934,0.4289255738258362,0.8169829249382019,0.5348995923995972,-0.2470228672027588,0.9679491519927979,0.4643893837928772,0.6667476892471313,0.20979654788970947,0.9997453093528748,0.499097615480423,0.6580559611320496,-0.2103496789932251,0.9998313188552856,0.5103756785392761,0.769612729549408,0.23835447430610657,0.7340794801712036,0.5071783065795898,0.7729059457778931,-0.3780359923839569,0.9910907745361328,0.48965075612068176,0.8825781941413879,0.31010738015174866,0.9216365814208984,0.36975517868995667,0.878228485584259,-0.4171833097934723,0.9929827451705933,0.476910263299942,0.9052926898002625,0.3084459602832794,0.874889075756073,0.3214108943939209,0.8738363981246948,-0.4190855324268341,0.9491291642189026,0.5683509111404419,0.9067715406417847,0.24317054450511932,0.9440561532974243,0.3769887685775757,0.9360564351081848,-0.5196073055267334,0.9912672638893127
62,2.5833333333333335,0.5582576394081116,0.4845871329307556,0.24578283727169037,0.9997745156288147,0.43414169549942017,0.5302994251251221,0.40155941247940063,0.9992923140525818,0.5608193874359131,0.5082345008850098,-0.22041520476341248,0.9998286962509155,0.4017661511898041,0.5891864895820618,0.6117611527442932,0.46804603934288025,0.6629212498664856,0.5274439454078674,-0.37772268056869507,0.9977495670318604,0.45507240295410156,0.6376007199287415,0.8559380173683167,0.4080915153026581,0.7822062969207764,0.5556845664978027,-0.3287067413330078,0.987102746963501,0.4703620374202728,0.6470769047737122,0.9159387946128845,0.39735451340675354,0.8088388442993164,0.5665517449378967,-0.3506234288215637,0.9680728912353516,0.45737868547439575,0.6684013605117798,0.21621231734752655,0.9997496604919434,0.5106695294380188,0.6581725478172302,-0.2167547196149826,0.9998272061347961,0.5047237873077393,0.7712377309799194,0.24066908657550812,0.7379091382026672,0.511196494102478,0.7733502984046936,-0.3712332844734192,0.9914373159408569,0.48888516426086426,0.8834026455879211,0.32740581035614014,0.9212218523025513,0.3737497627735138,0.878605842590332,-0.38921037316322327,0.9930989742279053,0.4772999584674835,0.9066191911697388,0.3281615376472473,0.8763479590415955,0.32253408432006836,0.8740922212600708,-0.3872479796409607,0.9520684480667114,0.5669525861740112,0.9072556495666504,0.264881432056427,0.9413337111473083,0.37672945857048035,0.9351130723953247,-0.4729117155075073,0.9913383722305298
63,2.625,0.5551958084106445,0.4837779104709625,0.5032930374145508,0.9997698068618774,0.43181219696998596,0.5305701494216919,0.4489281475543976,0.9993579387664795,0.582704484462738,0.5123940706253052,-0.06587512791156769,0.9998450875282288,0.38970082998275757,0.5969113111495972,0.6336206197738647,0.508224606513977,0.687535285949707,0.5513855814933777,-0.05294795706868172,0.9979448914527893,0.4348653256893158,0.6322574615478516,0.8767136335372925,0.38353440165519714,0.7765430808067322,0.5816887617111206,0.20550602674484253,0.9851377606391907,0.45277896523475647,0.6419075131416321,0.9265793561935425,0.3686792254447937,0.795461893081665,0.5943723320960999,0.2214510440826416,0.9628250598907471,0.4561348259449005,0.6698782444000244,0.20848459005355835,0.9997683167457581,0.527153491973877,0.6609378457069397,-0.2089737504720688,0.9998373985290527,0.5013024806976318,0.7739219665527344,0.24747200310230255,0.7413784265518188,0.5218177437782288,0.7746907472610474,-0.3511982262134552,0.991868257522583,0.4822349548339844,0.8832080960273743,0.3501266837120056,0.9226136207580566,0.38121312856674194,0.8780546188354492,-0.37792062759399414,0.9932218194007874,0.47099828720092773,0.9069069623947144,0.3531915843486786,0.8815187811851501,0.32290178537368774,0.8731826543807983,-0.3756569027900696,0.9554227590560913,0.5618724226951599,0.907085120677948,0.3122618496417999,0.9375830888748169,0.3783557116985321,0.9333447217941284,-0.4397643506526947,0.9910027980804443
64,2.666666666666667,0.5642469525337219,0.48499631881713867,0.5136808753013611,0.9997515082359314,0.4370923340320587,0.5301921963691711,0.46331754326820374,0.9994174838066101,0.5913521647453308,0.5141146183013916,-0.04584391415119171,0.9998599886894226,0.39086031913757324,0.5976182222366333,0.6233433485031128,0.5433771014213562,0.6941011548042297,0.5644067525863647,-0.05747015029191971,0.9981185793876648,0.43753907084465027,0.6338428258895874,0.8509858846664429,0.3581003248691559,0.76999831199646,0.6069387197494507,0.1745871752500534,0.982975423336029,0.45484405755996704,0.6435996294021606,0.9015929102897644,0.3402164876461029,0.7820973992347717,0.6209903955459595,0.18770869076251984,0.9568848609924316,0.4556063711643219,0.6710595488548279,0.2048327624797821,0.999786376953125,0.5347179174423218,0.6636212468147278,-0.20532958209514618,0.9998462796211243,0.49613651633262634,0.7748470306396484,0.2068459391593933,0.7478180527687073,0.5261908173561096,0.7754853963851929,-0.338174968957901,0.9923322200775146,0.48314523696899414,0.8834376335144043,0.20724111795425415,0.9239756464958191,0.38201624155044556,0.8795849680900574,-0.4255501329898834,0.9933357238769531,0.4720899760723114,0.9077545404434204,0.19831085205078125,0.886779248714447,0.33158767223358154,0.8743854761123657,-0.4299663007259369,0.9586287140846252,0.5623499155044556,0.9070402383804321,0.15042638778686523,0.9347129464149475,0.38308387994766235,0.9323661923408508,-0.4868190884590149,0.990799605846405
65,2.7083333333333335,0.580964982509613,0.48839884996414185,0.41699689626693726,0.9997469782829285,0.44462597370147705,0.5306282639503479,0.34008821845054626,0.9994714260101318,0.6080304980278015,0.5245617628097534,-0.11664389818906784,0.9998731017112732,0.3931938707828522,0.595650851726532,0.5518080592155457,0.5760619640350342,0.6841670274734497,0.5901190638542175,-0.08394526690244675,0.9982531070709229,0.44935789704322815,0.6315618753433228,0.7966355085372925,0.33461397886276245,0.7353726029396057,0.6486478447914124,0.16869677603244781,0.9806176424026489,0.4666140675544739,0.6413605213165283,0.8636904358863831,0.31439971923828125,0.7424110174179077,0.6647641062736511,0.1931357979774475,0.9509943127632141,0.4567912220954895,0.6757585406303406,0.2032332569360733,0.9998027086257935,0.5400250554084778,0.672528862953186,-0.20411846041679382,0.999855637550354,0.4968537986278534,0.7802391052246094,0.21414552628993988,0.7320311665534973,0.5309107899665833,0.7790474891662598,-0.21827462315559387,0.9919237494468689,0.48507609963417053,0.8855999708175659,0.1109330803155899,0.9219887852668762,0.38852301239967346,0.8794146776199341,-0.3641231656074524,0.993233323097229,0.4807629883289337,0.9083433151245117,0.09236232936382294,0.8899838328361511,0.34884440898895264,0.8750130534172058,-0.36862537264823914,0.9610692262649536,0.5628240704536438,0.9082323312759399,0.03858412057161331,0.9307041168212891,0.3882737457752228,0.9335336685180664,-0.43890491127967834,0.990643322467804
66,2.75,0.5926278233528137,0.48938602209091187,0.40268072485923767,0.9997543692588806,0.44715118408203125,0.5300411581993103,0.34089988470077515,0.9995194673538208,0.6210337281227112,0.5301284790039062,-0.13027988374233246,0.999885082244873,0.3929283916950226,0.5942994356155396,0.5274353623390198,0.6113753914833069,0.6760031580924988,0.5986472368240356,-0.13556306064128876,0.9983683824539185,0.4485204815864563,0.6308676600456238,0.7391359210014343,0.3179290294647217,0.7200801372528076,0.6641100645065308,0.06070645526051521,0.9786708950996399,0.4623663127422333,0.6401453614234924,0.7954109907150269,0.293363481760025,0.731683611869812,0.6793493032455444,0.07343723624944687,0.9457392692565918,0.45839178562164307,0.6764198541641235,0.20178824663162231,0.9998164772987366,0.544297456741333,0.6765599250793457,-0.20261219143867493,0.9998619556427002,0.4911273419857025,0.7805051803588867,0.20769380033016205,0.7235950827598572,0.5347185730934143,0.7788955569267273,-0.19621601700782776,0.9919570088386536,0.48731932044029236,0.8884806632995605,0.038713011890649796,0.9218126535415649,0.4019593596458435,0.879355251789093,-0.36338111758232117,0.9932176470756531,0.48812049627304077,0.9097477197647095,0.014474326744675636,0.8941420912742615,0.35702815651893616,0.8765665888786316,-0.37297558784484863,0.9633065462112427,0.5657081007957458,0.910873532295227,-0.04963173717260361,0.9293754696846008,0.40287548303604126,0.933212399482727,-0.42929357290267944,0.9905515909194946
67,2.791666666666667,0.6011456251144409,0.49019965529441833,0.3863319754600525,0.999756395816803,0.45851266384124756,0.5295726656913757,0.30213868618011475,0.9995636940002441,0.6341761946678162,0.5337153673171997,-0.14236518740653992,0.9998959898948669,0.3970935046672821,0.5922204852104187,0.42389726638793945,0.6439943313598633,0.6689037084579468,0.6019721627235413,-0.13258104026317596,0.9984331727027893,0.4522876739501953,0.6299849152565002,0.5830243229866028,0.3060373067855835,0.6822550296783447,0.6693754196166992,0.08740516752004623,0.9751618504524231,0.4652911424636841,0.6413434743881226,0.6286622881889343,0.2763795852661133,0.673443078994751,0.6834951639175415,0.10513588786125183,0.9370244741439819,0.4605769217014313,0.6762208342552185,0.20136131346225739,0.9998282790184021,0.5483871698379517,0.6789273023605347,-0.20234790444374084,0.9998680949211121,0.4906114339828491,0.780430257320404,0.1765432208776474,0.7130069136619568,0.5359095931053162,0.7804263234138489,-0.20633628964424133,0.9919807314872742,0.49300050735473633,0.8884663581848145,0.010752891190350056,0.9202949404716492,0.4092268645763397,0.8827047348022461,-0.3608410656452179,0.9932013154029846,0.4951351583003998,0.9111800193786621,-0.013101236894726753,0.8967740535736084,0.3676283657550812,0.880696177482605,-0.3704448640346527,0.9651920795440674,0.5699488520622253,0.9122702479362488,-0.08761122822761536,0.9276238083839417,0.4082051217556,0.9328327178955078,-0.43049973249435425,0.9904263019561768
68,2.8333333333333335,0.625596284866333,0.49025973677635193,0.400823712348938,0.9996309876441956,0.4764166474342346,0.5292890071868896,0.20304423570632935,0.9995974898338318,0.6595622301101685,0.5401997566223145,-0.1389092057943344,0.9999006390571594,0.4035404920578003,0.591432511806488,0.3159008324146271,0.6683791875839233,0.6605913639068604,0.6149839758872986,0.011596711352467537,0.9963175058364868,0.4525078535079956,0.6283932328224182,0.4960886240005493,0.2847021818161011,0.6085070967674255,0.6577750444412231,0.4318484961986542,0.9087150692939758,0.4637962281703949,0.6388482451438904,0.5397321581840515,0.25527575612068176,0.5940341353416443,0.6777846813201904,0.48532724380493164,0.8648087382316589,0.46068400144577026,0.6777032613754272,0.17843985557556152,0.9998376965522766,0.5524612665176392,0.6862706542015076,-0.1794988214969635,0.9998717308044434,0.49929648637771606,0.7813848257064819,0.24320954084396362,0.6973701119422913,0.5356630086898804,0.7830668687820435,-0.06005239859223366,0.9903255701065063,0.5111090540885925,0.8887559771537781,0.11099208891391754,0.9206064939498901,0.40792277455329895,0.8823856115341187,-0.13998548686504364,0.9924933314323425,0.5142055153846741,0.9103884696960449,0.09454694390296936,0.901357114315033,0.3729683458805084,0.8802841305732727,-0.1432916522026062,0.965930163860321,0.5766938328742981,0.9118792414665222,0.0392649844288826,0.9232460856437683,0.4126906394958496,0.9325432777404785,-0.18294334411621094,0.987994372844696
69,2.875,0.6322801113128662,0.49069109559059143,0.44795599579811096,0.9995582699775696,0.4809103310108185,0.5291382074356079,0.2007633000612259,0.9996268153190613,0.665621817111969,0.542184591293335,-0.10032173991203308,0.99990314245224,0.4068950116634369,0.5908781886100769,0.2978958785533905,0.6862543225288391,0.6564880609512329,0.612275242805481,0.05120963603258133,0.9923877716064453,0.4573479890823364,0.6199659705162048,0.4658832550048828,0.26588964462280273,0.5888376832008362,0.6497064828872681,0.46189096570014954,0.8321831822395325,0.46966099739074707,0.6289557814598083,0.5044686794281006,0.23741579055786133,0.5772415399551392,0.6571494340896606,0.5194434523582458,0.7888581156730652,0.46038827300071716,0.6773087382316589,0.17201827466487885,0.9998448491096497,0.551049530506134,0.6880553364753723,-0.17308343946933746,0.9998716115951538,0.5080907344818115,0.7812262773513794,0.2528659701347351,0.6874185800552368,0.5371339917182922,0.7849469780921936,-0.05895561724901199,0.9898847341537476,0.5172739028930664,0.8883743286132812,0.03288181871175766,0.9242182970046997,0.4060022532939911,0.8820708990097046,-0.20544488728046417,0.9924805760383606,0.5158567428588867,0.9090495109558105,0.008030591532588005,0.9082010388374329,0.37352389097213745,0.8796995878219604,-0.21397915482521057,0.9675282835960388,0.5832377672195435,0.9115745425224304,-0.03880321606993675,0.9246447682380676,0.41160455346107483,0.9324184656143188,-0.25187915563583374,0.9869741797447205
70,2.916666666666667,0.6397236585617065,0.49313563108444214,0.4556930661201477,0.999487042427063,0.4862799346446991,0.5290757417678833,0.20608247816562653,0.9996489882469177,0.6732323169708252,0.5444844961166382,-0.08502509444952011,0.9999016523361206,0.4091153144836426,0.5905685424804688,0.3217187821865082,0.695244312286377,0.6515951752662659,0.6155416369438171,0.09026293456554413,0.9866456389427185,0.46194326877593994,0.6142843961715698,0.516645073890686,0.24415653944015503,0.5939964652061462,0.6389099359512329,0.542112410068512,0.7590889930725098,0.4755198657512665,0.6219451427459717,0.5613893270492554,0.21772734820842743,0.5820423364639282,0.6423116326332092,0.609189510345459,0.717904269695282,0.4606797993183136,0.6772750616073608,0.16660508513450623,0.9998494982719421,0.5539864301681519,0.6896559000015259,-0.1676390916109085,0.9998681545257568,0.514458179473877,0.7816628813743591,0.24769169092178345,0.6823339462280273,0.5412921905517578,0.7856139540672302,-0.05211028456687927,0.9894294142723083,0.5243492126464844,0.8885744214057922,0.04741009697318077,0.9277861714363098,0.4062219262123108,0.8788278698921204,-0.17233923077583313,0.9924719929695129,0.5223897099494934,0.9099661707878113,0.02710755169391632,0.9143941402435303,0.3764796257019043,0.8795697093009949,-0.17901700735092163,0.9686776995658875,0.5902541279792786,0.909361720085144,-0.006922939792275429,0.9262349009513855,0.4148086905479431,0.9322627782821655,-0.19969172775745392,0.985863983631134
71,2.9583333333333335,0.6501457691192627,0.49479904770851135,0.47008073329925537,0.9994679689407349,0.4921984374523163,0.5290158987045288,0.23490020632743835,0.9996734261512756,0.6774855256080627,0.5450853109359741,-0.05887680500745773,0.9999060034751892,0.41069167852401733,0.5895968675613403,0.28324079513549805,0.7082865238189697,0.6489261388778687,0.6121155619621277,0.0668560266494751,0.9826154708862305,0.46342650055885315,0.6184053421020508,0.38115110993385315,0.22820663452148438,0.5912124514579773,0.637466549873352,0.4543825387954712,0.7012255787849426,0.4753707945346832,0.6275960803031921,0.4095842242240906,0.20258931815624237,0.577985942363739,0.6415773630142212,0.5100437998771667,0.6594291925430298,0.46225085854530334,0.6774214506149292,0.16273464262485504,0.9998548626899719,0.5574188232421875,0.6896262764930725,-0.16378363966941833,0.9998682737350464,0.5191696286201477,0.7826473712921143,0.2464238703250885,0.6775806546211243,0.5432420372962952,0.7868012189865112,-0.04389899969100952,0.989006757736206,0.5354161858558655,0.8899971842765808,0.00345686636865139,0.9306724071502686,0.4082830250263214,0.8790623545646667,-0.20462451875209808,0.9923602342605591,0.5260943174362183,0.9106160998344421,-0.02271272800862789,0.9200461506843567,0.3776114583015442,0.8795905113220215,-0.21496355533599854,0.9696735739707947,0.5987910032272339,0.908475399017334,-0.06331492960453033,0.928139328956604,0.4185883402824402,0.9323358535766602,-0.251271516084671,0.9848047494888306
72,3.0,0.6548862457275391,0.49797630310058594,0.44920751452445984,0.9994308948516846,0.4966275990009308,0.5291739702224731,0.21095481514930725,0.9996903538703918,0.6824008226394653,0.5477174520492554,-0.059006161987781525,0.999907910823822,0.41175612807273865,0.5902261137962341,0.2882953882217407,0.709660530090332,0.6484686136245728,0.6200205087661743,0.08812741935253143,0.9779882431030273,0.46451660990715027,0.6189930438995361,0.4356916546821594,0.20970268547534943,0.5903189182281494,0.6389473676681519,0.48223668336868286,0.6466670036315918,0.47617682814598083,0.6281753778457642,0.47344738245010376,0.18598173558712006,0.5782696008682251,0.6415184140205383,0.5445845723152161,0.60561603307724,0.4643518328666687,0.6777979135513306,0.15329726040363312,0.9998533725738525,0.5591170191764832,0.6912387609481812,-0.1543346494436264,0.9998631477355957,0.5211648344993591,0.7848089337348938,0.22091855108737946,0.6710044741630554,0.5433362126350403,0.7889129519462585,-0.033982593566179276,0.9880892038345337,0.5393187403678894,0.8918493390083313,-0.026330042630434036,0.9324870705604553,0.40783071517944336,0.8801058530807495,-0.21464046835899353,0.9921481609344482,0.5341905951499939,0.9124711155891418,-0.051669392734766006,0.9247008562088013,0.37713906168937683,0.8814743161201477,-0.2266073077917099,0.9701427221298218,0.5994828343391418,0.9084154963493347,-0.08978251367807388,0.9292892217636108,0.420847624540329,0.9327408075332642,-0.25867339968681335,0.9835786819458008
73,3.041666666666667,0.6605979800224304,0.4996333718299866,0.4341747760772705,0.9994299411773682,0.5011740922927856,0.5292661786079407,0.18600815534591675,0.9997110962867737,0.6858713626861572,0.5512760281562805,-0.06491316854953766,0.999911367893219,0.41477206349372864,0.5903189182281494,0.2659970223903656,0.7167593240737915,0.6513926386833191,0.6286475658416748,0.09105323255062103,0.9749201536178589,0.4650486707687378,0.6226613521575928,0.4297989010810852,0.19431304931640625,0.5904415249824524,0.6486398577690125,0.4950399696826935,0.6004689335823059,0.4768322706222534,0.6318326592445374,0.47346770763397217,0.1718120276927948,0.5760151743888855,0.6506499648094177,0.5592030882835388,0.5585398077964783,0.4664534628391266,0.6783727407455444,0.14741209149360657,0.9998564124107361,0.5605545043945312,0.6926800012588501,-0.14848457276821136,0.9998633861541748,0.5208761096000671,0.785406768321991,0.22037768363952637,0.6636492609977722,0.5437746047973633,0.7910706400871277,-0.012574458494782448,0.9871207475662231,0.5365563631057739,0.892964243888855,-0.013102293014526367,0.9341561794281006,0.407706081867218,0.8812185525894165,-0.1918482482433319,0.9919891953468323,0.5284538865089417,0.9131709337234497,-0.037213943898677826,0.9291315078735352,0.3758925497531891,0.8833080530166626,-0.20509861409664154,0.9707215428352356,0.6005849838256836,0.9083809852600098,-0.06956543028354645,0.9306328296661377,0.4199203848838806,0.933856189250946,-0.22648610174655914,0.9825833439826965
74,3.0833333333333335,0.6670289635658264,0.5020352602005005,0.3946148455142975,0.9994383454322815,0.5038447976112366,0.5298529863357544,0.19519028067588806,0.9997326731681824,0.685323178768158,0.5526733994483948,-0.08982332795858383,0.9999173879623413,0.41838768124580383,0.5902325510978699,0.25496330857276917,0.7290880680084229,0.6537681818008423,0.6299763917922974,0.036463238298892975,0.97409588098526,0.46521565318107605,0.6276163458824158,0.3733403980731964,0.1844751387834549,0.594123899936676,0.6520589590072632,0.42501702904701233,0.5780152082443237,0.477082222700119,0.6393781900405884,0.40890058875083923,0.1617799699306488,0.5803048014640808,0.6577414870262146,0.4820494055747986,0.529222309589386,0.4673616290092468,0.6798737049102783,0.15246455371379852,0.9998573064804077,0.5595815777778625,0.6933753490447998,-0.15347974002361298,0.9998623132705688,0.5203027725219727,0.786124050617218,0.212930366396904,0.6547549962997437,0.5426093935966492,0.7940694093704224,-0.04807645082473755,0.9861730933189392,0.533214807510376,0.8934310078620911,0.008579527027904987,0.9344673156738281,0.4072493314743042,0.8833238482475281,-0.1946229487657547,0.991612434387207,0.5254040956497192,0.9143123626708984,-0.013767650350928307,0.9317534565925598,0.3746960163116455,0.8861081004142761,-0.20482513308525085,0.9703335762023926,0.6002044081687927,0.9083629846572876,-0.04536475986242294,0.9317656755447388,0.4190811514854431,0.9355626106262207,-0.22858372330665588,0.9818779826164246
