frame_id,timestamp,nose_x,nose_y,nose_z,nose_visibility,left_shoulder_x,left_shoulder_y,left_shoulder_z,left_shoulder_visibility,right_shoulder_x,right_shoulder_y,right_shoulder_z,right_shoulder_visibility,left_elbow_x,left_elbow_y,left_elbow_z,left_elbow_visibility,right_elbow_x,right_elbow_y,right_elbow_z,right_elbow_visibility,left_wrist_x,left_wrist_y,left_wrist_z,left_wrist_visibility,right_wrist_x,right_wrist_y,right_wrist_z,right_wrist_visibility,left_pinky_x,left_pinky_y,left_pinky_z,left_pinky_visibility,right_pinky_x,right_pinky_y,right_pinky_z,right_pinky_visibility,left_hip_x,left_hip_y,left_hip_z,left_hip_visibility,right_hip_x,right_hip_y,right_hip_z,right_hip_visibility,left_knee_x,left_knee_y,left_knee_z,left_knee_visibility,right_knee_x,right_knee_y,right_knee_z,right_knee_visibility,left_ankle_x,left_ankle_y,left_ankle_z,left_ankle_visibility,right_ankle_x,right_ankle_y,right_ankle_z,right_ankle_visibility,left_heel_x,left_heel_y,left_heel_z,left_heel_visibility,right_heel_x,right_heel_y,right_heel_z,right_heel_visibility,left_foot_index_x,left_foot_index_y,left_foot_index_z,left_foot_index_visibility,right_foot_index_x,right_foot_index_y,right_foot_index_z,right_foot_index_visibility
0,0.0,0.6044710278511047,0.2800960838794708,-0.04295510798692703,0.999021053314209,0.5724570155143738,0.35345524549484253,0.11964219063520432,0.9963962435722351,0.5748728513717651,0.35238856077194214,-0.17437319457530975,0.9997346997261047,0.5915926694869995,0.44883155822753906,0.1840832382440567,0.06044203042984009,0.5875978469848633,0.447639524936676,-0.21570321917533875,0.9839205145835876,0.6432467699050903,0.44551628828048706,0.1573592871427536,0.1980871856212616,0.6488407850265503,0.4493507444858551,-0.1916785091161728,0.9646762013435364,0.6585372090339661,0.4412337839603424,0.1612929254770279,0.2556023895740509,0.6637304425239563,0.4492815434932709,-0.2175733596086502,0.9499338269233704,0.5777225494384766,0.5762812495231628,0.08863335102796555,0.9924208521842957,0.5901616811752319,0.580329418182373,-0.08859694749116898,0.9948320388793945,0.5808153748512268,0.7315596342086792,0.15248951315879822,0.48565545678138733,0.5962654948234558,0.7420058846473694,-0.0578610897064209,0.9769279956817627,0.5687538385391235,0.8765789866447449,0.23877999186515808,0.7935240864753723,0.5911585688591003,0.9099700450897217,-0.007672901265323162,0.9880316257476807,0.5571739673614502,0.9035226702690125,0.2436547577381134,0.8305260539054871,0.5790958404541016,0.9393905997276306,-0.007054917048662901,0.9747384786605835,0.595301628112793,0.9070806503295898,0.20475314557552338,0.8876832723617554,0.6285736560821533,0.9484174847602844,-0.07310989499092102,0.9824700355529785
1,0.03333333333333333,0.6040182709693909,0.27992120385169983,-0.04555222764611244,0.9990845322608948,0.5725986957550049,0.3561992347240448,0.1197950690984726,0.9966388940811157,0.5748744606971741,0.3538907468318939,-0.174558624625206,0.9997408390045166,0.591812252998352,0.4491511285305023,0.19257940351963043,0.0699382796883583,0.5894002318382263,0.4511267840862274,-0.23659557104110718,0.9842597842216492,0.6544819474220276,0.44422799348831177,0.17406919598579407,0.22893212735652924,0.6496019959449768,0.4484575092792511,-0.2598763704299927,0.9668071269989014,0.6619431972503662,0.4412584900856018,0.18017441034317017,0.28558841347694397,0.6643095016479492,0.4485974609851837,-0.2932066321372986,0.9528897404670715,0.577716052532196,0.578031063079834,0.08843334019184113,0.9928222298622131,0.5892094373703003,0.5831930637359619,-0.08842118084430695,0.9950705766677856,0.5817135572433472,0.7329837083816528,0.1696324348449707,0.5052568316459656,0.5957362055778503,0.7421736121177673,-0.04635215923190117,0.9773993492126465,0.5697360634803772,0.8802983164787292,0.27326294779777527,0.8041760921478271,0.5905086398124695,0.912163257598877,0.0254018884152174,0.9884999394416809,0.558121383190155,0.9044256806373596,0.28013381361961365,0.8386611342430115,0.5790045261383057,0.9394981861114502,0.028956549242138863,0.9752722382545471,0.5934150218963623,0.9072164297103882,0.24185572564601898,0.892859935760498,0.6268416047096252,0.948715090751648,-0.036430321633815765,0.9830137491226196
2,0.06666666666666667,0.603834331035614,0.279668927192688,-0.04642827436327934,0.9991330504417419,0.5725390911102295,0.35698625445365906,0.11976610869169235,0.9968520998954773,0.5752922892570496,0.3548537492752075,-0.1749195009469986,0.9997462034225464,0.5917799472808838,0.4496413469314575,0.19216738641262054,0.07556133717298508,0.5919317007064819,0.4561168849468231,-0.23605948686599731,0.9846354722976685,0.6534311175346375,0.44430527091026306,0.1719907820224762,0.2502526044845581,0.6519922614097595,0.4483886957168579,-0.25214579701423645,0.9687556028366089,0.6624801754951477,0.4412079453468323,0.17785440385341644,0.30733248591423035,0.6667034029960632,0.4485577344894409,-0.28460925817489624,0.9556057453155518,0.5775681138038635,0.5788066983222961,0.08835151046514511,0.9931520819664001,0.588992178440094,0.5846675038337708,-0.08835069835186005,0.9952505230903625,0.5821725726127625,0.7339677214622498,0.1719159185886383,0.522322416305542,0.5955121517181396,0.7424024343490601,-0.043219827115535736,0.9778153300285339,0.5701647996902466,0.8825268149375916,0.27458709478378296,0.8136042356491089,0.5900800824165344,0.9136305451393127,0.03074461780488491,0.9888996481895447,0.5586245059967041,0.9056383371353149,0.2813093364238739,0.8458389043807983,0.5789397358894348,0.939771294593811,0.034505683928728104,0.9756959676742554,0.5922642350196838,0.9072895646095276,0.24369078874588013,0.8974494338035583,0.626200795173645,0.949076771736145,-0.029698649421334267,0.9834784269332886
3,0.1,0.6036726832389832,0.27924180030822754,-0.05087432637810707,0.999168872833252,0.5729807019233704,0.3573042154312134,0.1212742030620575,0.9969558119773865,0.5752770900726318,0.3548521399497986,-0.18044932186603546,0.9997459053993225,0.5942355394363403,0.4496731758117676,0.1917252540588379,0.07831121981143951,0.591809868812561,0.45580583810806274,-0.2534659206867218,0.9840485453605652,0.6694389581680298,0.4387643039226532,0.15660877525806427,0.26550185680389404,0.6522487998008728,0.44444289803504944,-0.2831910252571106,0.96946781873703,0.674653947353363,0.4398939907550812,0.1605214625597,0.32359763979911804,0.6677965521812439,0.4448682963848114,-0.31808242201805115,0.9567257165908813,0.5775676965713501,0.5796757340431213,0.08865048736333847,0.9933108687400818,0.5889095067977905,0.5856022238731384,-0.08867179602384567,0.9953662157058716,0.5824705958366394,0.7342700362205505,0.1783788949251175,0.5359075665473938,0.5954498648643494,0.7426037192344666,-0.043845877051353455,0.9782211780548096,0.570300817489624,0.8832324147224426,0.2857012450695038,0.8230891823768616,0.589769184589386,0.9146032929420471,0.019384853541851044,0.9892394542694092,0.5588750839233398,0.9060419201850891,0.29286420345306396,0.8528862595558167,0.5787890553474426,0.9399245977401733,0.02195361815392971,0.9761013984680176,0.5948888659477234,0.9073671102523804,0.25288453698158264,0.9017839431762695,0.6257379055023193,0.9494756460189819,-0.04317939281463623,0.9837871789932251
4,0.13333333333333333,0.6034917235374451,0.27897682785987854,-0.049268148839473724,0.9991508722305298,0.5731856822967529,0.35743463039398193,0.12367436289787292,0.9969572424888611,0.5752650499343872,0.3548268973827362,-0.17956429719924927,0.9997429847717285,0.5936815142631531,0.45301419496536255,0.19122616946697235,0.07719279080629349,0.5920730233192444,0.4553816318511963,-0.24850299954414368,0.9841108322143555,0.6640755534172058,0.44680923223495483,0.15919229388237,0.2615065574645996,0.6523063778877258,0.4426283538341522,-0.2769700586795807,0.9704988598823547,0.672129213809967,0.4395099878311157,0.16518756747245789,0.32016387581825256,0.6680676937103271,0.4430822730064392,-0.31092754006385803,0.9582443237304688,0.5775684714317322,0.5802979469299316,0.08851487189531326,0.9933187365531921,0.5888918042182922,0.5859572887420654,-0.08854115754365921,0.9953968524932861,0.5826146602630615,0.7344506978988647,0.17376072704792023,0.5486286878585815,0.5954446792602539,0.7426150441169739,-0.04615097865462303,0.978550374507904,0.5703862309455872,0.8840803503990173,0.2767667770385742,0.8312404751777649,0.5896674394607544,0.9154269099235535,0.01923907734453678,0.9895391464233398,0.5590929388999939,0.9069553017616272,0.28351372480392456,0.858989417552948,0.5787010192871094,0.9401978850364685,0.02204797975718975,0.9764527678489685,0.5932583212852478,0.907459020614624,0.24365609884262085,0.9054975509643555,0.6256874203681946,0.949684739112854,-0.04500523954629898,0.9840949773788452
5,0.16666666666666666,0.603341281414032,0.2787640392780304,-0.04287301003932953,0.9991658926010132,0.5736740231513977,0.35742074251174927,0.12824653089046478,0.9970099925994873,0.5747557282447815,0.3547813892364502,-0.1756107658147812,0.9997493624687195,0.5936719179153442,0.4528885781764984,0.19868622720241547,0.07743106782436371,0.5926629900932312,0.45524924993515015,-0.24382448196411133,0.9847559332847595,0.6622470617294312,0.44765132665634155,0.17398813366889954,0.26144179701805115,0.6532680988311768,0.441922664642334,-0.2714228928089142,0.9721630811691284,0.660781979560852,0.4379986822605133,0.18188244104385376,0.3206119239330292,0.6689700484275818,0.4425382912158966,-0.3050052225589752,0.9605156183242798,0.5777037143707275,0.580302894115448,0.08814870566129684,0.9933764338493347,0.5888832211494446,0.5858402848243713,-0.08816943317651749,0.9955061078071594,0.5828778147697449,0.7344409227371216,0.1735841929912567,0.5608728528022766,0.5954879522323608,0.7423537373542786,-0.05328531563282013,0.979210376739502,0.5704081058502197,0.8847867250442505,0.27190226316452026,0.8386357426643372,0.5895523428916931,0.9156445860862732,0.0032856673933565617,0.9899325370788574,0.5590885877609253,0.9076921939849854,0.27814629673957825,0.8643878698348999,0.5785455703735352,0.9403632879257202,0.004893761593848467,0.9769725203514099,0.593017578125,0.9075388312339783,0.23874269425868988,0.9091479182243347,0.6267920732498169,0.9500187635421753,-0.06385527551174164,0.9845667481422424
6,0.2,0.6032714247703552,0.2784899175167084,-0.040342193096876144,0.9991914629936218,0.5741012096405029,0.3574027717113495,0.13009831309318542,0.9970783591270447,0.5744147896766663,0.3547514081001282,-0.17362752556800842,0.9997557997703552,0.5937576293945312,0.4527961313724518,0.20142678916454315,0.0783582478761673,0.5930396914482117,0.45515280961990356,-0.24223914742469788,0.985344409942627,0.6594486236572266,0.4475449323654175,0.1784307360649109,0.26390090584754944,0.6537811756134033,0.44158637523651123,-0.27051302790641785,0.9736800193786621,0.6608019471168518,0.43750643730163574,0.18638229370117188,0.3235647678375244,0.6694148182868958,0.4422816336154938,-0.3039500117301941,0.9625783562660217,0.5778807401657104,0.58033686876297,0.08787823468446732,0.9934518933296204,0.5888792872428894,0.5857720971107483,-0.08789462596178055,0.9956178069114685,0.5830694437026978,0.7344239950180054,0.1727759838104248,0.5717794299125671,0.5954975485801697,0.7422865629196167,-0.05723855644464493,0.9798130989074707,0.5704061985015869,0.8851259350776672,0.2705231010913849,0.8452540636062622,0.5894602537155151,0.9159266948699951,-0.004046098794788122,0.9902845621109009,0.5590784549713135,0.9081210494041443,0.27663296461105347,0.8691055774688721,0.5784186720848083,0.9406591057777405,-0.002856213366612792,0.9774441123008728,0.5928027629852295,0.9075422286987305,0.23757734894752502,0.9124205708503723,0.6275731325149536,0.9503093361854553,-0.07172799855470657,0.9849879741668701
7,0.23333333333333334,0.602782666683197,0.2784464359283447,-0.03538545221090317,0.9992287755012512,0.5745334029197693,0.3580988347530365,0.13494662940502167,0.9971221685409546,0.574087917804718,0.3544768989086151,-0.16814599931240082,0.9997689127922058,0.5938946008682251,0.4551388919353485,0.199654683470726,0.07753730565309525,0.5948455929756165,0.4477821886539459,-0.2438480108976364,0.9861558079719543,0.6495733261108398,0.4669207036495209,0.1752186119556427,0.2550351023674011,0.654466450214386,0.43885910511016846,-0.2882443368434906,0.9753655195236206,0.6523547768592834,0.44240128993988037,0.18261122703552246,0.31388968229293823,0.6696275472640991,0.4410775601863861,-0.3234078586101532,0.9648802280426025,0.5779823660850525,0.5803162455558777,0.08768583834171295,0.9935194253921509,0.5888869166374207,0.5854832530021667,-0.08770035207271576,0.9957988262176514,0.5838080048561096,0.7342896461486816,0.1625988483428955,0.5823289155960083,0.5957525372505188,0.7420700192451477,-0.07107972353696823,0.9805986881256104,0.5704007744789124,0.8849668502807617,0.2561536729335785,0.8515684008598328,0.5895422697067261,0.9162100553512573,-0.0324840322136879,0.9907199740409851,0.5590740442276001,0.9080999493598938,0.2616840600967407,0.8729247450828552,0.578463613986969,0.9411485195159912,-0.033125028014183044,0.9780080318450928,0.592239499092102,0.907483696937561,0.22114525735378265,0.9160577058792114,0.6284016966819763,0.9504100680351257,-0.10514198243618011,0.9856247901916504
8,0.26666666666666666,0.6018295884132385,0.278376966714859,-0.03363035246729851,0.9992597103118896,0.574512243270874,0.35799458622932434,0.13560809195041656,0.9971343874931335,0.5740293264389038,0.35365402698516846,-0.16645783185958862,0.9997801780700684,0.5898330211639404,0.45752155780792236,0.19811932742595673,0.07537080347537994,0.594819962978363,0.4441092610359192,-0.250125914812088,0.9868040084838867,0.6359217762947083,0.48595303297042847,0.16501998901367188,0.2402600198984146,0.6543922424316406,0.4360199570655823,-0.3049105405807495,0.976571798324585,0.6406763792037964,0.4891391396522522,0.17070432007312775,0.29703032970428467,0.6695902943611145,0.4395515024662018,-0.34083014726638794,0.9666106104850769,0.5778948068618774,0.5802950263023376,0.08768949657678604,0.9937017560005188,0.5888742804527283,0.5853996872901917,-0.08770527690649033,0.9960166811943054,0.5839849710464478,0.7340595722198486,0.16303712129592896,0.5956276655197144,0.5962101817131042,0.7421038746833801,-0.07341424375772476,0.981326162815094,0.5703310370445251,0.8848487138748169,0.2614046335220337,0.8582046031951904,0.5898773670196533,0.9167283773422241,-0.03348197415471077,0.9910899996757507,0.5589892864227295,0.9080791473388672,0.2675248682498932,0.8772762417793274,0.5787778496742249,0.9418788552284241,-0.03390054032206535,0.9783077239990234,0.5918821096420288,0.9069982171058655,0.2273145467042923,0.9196524620056152,0.6288350820541382,0.9504601359367371,-0.10667381435632706,0.9861865043640137
9,0.3,0.6011959910392761,0.2781783640384674,-0.034786343574523926,0.9992887377738953,0.5743692517280579,0.35800033807754517,0.1340356022119522,0.9971668124198914,0.5737785696983337,0.3530917167663574,-0.16680699586868286,0.9997914433479309,0.589426577091217,0.4575914442539215,0.1972932666540146,0.07279547303915024,0.5947139263153076,0.44188162684440613,-0.26089125871658325,0.9874759912490845,0.6290769577026367,0.4897524118423462,0.1629265993833542,0.22787563502788544,0.65446937084198,0.43283316493034363,-0.32254868745803833,0.9778972864151001,0.6348533034324646,0.4958025813102722,0.16824553906917572,0.28359222412109375,0.6701805591583252,0.4365141987800598,-0.3603772521018982,0.9685039520263672,0.5778723359107971,0.5803412795066833,0.08791067451238632,0.9938319325447083,0.5883439183235168,0.5853448510169983,-0.08792778849601746,0.9962018728256226,0.5845919251441956,0.7339098453521729,0.16529372334480286,0.6058172583580017,0.5965768694877625,0.7422077655792236,-0.07053089886903763,0.9819628596305847,0.5700722932815552,0.8842790126800537,0.26819199323654175,0.8631598949432373,0.5908209085464478,0.9170450568199158,-0.025436362251639366,0.991430938243866,0.5587338805198669,0.9076234698295593,0.274766743183136,0.8804105520248413,0.5800920128822327,0.9423322677612305,-0.0253154207020998,0.9785871505737305,0.5909246802330017,0.9066125750541687,0.2344260811805725,0.92275071144104,0.629578709602356,0.9505425095558167,-0.09825830161571503,0.9867172837257385
10,0.3333333333333333,0.6009256839752197,0.2780942916870117,-0.04428243637084961,0.9993226528167725,0.5736474394798279,0.35811641812324524,0.13232150673866272,0.9972488880157471,0.5732011198997498,0.3530559539794922,-0.1787102222442627,0.9998030066490173,0.5878150463104248,0.4587744474411011,0.1876659244298935,0.07227782160043716,0.5950363278388977,0.4414282441139221,-0.2742556035518646,0.9881153106689453,0.6334813833236694,0.49616241455078125,0.14428070187568665,0.2223152369260788,0.6549716591835022,0.4309654235839844,-0.33697593212127686,0.9792302250862122,0.6401448845863342,0.5030548572540283,0.14780767261981964,0.2776441276073456,0.6715705990791321,0.43319183588027954,-0.3763164281845093,0.9703837633132935,0.5777396559715271,0.580245852470398,0.0885619968175888,0.9940361380577087,0.5880898237228394,0.5852437019348145,-0.08859047293663025,0.9964060187339783,0.5857264399528503,0.7332119941711426,0.17121286690235138,0.6164348721504211,0.5969620943069458,0.7420925498008728,-0.07200770825147629,0.9826130867004395,0.5700497031211853,0.8824413418769836,0.2812468707561493,0.8690154552459717,0.5912258625030518,0.9170283675193787,-0.026465971022844315,0.991786777973175,0.5586124658584595,0.9052968621253967,0.2884944677352905,0.8846244812011719,0.5804550051689148,0.9424480199813843,-0.026494622230529785,0.9789813756942749,0.5909394025802612,0.9055564999580383,0.24757522344589233,0.9262900352478027,0.6300871968269348,0.9505573511123657,-0.10171662271022797,0.987260103225708
11,0.36666666666666664,0.6004411578178406,0.2780807614326477,-0.04692891612648964,0.9993232488632202,0.5733841061592102,0.3575153648853302,0.1280250996351242,0.9972195029258728,0.5723984837532043,0.35261252522468567,-0.18337196111679077,0.9998102188110352,0.5843308568000793,0.46031028032302856,0.18260557949543,0.06893163174390793,0.5946625471115112,0.4416777193546295,-0.2796187400817871,0.9886247515678406,0.6174654364585876,0.5155165791511536,0.14396657049655914,0.2073308229446411,0.6548980474472046,0.43030035495758057,-0.3422928750514984,0.9800992012023926,0.6231008172035217,0.5295318961143494,0.14756032824516296,0.2605389356613159,0.671466052532196,0.43244820833206177,-0.38163307309150696,0.9717004299163818,0.577753484249115,0.5803771018981934,0.08970429003238678,0.9941895604133606,0.5874454975128174,0.5854789614677429,-0.08973823487758636,0.9965620040893555,0.5867722630500793,0.7330262064933777,0.17332610487937927,0.6224679350852966,0.5973055362701416,0.7421315312385559,-0.06789316236972809,0.9827220439910889,0.5699363946914673,0.8818537592887878,0.2864125967025757,0.8713909983634949,0.5920203328132629,0.9169794917106628,-0.00828341580927372,0.9918784499168396,0.558315634727478,0.904636800289154,0.2940237820148468,0.885711669921875,0.5813105702400208,0.9425633549690247,-0.006868484430015087,0.9785113334655762,0.5910125970840454,0.9040418267250061,0.25450265407562256,0.9282002449035645,0.6308152079582214,0.9505853652954102,-0.08231958001852036,0.9874756932258606
12,0.4,0.5997264385223389,0.27804791927337646,-0.043682489544153214,0.9993274211883545,0.5723108649253845,0.35642269253730774,0.13183389604091644,0.9972859025001526,0.5709208250045776,0.3517725467681885,-0.18685416877269745,0.9998180866241455,0.5771430134773254,0.4684373736381531,0.1795622706413269,0.06610486656427383,0.5930115580558777,0.44155484437942505,-0.30547523498535156,0.9892720580101013,0.5941144227981567,0.5548003315925598,0.13222035765647888,0.19135591387748718,0.6548843383789062,0.42932188510894775,-0.38787174224853516,0.9810084104537964,0.5982719659805298,0.580859363079071,0.13422372937202454,0.24151793122291565,0.6713942289352417,0.4306510388851166,-0.43095025420188904,0.9730972647666931,0.5773765444755554,0.5806312561035156,0.09487900882959366,0.9944857358932495,0.5855579376220703,0.5857329964637756,-0.09493540227413177,0.9967633485794067,0.5872599482536316,0.733002245426178,0.1720450520515442,0.6289990544319153,0.5977718830108643,0.7413531541824341,-0.0672631487250328,0.9826061725616455,0.5699049234390259,0.8809595108032227,0.281227707862854,0.8730565905570984,0.5926581025123596,0.916901171207428,-0.005329656880348921,0.9919155836105347,0.5582863688468933,0.9033665060997009,0.28817346692085266,0.8859638571739197,0.5821375250816345,0.9425640106201172,-0.003853999311104417,0.9779748320579529,0.5911957621574402,0.9040597081184387,0.24767521023750305,0.9298945069313049,0.6325969696044922,0.9506688117980957,-0.08110526204109192,0.9876932501792908
13,0.43333333333333335,0.5990527868270874,0.27808013558387756,-0.043419647961854935,0.9993287324905396,0.571663498878479,0.3566345274448395,0.12953230738639832,0.9972825050354004,0.5699738264083862,0.35178524255752563,-0.18524257838726044,0.999819278717041,0.5760029554367065,0.47107115387916565,0.17473264038562775,0.06352395564317703,0.5916444063186646,0.4407751262187958,-0.29991239309310913,0.9897056221961975,0.5916745066642761,0.5539656281471252,0.13500341773033142,0.17692606151103973,0.6548696160316467,0.4264724850654602,-0.377879798412323,0.981441855430603,0.5956615805625916,0.5781987309455872,0.13888433575630188,0.22437366843223572,0.671306848526001,0.42336997389793396,-0.41949620842933655,0.9738655090332031,0.5771353244781494,0.5816648006439209,0.09418775141239166,0.9947307109832764,0.5833463072776794,0.5871683359146118,-0.09423369914293289,0.9969203472137451,0.5883334875106812,0.7328583002090454,0.1650579571723938,0.6344994902610779,0.5985189080238342,0.7412083745002747,-0.06235630437731743,0.9823098182678223,0.5698437094688416,0.8803046941757202,0.2714802920818329,0.8737779855728149,0.5932783484458923,0.9167490601539612,0.0038020084612071514,0.9919106364250183,0.5579238533973694,0.9021655321121216,0.27808722853660583,0.8854716420173645,0.5829719305038452,0.9426441192626953,0.005508222617208958,0.9775782823562622,0.5912463665008545,0.9008663296699524,0.2369026392698288,0.9308230876922607,0.6334639191627502,0.9506984949111938,-0.06959794461727142,0.9878118634223938
14,0.4666666666666667,0.5983726978302002,0.27823787927627563,-0.037494346499443054,0.9993271827697754,0.5716879963874817,0.3566339910030365,0.13392853736877441,0.9972929954528809,0.5661717653274536,0.3513951897621155,-0.18463394045829773,0.9998250603675842,0.577739417552948,0.4696129560470581,0.17608055472373962,0.06200435012578964,0.5872994661331177,0.4389028251171112,-0.29035046696662903,0.990253746509552,0.5931748747825623,0.5529698133468628,0.13661901652812958,0.1658715158700943,0.6529943943023682,0.4222638010978699,-0.36031055450439453,0.9823011755943298,0.59630286693573,0.5780341029167175,0.13943730294704437,0.21146756410598755,0.6703882813453674,0.416487455368042,-0.4009482264518738,0.9750909209251404,0.5770947337150574,0.5816614031791687,0.09422466158866882,0.9948480129241943,0.5819581151008606,0.5871002674102783,-0.09425472468137741,0.9970302581787109,0.5898998975753784,0.7324808239936829,0.15885652601718903,0.6383001804351807,0.5989149808883667,0.7411966323852539,-0.06499087810516357,0.9822081923484802,0.570013165473938,0.8798438906669617,0.2599831223487854,0.8745802044868469,0.593610405921936,0.9167059659957886,-0.0002595786936581135,0.9919386506080627,0.5579034686088562,0.9001995921134949,0.26596078276634216,0.8857564330101013,0.5834361910820007,0.9426860213279724,0.0015560929896309972,0.97728431224823,0.5915927886962891,0.9017183780670166,0.2231641709804535,0.9318184852600098,0.6336060762405396,0.9511436223983765,-0.07575984299182892,0.9879422187805176
15,0.5,0.5970935821533203,0.2816171944141388,-0.026802372187376022,0.9993064999580383,0.5717096924781799,0.35710427165031433,0.14042192697525024,0.9972360134124756,0.5621025562286377,0.3514101803302765,-0.17536558210849762,0.9998303055763245,0.5788416266441345,0.4703548550605774,0.1781289130449295,0.06068544089794159,0.5837538242340088,0.43882644176483154,-0.28446048498153687,0.9908151030540466,0.5920353531837463,0.5610083937644958,0.1284189075231552,0.15537899732589722,0.6501028537750244,0.41577839851379395,-0.35407504439353943,0.983220100402832,0.5949787497520447,0.5876721143722534,0.12942169606685638,0.19886358082294464,0.6676123738288879,0.4085261821746826,-0.39325398206710815,0.9763131141662598,0.577099621295929,0.5816470384597778,0.09401924908161163,0.9947789907455444,0.578826367855072,0.5865335464477539,-0.0940384492278099,0.9970628023147583,0.5912951231002808,0.7324818968772888,0.1333148181438446,0.635630190372467,0.5990039110183716,0.7411544919013977,-0.07616177946329117,0.9815065860748291,0.5702778100967407,0.8793485760688782,0.2131194770336151,0.8710861802101135,0.5939387679100037,0.9163179397583008,-0.027057437226176262,0.9916692972183228,0.5579305291175842,0.8989856243133545,0.2166604995727539,0.8823818564414978,0.583896815776825,0.9427013993263245,-0.026768984273076057,0.97629714012146,0.5922237038612366,0.9022530317306519,0.17164640128612518,0.9306890368461609,0.6338463425636292,0.95185786485672,-0.10195410996675491,0.9877498745918274
16,0.5333333333333333,0.5961641669273376,0.2856970727443695,-0.028566548600792885,0.9992565512657166,0.5698233246803284,0.3607751727104187,0.13889837265014648,0.9971420764923096,0.5613027811050415,0.3560982048511505,-0.17520815134048462,0.9998268485069275,0.5738916993141174,0.4837999641895294,0.178151935338974,0.058253150433301926,0.5842970013618469,0.43882134556770325,-0.29454290866851807,0.9911542534828186,0.5882206559181213,0.570158064365387,0.13195295631885529,0.14411614835262299,0.6493383646011353,0.40546467900276184,-0.3751722276210785,0.9837360382080078,0.5935849547386169,0.5940094590187073,0.13490907847881317,0.18534816801548004,0.6648378968238831,0.3968160152435303,-0.41517212986946106,0.977030873298645,0.5762416124343872,0.5836219787597656,0.09385323524475098,0.9948999881744385,0.5773220062255859,0.5877349376678467,-0.09386960417032242,0.9971456527709961,0.5925414562225342,0.7331284284591675,0.14046239852905273,0.6293485164642334,0.6002463102340698,0.7415072321891785,-0.07509864866733551,0.9805748462677002,0.5705909729003906,0.8792194724082947,0.2289356291294098,0.8658343553543091,0.5938853025436401,0.9157009124755859,-0.020907370373606682,0.9912936091423035,0.5579283237457275,0.8989660143852234,0.2336271107196808,0.8768782615661621,0.5837876200675964,0.9427161812782288,-0.019245943054556847,0.9753005504608154,0.5943484902381897,0.9026705622673035,0.19105805456638336,0.928619921207428,0.633845865726471,0.9521037936210632,-0.08863284438848495,0.9874499440193176
17,0.5666666666666667,0.5945408344268799,0.2908584773540497,-0.024570763111114502,0.99927818775177,0.5677216053009033,0.36526092886924744,0.13892623782157898,0.9970996379852295,0.5589838027954102,0.3576102554798126,-0.16852110624313354,0.9998297095298767,0.5689967274665833,0.49390655755996704,0.17910684645175934,0.05600322037935257,0.579227089881897,0.43765756487846375,-0.29248660802841187,0.9915559887886047,0.5870935320854187,0.5766348838806152,0.13187453150749207,0.13382385671138763,0.6442935466766357,0.39663568139076233,-0.37671443819999695,0.9842191338539124,0.5917648077011108,0.6039409041404724,0.1351085752248764,0.17292284965515137,0.6598116755485535,0.3909133970737457,-0.41563040018081665,0.9776474237442017,0.5732706189155579,0.5852693319320679,0.09377457946538925,0.9950552582740784,0.5747459530830383,0.5878097414970398,-0.09379486739635468,0.9972835779190063,0.5927179455757141,0.7329193949699402,0.13713784515857697,0.6252789497375488,0.601365864276886,0.7415943145751953,-0.08323114365339279,0.9804478287696838,0.5704702734947205,0.8782661557197571,0.2223016619682312,0.8620330691337585,0.5936911106109619,0.9156848788261414,-0.047434791922569275,0.9911422729492188,0.5577535033226013,0.8986755013465881,0.2264319807291031,0.8720341920852661,0.5832613706588745,0.9436635971069336,-0.04825211316347122,0.9747751951217651,0.594445526599884,0.9009427428245544,0.18486733734607697,0.9268687963485718,0.6339309215545654,0.9524241089820862,-0.11941173672676086,0.9873602986335754
18,0.6,0.5933533310890198,0.2932043969631195,-0.02542189136147499,0.999308705329895,0.5651437044143677,0.37006455659866333,0.13628622889518738,0.9970019459724426,0.556958019733429,0.35840484499931335,-0.15646961331367493,0.999828040599823,0.5695860981941223,0.4880272150039673,0.18603144586086273,0.054095588624477386,0.5719285607337952,0.43360820412635803,-0.27154067158699036,0.9917851090431213,0.5875510573387146,0.5631743669509888,0.16398891806602478,0.12543316185474396,0.6360313892364502,0.38680213689804077,-0.3513735830783844,0.9844476580619812,0.5988532304763794,0.5566908121109009,0.17225056886672974,0.16297683119773865,0.6505250930786133,0.3788657784461975,-0.38523510098457336,0.9779446125030518,0.5704740285873413,0.5874291062355042,0.08884700387716293,0.9949982166290283,0.573569118976593,0.5884814262390137,-0.08880621939897537,0.9973175525665283,0.5926534533500671,0.7329117059707642,0.12782292068004608,0.6229651570320129,0.6012632846832275,0.7418075203895569,-0.07930263876914978,0.9811575412750244,0.5693961381912231,0.878867506980896,0.2034604549407959,0.8617556691169739,0.5936776995658875,0.9158406853675842,-0.0491609163582325,0.9914388060569763,0.556858241558075,0.8995072245597839,0.20702701807022095,0.8711255788803101,0.583105206489563,0.9445977807044983,-0.05050096660852432,0.9755722284317017,0.5941503643989563,0.9009964466094971,0.16807813942432404,0.9263772368431091,0.6340881586074829,0.9529011845588684,-0.11700624972581863,0.9876386523246765
19,0.6333333333333333,0.5912085771560669,0.2928105890750885,-0.055964138358831406,0.9993687272071838,0.5682429075241089,0.3741036057472229,0.13516689836978912,0.9969973564147949,0.5548334121704102,0.3586401641368866,-0.16186517477035522,0.99982088804245,0.5917885303497314,0.4461667537689209,0.19893619418144226,0.06110769510269165,0.5677331686019897,0.4275910556316376,-0.2960001528263092,0.9920002222061157,0.6407982110977173,0.38562390208244324,0.17412304878234863,0.1601637750864029,0.6311207413673401,0.3658687472343445,-0.3759431540966034,0.9850669503211975,0.6488284468650818,0.3771607577800751,0.1819116622209549,0.19984008371829987,0.6464688777923584,0.35766610503196716,-0.4139479398727417,0.9784885048866272,0.5709836483001709,0.5883241891860962,0.08902030438184738,0.9950743913650513,0.5685387253761292,0.5884912014007568,-0.08899371325969696,0.9973296523094177,0.592360258102417,0.7340039610862732,0.1168837621808052,0.6349045634269714,0.5983476638793945,0.7429656982421875,-0.08285954594612122,0.9823604226112366,0.5687338709831238,0.8796744346618652,0.17404596507549286,0.8672136664390564,0.5934693813323975,0.9150069355964661,-0.05767916887998581,0.9920456409454346,0.5556573867797852,0.8997694253921509,0.17548565566539764,0.8749022483825684,0.583093523979187,0.9438114166259766,-0.0598115511238575,0.9772133231163025,0.589844822883606,0.9009270668029785,0.13454651832580566,0.9290027618408203,0.6341409087181091,0.9529205560684204,-0.1293390393257141,0.9884377717971802
20,0.6666666666666666,0.588753879070282,0.29413509368896484,-0.08906779438257217,0.9994257688522339,0.5772539377212524,0.3843523859977722,0.1093466505408287,0.9971359372138977,0.5512999296188354,0.36061039566993713,-0.15933819115161896,0.9998231530189514,0.6042619347572327,0.4414668679237366,0.10962691903114319,0.0816795825958252,0.5528976917266846,0.4154932200908661,-0.3099812865257263,0.9924927353858948,0.6385205388069153,0.37902599573135376,0.008558740839362144,0.2083602249622345,0.6114852428436279,0.3537045419216156,-0.39273709058761597,0.9857416749000549,0.6465964913368225,0.35977256298065186,-0.0026409232523292303,0.2440369874238968,0.6264786124229431,0.3457401990890503,-0.4278954565525055,0.9787870049476624,0.5711169838905334,0.5910311937332153,0.08333698660135269,0.9953485727310181,0.5636624097824097,0.5897462964057922,-0.08331527560949326,0.9974830746650696,0.5894932150840759,0.7367555499076843,0.11127805709838867,0.6317738890647888,0.5932837724685669,0.7435470819473267,-0.08269739151000977,0.9826966524124146,0.568752646446228,0.8827576041221619,0.17711085081100464,0.8629708290100098,0.5934407114982605,0.9130620360374451,-0.06458742171525955,0.9917759299278259,0.5557069182395935,0.904688835144043,0.17930978536605835,0.8685033321380615,0.5836818218231201,0.9410093426704407,-0.06791508942842484,0.9764736294746399,0.5912132263183594,0.9149847030639648,0.13256582617759705,0.9260620474815369,0.6341226100921631,0.9527440667152405,-0.14499349892139435,0.9880511164665222
21,0.7,0.5865507125854492,0.29276156425476074,-0.10039981454610825,0.9994736909866333,0.5853796601295471,0.38458895683288574,0.09942149370908737,0.9973313212394714,0.5474525690078735,0.36074700951576233,-0.15350812673568726,0.99982750415802,0.6187881231307983,0.4122142493724823,0.05166637897491455,0.14436042308807373,0.5465571880340576,0.4061269462108612,-0.3188404440879822,0.9930817484855652,0.6485465168952942,0.3481605350971222,-0.08783480525016785,0.27816805243492126,0.5974158644676208,0.33722493052482605,-0.40511903166770935,0.9868267178535461,0.656058669090271,0.3282274305820465,-0.10715540498495102,0.30659550428390503,0.6140335202217102,0.3232147991657257,-0.4395988881587982,0.9799237251281738,0.5747964382171631,0.5906189680099487,0.08053362369537354,0.9956666827201843,0.5533831119537354,0.5900088548660278,-0.08051710575819016,0.9976721405982971,0.5883387327194214,0.7370908260345459,0.11158391088247299,0.630885660648346,0.5831889510154724,0.7435488700866699,-0.10178004205226898,0.9831903576850891,0.5689090490341187,0.8831269145011902,0.18771754205226898,0.8572485446929932,0.5920444130897522,0.9109922051429749,-0.09475861489772797,0.9914354085922241,0.5557452440261841,0.9045970439910889,0.19082681834697723,0.8586611747741699,0.5837146639823914,0.9376879930496216,-0.09991628676652908,0.9748935699462891,0.5879489183425903,0.9190878868103027,0.1368350088596344,0.9231064915657043,0.6332603693008423,0.9521768093109131,-0.19406433403491974,0.9877437949180603
22,0.7333333333333333,0.5853196382522583,0.29004839062690735,-0.11659177392721176,0.9995142817497253,0.5876682996749878,0.3826410472393036,0.08615364134311676,0.9975263476371765,0.546455442905426,0.36052513122558594,-0.1579056829214096,0.9998313784599304,0.622866690158844,0.4024466872215271,0.029272234067320824,0.20430998504161835,0.5466524958610535,0.40198808908462524,-0.33466437458992004,0.9936144948005676,0.6493714451789856,0.34536823630332947,-0.12117704004049301,0.34093913435935974,0.5966306924819946,0.33377841114997864,-0.4173358380794525,0.9877301454544067,0.6573222875595093,0.3253963887691498,-0.14429432153701782,0.36291831731796265,0.612212061882019,0.31970757246017456,-0.4528913199901581,0.98078852891922,0.57546067237854,0.5903065204620361,0.08100388944149017,0.9959831237792969,0.5525628328323364,0.5899543166160583,-0.08099904656410217,0.9978498220443726,0.5867794752120972,0.7370676398277283,0.11913059651851654,0.6309874653816223,0.5820857286453247,0.7432690262794495,-0.10405274480581284,0.9838739037513733,0.5689179301261902,0.8845943808555603,0.19581131637096405,0.8548747897148132,0.5910689830780029,0.909917950630188,-0.08889414370059967,0.9913444519042969,0.5555366277694702,0.9061611890792847,0.1993613988161087,0.8523281216621399,0.5837123990058899,0.9363157153129578,-0.09334376454353333,0.9739223122596741,0.5923694968223572,0.9204515218734741,0.1516985297203064,0.92200767993927,0.6323907375335693,0.9513576030731201,-0.18969173729419708,0.987763524055481
23,0.7666666666666666,0.5803007483482361,0.28024277091026306,-0.14167584478855133,0.9995297789573669,0.5867571234703064,0.38091960549354553,0.05344940721988678,0.9975085258483887,0.5289402008056641,0.365463525056839,-0.16378603875637054,0.9997809529304504,0.6222259998321533,0.37654852867126465,-0.06424686312675476,0.2607279121875763,0.5278545022010803,0.386338472366333,-0.35163456201553345,0.9940962195396423,0.647182822227478,0.317232221364975,-0.2533896267414093,0.3845354914665222,0.5704315900802612,0.3201940655708313,-0.42279380559921265,0.9879553318023682,0.6527696847915649,0.3039371967315674,-0.2879752516746521,0.39733415842056274,0.5775863528251648,0.30130821466445923,-0.45713719725608826,0.9798544645309448,0.5756427645683289,0.5900967121124268,0.07777848839759827,0.9962447285652161,0.542393147945404,0.5899341106414795,-0.07782109826803207,0.9978953003883362,0.5866230726242065,0.739264965057373,0.04216736927628517,0.6269107460975647,0.5681227445602417,0.743255078792572,-0.09660422056913376,0.9826697111129761,0.5689307451248169,0.8844670653343201,0.12791714072227478,0.840126633644104,0.5761486887931824,0.8991668820381165,-0.02568569779396057,0.9879898428916931,0.5556942224502563,0.9060332179069519,0.13094881176948547,0.8382123708724976,0.5687884092330933,0.921534538269043,-0.024820838123559952,0.9628108739852905,0.5963537096977234,0.9281142354011536,0.05457575246691704,0.9117617607116699,0.6088608503341675,0.9489927887916565,-0.14286494255065918,0.983859658241272
24,0.8,0.5778124928474426,0.27707231044769287,-0.13476069271564484,0.9995730519294739,0.5863683223724365,0.3773452043533325,0.0680340826511383,0.9977141618728638,0.5243222713470459,0.36491280794143677,-0.1643265038728714,0.9997914433479309,0.6215909719467163,0.3734555244445801,-0.012999821454286575,0.3281283974647522,0.5081989169120789,0.3856058120727539,-0.37355658411979675,0.9946128726005554,0.6510155200958252,0.29136034846305847,-0.1616029143333435,0.44338977336883545,0.5524095892906189,0.3190293610095978,-0.4862946569919586,0.9888432621955872,0.658176600933075,0.27273792028427124,-0.18539045751094818,0.4520123600959778,0.5621125102043152,0.301108717918396,-0.5240118503570557,0.9806739687919617,0.574996829032898,0.5894781947135925,0.07813168317079544,0.9965708255767822,0.53802090883255,0.5891754031181335,-0.0781712681055069,0.998062789440155,0.5860689878463745,0.7389856576919556,0.07061540335416794,0.6442229747772217,0.5570802688598633,0.7417225241661072,-0.09453386813402176,0.9830799698829651,0.5688990950584412,0.8815327286720276,0.16825245320796967,0.8417894244194031,0.5624147653579712,0.8960416316986084,-0.019293729215860367,0.9874549508094788,0.5568617582321167,0.9026932716369629,0.16970643401145935,0.8369901776313782,0.5577079653739929,0.9207890629768372,-0.018457185477018356,0.9589805603027344,0.5967596769332886,0.9255867004394531,0.11153385043144226,0.9124624729156494,0.5899563431739807,0.9460419416427612,-0.13201990723609924,0.9833691120147705
25,0.8333333333333334,0.5718463063240051,0.27574172616004944,-0.14036878943443298,0.9996138215065002,0.5856232047080994,0.36594611406326294,0.05699926242232323,0.9978894591331482,0.5226570963859558,0.3630532920360565,-0.14580363035202026,0.9998024702072144,0.6220114231109619,0.35357606410980225,-0.07136838138103485,0.3904244601726532,0.4965369403362274,0.38281625509262085,-0.3525242209434509,0.9950874447822571,0.6474355459213257,0.2810748219490051,-0.2549528181552887,0.49596989154815674,0.5376359820365906,0.30010074377059937,-0.4667366147041321,0.9895936846733093,0.6553612947463989,0.26127344369888306,-0.28717535734176636,0.5002948045730591,0.5471305251121521,0.28443026542663574,-0.5038304328918457,0.9811534285545349,0.574332058429718,0.587406575679779,0.07298383861780167,0.9968712329864502,0.5359668135643005,0.5854698419570923,-0.0730401799082756,0.9982141256332397,0.5861296057701111,0.7349400520324707,0.054318927228450775,0.66876220703125,0.5491562485694885,0.7398727536201477,-0.07425706088542938,0.9842016100883484,0.5688987970352173,0.873356819152832,0.15255163609981537,0.8499969840049744,0.5487567782402039,0.8916757702827454,0.014283179305493832,0.9876697063446045,0.5581948757171631,0.8923771381378174,0.15630367398262024,0.843100368976593,0.5463188290596008,0.9134518504142761,0.016019145026803017,0.9555188417434692,0.5967569351196289,0.923975944519043,0.08024278283119202,0.9163135886192322,0.567172646522522,0.945634663105011,-0.09291208535432816,0.9834738969802856
26,0.8666666666666667,0.5588458180427551,0.2685816287994385,-0.17911452054977417,0.9996508955955505,0.5843801498413086,0.3571048378944397,0.02505994401872158,0.9980303049087524,0.517351508140564,0.36209651827812195,-0.13834446668624878,0.9998145699501038,0.6215413808822632,0.33967986702919006,-0.10748333483934402,0.44668418169021606,0.4822510778903961,0.38401705026626587,-0.341400682926178,0.9955219626426697,0.6447082757949829,0.25735485553741455,-0.2877407371997833,0.5423983931541443,0.5250483155250549,0.2976951003074646,-0.4688906669616699,0.9901970624923706,0.6522775888442993,0.23075200617313385,-0.32213279604911804,0.5418611168861389,0.5366085171699524,0.2801118791103363,-0.5076989531517029,0.9811927676200867,0.5720669031143188,0.5863510370254517,0.06539658457040787,0.9971513748168945,0.5329253673553467,0.5846735239028931,-0.06547090411186218,0.9983646273612976,0.586172342300415,0.7332361936569214,0.041953276842832565,0.696826159954071,0.5391491651535034,0.7392315864562988,-0.06856823712587357,0.9855656027793884,0.5680409669876099,0.8741526007652283,0.15405209362506866,0.8615654110908508,0.5327808856964111,0.8906331658363342,0.02849670872092247,0.9884403347969055,0.5576951503753662,0.8937236070632935,0.15891285240650177,0.8526625633239746,0.5298014879226685,0.9142215251922607,0.0312945693731308,0.9541313648223877,0.5998159646987915,0.9228324890136719,0.07481646537780762,0.9219096302986145,0.543880820274353,0.9458087682723999,-0.08118873089551926,0.9842638373374939
27,0.9,0.5482887029647827,0.26494279503822327,-0.19122137129306793,0.9996840357780457,0.5838782787322998,0.356391966342926,0.0028450179379433393,0.9981095790863037,0.5110296010971069,0.36232489347457886,-0.11869309097528458,0.9998260140419006,0.6199847459793091,0.33013689517974854,-0.14407093822956085,0.49897438287734985,0.4703344404697418,0.38332438468933105,-0.3161957859992981,0.9959328174591064,0.643153727054596,0.2430327832698822,-0.3299000561237335,0.5850236415863037,0.5167419910430908,0.2835242450237274,-0.4482479691505432,0.9909600019454956,0.6489477157592773,0.21600614488124847,-0.3689678907394409,0.5809069871902466,0.5272941589355469,0.26129841804504395,-0.4879307448863983,0.9820213317871094,0.5714672207832336,0.5863483548164368,0.05250069126486778,0.9974121451377869,0.5301061272621155,0.5847859382629395,-0.05256243795156479,0.9985139966011047,0.5844153165817261,0.7311280965805054,0.03270731121301651,0.7241406440734863,0.5277493000030518,0.7372360229492188,-0.07146324962377548,0.9868272542953491,0.5678890347480774,0.8743084669113159,0.14684328436851501,0.8733963966369629,0.5166218280792236,0.8878176212310791,0.019914012402296066,0.9891805648803711,0.5573233962059021,0.8945673108100891,0.15151669085025787,0.8628974556922913,0.5136743187904358,0.9095649123191833,0.022223103791475296,0.9512783288955688,0.60057532787323,0.9220917820930481,0.059886958450078964,0.9276133179664612,0.5229858756065369,0.945454478263855,-0.09285179525613785,0.9849904179573059
28,0.9333333333333333,0.5408574938774109,0.26199257373809814,-0.18660394847393036,0.9997149109840393,0.5788562297821045,0.35593539476394653,0.0061626373790204525,0.9981933236122131,0.5039888024330139,0.36272796988487244,-0.08792661130428314,0.9998379349708557,0.6180362701416016,0.3220627009868622,-0.11817190796136856,0.5471534132957458,0.45690059661865234,0.38573455810546875,-0.26468583941459656,0.9963023662567139,0.6363335251808167,0.22779978811740875,-0.28398415446281433,0.6243018507957458,0.5004204511642456,0.28674769401550293,-0.41463395953178406,0.991686224937439,0.6400436758995056,0.20056548714637756,-0.3201230466365814,0.6167776584625244,0.510809063911438,0.26480990648269653,-0.4557092487812042,0.9828400611877441,0.5707980394363403,0.5867207646369934,0.04198513552546501,0.9976535439491272,0.527370810508728,0.5854445099830627,-0.04208971932530403,0.9986536502838135,0.5831654071807861,0.7312798500061035,0.04890306666493416,0.7498428225517273,0.5136427283287048,0.7373600602149963,-0.07034245878458023,0.9879671335220337,0.5673552751541138,0.8746668696403503,0.16693195700645447,0.8848825693130493,0.4957227408885956,0.8866716623306274,0.028122276067733765,0.9899175763130188,0.5570833683013916,0.8949939012527466,0.1753678172826767,0.873275637626648,0.4919582009315491,0.9066441655158997,0.03199029341340065,0.9488019943237305,0.6003101468086243,0.9216224551200867,0.08871829509735107,0.9333977699279785,0.4986143708229065,0.9433945417404175,-0.08169881254434586,0.9857310056686401
29,0.9666666666666667,0.5332643985748291,0.26068466901779175,-0.2206859439611435,0.999742865562439,0.5728772878646851,0.3521425127983093,-0.03397248685359955,0.9982784390449524,0.496493935585022,0.3638118803501129,-0.10547499358654022,0.9998498558998108,0.6153692007064819,0.316138356924057,-0.1709524691104889,0.5904985070228577,0.44803789258003235,0.3881344199180603,-0.2878374457359314,0.9966326951980591,0.626425564289093,0.22011250257492065,-0.3407847583293915,0.6591770648956299,0.48952946066856384,0.28541451692581177,-0.4447716176509857,0.9923076629638672,0.6307686567306519,0.1932036429643631,-0.37898552417755127,0.6478395462036133,0.4985189735889435,0.2639520466327667,-0.4877583682537079,0.9833828210830688,0.568345308303833,0.5881887078285217,0.0311423409730196,0.997879683971405,0.5234767198562622,0.5868368744850159,-0.031239096075296402,0.9987848401069641,0.5824019908905029,0.7313828468322754,0.057355377823114395,0.773940920829773,0.5027537941932678,0.7342309355735779,-0.06805464625358582,0.9890820980072021,0.5673774480819702,0.8745188117027283,0.21469123661518097,0.8957732319831848,0.4780883491039276,0.8819735646247864,0.042921971529722214,0.9907675385475159,0.5569375157356262,0.8954423069953918,0.22434879839420319,0.883686900138855,0.4767221212387085,0.9018222093582153,0.04802770912647247,0.9493525624275208,0.600082516670227,0.9212584495544434,0.1277187168598175,0.9391677975654602,0.4749031066894531,0.9399411082267761,-0.06747931987047195,0.9867867827415466
30,1.0,0.5285438299179077,0.26177266240119934,-0.23926489055156708,0.9997677206993103,0.5647249221801758,0.3504614233970642,-0.03802155703306198,0.9983625411987305,0.4888305962085724,0.36544176936149597,-0.12061703950166702,0.999860405921936,0.6080290675163269,0.30816102027893066,-0.14484091103076935,0.629615306854248,0.43986204266548157,0.3906722366809845,-0.31646260619163513,0.9969296455383301,0.6193503737449646,0.21133245527744293,-0.297780305147171,0.6909183263778687,0.4763915240764618,0.29016244411468506,-0.4759180247783661,0.992875874042511,0.6233639121055603,0.18474556505680084,-0.33170637488365173,0.6760922074317932,0.4844290614128113,0.26882225275039673,-0.5187393426895142,0.983932614326477,0.5662710070610046,0.5891207456588745,0.033113881945610046,0.9980865716934204,0.5201404094696045,0.5882450938224792,-0.03322355076670647,0.9989044666290283,0.5814393162727356,0.7323961853981018,0.07295754551887512,0.7959374785423279,0.4914049506187439,0.7345679998397827,-0.052919913083314896,0.990104079246521,0.56739342212677,0.8746715784072876,0.2691743075847626,0.9058204889297485,0.4595809578895569,0.8752790689468384,0.07757088541984558,0.9915968179702759,0.556932806968689,0.8955076932907104,0.28151336312294006,0.893981397151947,0.4585500955581665,0.8945570588111877,0.08464203774929047,0.9517920017242432,0.6001275181770325,0.9209797978401184,0.1878204345703125,0.9446220397949219,0.4511484205722809,0.9341933727264404,-0.028122127056121826,0.9878479838371277
31,1.0333333333333332,0.5189178586006165,0.26261773705482483,-0.2502777576446533,0.9997895956039429,0.5578509569168091,0.3483971655368805,-0.041049376130104065,0.9983828663825989,0.4803959131240845,0.36925286054611206,-0.13081295788288116,0.9998655319213867,0.5993931293487549,0.3027323782444,-0.12578199803829193,0.6646174788475037,0.43080395460128784,0.39542388916015625,-0.32297953963279724,0.9971823692321777,0.6122456192970276,0.20898526906967163,-0.2582331597805023,0.7193294763565063,0.46555763483047485,0.29403412342071533,-0.4779655337333679,0.9932917952537537,0.6166635751724243,0.1816701591014862,-0.2880670726299286,0.7007737159729004,0.47146981954574585,0.27420881390571594,-0.5204159617424011,0.9839173555374146,0.5633358359336853,0.5916175842285156,0.03045387752354145,0.9982722997665405,0.5157687664031982,0.5917373895645142,-0.030539603903889656,0.9990120530128479,0.5790137648582458,0.7349728941917419,0.08833198994398117,0.8157489895820618,0.48042556643486023,0.7347843050956726,-0.04289719834923744,0.9910224676132202,0.5673528909683228,0.8747540712356567,0.30428603291511536,0.9148499965667725,0.44702795147895813,0.8695490956306458,0.09264935553073883,0.992343008518219,0.5569196343421936,0.8966832160949707,0.3189867436885834,0.9033044576644897,0.44732561707496643,0.8872538208961487,0.10033411532640457,0.9542211890220642,0.6002649664878845,0.9207624793052673,0.2263716608285904,0.9494648575782776,0.43200719356536865,0.9323723912239075,-0.012417079880833626,0.9887766242027283
32,1.0666666666666667,0.5101208090782166,0.26302534341812134,-0.26259422302246094,0.9998096227645874,0.5514212846755981,0.34684112668037415,-0.07578077167272568,0.998335599899292,0.4722748100757599,0.37418532371520996,-0.13283267617225647,0.9998688697814941,0.5910245776176453,0.29868149757385254,-0.19242548942565918,0.6962503790855408,0.42291271686553955,0.406553715467453,-0.32503464818000793,0.9973979592323303,0.6042431592941284,0.2032291293144226,-0.3365996479988098,0.7442285418510437,0.452341765165329,0.2979288697242737,-0.4901162385940552,0.9936571717262268,0.6084050536155701,0.17604601383209229,-0.3709814250469208,0.7212616205215454,0.45740315318107605,0.2783114016056061,-0.5332338809967041,0.9839347004890442,0.5593979954719543,0.5925679206848145,0.01692124269902706,0.9984378218650818,0.5110771656036377,0.5937531590461731,-0.016985254362225533,0.9991084933280945,0.5766323804855347,0.7373948097229004,0.07463131844997406,0.8335815072059631,0.47344842553138733,0.7328670620918274,-0.033470991998910904,0.9918342232704163,0.5676115155220032,0.874606728553772,0.2823628783226013,0.9228439331054688,0.4343975782394409,0.867726743221283,0.10122481733560562,0.9929835796356201,0.5569532513618469,0.8967394232749939,0.2967086136341095,0.911120593547821,0.43682989478111267,0.8836074471473694,0.10864491015672684,0.9562772512435913,0.6002996563911438,0.9204943180084229,0.20467716455459595,0.953572690486908,0.4182395935058594,0.9296860098838806,-0.0013911423739045858,0.9895310997962952
33,1.1,0.5085551738739014,0.270305335521698,-0.22663195431232452,0.9998235702514648,0.5424626469612122,0.34724366664886475,-0.03064245730638504,0.9982591271400452,0.46507522463798523,0.38274091482162476,-0.1335923969745636,0.9998376965522766,0.5817611813545227,0.2937379479408264,-0.05087224766612053,0.7249559164047241,0.4173196256160736,0.4114935100078583,-0.32401835918426514,0.9975234270095825,0.5967791676521301,0.20008613169193268,-0.10017842799425125,0.7679606080055237,0.44172272086143494,0.3010700047016144,-0.47881871461868286,0.993690550327301,0.601075291633606,0.1738046258687973,-0.11411888897418976,0.7425845265388489,0.4476620554924011,0.27976980805397034,-0.5197517275810242,0.9827479124069214,0.5529838800430298,0.595099925994873,0.026275116950273514,0.9985858798027039,0.5053880214691162,0.5988245010375977,-0.02632766403257847,0.9991934299468994,0.5738385915756226,0.7400965094566345,0.07465311884880066,0.8497297763824463,0.4626097083091736,0.7335749864578247,-0.044235073029994965,0.9925263524055481,0.567808210849762,0.8739203810691833,0.28730201721191406,0.9301225543022156,0.4276544749736786,0.8666754961013794,0.09151434898376465,0.9935572147369385,0.5569735169410706,0.8969215154647827,0.30210381746292114,0.9188334941864014,0.43078917264938354,0.8829002976417542,0.0996328741312027,0.9587967991828918,0.6008011102676392,0.9204071164131165,0.2148255556821823,0.9572792649269104,0.41421112418174744,0.9275840520858765,-0.006681571714580059,0.9901493787765503
34,1.1333333333333333,0.4889383018016815,0.2719745934009552,-0.2232416272163391,0.9998350143432617,0.5343959927558899,0.34804245829582214,-0.049436669796705246,0.9980835318565369,0.4566119313240051,0.3891986906528473,-0.11740688234567642,0.9998096227645874,0.5747095346450806,0.2927611470222473,-0.09360793977975845,0.7511113882064819,0.41178980469703674,0.42243972420692444,-0.29798418283462524,0.9976234436035156,0.588687002658844,0.2008102536201477,-0.16404524445533752,0.7888005971908569,0.4293690025806427,0.3121330142021179,-0.4764137268066406,0.9936745166778564,0.5929464101791382,0.1735357791185379,-0.18370023369789124,0.7598270773887634,0.434177428483963,0.28865835070610046,-0.5169636607170105,0.9813646674156189,0.5457633137702942,0.5974954962730408,0.01586676761507988,0.9987143278121948,0.4973044693470001,0.604263424873352,-0.01592802256345749,0.9992669224739075,0.5719512104988098,0.7399339079856873,0.03982367366552353,0.8643460273742676,0.45622727274894714,0.7365297675132751,-0.009337568655610085,0.9931586384773254,0.5679104924201965,0.8723552227020264,0.2700611650943756,0.9366229772567749,0.4244932234287262,0.8673882484436035,0.15942542254924774,0.9940288066864014,0.5570195317268372,0.8968161344528198,0.2934945821762085,0.9249817132949829,0.42816612124443054,0.8849967122077942,0.1710740178823471,0.9603724479675293,0.6007800698280334,0.920306921005249,0.19237835705280304,0.9605991244316101,0.41163378953933716,0.9257742166519165,0.07684016227722168,0.9906424880027771
35,1.1666666666666667,0.4787634015083313,0.2762392461299896,-0.21519212424755096,0.9998444318771362,0.5246451497077942,0.3482397198677063,-0.04440139979124069,0.9978716373443604,0.44810765981674194,0.4004373848438263,-0.11786961555480957,0.9997715353965759,0.5646458864212036,0.29482078552246094,-0.09021975845098495,0.774326741695404,0.40968573093414307,0.4296607971191406,-0.3010115921497345,0.9975851774215698,0.58143150806427,0.20248943567276,-0.14513656497001648,0.8071003556251526,0.4196506440639496,0.3257007598876953,-0.4787009656429291,0.9934892058372498,0.5852946639060974,0.1740647405385971,-0.16136577725410461,0.7744234800338745,0.42101532220840454,0.3029048442840576,-0.519266664981842,0.9799636602401733,0.5388195514678955,0.5997987985610962,0.015740593895316124,0.9988300204277039,0.49079129099845886,0.6094009876251221,-0.0157923623919487,0.9993335604667664,0.5697946548461914,0.7397937178611755,0.03133293613791466,0.8774975538253784,0.45149949193000793,0.7396954894065857,-0.020204532891511917,0.9937383532524109,0.5680439472198486,0.8717264533042908,0.2286580353975296,0.9424911737442017,0.42423543334007263,0.8692229390144348,0.13923552632331848,0.9944676160812378,0.5571901202201843,0.8968892097473145,0.24419505894184113,0.9308274388313293,0.4295470416545868,0.8874832987785339,0.14979536831378937,0.96211838722229,0.6009509563446045,0.9200078248977661,0.15197411179542542,0.9636005759239197,0.4117749035358429,0.9266150593757629,0.056320127099752426,0.9910951852798462
36,1.2,0.4678860902786255,0.2808283567428589,-0.21379026770591736,0.999851644039154,0.5149644613265991,0.34876975417137146,-0.04821329936385155,0.9977912902832031,0.4389380216598511,0.4093020260334015,-0.12155184894800186,0.9997196197509766,0.5553551316261292,0.2941852807998657,-0.08536016196012497,0.7956861853599548,0.3985724151134491,0.43812933564186096,-0.3029915988445282,0.9975635409355164,0.5730250477790833,0.20462238788604736,-0.13254258036613464,0.8244708180427551,0.4105566740036011,0.33524537086486816,-0.4736679196357727,0.9933316111564636,0.576691746711731,0.17572921514511108,-0.14693138003349304,0.7901960611343384,0.4117632806301117,0.3116382956504822,-0.5137332677841187,0.9786092638969421,0.5324037075042725,0.6022486686706543,0.014440150000154972,0.9989349246025085,0.48373717069625854,0.6147058010101318,-0.014482542872428894,0.999392569065094,0.5674880146980286,0.7414608597755432,0.022024977952241898,0.8893009424209595,0.4467971920967102,0.7427266240119934,-0.01655685529112816,0.994231641292572,0.5681062936782837,0.8718539476394653,0.21076861023902893,0.9477402567863464,0.42434611916542053,0.8696971535682678,0.16401809453964233,0.9948126077651978,0.5574570298194885,0.8969190120697021,0.22388213872909546,0.9357928037643433,0.4292927384376526,0.8889826536178589,0.17688493430614471,0.9634249210357666,0.6008978486061096,0.9198683500289917,0.1338808536529541,0.9662561416625977,0.4130459725856781,0.92652827501297,0.08961860090494156,0.9913808703422546
37,1.2333333333333334,0.4578419625759125,0.29883840680122375,-0.23020383715629578,0.999856173992157,0.5080962777137756,0.34909626841545105,-0.07547610253095627,0.9977984428405762,0.43181195855140686,0.4159766137599945,-0.14080098271369934,0.9996843338012695,0.5468816161155701,0.29484841227531433,-0.11706872284412384,0.8147585988044739,0.3973408043384552,0.4415278732776642,-0.3379543125629425,0.9973590970039368,0.565012514591217,0.20434881746768951,-0.15229102969169617,0.8399455547332764,0.4063006043434143,0.339352548122406,-0.5293930768966675,0.9928469061851501,0.5694813132286072,0.17571128904819489,-0.17567560076713562,0.8046937584877014,0.4059619605541229,0.31740522384643555,-0.5731852054595947,0.9769265055656433,0.5283509492874146,0.6040765643119812,0.008426015265285969,0.9990283846855164,0.47739461064338684,0.6191722750663757,-0.008442604914307594,0.99944669008255,0.5643676519393921,0.7431092262268066,-0.005417204461991787,0.8997836709022522,0.4416795074939728,0.745606541633606,-0.018700333312153816,0.994635283946991,0.568123996257782,0.8714379668235779,0.17958107590675354,0.9521964192390442,0.42488887906074524,0.8701699376106262,0.15398192405700684,0.9950240254402161,0.5579389929771423,0.8962801694869995,0.1917857825756073,0.939426600933075,0.4317629039287567,0.8898460865020752,0.16552281379699707,0.9643999338150024,0.600868284702301,0.9196943044662476,0.09988342225551605,0.9681839942932129,0.41132891178131104,0.9254655838012695,0.07969829440116882,0.9914026856422424
38,1.2666666666666666,0.453268826007843,0.2976834177970886,-0.2031116932630539,0.9998490214347839,0.4995499551296234,0.35192710161209106,-0.06264828890562057,0.9977098107337952,0.4226989448070526,0.4207136332988739,-0.13997827470302582,0.9995695352554321,0.5371291637420654,0.29415830969810486,-0.05426831915974617,0.8317931294441223,0.39000803232192993,0.45126157999038696,-0.33073189854621887,0.9971335530281067,0.5571893453598022,0.20082220435142517,-0.08579900115728378,0.8543083071708679,0.39570939540863037,0.3408753275871277,-0.49990883469581604,0.9925686120986938,0.5624673366546631,0.17453090846538544,-0.09727223217487335,0.8188657760620117,0.39567235112190247,0.3208334147930145,-0.5416683554649353,0.9757241010665894,0.5237929821014404,0.6063762307167053,0.014085618779063225,0.9991155862808228,0.4730072021484375,0.6218303442001343,-0.014109807088971138,0.9994956851005554,0.5625350475311279,0.7460703253746033,0.012325838208198547,0.9092311263084412,0.4367506206035614,0.7519546747207642,-0.023854274302721024,0.9950152635574341,0.5682046413421631,0.8711994886398315,0.2180945873260498,0.956316351890564,0.42395463585853577,0.8706597089767456,0.15011011064052582,0.9952648878097534,0.559022843837738,0.8960118889808655,0.23197893798351288,0.9432049989700317,0.43270593881607056,0.8907312750816345,0.16296406090259552,0.9655642509460449,0.601078450679779,0.9196265935897827,0.1428631842136383,0.9698973894119263,0.4104420244693756,0.9260030388832092,0.0767950713634491,0.9914968609809875
39,1.3,0.43807172775268555,0.29713553190231323,-0.18597644567489624,0.9998331665992737,0.49319255352020264,0.35541799664497375,-0.041527580469846725,0.9975916743278503,0.41604098677635193,0.42623430490493774,-0.1307400017976761,0.9993576407432556,0.5296087861061096,0.2893030345439911,-0.03885402902960777,0.8469234108924866,0.3879593312740326,0.451398104429245,-0.3291669487953186,0.9958837032318115,0.5494769215583801,0.19848237931728363,-0.05780000239610672,0.866578996181488,0.39062124490737915,0.35416853427886963,-0.5111531615257263,0.9903768301010132,0.5544573664665222,0.17369301617145538,-0.065167635679245,0.8300259709358215,0.38963738083839417,0.3319334387779236,-0.553747296333313,0.9703285098075867,0.5186198353767395,0.6103010773658752,0.015888584777712822,0.9991974830627441,0.46732404828071594,0.62689608335495,-0.015934865921735764,0.9995415806770325,0.5608608722686768,0.7501550316810608,0.026267223060131073,0.9178020358085632,0.4332180321216583,0.7588896155357361,-0.025623919442296028,0.9953766465187073,0.5683875679969788,0.8708304166793823,0.22812853753566742,0.9600643515586853,0.42420196533203125,0.8709335923194885,0.17049270868301392,0.9954866170883179,0.5599188208580017,0.8949754238128662,0.242301806807518,0.9463852047920227,0.4325762987136841,0.8911008238792419,0.18526501953601837,0.9666934609413147,0.6013100147247314,0.9195677042007446,0.15044359862804413,0.971470057964325,0.4094839096069336,0.9260869026184082,0.10143862664699554,0.9916321635246277
40,1.3333333333333333,0.43112197518348694,0.29941070079803467,-0.1856258511543274,0.9998278617858887,0.48492997884750366,0.3576291799545288,-0.033268239349126816,0.9975712299346924,0.4113486409187317,0.4325420558452606,-0.12548092007637024,0.9992405772209167,0.52311110496521,0.2887583076953888,-0.03714180365204811,0.8609663844108582,0.38438692688941956,0.46334925293922424,-0.32483330368995667,0.9954614043235779,0.5418182015419006,0.19847717881202698,-0.06346642971038818,0.8782411813735962,0.3825515806674957,0.369052916765213,-0.504350483417511,0.9898248314857483,0.5466852188110352,0.1731121838092804,-0.07201851904392242,0.8413951396942139,0.38337966799736023,0.3452836275100708,-0.5472942590713501,0.9685512185096741,0.5154309868812561,0.612010657787323,0.016578394919633865,0.9992711544036865,0.46337890625,0.6303544044494629,-0.016629260033369064,0.999582052230835,0.5598515272140503,0.751189112663269,0.02326425164937973,0.9255562424659729,0.4298892021179199,0.7643013596534729,-0.02753729745745659,0.9956907033920288,0.5696195363998413,0.8696319460868835,0.23332259058952332,0.963311493396759,0.42272520065307617,0.87123042345047,0.18213272094726562,0.9956533312797546,0.5612982511520386,0.8932952880859375,0.2486812174320221,0.9486494064331055,0.43157753348350525,0.8915852308273315,0.1986956149339676,0.9674669504165649,0.6014481782913208,0.9195252656936646,0.15656854212284088,0.9726888537406921,0.40905067324638367,0.9261550903320312,0.11453132331371307,0.9916815161705017
41,1.3666666666666667,0.4225539565086365,0.30281302332878113,-0.17184512317180634,0.9998318552970886,0.478670209646225,0.36139827966690063,-0.024013061076402664,0.997691810131073,0.40766096115112305,0.4381565749645233,-0.11298535019159317,0.998807430267334,0.5172402858734131,0.28674808144569397,-0.04966850206255913,0.8737779259681702,0.384676456451416,0.4075941741466522,-0.29365307092666626,0.9922485947608948,0.5357035398483276,0.1977922022342682,-0.08972276747226715,0.8884291648864746,0.38671958446502686,0.33403536677360535,-0.42518508434295654,0.9753869771957397,0.5398900508880615,0.17218118906021118,-0.10149035602807999,0.8509148955345154,0.3864060044288635,0.33576834201812744,-0.4630413055419922,0.9384649395942688,0.5118213295936584,0.6128716468811035,0.013539552688598633,0.9993374347686768,0.4600132405757904,0.6318157911300659,-0.013635602779686451,0.9996169209480286,0.5577250123023987,0.7506632208824158,0.015992943197488785,0.9324260354042053,0.4269852042198181,0.764731228351593,-0.0475476011633873,0.9959415197372437,0.5704656839370728,0.8686067461967468,0.22785788774490356,0.9661601185798645,0.42173174023628235,0.8714544773101807,0.15839944779872894,0.9957388043403625,0.5623212456703186,0.8921833038330078,0.24447131156921387,0.9494069218635559,0.43006497621536255,0.8917710185050964,0.1727323979139328,0.967383086681366,0.6014319062232971,0.9193682074546814,0.1504642516374588,0.973456621170044,0.4098052680492401,0.9267908930778503,0.089446060359478,0.9915645718574524
42,1.4,0.4084252715110779,0.3084338307380676,-0.19309787452220917,0.9998325109481812,0.47311946749687195,0.362172394990921,-0.05257556587457657,0.9976980686187744,0.40286463499069214,0.4425216615200043,-0.08162637054920197,0.9986634254455566,0.5123642086982727,0.2851560115814209,-0.11367744952440262,0.8857320547103882,0.37512296438217163,0.45044800639152527,-0.2672029733657837,0.9916134476661682,0.5293942093849182,0.1973217874765396,-0.1703481376171112,0.8976002335548401,0.3788452446460724,0.3471577763557434,-0.44535407423973083,0.9731624722480774,0.5337359309196472,0.17150548100471497,-0.19137722253799438,0.8590372204780579,0.37848183512687683,0.33211344480514526,-0.48772090673446655,0.9306411147117615,0.50937420129776,0.612002968788147,0.0005640609888359904,0.9993929862976074,0.4578362703323364,0.6302220821380615,-0.0006834263331256807,0.9996469616889954,0.5554096698760986,0.7501661777496338,-0.031870611011981964,0.9381859302520752,0.4246982932090759,0.7628893256187439,-0.07475996017456055,0.9961374402046204,0.5719431042671204,0.8683217763900757,0.18272796273231506,0.9682344794273376,0.4221688508987427,0.8726654052734375,0.15031342208385468,0.9955270886421204,0.5643870830535889,0.8917347192764282,0.1973719298839569,0.9459242820739746,0.43063032627105713,0.891954779624939,0.16534067690372467,0.9655139446258545,0.6014231443405151,0.919281542301178,0.09399311244487762,0.9730337262153625,0.40922701358795166,0.9281074404716492,0.08286139369010925,0.9909613728523254
43,1.4333333333333333,0.4024859070777893,0.3107144236564636,-0.20685742795467377,0.9998339414596558,0.4676768183708191,0.36269357800483704,-0.06038021668791771,0.9976697564125061,0.397508442401886,0.44694414734840393,-0.07961568236351013,0.998573362827301,0.5084677934646606,0.28483542799949646,-0.1209167018532753,0.8966712951660156,0.3666018545627594,0.47452154755592346,-0.25437504053115845,0.9915273785591125,0.52326500415802,0.19827015697956085,-0.1830020248889923,0.9062767028808594,0.370945543050766,0.37128376960754395,-0.438808798789978,0.9731454849243164,0.5275100469589233,0.1722295582294464,-0.20439879596233368,0.8673765659332275,0.3718084394931793,0.3496294915676117,-0.4820377230644226,0.9284507632255554,0.5064448118209839,0.6117014288902283,-0.003859366523101926,0.9994347095489502,0.45527252554893494,0.6294788718223572,0.0037246968131512403,0.9996666312217712,0.5536377429962158,0.7491211891174316,-0.03767053037881851,0.9432478547096252,0.4235500991344452,0.7627846598625183,-0.06607449799776077,0.9962332844734192,0.5734747648239136,0.8659124970436096,0.16386033594608307,0.9698238968849182,0.4227520227432251,0.8735818266868591,0.156476229429245,0.9951293468475342,0.5661920309066772,0.8888977766036987,0.17681261897087097,0.9404077529907227,0.43136492371559143,0.8919912576675415,0.17360956966876984,0.9636793732643127,0.6014135479927063,0.9190575480461121,0.07121919095516205,0.9723277688026428,0.4091816842556,0.9282870888710022,0.09500057995319366,0.9901363253593445
44,1.4666666666666666,0.39870306849479675,0.31336766481399536,-0.20835162699222565,0.999836802482605,0.4624403417110443,0.3625190556049347,-0.07533981651067734,0.9976077675819397,0.3943355679512024,0.44752901792526245,-0.07718214392662048,0.9985970258712769,0.5050544738769531,0.28420132398605347,-0.13891057670116425,0.9064440131187439,0.361011803150177,0.481486976146698,-0.24081213772296906,0.9919097423553467,0.5186963677406311,0.19835932552814484,-0.2100723683834076,0.9135716557502747,0.3648025095462799,0.384406179189682,-0.43452852964401245,0.9745235443115234,0.5230721235275269,0.1724669188261032,-0.23370763659477234,0.8731948137283325,0.36623483896255493,0.36601337790489197,-0.4787311851978302,0.9303720593452454,0.503485381603241,0.6114591360092163,-0.00817303080111742,0.9994723796844482,0.45268863439559937,0.6295886635780334,0.008033765479922295,0.9996863007545471,0.5527780055999756,0.7477656006813049,-0.04030092433094978,0.9479193687438965,0.4222175180912018,0.760877251625061,-0.06388498842716217,0.9963114857673645,0.574856162071228,0.8621635437011719,0.16418083012104034,0.9712405800819397,0.42245596647262573,0.8742614984512329,0.16646318137645721,0.9948862195014954,0.5683606863021851,0.8852083086967468,0.1773017793893814,0.9349560737609863,0.4310579299926758,0.8920755982398987,0.18357393145561218,0.9633023142814636,0.6016402840614319,0.9186158776283264,0.07173033058643341,0.9719002842903137,0.4090081453323364,0.9287112355232239,0.10859068483114243,0.989753782749176
45,1.5,0.39449578523635864,0.3154487609863281,-0.20874597132205963,0.999842643737793,0.45817655324935913,0.3624597191810608,-0.07452621310949326,0.9975922703742981,0.39161747694015503,0.4489242136478424,-0.07124528288841248,0.9986069798469543,0.4999473989009857,0.2824256718158722,-0.12995323538780212,0.915303111076355,0.3565746247768402,0.483942449092865,-0.23042508959770203,0.9922695159912109,0.5134661197662354,0.19811572134494781,-0.1954457312822342,0.9204984903335571,0.36046552658081055,0.3842773139476776,-0.4248037338256836,0.9760149717330933,0.5186471343040466,0.17221038043498993,-0.21728286147117615,0.8797923922538757,0.3616766929626465,0.36533689498901367,-0.469129741191864,0.9328832030296326,0.5005032420158386,0.6113600730895996,-0.010241846553981304,0.9995108842849731,0.4503994584083557,0.63008713722229,0.010106050409376621,0.9997054934501648,0.5520303845405579,0.7461286187171936,-0.04540545120835304,0.9523397088050842,0.420432984828949,0.7601073980331421,-0.04219777509570122,0.9963409304618835,0.5766534805297852,0.8604018688201904,0.14599022269248962,0.9726318120956421,0.4228069484233856,0.8744587898254395,0.1962643712759018,0.9943621754646301,0.5710112452507019,0.8827601671218872,0.15791037678718567,0.9297361969947815,0.43155625462532043,0.8915687799453735,0.2155451774597168,0.9624147415161133,0.6018461585044861,0.917873740196228,0.051615502685308456,0.9715172648429871,0.4086751937866211,0.9287754893302917,0.14847920835018158,0.9888940453529358
46,1.5333333333333332,0.39907488226890564,0.314645916223526,-0.20772619545459747,0.999850332736969,0.4580511450767517,0.36391153931617737,-0.06532501429319382,0.9975799918174744,0.390435129404068,0.45121732354164124,-0.0687752291560173,0.9986293315887451,0.4988134503364563,0.28178319334983826,-0.1168445348739624,0.9233919978141785,0.3553195297718048,0.4922802448272705,-0.21816159784793854,0.9926532506942749,0.5118711590766907,0.1969546228647232,-0.17759887874126434,0.9273685812950134,0.35733720660209656,0.39418789744377136,-0.3983749449253082,0.9775241017341614,0.5177526473999023,0.17112937569618225,-0.19879566133022308,0.8876457810401917,0.3591245710849762,0.37285128235816956,-0.4384381175041199,0.9358882904052734,0.5001510977745056,0.6104626655578613,-0.010423117317259312,0.9995400905609131,0.45098426938056946,0.6296775937080383,0.010275902226567268,0.9997208118438721,0.5519646406173706,0.7439959645271301,-0.044558875262737274,0.956196665763855,0.4196408689022064,0.7572756409645081,-0.06600285321474075,0.9963642954826355,0.5781793594360352,0.860227644443512,0.14286139607429504,0.9741804003715515,0.4231645464897156,0.8745579123497009,0.1416119486093521,0.9941264986991882,0.5733320116996765,0.8818445205688477,0.15432381629943848,0.9274449348449707,0.4321058690547943,0.8914029002189636,0.158370241522789,0.9627796411514282,0.6024458408355713,0.9176400303840637,0.04774854704737663,0.9716736078262329,0.40905195474624634,0.9288827180862427,0.086576908826828,0.9884751439094543
47,1.5666666666666667,0.3868514597415924,0.31907039880752563,-0.20322909951210022,0.9998522400856018,0.4516334533691406,0.36425453424453735,-0.06827237457036972,0.997435986995697,0.3855053186416626,0.4530456066131592,-0.05651521310210228,0.9986178278923035,0.4916239380836487,0.28240764141082764,-0.11396203935146332,0.930490255355835,0.35094594955444336,0.49172329902648926,-0.204358771443367,0.992889404296875,0.5047454237937927,0.1976615935564041,-0.17091213166713715,0.9326079487800598,0.3531638979911804,0.39486780762672424,-0.3928488790988922,0.9787463545799255,0.509781002998352,0.17179326713085175,-0.19024807214736938,0.8920435905456543,0.354676216840744,0.3723893165588379,-0.4348822236061096,0.9379830956459045,0.49549517035484314,0.6103308200836182,-0.013735062442719936,0.999559760093689,0.4465574622154236,0.6302408576011658,0.013590287417173386,0.9997282028198242,0.5495172739028931,0.7426104545593262,-0.05444813147187233,0.9600396156311035,0.4163993299007416,0.7570382356643677,-0.06414579600095749,0.9964389801025391,0.5792805552482605,0.8590421676635742,0.12139100581407547,0.9757855534553528,0.42344456911087036,0.8748399615287781,0.1585896611213684,0.993872880935669,0.5759162902832031,0.8791651725769043,0.13158726692199707,0.9227213263511658,0.432541161775589,0.891308069229126,0.17679445445537567,0.9625571966171265,0.6025129556655884,0.9174079895019531,0.024055179208517075,0.9720128774642944,0.40923836827278137,0.9289085865020752,0.11236755549907684,0.9879894256591797
48,1.6,0.38343241810798645,0.32597944140434265,-0.19923095405101776,0.9998534321784973,0.44888001680374146,0.3661979138851166,-0.0639738142490387,0.9973030090332031,0.38287249207496643,0.45668861269950867,-0.045307327061891556,0.9985902905464172,0.48790082335472107,0.2820515036582947,-0.10554543882608414,0.9370173215866089,0.34686100482940674,0.49223026633262634,-0.17987388372421265,0.9931977391242981,0.5014118552207947,0.19813916087150574,-0.14240892231464386,0.9376165866851807,0.35067254304885864,0.3919205665588379,-0.35555440187454224,0.9799594879150391,0.5070227980613708,0.17224442958831787,-0.15924978256225586,0.896497368812561,0.3522866368293762,0.3707403540611267,-0.3956281840801239,0.9399524331092834,0.4918166995048523,0.6100413799285889,-0.01690141297876835,0.9995684623718262,0.4431944489479065,0.6308588981628418,0.01677507348358631,0.9997262358665466,0.5458987951278687,0.7406736612319946,-0.06409687548875809,0.9635423421859741,0.4136121869087219,0.7568875551223755,-0.06085645407438278,0.9964984059333801,0.5795800089836121,0.858687698841095,0.09372524917125702,0.9773045778274536,0.4233735501766205,0.875195324420929,0.1555538773536682,0.9936826229095459,0.5775691270828247,0.8782606720924377,0.10178758949041367,0.9175094366073608,0.4328579902648926,0.8913266062736511,0.1733018308877945,0.9625290632247925,0.6023537516593933,0.9169995784759521,-0.010861191898584366,0.9723712205886841,0.409333199262619,0.9290600419044495,0.10492745041847229,0.9876362085342407
49,1.6333333333333333,0.38145560026168823,0.33052289485931396,-0.19932249188423157,0.9998575448989868,0.44694167375564575,0.36901119351387024,-0.06461124867200851,0.9972290396690369,0.38091906905174255,0.45683854818344116,-0.04242530092597008,0.9985889792442322,0.48633235692977905,0.28249773383140564,-0.10534005612134933,0.9430180788040161,0.34371063113212585,0.49336323142051697,-0.17513297498226166,0.9935417771339417,0.5007808804512024,0.19941607117652893,-0.14376772940158844,0.9426426887512207,0.3484150469303131,0.39252111315727234,-0.3522432744503021,0.9812120795249939,0.5076282024383545,0.17434155941009521,-0.16095249354839325,0.9021005034446716,0.3499431908130646,0.3715430796146393,-0.3931857943534851,0.9422318339347839,0.48748305439949036,0.6099234223365784,-0.019748248159885406,0.9995688199996948,0.4397922158241272,0.6309149265289307,0.0196253452450037,0.9997214674949646,0.5412030816078186,0.7380164861679077,-0.0727309137582779,0.9666717052459717,0.4106765687465668,0.7567328810691833,-0.07188516110181808,0.9965572357177734,0.5792285799980164,0.8577495813369751,0.08251676708459854,0.9786574244499207,0.4233925938606262,0.8752653002738953,0.12554937601089478,0.9935905337333679,0.5779964327812195,0.8770456314086914,0.09004556387662888,0.9106680750846863,0.4330214262008667,0.8913581967353821,0.14114244282245636,0.9629008173942566,0.601976215839386,0.9167436957359314,-0.025209536775946617,0.9726223349571228,0.4094682037830353,0.9298620223999023,0.06776286661624908,0.9875058531761169
50,1.6666666666666667,0.3838326334953308,0.33015403151512146,-0.2001773566007614,0.9998653531074524,0.44526344537734985,0.371516615152359,-0.06303682178258896,0.9972124099731445,0.3782545030117035,0.4549693167209625,-0.03915219008922577,0.998605489730835,0.48436740040779114,0.2849815785884857,-0.1020146980881691,0.948445737361908,0.3408147990703583,0.4909410774707794,-0.17029285430908203,0.9939019680023193,0.5012726187705994,0.20328687131404877,-0.1406063437461853,0.9473375678062439,0.34666499495506287,0.3913276791572571,-0.3428767919540405,0.9824253916740417,0.5088909864425659,0.1788526028394699,-0.1583186835050583,0.9077596068382263,0.348377525806427,0.3688158094882965,-0.382355660200119,0.9445010423660278,0.4839756190776825,0.6096015572547913,-0.022672662511467934,0.9995666146278381,0.43676334619522095,0.6308544278144836,0.022583099082112312,0.9997231364250183,0.5346193909645081,0.7359961271286011,-0.06958075612783432,0.9695938229560852,0.4078519642353058,0.7550274133682251,-0.08160131424665451,0.9966793656349182,0.5753610730171204,0.8564261198043823,0.08693397045135498,0.9800969362258911,0.42262032628059387,0.8752953410148621,0.10221299529075623,0.9937537908554077,0.5778947472572327,0.8753442168235779,0.09433331340551376,0.9070243835449219,0.43317916989326477,0.8913782238960266,0.11604481190443039,0.9643542170524597,0.5951573252677917,0.9149332046508789,-0.021030697971582413,0.9733909964561462,0.4075075387954712,0.9299529790878296,0.0383143313229084,0.9877948760986328
51,1.7,0.38323625922203064,0.32781320810317993,-0.20020391047000885,0.9998699426651001,0.4465981721878052,0.37110406160354614,-0.07633092254400253,0.9973012208938599,0.37731653451919556,0.45444008708000183,-0.04690724238753319,0.9985988736152649,0.4854035973548889,0.28903675079345703,-0.13273046910762787,0.9532703757286072,0.33715370297431946,0.4895694851875305,-0.1916346251964569,0.9941591620445251,0.5048356652259827,0.2073245346546173,-0.19162078201770782,0.9514661431312561,0.3466984033584595,0.38953903317451477,-0.36968424916267395,0.9831848740577698,0.5119507312774658,0.1842210590839386,-0.21335162222385406,0.9128550887107849,0.3491453528404236,0.3643961548805237,-0.4086034595966339,0.9454059600830078,0.4819851219654083,0.6093322038650513,-0.019573630765080452,0.9995770454406738,0.433345764875412,0.6307867765426636,0.01946095936000347,0.9997285008430481,0.5295090079307556,0.7362047433853149,-0.05920853093266487,0.9718964695930481,0.4074751138687134,0.7563121318817139,-0.07622826844453812,0.9967116117477417,0.5633383393287659,0.8545291423797607,0.10617853701114655,0.980775773525238,0.4221886992454529,0.874956488609314,0.11321064829826355,0.9936303496360779,0.5647246837615967,0.8723329901695251,0.11366584897041321,0.898669958114624,0.43302637338638306,0.8902380466461182,0.12760820984840393,0.9640892744064331,0.5812784433364868,0.9103079438209534,0.008082558400928974,0.972996175289154,0.4079154431819916,0.9302657842636108,0.049888379871845245,0.9876863360404968
52,1.7333333333333334,0.3861338794231415,0.31597262620925903,-0.24200528860092163,0.9998810887336731,0.4490601420402527,0.3710361123085022,-0.09271303564310074,0.997509777545929,0.37683814764022827,0.4422045946121216,-0.08782684803009033,0.9986745715141296,0.48935365676879883,0.2922254502773285,-0.1420474350452423,0.9577640295028687,0.3344161808490753,0.4766886830329895,-0.22687141597270966,0.9945340752601624,0.5075322985649109,0.20896635949611664,-0.20761290192604065,0.9556472897529602,0.3469090163707733,0.37643659114837646,-0.3723646402359009,0.9840485453605652,0.5141820907592773,0.18787749111652374,-0.22920101881027222,0.9186118245124817,0.3488219082355499,0.3499298393726349,-0.41020509600639343,0.9464132785797119,0.4801117479801178,0.6028134822845459,-0.017497796565294266,0.9996041655540466,0.431090384721756,0.6246395707130432,0.017384853214025497,0.9997451305389404,0.5193254351615906,0.7350373268127441,-0.034435465931892395,0.9740305542945862,0.40929391980171204,0.7568331360816956,-0.056276556104421616,0.9967926144599915,0.544657289981842,0.852874755859375,0.17096957564353943,0.9817982316017151,0.42159023880958557,0.873933732509613,0.1338721066713333,0.993779182434082,0.5421817302703857,0.8714720606803894,0.18394531309604645,0.895715057849884,0.43261539936065674,0.8900666832923889,0.14766716957092285,0.963771641254425,0.5627163648605347,0.9070873856544495,0.07404672354459763,0.9739497900009155,0.40815410017967224,0.9303063154220581,0.05091613158583641,0.9881288409233093
53,1.7666666666666666,0.38669681549072266,0.311210036277771,-0.23768693208694458,0.9998908042907715,0.44914954900741577,0.3705580234527588,-0.09105377644300461,0.9976741075515747,0.3764023780822754,0.43689191341400146,-0.08988317847251892,0.9987495541572571,0.4902316629886627,0.2950717508792877,-0.1410490870475769,0.9617728590965271,0.33485862612724304,0.4723619222640991,-0.22843541204929352,0.9949121475219727,0.5090226531028748,0.2104596644639969,-0.20837000012397766,0.9593296051025391,0.34681758284568787,0.37143591046333313,-0.3807186186313629,0.9850108623504639,0.5153741240501404,0.1898880898952484,-0.22990301251411438,0.9235382676124573,0.34856879711151123,0.34544530510902405,-0.4204998016357422,0.9481421113014221,0.48026567697525024,0.598578691482544,-0.016513030976057053,0.9996249675750732,0.4309234023094177,0.6213710904121399,0.016395825892686844,0.9997597336769104,0.5183756351470947,0.7323986291885376,-0.0333145447075367,0.9759594798088074,0.40988433361053467,0.7568143606185913,-0.05826837942004204,0.9968857765197754,0.5428356528282166,0.8485090732574463,0.16841627657413483,0.9826090335845947,0.42126116156578064,0.8738278150558472,0.12213249504566193,0.9939380884170532,0.5409263968467712,0.8682762384414673,0.18112030625343323,0.8920748233795166,0.43233394622802734,0.8907842636108398,0.13510610163211823,0.9631607532501221,0.560292661190033,0.9037842750549316,0.07299371063709259,0.974602460861206,0.40721070766448975,0.930294394493103,0.04545293375849724,0.9885095357894897
54,1.8,0.38858920335769653,0.2878916561603546,-0.2342151254415512,0.9998946785926819,0.45023414492607117,0.3544624149799347,-0.06691164523363113,0.9977813363075256,0.37812474370002747,0.39725056290626526,-0.09321443736553192,0.9987995028495789,0.49970167875289917,0.31131911277770996,-0.11082324385643005,0.9653262495994568,0.336954802274704,0.4191009998321533,-0.23300935328006744,0.9952039122581482,0.5180819630622864,0.2284710705280304,-0.19787733256816864,0.9628193378448486,0.34834927320480347,0.3291497230529785,-0.381830632686615,0.9855366945266724,0.5243598222732544,0.20205293595790863,-0.21697087585926056,0.9283945560455322,0.3508269190788269,0.31074053049087524,-0.421099990606308,0.9483042359352112,0.4785977303981781,0.5754410624504089,0.0026090340688824654,0.9996296167373657,0.43105241656303406,0.5955952405929565,-0.0026491512544453144,0.9997670650482178,0.49953243136405945,0.717421293258667,0.028079716488718987,0.9773327112197876,0.41439491510391235,0.7447031140327454,-0.018225951120257378,0.9969972372055054,0.5016198754310608,0.838396430015564,0.24386446177959442,0.9827873706817627,0.41967976093292236,0.8716120719909668,0.14905427396297455,0.9942342638969421,0.49163690209388733,0.8572277426719666,0.2593187391757965,0.8964368104934692,0.4280022382736206,0.8894919753074646,0.15969164669513702,0.9622122049331665,0.5210897922515869,0.8948458433151245,0.16518515348434448,0.974982738494873,0.4076322913169861,0.9296219348907471,0.054248079657554626,0.9890579581260681
55,1.8333333333333333,0.397367388010025,0.2652754485607147,-0.15725858509540558,0.9998980760574341,0.4568769633769989,0.3435896635055542,0.02806372381746769,0.9979196786880493,0.3792339563369751,0.36591583490371704,-0.08828803896903992,0.9988695383071899,0.5067697763442993,0.3311527371406555,0.02471918798983097,0.968222975730896,0.34556010365486145,0.3605634868144989,-0.24845293164253235,0.9952028393745422,0.5234535336494446,0.24817316234111786,0.00837146956473589,0.9658023118972778,0.3523143231868744,0.3014412820339203,-0.36897578835487366,0.9843031167984009,0.5308150053024292,0.21633343398571014,0.005051697604358196,0.9324626922607422,0.35676831007003784,0.29068464040756226,-0.40315595269203186,0.942281186580658,0.4772973656654358,0.561038076877594,0.026772208511829376,0.9996380805969238,0.43170082569122314,0.5750361084938049,-0.026756348088383675,0.9997802376747131,0.4913601875305176,0.7135019302368164,0.05339253693819046,0.9785613417625427,0.4204559028148651,0.7220520973205566,-0.03316832706332207,0.9969486594200134,0.48147842288017273,0.826636016368866,0.25668272376060486,0.982603132724762,0.41941556334495544,0.8659602403640747,0.0678664967417717,0.9945671558380127,0.47089770436286926,0.8476444482803345,0.2718207538127899,0.9028075933456421,0.4262230098247528,0.8838720917701721,0.07349063456058502,0.9627895355224609,0.4982098639011383,0.8873233199119568,0.1919597089290619,0.9750980734825134,0.4089938700199127,0.9264405965805054,-0.03702189773321152,0.9897154569625854
56,1.8666666666666667,0.4098612666130066,0.275185227394104,-0.13529133796691895,0.9998685121536255,0.4568215608596802,0.33912715315818787,-0.009311140514910221,0.9980395436286926,0.3891686797142029,0.33435511589050293,-0.09205520153045654,0.9989440441131592,0.5061643719673157,0.3485907316207886,0.0029695986304432154,0.9690027236938477,0.3512428402900696,0.29508617520332336,-0.19980835914611816,0.9952033758163452,0.5266463756561279,0.269107460975647,-0.1799117922782898,0.9667448401451111,0.3929468095302582,0.28074780106544495,-0.2445044219493866,0.983212411403656,0.5332038402557373,0.24487264454364777,-0.19917835295200348,0.9330014586448669,0.3976607322692871,0.2757242023944855,-0.2681487500667572,0.9392645359039307,0.47500941157341003,0.5530809760093689,0.02823362872004509,0.9996156096458435,0.4326837658882141,0.5610755681991577,-0.028281351551413536,0.9997739791870117,0.48521122336387634,0.6912418007850647,0.02758755534887314,0.9782165884971619,0.4284129738807678,0.6983774304389954,-0.0398501493036747,0.996587336063385,0.4662820100784302,0.8177822828292847,0.22372430562973022,0.9819172620773315,0.41950714588165283,0.8502253293991089,0.09054233133792877,0.9944511651992798,0.4507792890071869,0.8457516431808472,0.24229447543621063,0.9082016348838806,0.4266287386417389,0.8679825067520142,0.09912831336259842,0.9615612030029297,0.48243480920791626,0.8736497163772583,0.1329650729894638,0.974958598613739,0.41187554597854614,0.9210196137428284,0.009147072210907936,0.9897319674491882
57,1.9,0.42437055706977844,0.27780023217201233,0.10034175217151642,0.9998804926872253,0.4540104866027832,0.3426388204097748,0.20545287430286407,0.9982292652130127,0.4079103469848633,0.3207525610923767,0.054949063807725906,0.9990450143814087,0.5046809315681458,0.3742049038410187,0.20645397901535034,0.9598454236984253,0.37506797909736633,0.2923069894313812,0.026411017403006554,0.9952449202537537,0.5253790616989136,0.29486873745918274,0.1483401358127594,0.9646225571632385,0.3572666049003601,0.23405879735946655,0.06692298501729965,0.9838477373123169,0.5341581106185913,0.2742413282394409,0.14315003156661987,0.9290527701377869,0.3506157696247101,0.24666106700897217,0.054562635719776154,0.9416686296463013,0.45835813879966736,0.5410624146461487,0.052590254694223404,0.9996448159217834,0.43940985202789307,0.5361519455909729,-0.052693139761686325,0.9997850656509399,0.4615601599216461,0.6816876530647278,0.011351988650858402,0.9711381793022156,0.44924744963645935,0.6794798970222473,-0.0981983095407486,0.9939295649528503,0.4286612570285797,0.8240827918052673,0.04290132224559784,0.9742109179496765,0.4274090826511383,0.8278253674507141,-0.039626821875572205,0.9908022880554199,0.42388173937797546,0.8469387292861938,0.04564156383275986,0.9074596762657166,0.4270589053630829,0.8429943919181824,-0.035839442163705826,0.9571511745452881,0.4347260296344757,0.879383385181427,-0.015390515327453613,0.9719869494438171,0.433530330657959,0.889259934425354,-0.10394492745399475,0.9875820279121399
58,1.9333333333333333,0.4297434985637665,0.2704506516456604,0.09684271365404129,0.9998894333839417,0.4481053948402405,0.3443186581134796,0.25220200419425964,0.9983963370323181,0.4167647957801819,0.3211861252784729,0.004721649456769228,0.9991112947463989,0.49159491062164307,0.3967077434062958,0.28218695521354675,0.8989417552947998,0.4253809154033661,0.32638704776763916,-0.11856470257043839,0.993034303188324,0.5246875882148743,0.3223814368247986,0.25645554065704346,0.9481353759765625,0.4242802858352661,0.23484325408935547,-0.1905171424150467,0.9841349124908447,0.533868134021759,0.2995176613330841,0.26286807656288147,0.9086617827415466,0.4191230833530426,0.21064937114715576,-0.2152872085571289,0.9451091289520264,0.4535007178783417,0.5358974933624268,0.07279939204454422,0.9996650218963623,0.4415944814682007,0.5259499549865723,-0.07282757759094238,0.9997698664665222,0.4637863337993622,0.6767983436584473,-0.00579803204163909,0.9519162178039551,0.4604184925556183,0.6795399785041809,-0.1550554782152176,0.990531861782074,0.426384836435318,0.8274048566818237,-0.022890059277415276,0.959762454032898,0.42686033248901367,0.8264172673225403,-0.16939572989940643,0.9863796234130859,0.4155610203742981,0.8456207513809204,-0.026875406503677368,0.8948125243186951,0.41829967498779297,0.8379895091056824,-0.17231670022010803,0.9516278505325317,0.43510743975639343,0.8933099508285522,-0.08658420294523239,0.9640101194381714,0.43551596999168396,0.8987273573875427,-0.23698092997074127,0.9846501350402832
59,1.9666666666666666,0.43286699056625366,0.26601338386535645,0.21202382445335388,0.9998931288719177,0.44012102484703064,0.3527334928512573,0.34060609340667725,0.9985517859458923,0.41905051469802856,0.31335192918777466,0.07676371932029724,0.9991942644119263,0.48311710357666016,0.40821635723114014,0.37756073474884033,0.839343249797821,0.43518561124801636,0.22460009157657623,-0.0024036834947764874,0.9930685758590698,0.5216650366783142,0.35426566004753113,0.36811602115631104,0.9391860961914062,0.44794800877571106,0.10716807097196579,0.03973054513335228,0.9855695366859436,0.5328525900840759,0.33520376682281494,0.3758789598941803,0.8985098004341125,0.44908884167671204,0.09517145901918411,0.019214900210499763,0.9502193331718445,0.449356347322464,0.52558833360672,0.07549073547124863,0.9996967911720276,0.4417567849159241,0.5093176364898682,-0.07542379200458527,0.9997892379760742,0.4593004584312439,0.6777472496032715,0.03341714292764664,0.9440997838973999,0.4573763906955719,0.6669807434082031,-0.1576206535100937,0.9895474910736084,0.42650508880615234,0.8274060487747192,0.019394000992178917,0.9538848996162415,0.4267774224281311,0.8266273736953735,-0.19381311535835266,0.9830388426780701,0.4149191677570343,0.8424245119094849,0.014182809740304947,0.8983898162841797,0.41397497057914734,0.8384157419204712,-0.20010878145694733,0.9527449011802673,0.43950900435447693,0.8934049606323242,-0.039793822914361954,0.962603747844696,0.4358479678630829,0.898257315158844,-0.2656000554561615,0.9832414388656616
60,2.0,0.43350449204444885,0.26150405406951904,0.15959201753139496,0.9998786449432373,0.435333251953125,0.34771645069122314,0.269375741481781,0.9986698627471924,0.4312644302845001,0.29086485505104065,0.012566911056637764,0.9992606043815613,0.4748620092868805,0.4277186691761017,0.3153972923755646,0.7738454341888428,0.4597829282283783,0.21173931658267975,-0.05790700018405914,0.9933990240097046,0.5170302987098694,0.36590519547462463,0.2926851809024811,0.8919671773910522,0.49263009428977966,0.1335413008928299,-0.019476868212223053,0.986720621585846,0.5267838835716248,0.3463611602783203,0.29569941759109497,0.85047447681427,0.5020710229873657,0.11593389511108398,-0.039233867079019547,0.9543546438217163,0.44887247681617737,0.5227941870689392,0.07726050913333893,0.9997172951698303,0.4416974186897278,0.5122596621513367,-0.07726678252220154,0.9997947812080383,0.45760732889175415,0.6733355522155762,0.04276244342327118,0.9198050498962402,0.45478156208992004,0.6683801412582397,-0.14948201179504395,0.9851233959197998,0.42295923829078674,0.8239778876304626,0.06018064171075821,0.9383746981620789,0.42529457807540894,0.8269641995429993,-0.15453483164310455,0.9788010120391846,0.4105736315250397,0.8388901948928833,0.05996144190430641,0.8906651735305786,0.41081714630126953,0.8404912352561951,-0.15678085386753082,0.9496439695358276,0.4369508624076843,0.8929600715637207,0.007208080962300301,0.952799379825592,0.4371055066585541,0.8985215425491333,-0.2248712033033371,0.9800266623497009
61,2.033333333333333,0.44209611415863037,0.26573100686073303,0.19338861107826233,0.9997940063476562,0.4351297914981842,0.35463958978652954,0.2952185571193695,0.9986490607261658,0.4368593990802765,0.305634081363678,0.028138484805822372,0.9993069171905518,0.4702548086643219,0.4266640245914459,0.3229970633983612,0.7079333662986755,0.47311797738075256,0.2653593122959137,-0.035560302436351776,0.9935150146484375,0.5150173902511597,0.37667641043663025,0.2959586977958679,0.8273079991340637,0.5298435091972351,0.19534052908420563,-0.017571283504366875,0.9868137836456299,0.5264379382133484,0.35906967520713806,0.30078253149986267,0.7906558513641357,0.5415266752243042,0.18499264121055603,-0.03539072722196579,0.9564276933670044,0.4456554353237152,0.5327035188674927,0.07856888324022293,0.9997055530548096,0.44165006279945374,0.5173057317733765,-0.07862327247858047,0.9997356534004211,0.45629873871803284,0.6801650524139404,0.04548308998346329,0.8939758539199829,0.4578976035118103,0.6766628623008728,-0.13299345970153809,0.9831371903419495,0.4173305630683899,0.825307309627533,-0.008058669976890087,0.9215291738510132,0.4228781461715698,0.8304013609886169,-0.19806934893131256,0.977948009967804,0.4039033353328705,0.8412463665008545,-0.017539717257022858,0.8843979835510254,0.4075472056865692,0.8454365730285645,-0.20615187287330627,0.9511712789535522,0.43669161200523376,0.8929436802864075,-0.059454295784235,0.9410229921340942,0.4382480978965759,0.9001737833023071,-0.265661358833313,0.9787980318069458
62,2.0666666666666664,0.4425526261329651,0.26642492413520813,0.12357734888792038,0.9997997879981995,0.4338209331035614,0.36868152022361755,0.2625363767147064,0.9987424612045288,0.44403398036956787,0.3215198516845703,-0.011228297837078571,0.9993675351142883,0.465573787689209,0.4520633816719055,0.30028754472732544,0.6564710736274719,0.46463197469711304,0.3965780735015869,-0.059534624218940735,0.993071436882019,0.503372311592102,0.4041624069213867,0.2953587472438812,0.7742006778717041,0.5245721340179443,0.34973442554473877,-0.0232410691678524,0.9841555953025818,0.5148226022720337,0.38982078433036804,0.30734142661094666,0.7401852011680603,0.5409457683563232,0.3421916961669922,-0.035409435629844666,0.9542672634124756,0.4358646273612976,0.535029947757721,0.0854605957865715,0.9997155070304871,0.4428955912590027,0.5265265107154846,-0.08547786623239517,0.9997202754020691,0.44550621509552,0.6896263360977173,0.07318902760744095,0.8676241040229797,0.46663254499435425,0.682630717754364,-0.13281193375587463,0.9827109575271606,0.41371434926986694,0.8405396938323975,0.045285508036613464,0.9119640588760376,0.4235028326511383,0.8284976482391357,-0.17555813491344452,0.9776118397712708,0.39828166365623474,0.8608339428901672,0.040812890976667404,0.880933403968811,0.4088948667049408,0.8471452593803406,-0.1786097139120102,0.9520559310913086,0.43756550550460815,0.9021720886230469,-0.02237512730062008,0.9348371028900146,0.43823784589767456,0.8978968858718872,-0.21661806106567383,0.978391706943512
63,2.1,0.44738876819610596,0.28138449788093567,0.11690835654735565,0.999816358089447,0.43551477789878845,0.37674498558044434,0.25848153233528137,0.9988448023796082,0.44963932037353516,0.3217463791370392,0.010104572400450706,0.9994215369224548,0.46850016713142395,0.42530524730682373,0.24756118655204773,0.6140369176864624,0.49275800585746765,0.39296412467956543,0.010828912258148193,0.9912451505661011,0.5066603422164917,0.41548290848731995,0.19848161935806274,0.7366815805435181,0.5266751050949097,0.3962004780769348,0.1009770855307579,0.9730075001716614,0.515463650226593,0.41170868277549744,0.1975785195827484,0.7063879370689392,0.5373294949531555,0.40694576501846313,0.0971817895770073,0.9414950013160706,0.43032047152519226,0.544357419013977,0.0785246193408966,0.9997256994247437,0.4428008198738098,0.5326698422431946,-0.07862015813589096,0.9996814131736755,0.43533334136009216,0.7100066542625427,0.05202346295118332,0.854815661907196,0.47624772787094116,0.6836345195770264,-0.12808527052402496,0.9820824861526489,0.4112356901168823,0.8550020456314087,1.2650104508793447e-05,0.9077839255332947,0.427442342042923,0.8306760787963867,-0.14082811772823334,0.9752288460731506,0.39445310831069946,0.8792651891708374,-0.008684424683451653,0.8801541924476624,0.41048863530158997,0.848964273929596,-0.14254488050937653,0.949462890625,0.43583881855010986,0.9078924059867859,-0.041382040828466415,0.9311092495918274,0.44368740916252136,0.8979840278625488,-0.17197078466415405,0.9754028916358948
64,2.1333333333333333,0.44962137937545776,0.2969466745853424,0.10790479928255081,0.9998271465301514,0.4370232820510864,0.3907448351383209,0.24893586337566376,0.9989157915115356,0.4526369273662567,0.3546369969844818,0.016147349029779434,0.9994634985923767,0.47349563241004944,0.44773778319358826,0.257792204618454,0.5648368000984192,0.4935779869556427,0.4273337125778198,0.006305465940386057,0.984826385974884,0.5016252994537354,0.4457746744155884,0.23848454654216766,0.6832559704780579,0.5207583904266357,0.46036744117736816,0.08090469986200333,0.9477678537368774,0.5070269107818604,0.4598272740840912,0.24333666265010834,0.6571933627128601,0.5305595993995667,0.4755116105079651,0.07747971266508102,0.9133152365684509,0.4304640591144562,0.5586730241775513,0.07512421905994415,0.9997297525405884,0.44303855299949646,0.5395832061767578,-0.07528118044137955,0.9996321797370911,0.4368314743041992,0.7169942855834961,0.0525444932281971,0.8450833559036255,0.4825742542743683,0.6940622925758362,-0.10581529140472412,0.9817216396331787,0.41347935795783997,0.858079195022583,-0.02522973157465458,0.9084408283233643,0.4327940344810486,0.8320645689964294,-0.17085868120193481,0.9751862287521362,0.39708656072616577,0.8861366510391235,-0.03724191337823868,0.8825514316558838,0.4136213958263397,0.8492437601089478,-0.17796668410301208,0.9487732648849487,0.44222328066825867,0.9116045236587524,-0.07352705299854279,0.9316176176071167,0.45047399401664734,0.9008969068527222,-0.20954877138137817,0.9753370881080627
65,2.1666666666666665,0.4580386281013489,0.3110779821872711,0.12259282171726227,0.9998332262039185,0.43665969371795654,0.3989061415195465,0.22591468691825867,0.998976469039917,0.46266815066337585,0.37306803464889526,0.003083288436755538,0.9995060563087463,0.47335052490234375,0.4752418100833893,0.23073263466358185,0.5146178007125854,0.4912510812282562,0.4623855948448181,-0.0024726560804992914,0.9796814322471619,0.5003993511199951,0.4636465609073639,0.20411595702171326,0.6290729641914368,0.5135709643363953,0.4892062842845917,0.10356160253286362,0.9193752408027649,0.5033730268478394,0.4554458260536194,0.20722241699695587,0.6083772778511047,0.518977165222168,0.48025450110435486,0.10696658492088318,0.8827313780784607,0.4281139671802521,0.5765259265899658,0.07595673203468323,0.9997415542602539,0.4446291923522949,0.5612362623214722,-0.07615745067596436,0.9996193647384644,0.43752428889274597,0.725831151008606,0.07070855051279068,0.8334150314331055,0.48842036724090576,0.7058239579200745,-0.08789169043302536,0.9817781448364258,0.40601012110710144,0.8653185367584229,-0.0299527645111084,0.912114143371582,0.4450479745864868,0.8449724316596985,-0.1755102276802063,0.976101279258728,0.39493241906166077,0.8925747275352478,-0.043506503105163574,0.8884448409080505,0.4285969138145447,0.8595536947250366,-0.18277880549430847,0.949429452419281,0.4363463222980499,0.9129035472869873,-0.079192616045475,0.9342821836471558,0.4710949659347534,0.9151169061660767,-0.20768238604068756,0.9761723875999451
66,2.2,0.46332040429115295,0.3178113102912903,0.05544227734208107,0.9998489618301392,0.4353469908237457,0.4059663414955139,0.20673726499080658,0.9990559816360474,0.4759465754032135,0.3779360055923462,-0.05388462916016579,0.9995502233505249,0.45465484261512756,0.48927929997444153,0.23331236839294434,0.4724237024784088,0.49287277460098267,0.4776099920272827,-0.0800580307841301,0.9775390625,0.4767119288444519,0.5360341668128967,0.24471022188663483,0.5772676467895508,0.4997946321964264,0.5570422410964966,-0.010548066347837448,0.9075686931610107,0.4810892641544342,0.5505189895629883,0.25634729862213135,0.5590896606445312,0.503523051738739,0.581328272819519,-0.0020179706625640392,0.8665542006492615,0.42782509326934814,0.5942209362983704,0.07874657213687897,0.9997522234916687,0.4490262567996979,0.5848163366317749,-0.07903660088777542,0.9996272921562195,0.44040772318840027,0.7304049134254456,0.08973179012537003,0.8353316187858582,0.4938054084777832,0.714125394821167,-0.09008356183767319,0.9822288155555725,0.40456444025039673,0.8661079406738281,0.0035557325463742018,0.9155158996582031,0.45627766847610474,0.8593453764915466,-0.16606302559375763,0.9773510694503784,0.3882337510585785,0.8955508470535278,-0.006514800246804953,0.8924420475959778,0.4412086606025696,0.88020259141922,-0.17260733246803284,0.9508450627326965,0.4262946844100952,0.9156937599182129,-0.050799015909433365,0.9358032941818237,0.49067121744155884,0.9248741865158081,-0.19973081350326538,0.9774891138076782
67,2.2333333333333334,0.46407464146614075,0.3166332542896271,0.10497061163187027,0.9998582005500793,0.4357529580593109,0.41127797961235046,0.20890678465366364,0.9991189241409302,0.47477829456329346,0.378328412771225,-0.04325305297970772,0.9995898008346558,0.4604622423648834,0.49116194248199463,0.2354728877544403,0.435945987701416,0.4929076135158539,0.47634151577949524,-0.07227963954210281,0.9757812023162842,0.4800056219100952,0.4887828230857849,0.23697663843631744,0.5444488525390625,0.49727535247802734,0.5591961145401001,-0.009925262071192265,0.9023105502128601,0.4886268675327301,0.4803825616836548,0.2480953335762024,0.5271604061126709,0.4983281195163727,0.5821239352226257,-0.012619104236364365,0.8586310148239136,0.42813077569007874,0.596335768699646,0.0776076465845108,0.9997491836547852,0.4491308927536011,0.5827454328536987,-0.07780905812978745,0.9996117949485779,0.4416763186454773,0.7323448657989502,0.08202574402093887,0.8271375894546509,0.4926987588405609,0.7150339484214783,-0.08195512741804123,0.9827494025230408,0.4073180556297302,0.8651522994041443,-0.0009540452738292515,0.9176809787750244,0.4557833671569824,0.8638001084327698,-0.1567477285861969,0.9784048795700073,0.39048805832862854,0.893938422203064,-0.012632925063371658,0.8965317606925964,0.4409564435482025,0.8858819603919983,-0.16436274349689484,0.9524945616722107,0.4255363643169403,0.914465069770813,-0.04718143492937088,0.9376612305641174,0.49007368087768555,0.9264342188835144,-0.1974213421344757,0.9784445762634277
68,2.2666666666666666,0.4712471663951874,0.3253695070743561,0.18017543852329254,0.999852180480957,0.4394720494747162,0.4146418571472168,0.21040193736553192,0.9990878105163574,0.4834636151790619,0.38381874561309814,-0.03440537676215172,0.9996147155761719,0.4623357653617859,0.514809787273407,0.2753447890281677,0.3952096700668335,0.48592159152030945,0.4913647770881653,-0.0753420889377594,0.9696393013000488,0.4828230142593384,0.5061416625976562,0.3286954462528229,0.4962852895259857,0.4977121353149414,0.5186911821365356,-0.07418318092823029,0.893085241317749,0.5027473568916321,0.4985014796257019,0.34495460987091064,0.4829513132572174,0.5053462386131287,0.5233483910560608,-0.08660281449556351,0.8516482710838318,0.43061167001724243,0.5992149114608765,0.07779671251773834,0.9997415542602539,0.4550948441028595,0.5908098816871643,-0.07783707976341248,0.9995985627174377,0.4404698610305786,0.7346384525299072,0.07223841547966003,0.8335469365119934,0.5050020813941956,0.7178583741188049,-0.04483191296458244,0.9833627343177795,0.40256547927856445,0.8667327761650085,0.0025433578994125128,0.920820415019989,0.4787358343601227,0.8794225454330444,-0.11034692823886871,0.9797403812408447,0.3883523941040039,0.8981480598449707,-0.006698400713503361,0.9023873209953308,0.4624696373939514,0.9071344137191772,-0.11897747963666916,0.9556190371513367,0.4187031388282776,0.9092625975608826,-0.03984618932008743,0.9352516531944275,0.518435001373291,0.9299229383468628,-0.1558956652879715,0.9785963892936707
69,2.3,0.4827617406845093,0.3324719965457916,0.17438572645187378,0.9998635053634644,0.4396934509277344,0.41266268491744995,0.20511998236179352,0.9991087317466736,0.49278461933135986,0.39330917596817017,-0.034430861473083496,0.9996466636657715,0.4507445693016052,0.5075072646141052,0.27418848872184753,0.3603782057762146,0.4884127676486969,0.5098661184310913,-0.07284288108348846,0.9677272439002991,0.4766933023929596,0.5427850484848022,0.3306516110897064,0.45098263025283813,0.5085738301277161,0.5106209516525269,-0.06127222254872322,0.8890721201896667,0.4837746024131775,0.5511858463287354,0.34650954604148865,0.44046857953071594,0.5195813179016113,0.5101984143257141,-0.05666143074631691,0.8486632108688354,0.430825412273407,0.6025890111923218,0.07624660432338715,0.9997434616088867,0.4644560217857361,0.5984753370285034,-0.07633822411298752,0.9996054172515869,0.4404109716415405,0.7365264892578125,0.07442717254161835,0.844745397567749,0.5143319964408875,0.7185106873512268,-0.05778764560818672,0.9841572046279907,0.40248382091522217,0.8671033978462219,-0.0011892302427440882,0.925439715385437,0.49970391392707825,0.8844337463378906,-0.12930259108543396,0.981078565120697,0.38821205496788025,0.8978042602539062,-0.011774507351219654,0.9095597267150879,0.48563775420188904,0.9125747680664062,-0.13786010444164276,0.9584435224533081,0.42610964179039,0.9076107740402222,-0.04000767320394516,0.9337676167488098,0.538733720779419,0.9331202507019043,-0.157846137881279,0.9789953827857971
70,2.3333333333333335,0.49075520038604736,0.3289930820465088,0.15871308743953705,0.9998751878738403,0.44482240080833435,0.4101914167404175,0.20504674315452576,0.9991254210472107,0.4989641308784485,0.3933100700378418,-0.04025726020336151,0.9996752142906189,0.45105409622192383,0.5098141431808472,0.27990302443504333,0.32865479588508606,0.4923146963119507,0.49802589416503906,-0.10817085951566696,0.9659383296966553,0.48200803995132446,0.5362122058868408,0.3460896909236908,0.40892767906188965,0.5118698477745056,0.5096811652183533,-0.1269533485174179,0.8840669393539429,0.4885227084159851,0.5459763407707214,0.36383765935897827,0.4003979563713074,0.5233082175254822,0.5106441974639893,-0.13912995159626007,0.8448675870895386,0.43672505021095276,0.6000555157661438,0.07739908248186111,0.9997415542602539,0.47043412923812866,0.5986382961273193,-0.07746239751577377,0.9996114373207092,0.44059181213378906,0.7382384538650513,0.06231187656521797,0.8562509417533875,0.5202698111534119,0.7217894792556763,-0.051351867616176605,0.9849143028259277,0.4016585350036621,0.8684321641921997,0.003214003285393119,0.9286211133003235,0.5147672295570374,0.889515221118927,-0.10029963403940201,0.982232928276062,0.38839295506477356,0.8985209465026855,-0.0055518364533782005,0.9141705632209778,0.5024917721748352,0.9195458292961121,-0.10668592154979706,0.9607961177825928,0.4276304841041565,0.9048027992248535,-0.038520801812410355,0.9309332370758057,0.5589383244514465,0.9310082793235779,-0.13814039528369904,0.9791772961616516
71,2.3666666666666667,0.49734175205230713,0.32685205340385437,0.1433013379573822,0.9998871088027954,0.4517532289028168,0.4081715941429138,0.19462420046329498,0.9991639256477356,0.5039390921592712,0.3927963674068451,-0.04390907660126686,0.999703586101532,0.4558779001235962,0.5088474154472351,0.2710980772972107,0.2992890775203705,0.5022012591362,0.4937368929386139,-0.1025540754199028,0.9625055193901062,0.4826878011226654,0.5193931460380554,0.34159496426582336,0.3734106421470642,0.5167325735092163,0.5064483880996704,-0.09354276955127716,0.873697817325592,0.4993516802787781,0.5315790772438049,0.3611697256565094,0.36746910214424133,0.5294665694236755,0.5100635886192322,-0.10105820745229721,0.8356163501739502,0.4440556764602661,0.5994117259979248,0.07657980918884277,0.9997504353523254,0.4783225655555725,0.6006415486335754,-0.0766395777463913,0.9996353387832642,0.44165199995040894,0.7383778095245361,0.08061959594488144,0.868179440498352,0.5256660580635071,0.7246720790863037,-0.059903599321842194,0.9858260750770569,0.40297892689704895,0.867605447769165,0.006098492536693811,0.9341356754302979,0.5341566801071167,0.8910089731216431,-0.14053703844547272,0.9837113618850708,0.3904546797275543,0.8962454199790955,-0.0020673286635428667,0.9210620522499084,0.5228297114372253,0.9215558171272278,-0.15003015100955963,0.9639143943786621,0.4278351664543152,0.9044109582901001,-0.03214205428957939,0.933401346206665,0.5742927193641663,0.9299556612968445,-0.18104887008666992,0.9804704785346985
72,2.4,0.5050195455551147,0.3251357674598694,0.1562051922082901,0.9998963475227356,0.45782873034477234,0.407661497592926,0.18173375725746155,0.9991951584815979,0.5142257213592529,0.3923742473125458,-0.04138682782649994,0.9997277855873108,0.4584866166114807,0.5069231986999512,0.2611655294895172,0.27320995926856995,0.5100753307342529,0.49582570791244507,-0.09827592968940735,0.9578659534454346,0.49095451831817627,0.517014741897583,0.3150062561035156,0.34016820788383484,0.5224475264549255,0.506034791469574,-0.09915682673454285,0.864442765712738,0.5052875280380249,0.5344690680503845,0.3309473395347595,0.3361395001411438,0.5352577567100525,0.5082934498786926,-0.10753127187490463,0.8280408978462219,0.4520144462585449,0.6003521680831909,0.07474839687347412,0.9997597336769104,0.4868347942829132,0.6041929125785828,-0.07480288296937943,0.9996600151062012,0.44239792227745056,0.7419166564941406,0.09219097346067429,0.8784733414649963,0.5316803455352783,0.7287676334381104,-0.040157243609428406,0.9862744808197021,0.40416190028190613,0.8674240708351135,0.04040268436074257,0.9391400814056396,0.5487416386604309,0.8924660086631775,-0.11366547644138336,0.9849735498428345,0.3927070200443268,0.8952785730361938,0.033074598759412766,0.9270548224449158,0.5396702289581299,0.9259430766105652,-0.12256085872650146,0.966529369354248,0.41722241044044495,0.9017135500907898,0.004135824274271727,0.9347814917564392,0.5904428362846375,0.9236348271369934,-0.15640383958816528,0.9814066290855408
73,2.433333333333333,0.5100425481796265,0.3242740333080292,0.11232490092515945,0.9999046921730042,0.45978835225105286,0.4070465862751007,0.16272643208503723,0.9992275834083557,0.5146733522415161,0.3913683295249939,-0.07575628906488419,0.9997510313987732,0.45934993028640747,0.5018479228019714,0.23587854206562042,0.25000056624412537,0.5075836181640625,0.4906837046146393,-0.13674309849739075,0.956147313117981,0.49238139390945435,0.5223168730735779,0.3089141547679901,0.3111238479614258,0.5235159993171692,0.5076682567596436,-0.14983943104743958,0.8621477484703064,0.5052595138549805,0.5328925251960754,0.3195894658565521,0.308947890996933,0.5358898043632507,0.5088738799095154,-0.16296754777431488,0.8274437785148621,0.4543769061565399,0.600898802280426,0.07537498325109482,0.999759316444397,0.48689892888069153,0.6028844714164734,-0.07542374730110168,0.9996793270111084,0.44266289472579956,0.7416825294494629,0.0911184698343277,0.8847628235816956,0.5334886312484741,0.728490948677063,-0.059048768132925034,0.9866200685501099,0.404668390750885,0.8673041462898254,0.07022377103567123,0.9427476525306702,0.549792468547821,0.8935841917991638,-0.11594109982252121,0.9861058592796326,0.3929203450679779,0.8943489789962769,0.06617802381515503,0.9306065440177917,0.5414599180221558,0.9256327748298645,-0.12423353642225266,0.9685099124908447,0.4211077094078064,0.9013726115226746,0.03225533664226532,0.9368718266487122,0.5908170342445374,0.9222148060798645,-0.16861958801746368,0.9825836420059204
74,2.466666666666667,0.5239535570144653,0.3273836672306061,0.14740590751171112,0.9999128580093384,0.47229766845703125,0.4065980315208435,0.17588648200035095,0.9992703199386597,0.5315914750099182,0.3921296298503876,-0.06218178942799568,0.9997735619544983,0.47067025303840637,0.5008271932601929,0.25817424058914185,0.23004858195781708,0.5278146266937256,0.4947203993797302,-0.11616398394107819,0.957094669342041,0.498388409614563,0.5424886345863342,0.3476797044277191,0.28296059370040894,0.5421379208564758,0.5023046135902405,-0.0816970244050026,0.8607408404350281,0.5078713893890381,0.5532857179641724,0.36792537569999695,0.28191128373146057,0.5560731291770935,0.5042355060577393,-0.08315123617649078,0.826546847820282,0.4670678377151489,0.6037827730178833,0.07486636191606522,0.9997742176055908,0.5007784366607666,0.6075109839439392,-0.07492086291313171,0.9997060894966125,0.44929444789886475,0.7406201362609863,0.09725043177604675,0.8948574662208557,0.5482845306396484,0.7330088019371033,-0.0440262034535408,0.9874935746192932,0.40538489818573,0.8672089576721191,0.05499498173594475,0.9475795030593872,0.5746626257896423,0.8931646943092346,-0.1167624294757843,0.9873242974281311,0.39288485050201416,0.89267498254776,0.04884617030620575,0.936578094959259,0.5685275793075562,0.9256585240364075,-0.12767615914344788,0.9712426662445068,0.4227699041366577,0.8979487419128418,0.022707205265760422,0.9394412636756897,0.618434727191925,0.9105314612388611,-0.1678318828344345,0.9837446212768555
75,2.5,0.532232940196991,0.328477680683136,0.14266371726989746,0.999919056892395,0.4831303656101227,0.4081551432609558,0.1730789691209793,0.9992914199829102,0.5409605503082275,0.3938133716583252,-0.059955377131700516,0.9997926354408264,0.4823106825351715,0.5035588145256042,0.25518590211868286,0.21109357476234436,0.5344290137290955,0.5034962296485901,-0.11865194886922836,0.9565666317939758,0.5090657472610474,0.5447313189506531,0.3360019624233246,0.2571507692337036,0.5483220815658569,0.514491081237793,-0.12100620567798615,0.856347918510437,0.5167510509490967,0.5551782250404358,0.3555660545825958,0.2570800185203552,0.5622445344924927,0.5132516622543335,-0.12967847287654877,0.8230594396591187,0.47671031951904297,0.6094126105308533,0.075393907725811,0.9997842907905579,0.50926673412323,0.6138041615486145,-0.07545191794633865,0.9997280836105347,0.4555550813674927,0.7421674132347107,0.09620200097560883,0.9035512208938599,0.5606618523597717,0.7366844415664673,-0.03806660324335098,0.9882223010063171,0.4058443009853363,0.8666063547134399,0.06946194916963577,0.9516649842262268,0.5849557518959045,0.8978087306022644,-0.08892729878425598,0.9884004592895508,0.39316222071647644,0.88831627368927,0.06570537388324738,0.9416457414627075,0.5763137340545654,0.9292933344841003,-0.09492429345846176,0.9735882878303528,0.4217890799045563,0.8959940671920776,0.04292534291744232,0.9408079981803894,0.630200982093811,0.9117949604988098,-0.12596085667610168,0.9846819043159485
76,2.533333333333333,0.5429457426071167,0.33301958441734314,0.18246904015541077,0.9999240636825562,0.4921644926071167,0.41222912073135376,0.2015468031167984,0.999298095703125,0.5493856072425842,0.39932751655578613,-0.03666413575410843,0.9998101592063904,0.49209707975387573,0.5073302388191223,0.2641139626502991,0.19366884231567383,0.5437560677528381,0.5132396221160889,-0.08248685300350189,0.9531362652778625,0.5202699303627014,0.545336902141571,0.3278108835220337,0.23311878740787506,0.5480782389640808,0.5418553948402405,-0.06456492096185684,0.8380651473999023,0.524722158908844,0.5605878233909607,0.3434756398200989,0.2337169498205185,0.557427167892456,0.5580571293830872,-0.07104393094778061,0.8048688769340515,0.48724257946014404,0.6161068677902222,0.07661783695220947,0.9997884631156921,0.5178839564323425,0.6185259819030762,-0.07666575908660889,0.9997439980506897,0.4633188545703888,0.7449560761451721,0.09234868735074997,0.9110867381095886,0.5737540125846863,0.7380954623222351,-0.033115506172180176,0.9886465668678284,0.4078555107116699,0.8663729429244995,0.05496114864945412,0.9554146528244019,0.5880014896392822,0.90323805809021,-0.07904167473316193,0.9892973303794861,0.3934233784675598,0.8840174674987793,0.04937446862459183,0.9463045001029968,0.5779343843460083,0.9337217211723328,-0.08449763804674149,0.9755381345748901,0.4229016602039337,0.8964207768440247,0.02565392665565014,0.9426378011703491,0.6317355632781982,0.9249458312988281,-0.1100241169333458,0.9853397607803345
77,2.5666666666666664,0.5424387454986572,0.33471089601516724,0.17936700582504272,0.9999290704727173,0.4907256066799164,0.41350460052490234,0.20502211153507233,0.9993130564689636,0.5490378141403198,0.3992602825164795,-0.032973162829875946,0.9998263716697693,0.49390876293182373,0.5113521814346313,0.2621549963951111,0.17964527010917664,0.5510290265083313,0.5138154029846191,-0.04068375378847122,0.9528579115867615,0.523172914981842,0.5460294485092163,0.3086107671260834,0.21215711534023285,0.5539608597755432,0.5407856106758118,0.0395827554166317,0.8216639757156372,0.5251879096031189,0.5604340434074402,0.32068273425102234,0.21351149678230286,0.5626188516616821,0.5572357177734375,0.04190685972571373,0.7869290113449097,0.48661038279533386,0.6190647482872009,0.07631392031908035,0.9997947216033936,0.5193206667900085,0.6186572909355164,-0.07637222111225128,0.9997599720954895,0.46524778008461,0.7469508051872253,0.114720419049263,0.9179762601852417,0.5734307169914246,0.7405591011047363,-0.025669459253549576,0.9889072775840759,0.4080016016960144,0.8642550706863403,0.05221620574593544,0.9590786695480347,0.5886669158935547,0.9053212404251099,-0.09193489700555801,0.9901124238967896,0.39383503794670105,0.8802624940872192,0.04527059569954872,0.9508159756660461,0.5781776309013367,0.9335578680038452,-0.09859807044267654,0.9773108959197998,0.4232591390609741,0.8966125249862671,0.028292180970311165,0.9457822442054749,0.6313502788543701,0.9317752122879028,-0.12298358976840973,0.9860973358154297
78,2.6,0.562292218208313,0.33803558349609375,0.052539706230163574,0.9999342560768127,0.5123164057731628,0.4176701307296753,0.15928250551223755,0.9993325471878052,0.559571385383606,0.4018141031265259,-0.11350219696760178,0.9998414516448975,0.5121216177940369,0.5116298198699951,0.23243656754493713,0.1648925542831421,0.5576446652412415,0.5155283808708191,-0.1129583790898323,0.9547019600868225,0.5359620451927185,0.5472654104232788,0.2716768980026245,0.19512517750263214,0.5729500651359558,0.5325060486793518,-0.018513856455683708,0.82451331615448,0.5417280793190002,0.5605326890945435,0.2819202244281769,0.19874241948127747,0.5815718770027161,0.5393677949905396,-0.021339040249586105,0.7914695739746094,0.5069009065628052,0.6282973289489746,0.0827290341258049,0.9997996687889099,0.5349213480949402,0.6286876797676086,-0.0828336775302887,0.9997751116752625,0.48214682936668396,0.7494674324989319,0.10471218079328537,0.9244619607925415,0.6002660393714905,0.7405747175216675,-0.028103739023208618,0.9896500706672668,0.41890856623649597,0.853797197341919,0.07857857644557953,0.9624137282371521,0.592455267906189,0.9081763625144958,-0.047400157898664474,0.9909653067588806,0.40253332257270813,0.8632236123085022,0.07649869471788406,0.9550288915634155,0.5805835127830505,0.9343441724777222,-0.047211725264787674,0.9791737198829651,0.4258543848991394,0.8965381979942322,0.061435580253601074,0.9492108821868896,0.636014997959137,0.935397744178772,-0.06680198758840561,0.9870690107345581
79,2.6333333333333333,0.5719354748725891,0.3386591970920563,0.05800239369273186,0.9999398589134216,0.52333003282547,0.4191399812698364,0.16751240193843842,0.9993530511856079,0.5658873915672302,0.4023957848548889,-0.10721860826015472,0.9998550415039062,0.526228666305542,0.5125654339790344,0.23468856513500214,0.15115270018577576,0.5648993849754333,0.5099284648895264,-0.1444869190454483,0.9561845660209656,0.5505474209785461,0.5567361116409302,0.2707950174808502,0.17946648597717285,0.5839177370071411,0.5303864479064941,-0.09134850651025772,0.8279585838317871,0.5561326742172241,0.5721505880355835,0.2828318178653717,0.1848950833082199,0.5904275178909302,0.535049319267273,-0.09828950464725494,0.7964334487915039,0.517707884311676,0.6281328201293945,0.08307425677776337,0.9998065829277039,0.547500729560852,0.6282088160514832,-0.08322539180517197,0.9997893571853638,0.4987335503101349,0.749168336391449,0.10001340508460999,0.9307583570480347,0.6067792773246765,0.7411229014396667,-0.03658195957541466,0.990192711353302,0.43158310651779175,0.8390879034996033,0.06536615639925003,0.9655553698539734,0.5940387845039368,0.9087235331535339,-0.04506323114037514,0.9917328953742981,0.41500377655029297,0.8429896831512451,0.06148384138941765,0.9589816927909851,0.5794756412506104,0.935882568359375,-0.0451309010386467,0.9808685183525085,0.43026024103164673,0.8953273892402649,0.04188495874404907,0.9526253938674927,0.6366116404533386,0.9400351643562317,-0.06475038826465607,0.9879491329193115
80,2.6666666666666665,0.5783719420433044,0.33865970373153687,0.024392636492848396,0.9999113082885742,0.5312823057174683,0.41833439469337463,0.14279302954673767,0.9992825388908386,0.5714918375015259,0.40303799510002136,-0.1437901109457016,0.9998634457588196,0.5552094578742981,0.5105413794517517,0.17773595452308655,0.13829907774925232,0.5747227072715759,0.5116960406303406,-0.14737369120121002,0.9556220769882202,0.5767965316772461,0.5513468384742737,0.14240552484989166,0.16539716720581055,0.5903223156929016,0.5429409742355347,-0.04919208586215973,0.8199467062950134,0.5827405452728271,0.5658715963363647,0.14113444089889526,0.1720513105392456,0.5952751636505127,0.5483096837997437,-0.0541725791990757,0.7877082824707031,0.5275012850761414,0.6261183023452759,0.08805660903453827,0.9997215867042542,0.5569862723350525,0.628787100315094,-0.08826031535863876,0.9997517466545105,0.5111411213874817,0.7492473721504211,0.13387863337993622,0.9332436919212341,0.611965000629425,0.743623673915863,-0.04085201770067215,0.990092396736145,0.44381967186927795,0.8337724208831787,0.15838076174259186,0.9672850370407104,0.5946894884109497,0.910492479801178,0.0058284942060709,0.9921393394470215,0.4295995533466339,0.8385265469551086,0.1606258749961853,0.9616054892539978,0.5818237066268921,0.9348934888839722,0.012113985605537891,0.9817098379135132,0.4360450506210327,0.8902702331542969,0.14563140273094177,0.9541656970977783,0.6362631916999817,0.9430508017539978,-0.006101686041802168,0.9880539178848267
81,2.7,0.5818937420845032,0.33779382705688477,0.05487028881907463,0.9999068975448608,0.5325521230697632,0.41778507828712463,0.14991864562034607,0.9992347359657288,0.5788764357566833,0.4020344018936157,-0.10606930404901505,0.9998730421066284,0.5576798319816589,0.514354407787323,0.18925730884075165,0.1263543665409088,0.588425874710083,0.5095992088317871,-0.1269974410533905,0.9542908668518066,0.5792230367660522,0.5734096169471741,0.15279360115528107,0.1523992121219635,0.5990695357322693,0.56928551197052,-0.0422704741358757,0.8150639533996582,0.5848941802978516,0.5915634632110596,0.15434645116329193,0.1598474234342575,0.6001293659210205,0.5850774645805359,-0.04879961907863617,0.7812506556510925,0.5322113633155823,0.6238771080970764,0.08685030788183212,0.9996692538261414,0.5645349621772766,0.6259835362434387,-0.08710034936666489,0.9997276067733765,0.5236844420433044,0.7489284873008728,0.13558770716190338,0.9329736232757568,0.617302656173706,0.7460078597068787,-0.0426565483212471,0.9893068075180054,0.45245078206062317,0.8367390632629395,0.11933456361293793,0.9682080149650574,0.5967191457748413,0.9090753793716431,-0.03789111599326134,0.9922873377799988,0.4360444247722626,0.8434247970581055,0.11751454323530197,0.9632430672645569,0.5814024806022644,0.9339129328727722,-0.037213873118162155,0.9819948673248291,0.44977477192878723,0.8934701681137085,0.09882532060146332,0.9545714855194092,0.6354629993438721,0.9433261156082153,-0.061115045100450516,0.987761914730072
82,2.7333333333333334,0.5846659541130066,0.33408570289611816,0.010101018473505974,0.999887228012085,0.537649929523468,0.4165041744709015,0.13674505054950714,0.9992289543151855,0.5761191844940186,0.4013523459434509,-0.14608485996723175,0.9998803734779358,0.5524324178695679,0.5137677788734436,0.15322498977184296,0.11593952775001526,0.5908371210098267,0.5081160664558411,-0.1717238575220108,0.953784704208374,0.5736618638038635,0.5858692526817322,0.10758576542139053,0.14155013859272003,0.600111722946167,0.5752830505371094,-0.10876420885324478,0.8162196278572083,0.5780336260795593,0.6078986525535583,0.10638400912284851,0.14979912340641022,0.6015371680259705,0.5947676301002502,-0.12411052733659744,0.7833183407783508,0.5347413420677185,0.6232149004936218,0.08704257756471634,0.999635636806488,0.5622085332870483,0.6251286864280701,-0.08729295432567596,0.999710202217102,0.5233402848243713,0.7503015995025635,0.14956043660640717,0.9271760582923889,0.6174196004867554,0.7476671934127808,-0.03653626888990402,0.9875140190124512,0.4557861089706421,0.8362661600112915,0.1558448225259781,0.9688372611999512,0.5943185091018677,0.9106718897819519,-0.009424100629985332,0.9923269152641296,0.43874019384384155,0.8406227827072144,0.15571843087673187,0.9648593068122864,0.5815942883491516,0.9354407787322998,-0.0071678776293993,0.9822134375572205,0.4518275260925293,0.8937353491783142,0.1331259310245514,0.9564348459243774,0.6353691220283508,0.9433906078338623,-0.036883629858493805,0.9878648519515991
83,2.7666666666666666,0.5915340781211853,0.31246158480644226,0.04932629317045212,0.9998913407325745,0.5441022515296936,0.40100693702697754,0.14003609120845795,0.999267578125,0.5839105248451233,0.3847813308238983,-0.13770310580730438,0.9998897910118103,0.5772532820701599,0.4969797134399414,0.1876673400402069,0.11107316613197327,0.5985609292984009,0.49816685914993286,-0.16093532741069794,0.9545524716377258,0.6173226833343506,0.5382789969444275,0.18553879857063293,0.1484450250864029,0.6204972863197327,0.5596135854721069,-0.10344512015581131,0.8251835107803345,0.6257971525192261,0.545914888381958,0.19048771262168884,0.16076868772506714,0.6277689337730408,0.575114905834198,-0.11563386768102646,0.7929994463920593,0.5440266132354736,0.6175010800361633,0.0861879363656044,0.9996360540390015,0.5759299993515015,0.619447648525238,-0.08642465621232986,0.9997137188911438,0.5430028438568115,0.7458075284957886,0.16401705145835876,0.9294482469558716,0.6179467439651489,0.7468699216842651,-0.052793022245168686,0.9879912734031677,0.48478126525878906,0.8353100419044495,0.16116394102573395,0.9707479476928711,0.594297468662262,0.9096440076828003,-0.04227440804243088,0.992885410785675,0.4706764221191406,0.8427860736846924,0.16045069694519043,0.9672812819480896,0.5809044241905212,0.9348674416542053,-0.03798326477408409,0.9833633303642273,0.47964590787887573,0.8935309052467346,0.1396273970603943,0.9587052464485168,0.6319279074668884,0.9432867765426636,-0.07407841086387634,0.9885364174842834
84,2.8,0.596809446811676,0.3004351258277893,0.01185398269444704,0.9998485445976257,0.5479333400726318,0.3859255611896515,0.13700911402702332,0.9992117881774902,0.5842758417129517,0.368246465921402,-0.15105289220809937,0.9998961687088013,0.5788714289665222,0.47840604186058044,0.19249317049980164,0.10395055264234543,0.6004559397697449,0.48185452818870544,-0.1648704707622528,0.955913245677948,0.6151040196418762,0.5042994022369385,0.1939062774181366,0.14679411053657532,0.6309404373168945,0.5445298552513123,-0.09443456679582596,0.8353069424629211,0.625341534614563,0.49858710169792175,0.20147040486335754,0.1627856194972992,0.6398068070411682,0.5690609812736511,-0.10686401277780533,0.804095447063446,0.5504540205001831,0.6029312014579773,0.08681917190551758,0.999354362487793,0.5784232020378113,0.6033785343170166,-0.08698736131191254,0.9995716214179993,0.5541513562202454,0.7359098196029663,0.1557684689760208,0.9166907668113708,0.6161931753158569,0.7436743378639221,-0.05621948465704918,0.9869371056556702,0.5032473206520081,0.8371260166168213,0.18658347427845,0.9677897095680237,0.5954797267913818,0.9083250761032104,-0.02716272696852684,0.9927500486373901,0.4873828887939453,0.8459282517433167,0.18880243599414825,0.9651517271995544,0.5802645087242126,0.9325715899467468,-0.024077994748950005,0.9830684661865234,0.5048043131828308,0.8935918211936951,0.16929005086421967,0.957624077796936,0.6336089372634888,0.9426206946372986,-0.05673417076468468,0.9882632493972778
85,2.8333333333333335,0.5973156094551086,0.29110032320022583,0.018884968012571335,0.9998170733451843,0.5484976172447205,0.3783130347728729,0.14324422180652618,0.9991960525512695,0.5884900689125061,0.3604157269001007,-0.15514926612377167,0.9999037384986877,0.5784257650375366,0.472387433052063,0.19765116274356842,0.09806740283966064,0.6029518842697144,0.4759870171546936,-0.1760590523481369,0.9582415223121643,0.6125399470329285,0.49405354261398315,0.20305411517620087,0.14360636472702026,0.6348937153816223,0.5336453914642334,-0.11541245132684708,0.8463501334190369,0.6229091882705688,0.4965561032295227,0.20196004211902618,0.16202926635742188,0.6438172459602356,0.5670832991600037,-0.13085496425628662,0.8162577748298645,0.5507444739341736,0.5949634313583374,0.0912739560008049,0.9992498159408569,0.5782439708709717,0.5952589511871338,-0.09143134206533432,0.9995373487472534,0.5578095316886902,0.7280405163764954,0.1836891770362854,0.908115029335022,0.6158931851387024,0.7387994527816772,-0.0822545737028122,0.9873048067092896,0.5124620199203491,0.8379982709884644,0.2241934835910797,0.9662180542945862,0.5966095328330994,0.9082397818565369,-0.05764532461762428,0.9930822849273682,0.4968910217285156,0.8592022657394409,0.22691358625888824,0.963955819606781,0.581558346748352,0.9312106370925903,-0.054391276091337204,0.9836312532424927,0.5206103920936584,0.8963661193847656,0.21069598197937012,0.9570016264915466,0.6352140307426453,0.9419645667076111,-0.08976428210735321,0.9886972308158875
86,2.8666666666666667,0.5986436605453491,0.2776605486869812,0.020741024985909462,0.9997894167900085,0.549568772315979,0.3651754856109619,0.14351841807365417,0.9991479516029358,0.589746356010437,0.34947746992111206,-0.15744487941265106,0.9999085068702698,0.5786227583885193,0.463245153427124,0.2317686378955841,0.09152466803789139,0.599294900894165,0.46773505210876465,-0.17940139770507812,0.9605264067649841,0.6154206395149231,0.47352826595306396,0.28047430515289307,0.13795694708824158,0.63939368724823,0.5118721723556519,-0.13342930376529694,0.8586696982383728,0.6264879703521729,0.4709177017211914,0.2987101376056671,0.1585680991411209,0.6531615853309631,0.5423328280448914,-0.15172024071216583,0.8305531144142151,0.553690493106842,0.5818594694137573,0.09179797768592834,0.9991039037704468,0.5811166763305664,0.5811663866043091,-0.09190519154071808,0.9994473457336426,0.5645164251327515,0.7252249121665955,0.16933594644069672,0.8854551315307617,0.6140803098678589,0.7323452830314636,-0.07792045921087265,0.9871543645858765,0.5276812314987183,0.8536751866340637,0.22111937403678894,0.9604277610778809,0.5986242890357971,0.9001481533050537,-0.014643325470387936,0.9931346774101257,0.5113607048988342,0.879977285861969,0.22467432916164398,0.9594563841819763,0.582750141620636,0.9232744574546814,-0.010135859251022339,0.9833403825759888,0.5549384951591492,0.9020192623138428,0.20478107035160065,0.9530243277549744,0.6349537968635559,0.941139817237854,-0.04106607660651207,0.9885318279266357
87,2.9,0.5981751680374146,0.2711533010005951,0.02969934791326523,0.9997800588607788,0.5500620007514954,0.3551594614982605,0.1457546353340149,0.9991621971130371,0.5912507772445679,0.3377053439617157,-0.1454884111881256,0.999915599822998,0.5717983841896057,0.4595206081867218,0.22670193016529083,0.08779481798410416,0.600105881690979,0.45190784335136414,-0.19937552511692047,0.9637492895126343,0.6124952435493469,0.4798259735107422,0.255306601524353,0.13236048817634583,0.6399689316749573,0.4905027151107788,-0.20846229791641235,0.8714815378189087,0.6229204535484314,0.4809662997722626,0.27191027998924255,0.1542004644870758,0.6541826128959656,0.5171945691108704,-0.232625350356102,0.8456087708473206,0.5551944375038147,0.5715223550796509,0.09254929423332214,0.9990565776824951,0.5844498872756958,0.5696242451667786,-0.09265808761119843,0.9994356632232666,0.5712249875068665,0.7197784781455994,0.15778371691703796,0.858704686164856,0.6147539615631104,0.723935604095459,-0.09107733517885208,0.9876964688301086,0.5469996333122253,0.8607004284858704,0.18397679924964905,0.954034686088562,0.5990960001945496,0.8941850066184998,-0.09254760295152664,0.9935175180435181,0.5316357016563416,0.8877366781234741,0.18428166210651398,0.953553318977356,0.5863491296768188,0.9196475148200989,-0.09378451853990555,0.983777642250061,0.5787903666496277,0.9050659537315369,0.1602904051542282,0.9509575963020325,0.635823667049408,0.9371775388717651,-0.13349129259586334,0.9891311526298523
88,2.933333333333333,0.6018330454826355,0.2694850265979767,0.0205046609044075,0.9997504353523254,0.5532503128051758,0.35410580039024353,0.14813441038131714,0.999131441116333,0.5878978967666626,0.33168652653694153,-0.13945984840393066,0.9999209046363831,0.5721427798271179,0.4601823389530182,0.21538732945919037,0.08310570567846298,0.6011171340942383,0.4440056383609772,-0.18382075428962708,0.9667491316795349,0.6178085207939148,0.4921899437904358,0.21486926078796387,0.1260349452495575,0.6461261510848999,0.4873301684856415,-0.18044382333755493,0.8830934166908264,0.62491774559021,0.4960028827190399,0.22815047204494476,0.14855243265628815,0.6617041230201721,0.5093117356300354,-0.20372837781906128,0.8591806292533875,0.5582390427589417,0.5660234689712524,0.0924919918179512,0.9987651109695435,0.5856711268424988,0.5628793239593506,-0.09249831736087799,0.9993044137954712,0.5757877826690674,0.7181575894355774,0.12726978957653046,0.822512686252594,0.6137822270393372,0.720291256904602,-0.07965011149644852,0.9876723289489746,0.5593534111976624,0.8698921799659729,0.17229601740837097,0.9402923583984375,0.6027362942695618,0.8936536312103271,-0.0753207728266716,0.9934578537940979,0.5473342537879944,0.8955389261245728,0.17162403464317322,0.9426590204238892,0.5920819640159607,0.9189730882644653,-0.07542721182107925,0.9830819964408875,0.5934091210365295,0.9125521779060364,0.13754034042358398,0.9443609118461609,0.6358515620231628,0.9381887912750244,-0.11272379755973816,0.9888808727264404
89,2.966666666666667,0.6050190329551697,0.2698574364185333,-0.0014841153752058744,0.9996441006660461,0.5565717220306396,0.35188448429107666,0.1421966850757599,0.998993992805481,0.5854067206382751,0.3328453004360199,-0.15187469124794006,0.9999232888221741,0.5725741982460022,0.4613678455352783,0.19906559586524963,0.07756894826889038,0.5967190861701965,0.445186972618103,-0.19418315589427948,0.9692655205726624,0.6105233430862427,0.5069423913955688,0.19017887115478516,0.11790355294942856,0.6479964852333069,0.483588844537735,-0.18905912339687347,0.8931564688682556,0.6169131994247437,0.517652153968811,0.2011905461549759,0.14051778614521027,0.6643293499946594,0.5011255145072937,-0.21438606083393097,0.8709906935691833,0.5633760094642639,0.5675873160362244,0.09156940132379532,0.9982594847679138,0.5863842368125916,0.5617070198059082,-0.09160541743040085,0.9990832209587097,0.5834800601005554,0.7199158668518066,0.12961871922016144,0.7750484943389893,0.6126080751419067,0.718664288520813,-0.07819422334432602,0.9870325326919556,0.5710500478744507,0.8762515783309937,0.19595959782600403,0.9191114902496338,0.6033129096031189,0.8940607905387878,-0.02025904692709446,0.9931464791297913,0.5602186918258667,0.8971587419509888,0.19889487326145172,0.9259369373321533,0.5926349759101868,0.9181337952613831,-0.01725906692445278,0.9818035364151001,0.6056239008903503,0.9159960746765137,0.1642593890428543,0.9344858527183533,0.6378630995750427,0.9423607587814331,-0.06634383648633957,0.9883081316947937
90,3.0,0.6080017685890198,0.27625277638435364,-0.013777574524283409,0.9994992613792419,0.5615107417106628,0.3551007807254791,0.12904317677021027,0.9987112879753113,0.5850480794906616,0.3394165635108948,-0.1507454514503479,0.9999189376831055,0.5817070603370667,0.46104636788368225,0.18416331708431244,0.0726790800690651,0.5952098369598389,0.4524857699871063,-0.1893901228904724,0.9709683656692505,0.6246250867843628,0.4931022822856903,0.16953815519809723,0.11273111402988434,0.6543718576431274,0.4848097562789917,-0.1810956448316574,0.9013218879699707,0.6313355565071106,0.49675750732421875,0.17862576246261597,0.13688763976097107,0.670518159866333,0.49751004576683044,-0.20526652038097382,0.8806082606315613,0.568938672542572,0.5723010301589966,0.08896008878946304,0.997631311416626,0.587971031665802,0.5685458183288574,-0.08888903260231018,0.9987763166427612,0.5893866419792175,0.7209371328353882,0.13189511001110077,0.738237738609314,0.6136075854301453,0.7199606895446777,-0.061040088534355164,0.9864568710327148,0.5763595700263977,0.8802128434181213,0.2062072604894638,0.9054389595985413,0.6058088541030884,0.9036794900894165,-0.004306517541408539,0.9929011464118958,0.5657933354377747,0.9026712775230408,0.2102482169866562,0.9170442223548889,0.595235288143158,0.9249449372291565,-0.00161977659445256,0.9813517928123474,0.6018878817558289,0.9149279594421387,0.17795877158641815,0.9273776412010193,0.6410064101219177,0.9473477005958557,-0.05206514149904251,0.987710177898407
91,3.033333333333333,0.6111658215522766,0.2792947292327881,0.004244870971888304,0.9993951320648193,0.5610911250114441,0.35937926173210144,0.13584263622760773,0.998566210269928,0.5901556611061096,0.34365975856781006,-0.14582480490207672,0.9999184012413025,0.5828787684440613,0.46369361877441406,0.1919175684452057,0.06869375705718994,0.5981646776199341,0.4554722309112549,-0.18463648855686188,0.972938597202301,0.6231125593185425,0.47766345739364624,0.1806057244539261,0.10980350524187088,0.6554359197616577,0.4833983778953552,-0.18250499665737152,0.9098014831542969,0.6326350569725037,0.474405974149704,0.1897663027048111,0.13612408936023712,0.6711681485176086,0.4931699335575104,-0.20607751607894897,0.8906621932983398,0.5698478817939758,0.575481653213501,0.08888780325651169,0.9973344206809998,0.590418815612793,0.5723660588264465,-0.08882724493741989,0.9986519813537598,0.5950154066085815,0.722252368927002,0.1412191092967987,0.7049112915992737,0.6159533858299255,0.7247495055198669,-0.06109031289815903,0.9863239526748657,0.5752809643745422,0.8780303001403809,0.22172857820987701,0.8905450105667114,0.6054506897926331,0.9086713790893555,-0.02227797359228134,0.9928151369094849,0.5612414479255676,0.9025830626487732,0.22625108063220978,0.9057074785232544,0.5935004949569702,0.9337171912193298,-0.02080940455198288,0.9811793565750122,0.6077836155891418,0.9076189994812012,0.20017865300178528,0.9201213717460632,0.6420754790306091,0.9484679102897644,-0.059004925191402435,0.9875282049179077
92,3.0666666666666664,0.6136102080345154,0.28345391154289246,-0.008728236891329288,0.999377429485321,0.5664979815483093,0.36275380849838257,0.1388264000415802,0.9984633922576904,0.589288055896759,0.3532310426235199,-0.15159565210342407,0.9999174475669861,0.5820112824440002,0.4764687418937683,0.20057661831378937,0.0644218921661377,0.6004324555397034,0.46032246947288513,-0.21258436143398285,0.9748135805130005,0.619797945022583,0.49608656764030457,0.18947556614875793,0.10488585382699966,0.6592609882354736,0.4825368821620941,-0.24112114310264587,0.9175997376441956,0.6263988614082336,0.4961805045604706,0.19901926815509796,0.13254161179065704,0.6753316521644592,0.4897442162036896,-0.2705855667591095,0.8999764919281006,0.5755902528762817,0.5816357731819153,0.08890736848115921,0.9970958828926086,0.5921945571899414,0.5817893147468567,-0.08883858472108841,0.9985209107398987,0.6023420691490173,0.7295096516609192,0.13965873420238495,0.6721783876419067,0.620150625705719,0.7342885136604309,-0.06558407098054886,0.9850695133209229,0.5766249895095825,0.8817624449729919,0.21665681898593903,0.8727167248725891,0.6040407419204712,0.9147972464561462,-0.026697294786572456,0.9921691417694092,0.5619233250617981,0.9079840779304504,0.2211626023054123,0.8936205506324768,0.5914847254753113,0.9397908449172974,-0.02548588626086712,0.9802085757255554,0.6076149344444275,0.9079432487487793,0.19117721915245056,0.9118530750274658,0.6435043215751648,0.952804446220398,-0.06661488115787506,0.9867652058601379
93,3.1,0.6135441064834595,0.28908905386924744,-0.005332497414201498,0.9994120597839355,0.5757200717926025,0.371249258518219,0.14476081728935242,0.9984644055366516,0.5878155827522278,0.3622138798236847,-0.14809513092041016,0.9999175071716309,0.5879765152931213,0.47863322496414185,0.21207669377326965,0.06268515437841415,0.6004385352134705,0.46589311957359314,-0.2166633903980255,0.9765888452529907,0.6374762654304504,0.47362464666366577,0.1947471797466278,0.1126139760017395,0.6579222083091736,0.47889086604118347,-0.2607339918613434,0.9249802231788635,0.6451857686042786,0.4692777991294861,0.20465300977230072,0.14527447521686554,0.6744655966758728,0.48359718918800354,-0.2917369306087494,0.9087734222412109,0.5793144106864929,0.5932433009147644,0.08831273764371872,0.9968379735946655,0.5918555855751038,0.5919815897941589,-0.08820188045501709,0.9983518719673157,0.6071294546127319,0.7382696866989136,0.11770591139793396,0.6510367393493652,0.6247946619987488,0.740946888923645,-0.07984555512666702,0.9846810102462769,0.5761412978172302,0.8863880038261414,0.17904804646968842,0.8616418838500977,0.604002058506012,0.9153966307640076,-0.040342144668102264,0.9918917417526245,0.5600382685661316,0.9119821190834045,0.182012140750885,0.887015700340271,0.5906507968902588,0.9412442445755005,-0.038895707577466965,0.9800330400466919,0.6031383275985718,0.9125903248786926,0.15272563695907593,0.9071458578109741,0.6440902352333069,0.9549587965011597,-0.08400329947471619,0.9864333868026733
94,3.1333333333333333,0.6146668195724487,0.2944111227989197,-0.0306644719094038,0.9994351863861084,0.5815228223800659,0.37517863512039185,0.1333303302526474,0.9985244870185852,0.5876715779304504,0.3708585202693939,-0.16805176436901093,0.9999147653579712,0.5964334011077881,0.47892850637435913,0.20716047286987305,0.06343873590230942,0.6024093627929688,0.4759713113307953,-0.22858276963233948,0.9781413674354553,0.6506134867668152,0.4672923982143402,0.1776001751422882,0.1364239901304245,0.6620369553565979,0.47881779074668884,-0.25264284014701843,0.931536853313446,0.6621518731117249,0.4651499390602112,0.18368567526340485,0.175374835729599,0.6788666248321533,0.4825679659843445,-0.2838388979434967,0.9165127277374268,0.5833362340927124,0.5990177392959595,0.08854599297046661,0.9967442750930786,0.5918077230453491,0.5997949838638306,-0.08844299614429474,0.9982090592384338,0.6104345917701721,0.7413709759712219,0.13479629158973694,0.6363341808319092,0.6284477710723877,0.7455804347991943,-0.0778239518404007,0.9846296906471252,0.5781067609786987,0.8853244185447693,0.2193020135164261,0.8560958504676819,0.6033833622932434,0.9147512316703796,-0.02488931082189083,0.9916739463806152,0.5614727139472961,0.9097388386726379,0.22438310086727142,0.8831219673156738,0.5900896191596985,0.941228985786438,-0.0212803166359663,0.9796973466873169,0.6053164005279541,0.9152716398239136,0.19773711264133453,0.9047819972038269,0.6427396535873413,0.9566047787666321,-0.06456077098846436,0.9861584305763245
95,3.1666666666666665,0.6139068603515625,0.2979578673839569,-0.029422445222735405,0.9994502663612366,0.5798748731613159,0.37515637278556824,0.13478991389274597,0.9985955357551575,0.5870180726051331,0.36940351128578186,-0.16792182624340057,0.9999132752418518,0.5934489369392395,0.47833454608917236,0.20672492682933807,0.06463706493377686,0.6020632982254028,0.4752020835876465,-0.23119625449180603,0.9794273376464844,0.647246778011322,0.4646182358264923,0.1746883988380432,0.16840848326683044,0.6605112552642822,0.4717147648334503,-0.26021653413772583,0.9375531077384949,0.6622620820999146,0.4637855291366577,0.1788889318704605,0.21335920691490173,0.6765082478523254,0.47461163997650146,-0.2924266755580902,0.9236888289451599,0.5848968029022217,0.5978879332542419,0.09009885787963867,0.9965712428092957,0.5940454602241516,0.5987130999565125,-0.09001706540584564,0.9980654716491699,0.6098455190658569,0.7419729232788086,0.1502905786037445,0.623444676399231,0.628745973110199,0.7486498355865479,-0.08013059198856354,0.9846311807632446,0.5794909000396729,0.8829691410064697,0.24160628020763397,0.8526931405067444,0.6029497385025024,0.9142928123474121,-0.025630660355091095,0.9916876554489136,0.5620054602622986,0.9069515466690063,0.24737444519996643,0.8811923861503601,0.5897513628005981,0.9412729144096375,-0.02351347915828228,0.9797419309616089,0.6079708933830261,0.9152482748031616,0.21871891617774963,0.9038769602775574,0.6404774785041809,0.9572687149047852,-0.07405471056699753,0.986182451248169
96,3.2,0.6145728826522827,0.29711318016052246,-0.03764087334275246,0.9994314908981323,0.58331698179245,0.3717210292816162,0.13133159279823303,0.9986459612846375,0.5850614309310913,0.368377149105072,-0.17440147697925568,0.9999069571495056,0.5959962606430054,0.47546014189720154,0.20198355615139008,0.06682662665843964,0.6007805466651917,0.47523730993270874,-0.23497222363948822,0.9804992079734802,0.6579486727714539,0.47053924202919006,0.15982164442539215,0.2006044089794159,0.6574732661247253,0.46418699622154236,-0.2586425840854645,0.9428443908691406,0.6677749156951904,0.4588918685913086,0.16101844608783722,0.24994048476219177,0.6738237738609314,0.4664554297924042,-0.28974631428718567,0.9299529790878296,0.5876178741455078,0.5944671630859375,0.09048520773649216,0.9961541891098022,0.5952310562133789,0.5981395840644836,-0.09042810648679733,0.9976708889007568,0.60877925157547,0.741199791431427,0.14705422520637512,0.6095563769340515,0.6266956925392151,0.7469909191131592,-0.07960149645805359,0.9838646054267883,0.5785261988639832,0.8824912905693054,0.2241651713848114,0.8494845628738403,0.6027708053588867,0.9136694669723511,-0.02538018673658371,0.9913511872291565,0.5623656511306763,0.905181884765625,0.22843416035175323,0.8785780072212219,0.589555025100708,0.9403659105300903,-0.022531187161803246,0.9786523580551147,0.6098259687423706,0.9176946878433228,0.19671562314033508,0.9025460481643677,0.6378346085548401,0.9576001167297363,-0.07365047931671143,0.9856998920440674
97,3.2333333333333334,0.6141481399536133,0.29248127341270447,-0.029175730422139168,0.9994192123413086,0.5823857188224792,0.3672860860824585,0.13472256064414978,0.9986640810966492,0.5849053859710693,0.36271044611930847,-0.16996251046657562,0.9999004602432251,0.5960012674331665,0.47385314106941223,0.20226818323135376,0.06918223202228546,0.5989381670951843,0.47286686301231384,-0.2352873533964157,0.981397807598114,0.6587945818901062,0.4739556908607483,0.15763860940933228,0.22412921488285065,0.6552203297615051,0.45661070942878723,-0.26454269886016846,0.9474942088127136,0.6688346862792969,0.454108864068985,0.158796027302742,0.2763303518295288,0.6710025668144226,0.4555947482585907,-0.295602023601532,0.9354154467582703,0.5875303745269775,0.5862026810646057,0.09121869504451752,0.9957785606384277,0.5970386266708374,0.5905777215957642,-0.09118020534515381,0.9973933696746826,0.606158971786499,0.7365542650222778,0.14266084134578705,0.6010059118270874,0.6259580850601196,0.7447877526283264,-0.08508839458227158,0.9831465482711792,0.5787120461463928,0.8816075921058655,0.21560588479042053,0.8478094339370728,0.6018328070640564,0.9138169288635254,-0.04233064129948616,0.9911921620368958,0.5641480088233948,0.9041199088096619,0.2194676548242569,0.8766305446624756,0.5890329480171204,0.9401261806488037,-0.04168815538287163,0.9780784249305725,0.6085394620895386,0.9173705577850342,0.18563604354858398,0.9024990797042847,0.637192964553833,0.9573792815208435,-0.10421344637870789,0.9855779409408569
98,3.2666666666666666,0.6134899258613586,0.28840887546539307,-0.025245405733585358,0.9993649125099182,0.5805338621139526,0.3642289340496063,0.14146529138088226,0.9986008405685425,0.5847826600074768,0.35898488759994507,-0.16797205805778503,0.9998936057090759,0.5975145101547241,0.46933454275131226,0.20350240170955658,0.06989677250385284,0.5986963510513306,0.46306511759757996,-0.23579667508602142,0.9822248816490173,0.6594927310943604,0.47527754306793213,0.1646416187286377,0.23034480214118958,0.6558396220207214,0.4489857256412506,-0.2661326825618744,0.9517470598220825,0.6685506105422974,0.450712651014328,0.16853198409080505,0.2843978703022003,0.6716662645339966,0.44917938113212585,-0.2984429597854614,0.9403935670852661,0.5860580801963806,0.5803219079971313,0.09131104499101639,0.9952205419540405,0.5979225635528564,0.5847983956336975,-0.09127862006425858,0.9970600605010986,0.6028449535369873,0.7348065376281738,0.14223219454288483,0.5911188721656799,0.6194067001342773,0.7428424954414368,-0.08234311640262604,0.981970489025116,0.579497754573822,0.8822165131568909,0.21401353180408478,0.8453654646873474,0.6016306281089783,0.9152390956878662,-0.04098217189311981,0.9909756183624268,0.5661734342575073,0.9040400981903076,0.21758991479873657,0.8747587203979492,0.5888988375663757,0.9405616521835327,-0.04133009910583496,0.9776291847229004,0.6083571910858154,0.9166952967643738,0.18546247482299805,0.9019761681556702,0.6371496319770813,0.957811713218689,-0.10061176866292953,0.9853189587593079
99,3.3,0.6129052639007568,0.2844427227973938,-0.030775930732488632,0.9993461966514587,0.5779503583908081,0.3609609007835388,0.13467293977737427,0.9985328912734985,0.5858119130134583,0.3563684821128845,-0.16687725484371185,0.9998865127563477,0.5946745276451111,0.4637289047241211,0.20607052743434906,0.06765040010213852,0.5998081564903259,0.45906689763069153,-0.22794589400291443,0.982610821723938,0.6525007486343384,0.45178693532943726,0.19511494040489197,0.22699370980262756,0.6591618657112122,0.4471151530742645,-0.247456356883049,0.9549664855003357,0.6616947054862976,0.4419632852077484,0.20330505073070526,0.2837670147418976,0.6741983890533447,0.4467214345932007,-0.2802630066871643,0.9440919756889343,0.5837631225585938,0.5783370733261108,0.09126162528991699,0.994953989982605,0.5987421870231628,0.5832141637802124,-0.09122807532548904,0.9969239234924316,0.6007156372070312,0.7338971495628357,0.15932697057724,0.5814229846000671,0.6154987812042236,0.7425679564476013,-0.07034551352262497,0.9808640480041504,0.578301727771759,0.8817235827445984,0.2521585524082184,0.8416811227798462,0.6015353798866272,0.9162104725837708,-0.020469479262828827,0.9907264113426208,0.5649021863937378,0.9035844802856445,0.2577243447303772,0.8710687160491943,0.5887632966041565,0.9417402744293213,-0.01942785643041134,0.9771274924278259,0.6035919189453125,0.913654088973999,0.2225491851568222,0.9008239507675171,0.6371352672576904,0.9574241638183594,-0.0840795561671257,0.984988808631897
100,3.3333333333333335,0.6125621199607849,0.28218549489974976,-0.03411862999200821,0.9993358850479126,0.5778605341911316,0.36035671830177307,0.1285523623228073,0.9984925985336304,0.5859218239784241,0.3550439178943634,-0.1658267378807068,0.9998778700828552,0.5936778783798218,0.4608772397041321,0.2028617262840271,0.06674227118492126,0.6001083254814148,0.4560982286930084,-0.22014100849628448,0.9828892946243286,0.6511355042457581,0.4493999481201172,0.19228044152259827,0.22747553884983063,0.6595965623855591,0.44526082277297974,-0.2164115458726883,0.9576553106307983,0.659509003162384,0.43758487701416016,0.1998225599527359,0.2864779233932495,0.6744970083236694,0.44489672780036926,-0.24561002850532532,0.9471118450164795,0.5838289856910706,0.5782482028007507,0.09005921334028244,0.9948709607124329,0.599335253238678,0.5824099779129028,-0.09003601223230362,0.9968481063842773,0.5997804999351501,0.7331786751747131,0.1608087122440338,0.5756723880767822,0.6124306917190552,0.741562008857727,-0.05805353820323944,0.9798855781555176,0.5776189565658569,0.8816588521003723,0.2532746493816376,0.8407711982727051,0.6013950109481812,0.9161106944084167,-0.0007926012622192502,0.9905077219009399,0.5648043751716614,0.9043691754341125,0.2589412331581116,0.8701977729797363,0.5886921286582947,0.9418776631355286,0.001262061414308846,0.9767858982086182,0.600986123085022,0.910960853099823,0.22311700880527496,0.9010931849479675,0.6374077200889587,0.9573501944541931,-0.061695002019405365,0.9847041368484497
101,3.3666666666666667,0.6122416853904724,0.2807208299636841,-0.02892456017434597,0.9992725849151611,0.5797760486602783,0.36035972833633423,0.12986530363559723,0.9983834624290466,0.5857778787612915,0.35479041934013367,-0.16026738286018372,0.9998661875724792,0.5932157635688782,0.4611937403678894,0.20009276270866394,0.06539688259363174,0.599640965461731,0.45675843954086304,-0.20105284452438354,0.9834905862808228,0.6490234732627869,0.4554435610771179,0.16993528604507446,0.22457604110240936,0.6584051847457886,0.44458040595054626,-0.19286073744297028,0.9603503942489624,0.6588272452354431,0.4449714720249176,0.17334488034248352,0.2846626341342926,0.6733653545379639,0.4447188079357147,-0.2198616862297058,0.9500924944877625,0.5851970911026001,0.5775256156921387,0.08890403062105179,0.994383692741394,0.5989173054695129,0.5810128450393677,-0.08887151628732681,0.9965432286262512,0.5989946722984314,0.7328357696533203,0.14525587856769562,0.5702695250511169,0.610122561454773,0.7389693260192871,-0.06178943067789078,0.9790517091751099,0.5789533257484436,0.8827977776527405,0.2223847210407257,0.8396784663200378,0.6007973551750183,0.9158769249916077,-0.01183388102799654,0.9902176260948181,0.5661875605583191,0.9058152437210083,0.22557005286216736,0.8689875602722168,0.5884503722190857,0.9416512250900269,-0.010158419609069824,0.9760189056396484,0.604995608329773,0.9105370044708252,0.1831577867269516,0.901138961315155,0.637531042098999,0.9570658206939697,-0.06557334959506989,0.9843854904174805
102,3.4,0.6121217012405396,0.2810198962688446,-0.03177216649055481,0.9992705583572388,0.5800611972808838,0.36042320728302,0.12934651970863342,0.998355507850647,0.58549964427948,0.35492047667503357,-0.16096042096614838,0.9998576641082764,0.5929653644561768,0.4614834785461426,0.19997566938400269,0.06601288914680481,0.5984293222427368,0.45808595418930054,-0.20121735334396362,0.9841820001602173,0.6478224396705627,0.44354063272476196,0.1712125688791275,0.23253223299980164,0.6577346324920654,0.4465450048446655,-0.19095824658870697,0.9628720283508301,0.6595746874809265,0.4367830753326416,0.17510253190994263,0.2948622405529022,0.6726518273353577,0.4460708498954773,-0.21768002212047577,0.9528657793998718,0.5853211283683777,0.5777155160903931,0.08840299397706985,0.9942705631256104,0.5987279415130615,0.5809918642044067,-0.08837232738733292,0.9964348077774048,0.5985507369041443,0.7328159213066101,0.14678454399108887,0.5694842338562012,0.6087655425071716,0.7388617396354675,-0.062448084354400635,0.9788405299186707,0.5794808268547058,0.8835145831108093,0.22747920453548431,0.8407666087150574,0.6000422835350037,0.9157164692878723,-0.011189071461558342,0.9901636838912964,0.5664506554603577,0.9069892764091492,0.23130440711975098,0.8689603209495544,0.587861955165863,0.9415012001991272,-0.00969253946095705,0.9756540656089783,0.6059331297874451,0.909737765789032,0.19041304290294647,0.9023354649543762,0.6363192796707153,0.9565079212188721,-0.069829061627388,0.9843515157699585
103,3.433333333333333,0.6118834614753723,0.2813030779361725,-0.038250818848609924,0.9992530941963196,0.5805099010467529,0.36070767045021057,0.12844690680503845,0.9983735084533691,0.5848361849784851,0.3553502559661865,-0.16598160564899445,0.9998446702957153,0.5953004360198975,0.4616128206253052,0.19595864415168762,0.06902020424604416,0.5983747243881226,0.4606081545352936,-0.21670649945735931,0.9846151471138,0.6617404222488403,0.44992005825042725,0.15578068792819977,0.25224769115448,0.6577991247177124,0.4472598433494568,-0.22163031995296478,0.9652129411697388,0.6706797480583191,0.43828991055488586,0.1577703058719635,0.31622859835624695,0.6728635430335999,0.44648364186286926,-0.2515305280685425,0.9555356502532959,0.585749626159668,0.5781504511833191,0.08840154856443405,0.9941098690032959,0.5987686514854431,0.5810322761535645,-0.08837320655584335,0.9963119626045227,0.5984204411506653,0.7328405976295471,0.15859785676002502,0.5711869597434998,0.6079524159431458,0.7396503686904907,-0.06365963816642761,0.9787535667419434,0.5794149041175842,0.8841749429702759,0.24955002963542938,0.8444440960884094,0.5998191833496094,0.9156158566474915,-0.013831105083227158,0.9902111887931824,0.5664618611335754,0.9082642197608948,0.25466376543045044,0.8708674311637878,0.5878327488899231,0.9416458010673523,-0.012455238960683346,0.9755248427391052,0.6054209470748901,0.9091564416885376,0.21580465137958527,0.9046237468719482,0.6363600492477417,0.9562912583351135,-0.07196605950593948,0.984411895275116
104,3.466666666666667,0.611706018447876,0.2814895212650299,-0.03785454481840134,0.9992334246635437,0.5801470279693604,0.36081790924072266,0.1281100958585739,0.9984039068222046,0.5846468210220337,0.355506956577301,-0.16683943569660187,0.9998350143432617,0.5957399606704712,0.46171051263809204,0.19341887533664703,0.07155781239271164,0.5983211994171143,0.4618205726146698,-0.2171524614095688,0.9851285219192505,0.660862922668457,0.4526843726634979,0.15127192437648773,0.2696628272533417,0.658298671245575,0.44733065366744995,-0.22100530564785004,0.967440664768219,0.6693547964096069,0.4387465715408325,0.15290041267871857,0.33526697754859924,0.6733518242835999,0.4464379549026489,-0.2504209876060486,0.958102822303772,0.5857439637184143,0.5783188343048096,0.08840317279100418,0.9940049052238464,0.5988290905952454,0.5812780261039734,-0.08837565779685974,0.9962088465690613,0.5982620716094971,0.7328414916992188,0.15917342901229858,0.5726345777511597,0.6077060103416443,0.7396174073219299,-0.0643685981631279,0.9786702394485474,0.5797824263572693,0.8852024674415588,0.2485559731721878,0.8476594686508179,0.5992831587791443,0.915536105632782,-0.01370838563889265,0.9902246594429016,0.5667588114738464,0.9092978835105896,0.253555029630661,0.8725587129592896,0.5874643921852112,0.9415597915649414,-0.012197044678032398,0.9752916693687439,0.6057538390159607,0.9089892506599426,0.215754896402359,0.9066229462623596,0.6363592743873596,0.9561337232589722,-0.07332632690668106,0.9844279885292053
105,3.5,0.6109132766723633,0.28106382489204407,-0.033988479524850845,0.9992149472236633,0.5800517201423645,0.3608548045158386,0.1301661878824234,0.9983549118041992,0.5841859579086304,0.35528308153152466,-0.1655101627111435,0.9998329877853394,0.5931402444839478,0.46337416768074036,0.17767754197120667,0.06997408717870712,0.5990259051322937,0.45977985858917236,-0.21601516008377075,0.9859150648117065,0.6204965114593506,0.5176093578338623,0.12312116473913193,0.25501781702041626,0.6596643328666687,0.44363194704055786,-0.21637819707393646,0.9692777395248413,0.6400280594825745,0.5314334034919739,0.12226484715938568,0.31831395626068115,0.6743034720420837,0.44356009364128113,-0.24607351422309875,0.9601342678070068,0.5860708951950073,0.5779873728752136,0.08846525102853775,0.9941091537475586,0.5986974239349365,0.5801146626472473,-0.08845031261444092,0.996272087097168,0.5979738235473633,0.7328552007675171,0.15096525847911835,0.5778200030326843,0.6064313650131226,0.7390114068984985,-0.06440895050764084,0.9781720042228699,0.580312192440033,0.8873885869979858,0.2410712093114853,0.8515280485153198,0.5984145998954773,0.9158868193626404,-0.011948424391448498,0.9901244044303894,0.5670639872550964,0.9106450080871582,0.24523989856243134,0.8749122023582458,0.5866310000419617,0.9414973258972168,-0.010206208564341068,0.9744812846183777,0.6058384776115417,0.9105958342552185,0.19828255474567413,0.909273624420166,0.6358786821365356,0.9560173749923706,-0.07408137619495392,0.9844676852226257
106,3.533333333333333,0.6105049252510071,0.2801298201084137,-0.03269439563155174,0.9992135763168335,0.5804854035377502,0.36098846793174744,0.13067562878131866,0.9983382225036621,0.5829073786735535,0.3546084463596344,-0.16608892381191254,0.9998327493667603,0.5936537981033325,0.46359625458717346,0.17940615117549896,0.07001122832298279,0.5997335910797119,0.4566577970981598,-0.22257575392723083,0.9866383075714111,0.6197696924209595,0.5193904638290405,0.13289913535118103,0.24944379925727844,0.6620094776153564,0.4414573013782501,-0.23545284569263458,0.9712985754013062,0.6397032141685486,0.527115523815155,0.13400085270404816,0.3118574321269989,0.67652827501297,0.441605806350708,-0.26778891682624817,0.9624857306480408,0.5866764187812805,0.57785964012146,0.08823093771934509,0.9941971898078918,0.598497211933136,0.5796325206756592,-0.08823072910308838,0.9963181614875793,0.5974153876304626,0.7329543232917786,0.1466584950685501,0.5838671922683716,0.6052481532096863,0.7389949560165405,-0.06456509232521057,0.9775708913803101,0.5808485746383667,0.8887706398963928,0.23753686249256134,0.8553172945976257,0.5980148911476135,0.9167616367340088,-0.006062410306185484,0.989987313747406,0.5672878623008728,0.9113976359367371,0.24191230535507202,0.8774359822273254,0.5862999558448792,0.9415079951286316,-0.004003501962870359,0.9736481308937073,0.6061505079269409,0.913641095161438,0.19253860414028168,0.9119717478752136,0.6354764699935913,0.9559404253959656,-0.07191504538059235,0.9844241738319397
107,3.5666666666666664,0.6101652383804321,0.2796897292137146,-0.035439569503068924,0.9992184042930603,0.5805654525756836,0.3610861897468567,0.1298188418149948,0.9983431696891785,0.5816419124603271,0.3542048931121826,-0.17013174295425415,0.9998334050178528,0.5939074158668518,0.4638921618461609,0.17615798115730286,0.07083255052566528,0.5997554063796997,0.45573779940605164,-0.23367561399936676,0.9873033761978149,0.6197061538696289,0.5208004713058472,0.12698109447956085,0.24507339298725128,0.6623972654342651,0.44110023975372314,-0.25432413816452026,0.9730954766273499,0.6385377049446106,0.5345250964164734,0.127456396818161,0.3063924014568329,0.6769837737083435,0.44140636920928955,-0.28807389736175537,0.9646002650260925,0.5868669748306274,0.5779055953025818,0.08823050558567047,0.9943264722824097,0.5983535647392273,0.5795620679855347,-0.08823192864656448,0.9963929653167725,0.5968539714813232,0.7331116795539856,0.14686910808086395,0.5913352370262146,0.6047084927558899,0.7389800548553467,-0.06455261260271072,0.9771627187728882,0.5807462930679321,0.8894807696342468,0.2377764731645584,0.8593584299087524,0.5978472828865051,0.9168141484260559,-0.003169570118188858,0.989924967288971,0.5672271847724915,0.912020206451416,0.24242350459098816,0.8801637291908264,0.5861567854881287,0.9414780735969543,-0.0010709925554692745,0.9729989767074585,0.6061728000640869,0.9145722985267639,0.1952424794435501,0.9148132801055908,0.6346383690834045,0.9558670520782471,-0.07104066014289856,0.9844726324081421
108,3.6,0.6097679734230042,0.27941808104515076,-0.03406451269984245,0.999220073223114,0.5793243050575256,0.3617054522037506,0.13016387820243835,0.9983171820640564,0.5816651582717896,0.3535630702972412,-0.1654629111289978,0.9998313784599304,0.5912514328956604,0.4643923342227936,0.17955787479877472,0.06949752569198608,0.5997229814529419,0.4550793170928955,-0.2286657691001892,0.9876280426979065,0.6173593997955322,0.5104081034660339,0.12991629540920258,0.2347770631313324,0.6624636054039001,0.440396785736084,-0.2476498931646347,0.9743894338607788,0.6362829208374023,0.5242013931274414,0.13914895057678223,0.29511213302612305,0.6772829294204712,0.4407278895378113,-0.2803322970867157,0.9661181569099426,0.5868279933929443,0.5779904127120972,0.08759529888629913,0.9944502711296082,0.598311722278595,0.5791613459587097,-0.08760879188776016,0.996451735496521,0.5944662094116211,0.7334408164024353,0.1471540778875351,0.5963795781135559,0.6042215824127197,0.7387428283691406,-0.057300250977277756,0.976941704750061,0.5803625583648682,0.8898196816444397,0.23746930062770844,0.8625630140304565,0.597831130027771,0.9167597889900208,0.009076910093426704,0.9899604916572571,0.5669859051704407,0.9124301671981812,0.24229440093040466,0.8823813199996948,0.5861673355102539,0.9414511919021606,0.012047101743519306,0.9727684855461121,0.6060240268707275,0.9144394993782043,0.19795936346054077,0.9168676137924194,0.6344384551048279,0.9558035135269165,-0.05368947982788086,0.9845093488693237
109,3.6333333333333333,0.6092048287391663,0.27951133251190186,-0.027842434123158455,0.9992218613624573,0.5786798596382141,0.36197730898857117,0.1328572928905487,0.9982591867446899,0.5816689133644104,0.3534790575504303,-0.1598672866821289,0.9998311996459961,0.589533805847168,0.46456706523895264,0.18152111768722534,0.06778278946876526,0.599681556224823,0.4550062119960785,-0.2286495864391327,0.9880460500717163,0.6211544871330261,0.5208712816238403,0.13437862694263458,0.2218451201915741,0.6620548963546753,0.43840283155441284,-0.25966203212738037,0.9756209254264832,0.6301831603050232,0.532287061214447,0.14015072584152222,0.28045541048049927,0.6768929958343506,0.43957626819610596,-0.2929568588733673,0.9676235914230347,0.5866474509239197,0.5780531764030457,0.08744999021291733,0.9945449233055115,0.5982649326324463,0.57917320728302,-0.08746896684169769,0.9965221285820007,0.5933313965797424,0.733589768409729,0.14634959399700165,0.6006522178649902,0.6038046479225159,0.7387154698371887,-0.05888920649886131,0.9768245816230774,0.5801075100898743,0.8898041248321533,0.2360677421092987,0.8648408651351929,0.5977622866630554,0.9166979789733887,0.0025561379734426737,0.9899960160255432,0.5668455958366394,0.912512481212616,0.2409757822751999,0.8837432265281677,0.5861485600471497,0.9414421916007996,0.004996699281036854,0.9724775552749634,0.6060212850570679,0.9143348336219788,0.19657771289348602,0.918450117111206,0.6341333389282227,0.9557593464851379,-0.059888966381549835,0.9845549464225769
110,3.6666666666666665,0.6088806390762329,0.27946901321411133,-0.022085759788751602,0.999222457408905,0.578568160533905,0.36243030428886414,0.13647246360778809,0.9981629848480225,0.5814058184623718,0.35333001613616943,-0.15630702674388885,0.9998330473899841,0.5886134505271912,0.46540993452072144,0.18166324496269226,0.06545773148536682,0.5994250178337097,0.45425447821617126,-0.23043526709079742,0.9885511994361877,0.6118684411048889,0.524945080280304,0.14275382459163666,0.20834460854530334,0.6618432998657227,0.4364645481109619,-0.27023717761039734,0.9769211411476135,0.6226459741592407,0.5393233895301819,0.1502489298582077,0.2650110423564911,0.6766613125801086,0.4383231997489929,-0.30406075716018677,0.969238817691803,0.5865828394889832,0.5783268213272095,0.08728662878274918,0.9946153163909912,0.5982226133346558,0.5792437791824341,-0.08730694651603699,0.9965945482254028,0.5928729772567749,0.7337179780006409,0.14044997096061707,0.6038700342178345,0.6038209199905396,0.7387005090713501,-0.05977226048707962,0.976540744304657,0.5800049304962158,0.8897912502288818,0.22314687073230743,0.8658288717269897,0.5977639555931091,0.9167143702507019,-0.00036984559847041965,0.9899618625640869,0.5670046210289001,0.9124175310134888,0.22737066447734833,0.8843547105789185,0.5861693620681763,0.94142085313797,0.0018782950937747955,0.9720938205718994,0.6062256097793579,0.91423499584198,0.1850922703742981,0.9194121956825256,0.6338778734207153,0.9557177424430847,-0.062060218304395676,0.984525740146637
111,3.6999999999999997,0.6085100173950195,0.2795179486274719,-0.022402724251151085,0.9992156624794006,0.5779769420623779,0.3625890016555786,0.13626310229301453,0.9980178475379944,0.5811102390289307,0.3531304895877838,-0.1570294350385666,0.9998354911804199,0.5861169099807739,0.46650680899620056,0.1858290284872055,0.06258967518806458,0.5992010831832886,0.45371031761169434,-0.23878727853298187,0.989013135433197,0.6169110536575317,0.5191997289657593,0.16119010746479034,0.1953224539756775,0.6617345809936523,0.4354099929332733,-0.2858317494392395,0.9782082438468933,0.6249731183052063,0.5291274189949036,0.1692555844783783,0.25036078691482544,0.6765276193618774,0.4370022416114807,-0.32078686356544495,0.9708799123764038,0.5861201882362366,0.5788885354995728,0.08718038350343704,0.9945946335792542,0.5978074669837952,0.5796434879302979,-0.08720020949840546,0.9966487884521484,0.5926230549812317,0.7339674830436707,0.14312754571437836,0.6070764660835266,0.6036117076873779,0.7393628358840942,-0.0596032552421093,0.9767171144485474,0.579896867275238,0.8897002339363098,0.2332904040813446,0.8672029972076416,0.597765326499939,0.9168272018432617,-0.0003700223460327834,0.9901002645492554,0.5670012831687927,0.9123705625534058,0.23852334916591644,0.8852968215942383,0.5861840844154358,0.9414876699447632,0.0018891183426603675,0.9722177386283875,0.6062073111534119,0.9141489863395691,0.1976570338010788,0.9206677079200745,0.6337708830833435,0.9556811451911926,-0.06314732879400253,0.984697699546814
112,3.7333333333333334,0.6080535650253296,0.27942365407943726,-0.022607136517763138,0.9992097020149231,0.5772553086280823,0.3627459704875946,0.135885551571846,0.9978100061416626,0.5807327032089233,0.35273605585098267,-0.15749262273311615,0.9998379945755005,0.5847717523574829,0.4671124815940857,0.1860615611076355,0.05955604836344719,0.5989886522293091,0.45203572511672974,-0.24294136464595795,0.9894046783447266,0.6175371408462524,0.5188992619514465,0.16350622475147247,0.18143866956233978,0.6615188717842102,0.43491989374160767,-0.29303282499313354,0.979261040687561,0.6225671768188477,0.5281619429588318,0.17179611325263977,0.23411555588245392,0.6763637661933899,0.4360802471637726,-0.32860052585601807,0.9722341895103455,0.5853115320205688,0.5795302391052246,0.08691669255495071,0.9945712089538574,0.5973291993141174,0.5803118944168091,-0.0869346410036087,0.9967191219329834,0.5924149751663208,0.7339809536933899,0.14370892941951752,0.6102107167243958,0.6034607291221619,0.7394201159477234,-0.05818765610456467,0.9770248532295227,0.5798311829566956,0.8896225094795227,0.23658199608325958,0.8686325550079346,0.5977662801742554,0.9168317914009094,0.0011591853108257055,0.9903133511543274,0.5669146776199341,0.9122871160507202,0.24213333427906036,0.8863827586174011,0.5861939787864685,0.9415604472160339,0.003360833041369915,0.9726060032844543,0.6061006784439087,0.9129981994628906,0.20238591730594635,0.922002375125885,0.6337271332740784,0.9556605815887451,-0.06218390539288521,0.9849622845649719
113,3.7666666666666666,0.6078141927719116,0.27944713830947876,-0.023068003356456757,0.999204158782959,0.5770463347434998,0.3628407418727875,0.13565631210803986,0.9976152777671814,0.5803773999214172,0.35247498750686646,-0.1577180027961731,0.9998399615287781,0.5842768549919128,0.46746525168418884,0.18619631230831146,0.056927040219306946,0.59881591796875,0.4511629343032837,-0.24066951870918274,0.9897894263267517,0.6180543303489685,0.5186830759048462,0.16302306950092316,0.16922864317893982,0.661268413066864,0.4345455765724182,-0.28756675124168396,0.9802308082580566,0.6224568486213684,0.5279143452644348,0.17068621516227722,0.21985779702663422,0.6762464046478271,0.43548765778541565,-0.32245486974716187,0.9734634160995483,0.5850004553794861,0.5798211097717285,0.08640573173761368,0.9945089221000671,0.5968949794769287,0.5806254148483276,-0.08641704171895981,0.99676114320755,0.5923214554786682,0.733992338180542,0.14259035885334015,0.612636923789978,0.6033768057823181,0.7394140958786011,-0.05860662832856178,0.9772207736968994,0.5797954797744751,0.8895506262779236,0.23340637981891632,0.8695356249809265,0.5977665185928345,0.91681969165802,0.00012943788897246122,0.9904466271400452,0.5668508410453796,0.912243664264679,0.23891541361808777,0.8870775103569031,0.5861955285072327,0.9416134357452393,0.0023889585863798857,0.9728086590766907,0.6060200929641724,0.9125914573669434,0.19948239624500275,0.9229369163513184,0.6337128281593323,0.9556377530097961,-0.06243705376982689,0.9851158857345581
114,3.8,0.6070655584335327,0.27929481863975525,-0.03092062659561634,0.9991760849952698,0.5759907364845276,0.36264798045158386,0.131989985704422,0.9974302053451538,0.580034077167511,0.3524056673049927,-0.1675536036491394,0.9998400211334229,0.5797023177146912,0.47061556577682495,0.181935653090477,0.05381518974900246,0.5983304381370544,0.4513677954673767,-0.2639881670475006,0.9900914430618286,0.6034594178199768,0.5368781089782715,0.15689674019813538,0.15604375302791595,0.6611053943634033,0.4343033730983734,-0.3239293396472931,0.9810128211975098,0.6107099652290344,0.5534996390342712,0.1652173548936844,0.20404481887817383,0.6765266060829163,0.43486487865448,-0.361807256937027,0.9745405912399292,0.5839539766311646,0.5810256600379944,0.08757071197032928,0.9945942163467407,0.5964740514755249,0.5826432108879089,-0.08760908991098404,0.9968672394752502,0.5923004150390625,0.7341271042823792,0.15736645460128784,0.6161667108535767,0.6034719944000244,0.7412792444229126,-0.05465789884328842,0.9771571159362793,0.5797644853591919,0.889498233795166,0.26197299361228943,0.8705642223358154,0.5980798602104187,0.9168258309364319,0.01455324050039053,0.9905545115470886,0.56676185131073,0.9121960401535034,0.26867979764938354,0.8875200748443604,0.5866243839263916,0.9422668218612671,0.017754964530467987,0.9728503823280334,0.6060296297073364,0.911695122718811,0.22985588014125824,0.9241728782653809,0.6339657306671143,0.9556154608726501,-0.049000971019268036,0.9853115081787109
115,3.8333333333333335,0.6065515875816345,0.2793519198894501,-0.029605763033032417,0.9991621375083923,0.5734809637069702,0.36269453167915344,0.13311906158924103,0.9972554445266724,0.5798797011375427,0.3520171642303467,-0.16691572964191437,0.9998407363891602,0.5765772461891174,0.47115272283554077,0.18315650522708893,0.05099019035696983,0.5981026291847229,0.4504702687263489,-0.26099851727485657,0.9904196858406067,0.6005397439002991,0.5321795344352722,0.1649474948644638,0.14420552551746368,0.6610940098762512,0.43339768052101135,-0.31978118419647217,0.9818618893623352,0.6079277396202087,0.5485280752182007,0.17489176988601685,0.18977709114551544,0.6767941117286682,0.4336978495121002,-0.35692137479782104,0.975680947303772,0.5821300745010376,0.5810801982879639,0.08815621584653854,0.9946004748344421,0.5950193405151367,0.5828827619552612,-0.08819355070590973,0.9969375729560852,0.5924558043479919,0.7340682148933411,0.1567377746105194,0.6165255904197693,0.6035748720169067,0.7416335940361023,-0.055214930325746536,0.9771226644515991,0.5793477296829224,0.8884782195091248,0.25667986273765564,0.8690158128738403,0.5985345840454102,0.9168139100074768,0.009480169042944908,0.9906103610992432,0.5664554238319397,0.911594808101654,0.2629283368587494,0.8860141038894653,0.5874499082565308,0.9429938197135925,0.012171349488198757,0.9730689525604248,0.6060118079185486,0.9099547863006592,0.22505593299865723,0.9239627718925476,0.6360130310058594,0.9554662704467773,-0.05387236550450325,0.9854526519775391
116,3.8666666666666667,0.6059859395027161,0.27968376874923706,-0.029057838022708893,0.9991673231124878,0.5729190707206726,0.3625071346759796,0.1336037814617157,0.9971581101417542,0.5794145464897156,0.3521527647972107,-0.16850532591342926,0.9998429417610168,0.5753716230392456,0.47115013003349304,0.18346689641475677,0.04871886596083641,0.5980952382087708,0.4497702717781067,-0.2666429877281189,0.9906827807426453,0.5984869599342346,0.5396808981895447,0.1682693362236023,0.13313309848308563,0.6612889170646667,0.43222641944885254,-0.3285772204399109,0.982479453086853,0.6049336194992065,0.5530197620391846,0.17858853936195374,0.1761114001274109,0.6767691969871521,0.4321800768375397,-0.36609333753585815,0.9765350818634033,0.5814387798309326,0.5809308290481567,0.08892706036567688,0.9947241544723511,0.5928152799606323,0.5829941034317017,-0.0889662355184555,0.9970487356185913,0.5929943919181824,0.7340490818023682,0.15843865275382996,0.6200984716415405,0.6036559343338013,0.7416850924491882,-0.05544974282383919,0.9769017100334167,0.5778529644012451,0.886158287525177,0.261128693819046,0.8679237365722656,0.5988235473632812,0.9168274402618408,0.007608374580740929,0.9905315637588501,0.5650832653045654,0.9095591306686401,0.2678655982017517,0.8844507932662964,0.5881059169769287,0.9438089728355408,0.010101737454533577,0.9730446934700012,0.6003789305686951,0.9070624113082886,0.23138883709907532,0.9237110614776611,0.6370530724525452,0.9553585648536682,-0.056132134050130844,0.985465943813324
117,3.9,0.604977548122406,0.2798291742801666,-0.025155849754810333,0.9991663694381714,0.5730757117271423,0.36229628324508667,0.13575583696365356,0.9969698786735535,0.5778862833976746,0.3522653579711914,-0.16812247037887573,0.9998438954353333,0.5759083032608032,0.4712461233139038,0.18373849987983704,0.04646278917789459,0.5977568030357361,0.44586408138275146,-0.27201440930366516,0.9909676909446716,0.5947049856185913,0.5517853498458862,0.16567830741405487,0.12230516970157623,0.6613096594810486,0.4300242066383362,-0.3392789959907532,0.9828768372535706,0.5992476344108582,0.573858916759491,0.17799891531467438,0.16249941289424896,0.6767299175262451,0.4267439842224121,-0.3773905634880066,0.9770948886871338,0.5813004970550537,0.5807014107704163,0.08966299146413803,0.9948192238807678,0.5903307795524597,0.5830149054527283,-0.08970153331756592,0.9971461296081543,0.5938035249710083,0.7339308857917786,0.15563756227493286,0.6222211718559265,0.6039184927940369,0.7416862845420837,-0.05616625398397446,0.9765705466270447,0.5770547389984131,0.8833356499671936,0.25811567902565,0.8657041192054749,0.5992952585220337,0.9165049195289612,0.007263950537890196,0.990380048751831,0.5645352005958557,0.906101405620575,0.2637639343738556,0.8819904923439026,0.5884467959403992,0.9438530206680298,0.009679438546299934,0.9727855324745178,0.597385823726654,0.9058883786201477,0.22430364787578583,0.9229000210762024,0.6378825902938843,0.9552692770957947,-0.05841682851314545,0.985388994216919
