frame_id,timestamp,nose_x,nose_y,nose_z,nose_visibility,left_shoulder_x,left_shoulder_y,left_shoulder_z,left_shoulder_visibility,right_shoulder_x,right_shoulder_y,right_shoulder_z,right_shoulder_visibility,left_elbow_x,left_elbow_y,left_elbow_z,left_elbow_visibility,right_elbow_x,right_elbow_y,right_elbow_z,right_elbow_visibility,left_wrist_x,left_wrist_y,left_wrist_z,left_wrist_visibility,right_wrist_x,right_wrist_y,right_wrist_z,right_wrist_visibility,left_pinky_x,left_pinky_y,left_pinky_z,left_pinky_visibility,right_pinky_x,right_pinky_y,right_pinky_z,right_pinky_visibility,left_hip_x,left_hip_y,left_hip_z,left_hip_visibility,right_hip_x,right_hip_y,right_hip_z,right_hip_visibility,left_knee_x,left_knee_y,left_knee_z,left_knee_visibility,right_knee_x,right_knee_y,right_knee_z,right_knee_visibility,left_ankle_x,left_ankle_y,left_ankle_z,left_ankle_visibility,right_ankle_x,right_ankle_y,right_ankle_z,right_ankle_visibility,left_heel_x,left_heel_y,left_heel_z,left_heel_visibility,right_heel_x,right_heel_y,right_heel_z,right_heel_visibility,left_foot_index_x,left_foot_index_y,left_foot_index_z,left_foot_index_visibility,right_foot_index_x,right_foot_index_y,right_foot_index_z,right_foot_index_visibility
0,0.0,0.519525945186615,0.3757362961769104,-0.0965464636683464,0.9999860525131226,0.4820435047149658,0.44099804759025574,0.27922704815864563,0.9996997117996216,0.40501290559768677,0.4260566830635071,-0.35653620958328247,0.999984860420227,0.5198327302932739,0.5206589698791504,0.3203091025352478,0.3009334206581116,0.46764376759529114,0.4962678551673889,-0.5432289838790894,0.9993252754211426,0.6155872344970703,0.5076791048049927,0.10025478899478912,0.690022885799408,0.5988727807998657,0.49323853850364685,-0.5347098112106323,0.9987877011299133,0.6466616988182068,0.5060447454452515,0.07149872183799744,0.7001655697822571,0.6304320096969604,0.49656739830970764,-0.5929543972015381,0.9967221617698669,0.4511353373527527,0.6329006552696228,0.1743478924036026,0.9993177652359009,0.37915438413619995,0.6301106810569763,-0.1744370013475418,0.9993769526481628,0.4926912188529968,0.7766583561897278,0.16985076665878296,0.9584243297576904,0.3387789726257324,0.7832295894622803,-0.19553446769714355,0.9981167316436768,0.49653416872024536,0.9148677587509155,0.33346235752105713,0.9838137626647949,0.26312172412872314,0.9121772050857544,-0.10847194492816925,0.9981119632720947,0.4790326654911041,0.9445098042488098,0.33939486742019653,0.9618423581123352,0.23341616988182068,0.9315621852874756,-0.1082642450928688,0.9679592847824097,0.5821483135223389,0.9458810091018677,0.20714691281318665,0.9818191528320312,0.3055640757083893,0.9641900658607483,-0.29831963777542114,0.9952055215835571
1,0.04166666666666667,0.5139907002449036,0.37455692887306213,-0.1479022353887558,0.9999856352806091,0.4780905842781067,0.44125089049339294,0.2736698091030121,0.9997010231018066,0.40012016892433167,0.4253250062465668,-0.3696146011352539,0.9999836087226868,0.5191706418991089,0.5207039713859558,0.2853134274482727,0.31866613030433655,0.4643055498600006,0.49522486329078674,-0.5992739796638489,0.9992867708206177,0.6162645816802979,0.5052746534347534,0.03072420135140419,0.7087999582290649,0.5897818803787231,0.48912376165390015,-0.6305624842643738,0.9987557530403137,0.6475542187690735,0.5021945238113403,-0.004415249917656183,0.7163624167442322,0.6194870471954346,0.49043095111846924,-0.694511353969574,0.9966475963592529,0.4494955539703369,0.6339698433876038,0.17614883184432983,0.9993270635604858,0.3771328032016754,0.6310983896255493,-0.1762348860502243,0.9993875622749329,0.4931078851222992,0.7762918472290039,0.22826968133449554,0.95948326587677,0.33606675267219543,0.7833566665649414,-0.19694535434246063,0.9981920123100281,0.496599942445755,0.9148747324943542,0.40294063091278076,0.9841530919075012,0.2630804181098938,0.9122415781021118,-0.11480995267629623,0.998152494430542,0.47619137167930603,0.9444727301597595,0.4089924991130829,0.9620925188064575,0.23324544727802277,0.9316413998603821,-0.11619723588228226,0.9681041836738586,0.582146942615509,0.9458735585212708,0.2762696146965027,0.9821450114250183,0.30678364634513855,0.9636716842651367,-0.3159107565879822,0.9953091144561768
2,0.08333333333333334,0.4929799437522888,0.37028566002845764,-0.18059000372886658,0.999986469745636,0.4665341377258301,0.44350510835647583,0.2615529000759125,0.9997060894966125,0.37979963421821594,0.4251655340194702,-0.35741719603538513,0.999981701374054,0.5203961133956909,0.5206863880157471,0.26226547360420227,0.3534822463989258,0.45955023169517517,0.4903012216091156,-0.6508577466011047,0.9991815090179443,0.6199792623519897,0.49291881918907166,0.027557292953133583,0.7274280786514282,0.5694956183433533,0.4658387303352356,-0.7878375053405762,0.9986318349838257,0.6479551792144775,0.4864005446434021,-0.006013576872646809,0.7300234436988831,0.6014472246170044,0.4655265808105469,-0.8629047274589539,0.9963284134864807,0.4372705817222595,0.635260820388794,0.17564667761325836,0.9993506073951721,0.3655506670475006,0.632138192653656,-0.17576050758361816,0.9994096755981445,0.49104422330856323,0.7754685878753662,0.23411282896995544,0.9603391289710999,0.33015188574790955,0.7833585143089294,-0.19304803013801575,0.9982457756996155,0.49676817655563354,0.9143912196159363,0.4111705720424652,0.9844165444374084,0.2586205303668976,0.9125913381576538,-0.11115403473377228,0.9981793165206909,0.4747034013271332,0.9440979361534119,0.4181238114833832,0.9618744254112244,0.23036916553974152,0.9331296682357788,-0.11302082985639572,0.9679818153381348,0.5824147462844849,0.9458939433097839,0.28312432765960693,0.9824675917625427,0.30647891759872437,0.963575005531311,-0.31320950388908386,0.9953666925430298
3,0.125,0.4811592996120453,0.3680762052536011,-0.19313167035579681,0.9999873638153076,0.4587539732456207,0.4436301589012146,0.2455289214849472,0.9997193813323975,0.3656425178050995,0.4227197468280792,-0.34221306443214417,0.9999799728393555,0.5211619138717651,0.520404040813446,0.20897260308265686,0.39581820368766785,0.44523417949676514,0.4780954420566559,-0.6466212868690491,0.999125599861145,0.6181886792182922,0.48325514793395996,-0.06310170888900757,0.7489888668060303,0.5509893894195557,0.45233941078186035,-0.7783973813056946,0.998558521270752,0.6473378539085388,0.476009726524353,-0.1067749559879303,0.7482293248176575,0.5832157731056213,0.4505011737346649,-0.8510289788246155,0.9961019158363342,0.430123895406723,0.6354076266288757,0.17291295528411865,0.9993789196014404,0.35602009296417236,0.6322706937789917,-0.17306649684906006,0.999430775642395,0.48821568489074707,0.7749621272087097,0.22789785265922546,0.9611638188362122,0.32237136363983154,0.7836538553237915,-0.18813519179821014,0.9982812404632568,0.49685877561569214,0.914306640625,0.40079671144485474,0.9845211505889893,0.2541710436344147,0.9132412672042847,-0.1043422594666481,0.9981656074523926,0.4741703271865845,0.9440517425537109,0.40745970606803894,0.9612917304039001,0.22864869236946106,0.934977650642395,-0.10569356381893158,0.9669467806816101,0.5828486084938049,0.9460691213607788,0.2712768614292145,0.98259037733078,0.30563801527023315,0.9635650515556335,-0.3100264072418213,0.995328962802887
4,0.16666666666666669,0.4703207015991211,0.36577779054641724,-0.1781638115644455,0.999988317489624,0.45091691613197327,0.4435456395149231,0.2389732152223587,0.9997341632843018,0.35589084029197693,0.4212930500507355,-0.32321134209632874,0.9999784231185913,0.5218682289123535,0.5113455057144165,0.21676334738731384,0.44148707389831543,0.41284042596817017,0.46677640080451965,-0.6524831652641296,0.9990497827529907,0.6182387471199036,0.4670964777469635,-0.02223687618970871,0.7696902751922607,0.5129666328430176,0.4470726549625397,-0.8283867835998535,0.9984742403030396,0.647629976272583,0.45970284938812256,-0.05799654498696327,0.7656751275062561,0.5418118238449097,0.44350799918174744,-0.9021929502487183,0.995864748954773,0.4217405915260315,0.6352779865264893,0.16790911555290222,0.999413013458252,0.34629061818122864,0.6322816610336304,-0.1680881828069687,0.9994601607322693,0.4844425320625305,0.774352490901947,0.21941247582435608,0.9617008566856384,0.31571945548057556,0.7836758494377136,-0.18859216570854187,0.9983035922050476,0.49693089723587036,0.9142012596130371,0.38996949791908264,0.9845425486564636,0.2521737813949585,0.9140669107437134,-0.11252561956644058,0.9981445074081421,0.4741895794868469,0.944035530090332,0.39805105328559875,0.9603333473205566,0.22735796868801117,0.9367209076881409,-0.1154579371213913,0.9659587740898132,0.5828717947006226,0.9460428953170776,0.26556870341300964,0.9827514290809631,0.30541762709617615,0.9635657668113708,-0.3172037899494171,0.9952991604804993
5,0.20833333333333334,0.4546049237251282,0.3600122928619385,-0.20193631947040558,0.9999892115592957,0.4438087046146393,0.44338512420654297,0.22543863952159882,0.9997520446777344,0.3416309654712677,0.4182969927787781,-0.3182416558265686,0.9999783039093018,0.5227078199386597,0.501695990562439,0.1431262195110321,0.4886261224746704,0.3629615306854248,0.45716845989227295,-0.6790416240692139,0.9990230798721313,0.6022961735725403,0.44562485814094543,-0.14012648165225983,0.789631724357605,0.4719579815864563,0.4354853630065918,-0.8636791706085205,0.998401939868927,0.6310116648674011,0.4310493469238281,-0.1859932839870453,0.783129870891571,0.49792757630348206,0.42817825078964233,-0.9370110034942627,0.9955976009368896,0.4090743064880371,0.6353268027305603,0.1642465591430664,0.9994544386863708,0.32963821291923523,0.6323956847190857,-0.16440413892269135,0.999500036239624,0.4791184067726135,0.7741411328315735,0.22817325592041016,0.9626143574714661,0.3036428987979889,0.7837265729904175,-0.18741877377033234,0.9983420372009277,0.4964474141597748,0.9130781292915344,0.41438257694244385,0.9846670031547546,0.25044530630111694,0.9153496623039246,-0.10835179686546326,0.9981033802032471,0.47415080666542053,0.9434272050857544,0.42258235812187195,0.9598413109779358,0.2268119603395462,0.9388988614082336,-0.11153707653284073,0.9644134640693665,0.5826643705368042,0.9447300434112549,0.2805711627006531,0.9829494953155518,0.3056395649909973,0.963485836982727,-0.3161773681640625,0.9952229261398315
6,0.25,0.4376792013645172,0.35836663842201233,-0.19660913944244385,0.999989926815033,0.43313074111938477,0.4429763853549957,0.21937774121761322,0.9997499585151672,0.3140644431114197,0.418505996465683,-0.3213229477405548,0.9999774694442749,0.5216257572174072,0.4854130744934082,0.15560969710350037,0.5312225222587585,0.31464263796806335,0.44983378052711487,-0.701258659362793,0.9990753531455994,0.5937358736991882,0.42215925455093384,-0.07593250274658203,0.8060439825057983,0.43504711985588074,0.4174721837043762,-0.8772600889205933,0.9984431862831116,0.6242228746414185,0.40348219871520996,-0.10969937592744827,0.7951297163963318,0.4655378460884094,0.40648409724235535,-0.9504360556602478,0.9955667853355408,0.39632508158683777,0.6350917816162109,0.1592998206615448,0.9994889497756958,0.3149496018886566,0.6325151920318604,-0.1593870222568512,0.9995337724685669,0.47057437896728516,0.7738304138183594,0.17902204394340515,0.9640328288078308,0.2935274541378021,0.7835593819618225,-0.18336336314678192,0.9983933568000793,0.4956444501876831,0.9120626449584961,0.34191152453422546,0.9849488735198975,0.25065383315086365,0.9160080552101135,-0.08585217595100403,0.9981162548065186,0.47413748502731323,0.9417420029640198,0.3462810516357422,0.9601894021034241,0.2298596352338791,0.938714325428009,-0.08859096467494965,0.9643836617469788,0.5812972187995911,0.9430587291717529,0.188484326004982,0.9833398461341858,0.3051910698413849,0.9631514549255371,-0.3104328513145447,0.9952466487884521
7,0.2916666666666667,0.43239250779151917,0.35905659198760986,-0.23375312983989716,0.999990701675415,0.42550233006477356,0.44275668263435364,0.21857810020446777,0.9997493624687195,0.3106054961681366,0.4187306761741638,-0.3233606219291687,0.9999769330024719,0.5216355323791504,0.4821765422821045,0.18827217817306519,0.5697947144508362,0.3107762038707733,0.4479990303516388,-0.7421517372131348,0.9991215467453003,0.5970061421394348,0.41566774249076843,0.0564502514898777,0.8221184015274048,0.431549608707428,0.41509607434272766,-0.9501124620437622,0.9984956979751587,0.626632571220398,0.40048548579216003,0.0393398143351078,0.8083364367485046,0.46060001850128174,0.40458810329437256,-1.0270261764526367,0.9956100583076477,0.3936215341091156,0.635077714920044,0.15999391674995422,0.9995197057723999,0.313193142414093,0.6327863335609436,-0.1600966602563858,0.9995658993721008,0.4670320153236389,0.7743602395057678,0.18527133762836456,0.9650630950927734,0.29141825437545776,0.7838504314422607,-0.18380238115787506,0.9984428286552429,0.49460476636886597,0.9119023680686951,0.3673262894153595,0.98520827293396,0.25031518936157227,0.9178526401519775,-0.08535062521696091,0.9981464743614197,0.4750312566757202,0.9416061043739319,0.3735772371292114,0.9607447981834412,0.23067046701908112,0.9393775463104248,-0.08739594370126724,0.9647212624549866,0.5813179016113281,0.9414092898368835,0.21584568917751312,0.9836955070495605,0.3050471246242523,0.963045597076416,-0.3099181056022644,0.9952948093414307
8,0.33333333333333337,0.42822951078414917,0.35561585426330566,-0.21549323201179504,0.9999914765357971,0.42092767357826233,0.4377063512802124,0.22543300688266754,0.9997591376304626,0.3019511103630066,0.41888758540153503,-0.3207913637161255,0.9999768733978271,0.5216320753097534,0.4724293351173401,0.22697405517101288,0.6074068546295166,0.2932666540145874,0.4438391625881195,-0.73671954870224,0.9991611838340759,0.5953709483146667,0.4045984745025635,0.10948121547698975,0.8381302356719971,0.4116414487361908,0.41225987672805786,-0.956184983253479,0.9985479116439819,0.6230573654174805,0.38994285464286804,0.09501411020755768,0.8231289386749268,0.44041162729263306,0.4014512896537781,-1.0312738418579102,0.9956597685813904,0.389596551656723,0.6344418525695801,0.16088691353797913,0.9995503425598145,0.31057921051979065,0.6325470805168152,-0.1609930694103241,0.9995955228805542,0.46183639764785767,0.7742800116539001,0.18405455350875854,0.9660188555717468,0.28745362162590027,0.7838932275772095,-0.18396036326885223,0.9984486699104309,0.4927254021167755,0.9105180501937866,0.3534258008003235,0.985320508480072,0.2505800724029541,0.919531524181366,-0.08616380393505096,0.9981281161308289,0.4750458300113678,0.9398335218429565,0.3583451509475708,0.9609529376029968,0.2327771782875061,0.9400672912597656,-0.08806250989437103,0.9645352363586426,0.5809100866317749,0.9387671947479248,0.207347109913826,0.9839121103286743,0.3050403892993927,0.963028073310852,-0.3090272545814514,0.9952520728111267
9,0.375,0.41826680302619934,0.3513641655445099,-0.2125062346458435,0.9999922513961792,0.41846325993537903,0.4355960190296173,0.2348446249961853,0.9997731447219849,0.29482218623161316,0.41902559995651245,-0.2947726249694824,0.999976396560669,0.5202142000198364,0.46691593527793884,0.26280152797698975,0.6436011791229248,0.27540460228919983,0.4444718360900879,-0.7123979926109314,0.9992004036903381,0.5916006565093994,0.4003027677536011,0.16328634321689606,0.8536050319671631,0.38232341408729553,0.41054481267929077,-0.9346532821655273,0.9986159205436707,0.6173198223114014,0.3834853172302246,0.15166106820106506,0.8387474417686462,0.41109558939933777,0.3966316878795624,-1.0085138082504272,0.99576735496521,0.38615694642066956,0.632427990436554,0.16010095179080963,0.99958336353302,0.30550187826156616,0.6318450570106506,-0.1601843237876892,0.9996249675750732,0.4550517201423645,0.773883044719696,0.1541685163974762,0.9671260118484497,0.28314730525016785,0.7838429808616638,-0.18418794870376587,0.9984378218650818,0.4903962314128876,0.9092872142791748,0.2926732003688812,0.9855147004127502,0.25080758333206177,0.9193972945213318,-0.08791752904653549,0.9981085658073425,0.4746023714542389,0.9387996792793274,0.2941794991493225,0.9616082906723022,0.2344401776790619,0.9399808645248413,-0.09191832691431046,0.9644460082054138,0.5795239210128784,0.9359051585197449,0.14408928155899048,0.9842246174812317,0.304254949092865,0.9629240036010742,-0.31402599811553955,0.9952340722084045
10,0.4166666666666667,0.3878604769706726,0.35315611958503723,-0.2903899550437927,0.9999927878379822,0.4079333245754242,0.43267783522605896,0.17099355161190033,0.9997857213020325,0.2832942306995392,0.4196525812149048,-0.2989767789840698,0.9999762177467346,0.5154033899307251,0.4492686986923218,0.09650301188230515,0.6779567003250122,0.21597105264663696,0.43992412090301514,-0.7110008001327515,0.9992289543151855,0.5800157189369202,0.3791656792163849,-0.08662770688533783,0.8676174879074097,0.31354451179504395,0.39905136823654175,-0.9746153950691223,0.998613178730011,0.6015762090682983,0.35915711522102356,-0.11311347782611847,0.8525760769844055,0.3451631963253021,0.3864993155002594,-1.0514435768127441,0.9955434799194336,0.3739749789237976,0.629337728023529,0.15511128306388855,0.9996073246002197,0.293118953704834,0.6304163932800293,-0.1552029848098755,0.9996457099914551,0.44021981954574585,0.7723835110664368,0.1323440670967102,0.9673222899436951,0.2749415338039398,0.7823885679244995,-0.1704477220773697,0.9983643293380737,0.48432639241218567,0.9058434367179871,0.27732494473457336,0.985268235206604,0.25088632106781006,0.9191485643386841,-0.03406963497400284,0.9979975819587708,0.4705430865287781,0.9361799955368042,0.27968546748161316,0.9612017273902893,0.23513048887252808,0.9394152760505676,-0.034707386046648026,0.9630783200263977,0.575851559638977,0.9294980764389038,0.11828858405351639,0.9842032194137573,0.3038371205329895,0.9623997211456299,-0.26072922348976135,0.9950222373008728
11,0.45833333333333337,0.3845824599266052,0.3540121018886566,-0.3139099180698395,0.9999933242797852,0.40517690777778625,0.43132126331329346,0.1328630894422531,0.9997945427894592,0.2786422669887543,0.4199897050857544,-0.31749841570854187,0.9999762773513794,0.5097435712814331,0.4470301568508148,-0.003535456256940961,0.7087813019752502,0.21060213446617126,0.4396604597568512,-0.7565616369247437,0.9992755651473999,0.5744770765304565,0.37819796800613403,-0.24985922873020172,0.8801502585411072,0.3128696084022522,0.3951606750488281,-1.0085450410842896,0.998656690120697,0.5949644446372986,0.35623738169670105,-0.289241224527359,0.8650194406509399,0.34672462940216064,0.3826099634170532,-1.0861026048660278,0.9955247044563293,0.3723154067993164,0.6285686492919922,0.15049758553504944,0.9996282458305359,0.292262464761734,0.6300656795501709,-0.1506056934595108,0.9996639490127563,0.4369076192378998,0.7723320722579956,0.12376078963279724,0.9670789837837219,0.2723967432975769,0.7819574475288391,-0.16278697550296783,0.9982860088348389,0.48182418942451477,0.9055297374725342,0.2738450765609741,0.9846941232681274,0.2503773868083954,0.9188234806060791,-0.018716756254434586,0.9977937340736389,0.4692274034023285,0.9358815550804138,0.276760071516037,0.9602296948432922,0.2351110577583313,0.9393152594566345,-0.01821022480726242,0.960446834564209,0.5746813416481018,0.9281650185585022,0.11745151877403259,0.9838415384292603,0.30116015672683716,0.9623299837112427,-0.24073229730129242,0.994568943977356
12,0.5,0.38252103328704834,0.35012903809547424,-0.3080900013446808,0.9999938607215881,0.40465450286865234,0.4298224449157715,0.15913191437721252,0.9998063445091248,0.2757136821746826,0.4199904203414917,-0.29252889752388,0.9999765753746033,0.510496973991394,0.4376545548439026,0.10637258738279343,0.7366365194320679,0.19023101031780243,0.4383836090564728,-0.6883866190910339,0.9992738962173462,0.5748165845870972,0.36702701449394226,-0.2185775488615036,0.8914111256599426,0.28492751717567444,0.402999609708786,-0.9448873400688171,0.998526394367218,0.5960394740104675,0.3454062044620514,-0.19235090911388397,0.875710666179657,0.3147818446159363,0.39569011330604553,-1.016786813735962,0.9947898983955383,0.37028801441192627,0.6270877122879028,0.1494871973991394,0.9996429681777954,0.2893688678741455,0.6287961006164551,-0.14962075650691986,0.9996793270111084,0.4317311942577362,0.7717041969299316,0.14015349745750427,0.9667153358459473,0.2689358592033386,0.7817285656929016,-0.1627708524465561,0.9981358647346497,0.47989919781684875,0.9053497910499573,0.2949109673500061,0.9841867685317993,0.24969573318958282,0.9188135266304016,-0.023003865033388138,0.9976274371147156,0.4680781066417694,0.93596351146698,0.29843080043792725,0.9590097069740295,0.2349289208650589,0.9397771954536438,-0.02265245094895363,0.9586769938468933,0.5741639137268066,0.926522433757782,0.14181041717529297,0.9834527373313904,0.3007129430770874,0.9623814225196838,-0.2433396279811859,0.994235634803772
13,0.5416666666666667,0.3783261775970459,0.35086825489997864,-0.2924950122833252,0.9999943375587463,0.40154239535331726,0.42925339937210083,0.16097186505794525,0.9998167753219604,0.26431888341903687,0.4200402498245239,-0.29098770022392273,0.9999764561653137,0.5108352303504944,0.4307020604610443,0.12125064432621002,0.7620441317558289,0.1709713190793991,0.43849191069602966,-0.6811302900314331,0.9992908239364624,0.5750623345375061,0.359384685754776,-0.13558131456375122,0.9016899466514587,0.2663045823574066,0.40360385179519653,-0.9535472989082336,0.9984681010246277,0.5969063639640808,0.3389958143234253,-0.17491762340068817,0.8857729434967041,0.27897319197654724,0.39062950015068054,-1.0264040231704712,0.9943642020225525,0.3668580651283264,0.6265890598297119,0.14794640243053436,0.9996556639671326,0.28367939591407776,0.6282288432121277,-0.1480502337217331,0.999691903591156,0.42863398790359497,0.7716748714447021,0.12782785296440125,0.9672800898551941,0.2656148672103882,0.781705915927887,-0.16455523669719696,0.9980964064598083,0.4782804846763611,0.905124306678772,0.27120792865753174,0.9841427803039551,0.24953997135162354,0.9187409281730652,-0.027332713827490807,0.9975849986076355,0.46743834018707275,0.935899555683136,0.27290165424346924,0.9589653015136719,0.23491761088371277,0.9400688409805298,-0.02804427221417427,0.958332359790802,0.5736597776412964,0.9244522452354431,0.10738208144903183,0.9835280776023865,0.30076295137405396,0.9624052047729492,-0.25264686346054077,0.994140625
14,0.5833333333333334,0.3723655939102173,0.3483767509460449,-0.344732403755188,0.9999947547912598,0.39509105682373047,0.425091028213501,0.1301167607307434,0.9998217821121216,0.2507483661174774,0.4197641909122467,-0.2971598505973816,0.9999776482582092,0.5115388631820679,0.4206434190273285,0.10350266098976135,0.7851424813270569,0.1342346966266632,0.4406644403934479,-0.664042592048645,0.9993408918380737,0.5773242115974426,0.34593796730041504,-0.07931134849786758,0.9108901023864746,0.23445336520671844,0.4046110510826111,-0.9306219816207886,0.9985219240188599,0.5994355082511902,0.3271511495113373,-0.10688859969377518,0.8943647742271423,0.24288149178028107,0.38557231426239014,-1.0028272867202759,0.9943369030952454,0.36420708894729614,0.6251633167266846,0.14597614109516144,0.9996623396873474,0.2781815230846405,0.6275506615638733,-0.14614978432655334,0.9997034072875977,0.42490044236183167,0.771833062171936,0.137833833694458,0.9677063226699829,0.2622217833995819,0.7817075848579407,-0.15398786962032318,0.9979653358459473,0.4763889014720917,0.904522716999054,0.2876085638999939,0.9841194748878479,0.24959422647953033,0.9186944365501404,0.018505848944187164,0.9974738955497742,0.46645379066467285,0.9353845715522766,0.2915593981742859,0.9591244459152222,0.2357102632522583,0.9401151537895203,0.02114003337919712,0.9573970437049866,0.5731017589569092,0.9231828451156616,0.13227908313274384,0.9836026430130005,0.3007985055446625,0.9624053239822388,-0.2119806706905365,0.9939240217208862
15,0.625,0.3695642948150635,0.34929171204566956,-0.3196135461330414,0.9999951124191284,0.3893604874610901,0.42201459407806396,0.1444012075662613,0.9998273253440857,0.24417996406555176,0.41936105489730835,-0.30041682720184326,0.9999786019325256,0.5119346976280212,0.41483378410339355,0.12292368710041046,0.8057771921157837,0.1260509043931961,0.44171711802482605,-0.6667490005493164,0.9993792176246643,0.577766478061676,0.3439345061779022,-0.06849343329668045,0.9191193580627441,0.21828597784042358,0.4064682424068451,-0.9545403122901917,0.9985604882240295,0.5989993810653687,0.3240489661693573,-0.08252871036529541,0.9021034836769104,0.24614766240119934,0.39058560132980347,-1.0282632112503052,0.9943395853042603,0.36406615376472473,0.6247679591178894,0.14702527225017548,0.9996680617332458,0.2780161499977112,0.6272870898246765,-0.1471957415342331,0.9997133612632751,0.4233052432537079,0.7721045017242432,0.13858972489833832,0.9679084420204163,0.2608589828014374,0.7816779017448425,-0.1543988585472107,0.9978442788124084,0.47498056292533875,0.9045054912567139,0.3071749806404114,0.9840449094772339,0.24960945546627045,0.9188894033432007,-0.006615014746785164,0.9973654747009277,0.46544894576072693,0.9354730844497681,0.31219762563705444,0.9593897461891174,0.2357034981250763,0.9411126375198364,-0.005456454586237669,0.9568579196929932,0.5715241432189941,0.9223138093948364,0.14322540163993835,0.9836727976799011,0.3015851080417633,0.9626389145851135,-0.23236380517482758,0.9936937093734741
16,0.6666666666666667,0.3679407238960266,0.3494839072227478,-0.33271822333335876,0.9999954104423523,0.388520210981369,0.4204048812389374,0.13970789313316345,0.9998324513435364,0.23963026702404022,0.41815704107284546,-0.28888455033302307,0.999979555606842,0.5099296569824219,0.41154736280441284,0.1301673799753189,0.8245164155960083,0.11454770714044571,0.44546258449554443,-0.6334723830223083,0.9994218349456787,0.5763732194900513,0.3405040204524994,-0.02851785346865654,0.92679762840271,0.21053874492645264,0.4070187211036682,-0.9405504465103149,0.9986361265182495,0.597343385219574,0.3212542235851288,-0.04368142783641815,0.9101225733757019,0.23925060033798218,0.3923512101173401,-1.008839726448059,0.994523823261261,0.36356088519096375,0.6237119436264038,0.14571164548397064,0.9996718764305115,0.27686527371406555,0.6265652179718018,-0.14592091739177704,0.9997188448905945,0.422595739364624,0.7720921039581299,0.13702154159545898,0.967475175857544,0.2604098320007324,0.7816638350486755,-0.1582084447145462,0.9976449608802795,0.47385597229003906,0.9043313264846802,0.29124733805656433,0.9838089346885681,0.2496584802865982,0.9188811182975769,-0.00852668285369873,0.9971602559089661,0.46409639716148376,0.9352365136146545,0.2945147454738617,0.9594215750694275,0.23569586873054504,0.9410369992256165,-0.006787159014493227,0.9555194973945618,0.5685623288154602,0.9224234819412231,0.13150346279144287,0.9835958480834961,0.3015994131565094,0.9627878665924072,-0.2281506508588791,0.9932901859283447
17,0.7083333333333334,0.3690611720085144,0.34819889068603516,-0.3712698221206665,0.9999955892562866,0.3869640529155731,0.41783639788627625,0.12781807780265808,0.9998326897621155,0.23511506617069244,0.4176219701766968,-0.28975266218185425,0.9999798536300659,0.5084160566329956,0.4090896248817444,0.13349983096122742,0.8413890600204468,0.10762529820203781,0.45311376452445984,-0.6051610112190247,0.9994550943374634,0.5746716856956482,0.33710145950317383,-0.02655925415456295,0.9336771368980408,0.19541813433170319,0.40802693367004395,-0.8898879885673523,0.9986960291862488,0.5942085385322571,0.3168530762195587,-0.04392923414707184,0.9171679615974426,0.22130832076072693,0.3936930298805237,-0.9582400918006897,0.9946509003639221,0.36235249042510986,0.6218886375427246,0.14634671807289124,0.9996682405471802,0.27619829773902893,0.6252278089523315,-0.14655916392803192,0.9997161030769348,0.421041876077652,0.7712271213531494,0.13982181251049042,0.9672616720199585,0.26073604822158813,0.7812678217887878,-0.15858981013298035,0.9974738359451294,0.47330132126808167,0.9032519459724426,0.2919202148914337,0.9837928414344788,0.24968747794628143,0.9188687205314636,0.0014428140129894018,0.9970203042030334,0.46279817819595337,0.9339578151702881,0.29537054896354675,0.9598070979118347,0.23572176694869995,0.9409716129302979,0.004048089496791363,0.9546983242034912,0.5672230124473572,0.9218319058418274,0.1392604559659958,0.9837111234664917,0.30161818861961365,0.962890625,-0.22111569344997406,0.9930484890937805
18,0.75,0.3638284206390381,0.34762874245643616,-0.354766845703125,0.9999957084655762,0.3832775354385376,0.4163415729999542,0.11873071640729904,0.9998279809951782,0.23111659288406372,0.4190109670162201,-0.2716306447982788,0.9999805092811584,0.506523072719574,0.4017771780490875,0.11742597073316574,0.8566084504127502,0.0975736677646637,0.464459091424942,-0.552030086517334,0.9994892477989197,0.5732492208480835,0.328829288482666,-0.0532815158367157,0.9398788809776306,0.17968390882015228,0.4085465669631958,-0.8163673281669617,0.9987717866897583,0.5918570160865784,0.3074361979961395,-0.07656251639127731,0.9234722852706909,0.19985784590244293,0.3921629786491394,-0.879785418510437,0.9948662519454956,0.361809641122818,0.6204568147659302,0.14333879947662354,0.9996484518051147,0.27611446380615234,0.6242477893829346,-0.14364038407802582,0.9997043609619141,0.42090943455696106,0.7708268165588379,0.1416391134262085,0.965733528137207,0.2612221837043762,0.7807357311248779,-0.15985602140426636,0.9971320033073425,0.4726921617984772,0.9024704098701477,0.28899461030960083,0.9831457734107971,0.2497233897447586,0.9188507199287415,-0.006094563752412796,0.9966570734977722,0.4617007076740265,0.9333302974700928,0.2916530668735504,0.9589401483535767,0.23574106395244598,0.940955400466919,-0.003721795277670026,0.9522743225097656,0.5662045478820801,0.9213577508926392,0.13577789068222046,0.9831947684288025,0.3017737865447998,0.9628884196281433,-0.22249573469161987,0.992355227470398
19,0.7916666666666667,0.35920801758766174,0.3478732705116272,-0.4017789959907532,0.9999959468841553,0.3823069930076599,0.4161107540130615,0.1052948385477066,0.999828577041626,0.22933581471443176,0.42039039731025696,-0.2646927833557129,0.9999811053276062,0.5065009593963623,0.4000888466835022,0.10039617866277695,0.8704419732093811,0.09872297942638397,0.46750715374946594,-0.551199734210968,0.9995216131210327,0.5711697340011597,0.3290416896343231,-0.08393017947673798,0.9455289840698242,0.175603449344635,0.40724319219589233,-0.8311954736709595,0.9988366365432739,0.5891249775886536,0.30806848406791687,-0.11401240527629852,0.9294214844703674,0.19411952793598175,0.38759845495224,-0.9002934694290161,0.9950306415557861,0.36139750480651855,0.6197433471679688,0.14302559196949005,0.9996429681777954,0.2754838168621063,0.623685359954834,-0.14334028959274292,0.9997036457061768,0.4206349551677704,0.7706482410430908,0.14314481616020203,0.9645842909812927,0.26109012961387634,0.7800776362419128,-0.16025039553642273,0.9969686269760132,0.47239360213279724,0.9024882912635803,0.29334136843681335,0.982914388179779,0.24975517392158508,0.9188880324363708,-0.009831519797444344,0.9964717030525208,0.46115413308143616,0.9334269762039185,0.29652270674705505,0.9588886499404907,0.23569156229496002,0.9411266446113586,-0.00784925278276205,0.9508765935897827,0.5661081075668335,0.9204885959625244,0.13660845160484314,0.9830165505409241,0.30329981446266174,0.962897539138794,-0.22796764969825745,0.9920103549957275
20,0.8333333333333334,0.35624948143959045,0.3479767441749573,-0.3803368806838989,0.9999960660934448,0.3801296651363373,0.41429537534713745,0.10306467860937119,0.999828040599823,0.22594726085662842,0.4209745526313782,-0.255439430475235,0.9999815821647644,0.5051332116127014,0.3970974087715149,0.09399818629026413,0.8827992677688599,0.09435850381851196,0.4733339250087738,-0.5268974304199219,0.9995477795600891,0.5699621438980103,0.32664111256599426,-0.09519284218549728,0.9505890011787415,0.16219674050807953,0.4077049791812897,-0.8071979880332947,0.9988976120948792,0.587739109992981,0.305095374584198,-0.1253400593996048,0.9346901178359985,0.17883841693401337,0.3880120515823364,-0.8729645609855652,0.9952120184898376,0.3618954122066498,0.6193088293075562,0.14066056907176971,0.9996288418769836,0.2761025130748749,0.6236266493797302,-0.14101403951644897,0.999692976474762,0.4215596318244934,0.7705613374710083,0.13496074080467224,0.9621528387069702,0.26115068793296814,0.779944121837616,-0.16095183789730072,0.9966256618499756,0.4725572168827057,0.9025499820709229,0.2673785090446472,0.9822702407836914,0.24978137016296387,0.9188752770423889,-0.011325436644256115,0.9960924386978149,0.4611116051673889,0.9338668584823608,0.26808130741119385,0.9583141803741455,0.23568567633628845,0.9410897493362427,-0.009256777353584766,0.9484298229217529,0.5663696527481079,0.9199756979942322,0.10709502547979355,0.9825606942176819,0.30411234498023987,0.9627304673194885,-0.22695539891719818,0.9913313388824463
21,0.875,0.35445186495780945,0.34816282987594604,-0.40565866231918335,0.9999962449073792,0.38096460700035095,0.41409793496131897,0.0997890904545784,0.9998303055763245,0.22559407353401184,0.4214279055595398,-0.25308912992477417,0.9999818205833435,0.5050345063209534,0.3970194160938263,0.09292631596326828,0.8940191268920898,0.09404554218053818,0.4756925404071808,-0.5241455435752869,0.9995717406272888,0.5702880024909973,0.3273393213748932,-0.10108104348182678,0.9552238583564758,0.1606377363204956,0.4079931974411011,-0.8107072710990906,0.9989494681358337,0.5875494480133057,0.3055852949619293,-0.1327112764120102,0.9397605061531067,0.17683012783527374,0.38815006613731384,-0.8785572648048401,0.9953516125679016,0.36236369609832764,0.6195734143257141,0.14026695489883423,0.9996236562728882,0.27653181552886963,0.6236879825592041,-0.1406150907278061,0.9996877908706665,0.4221230447292328,0.7705539464950562,0.13591599464416504,0.9609671235084534,0.26119670271873474,0.7798506021499634,-0.15672077238559723,0.9964877367019653,0.4726130962371826,0.9026091694831848,0.27087756991386414,0.9822401404380798,0.25000008940696716,0.9188649654388428,0.004580400418490171,0.9959329962730408,0.4611167013645172,0.9344072937965393,0.27157673239707947,0.9588828086853027,0.2361471951007843,0.9410211443901062,0.008097565732896328,0.9472946524620056,0.5665529370307922,0.9192653894424438,0.10617531836032867,0.9825772643089294,0.304945707321167,0.9625983834266663,-0.21158522367477417,0.9910392165184021
22,0.9166666666666667,0.35344240069389343,0.3480508327484131,-0.3933197855949402,0.9999964237213135,0.38070687651634216,0.41400155425071716,0.1104353666305542,0.9998345375061035,0.2260368913412094,0.422280490398407,-0.23742958903312683,0.9999820590019226,0.503695547580719,0.39689040184020996,0.1085570678114891,0.9041184186935425,0.09625174105167389,0.47677674889564514,-0.5055715441703796,0.9995927810668945,0.5705640316009521,0.32690951228141785,-0.09342563152313232,0.9594376683235168,0.15974299609661102,0.4081713855266571,-0.792375385761261,0.9989995360374451,0.5878092646598816,0.305271714925766,-0.1309085339307785,0.9445052742958069,0.1731189787387848,0.3871203362941742,-0.8596704006195068,0.9954954981803894,0.3630076050758362,0.6197616457939148,0.14045743644237518,0.9996241927146912,0.27741482853889465,0.6237449645996094,-0.14080005884170532,0.9996871948242188,0.42248979210853577,0.7705205678939819,0.13884781301021576,0.9601233005523682,0.2614927887916565,0.7797640562057495,-0.15689635276794434,0.9964041113853455,0.472718209028244,0.9024919867515564,0.2768937647342682,0.9823122024536133,0.25015783309936523,0.9188216924667358,0.0003120661713182926,0.9958311915397644,0.46083560585975647,0.9344539642333984,0.2786622941493988,0.9595757126808167,0.236239492893219,0.9407857656478882,0.0026671490631997585,0.9465165734291077,0.5667035579681396,0.9196059107780457,0.11532223969697952,0.982636034488678,0.3054414987564087,0.9623815417289734,-0.21792905032634735,0.9908671975135803
23,0.9583333333333334,0.3527863621711731,0.34720635414123535,-0.3994271457195282,0.9999964833259583,0.38153091073036194,0.4137565493583679,0.11327004432678223,0.9998319149017334,0.22635582089424133,0.4231349229812622,-0.24119845032691956,0.9999818205833435,0.5037554502487183,0.39688602089881897,0.11095979809761047,0.9130967259407043,0.09902928024530411,0.4779515564441681,-0.5087873935699463,0.9996083378791809,0.5709296464920044,0.3251090347766876,-0.08329115808010101,0.9631513357162476,0.15725545585155487,0.4080876111984253,-0.7911147475242615,0.9990357160568237,0.5882709622383118,0.30342742800712585,-0.11590868979692459,0.948442816734314,0.16911497712135315,0.3863659203052521,-0.8578516840934753,0.9955754280090332,0.3635687828063965,0.6198985576629639,0.140798419713974,0.9996181130409241,0.27788597345352173,0.6237959861755371,-0.14112967252731323,0.9996825456619263,0.4251706600189209,0.7703378796577454,0.1449902355670929,0.9589045643806458,0.2615702450275421,0.7797665596008301,-0.15936841070652008,0.9962937235832214,0.47311636805534363,0.9024959802627563,0.2875071167945862,0.9822453260421753,0.2503510117530823,0.918788492679596,-0.002839482855051756,0.9957184195518494,0.460910439491272,0.9346973896026611,0.2889539301395416,0.9599286913871765,0.2362152338027954,0.940719723701477,-0.0008679517777636647,0.9455861449241638,0.5671494007110596,0.9196635484695435,0.12257508188486099,0.9825610518455505,0.30598142743110657,0.9623711705207825,-0.22101646661758423,0.9906795620918274
24,1.0,0.3519197106361389,0.3470969796180725,-0.4064638316631317,0.999996542930603,0.3822512924671173,0.41358619928359985,0.10816267132759094,0.9998299479484558,0.2264944612979889,0.42384129762649536,-0.24463969469070435,0.999981701374054,0.503936231136322,0.395704060792923,0.10623587667942047,0.9212089776992798,0.09910357743501663,0.4788438677787781,-0.5145896673202515,0.9996228814125061,0.5711589455604553,0.32315734028816223,-0.08343465626239777,0.966482937335968,0.1564321666955948,0.4081968367099762,-0.798437774181366,0.9990652203559875,0.5883904695510864,0.3011758029460907,-0.11390098184347153,0.9519259929656982,0.1679750233888626,0.38623714447021484,-0.8657617568969727,0.9956272840499878,0.3640839159488678,0.6200079321861267,0.14102280139923096,0.9996136426925659,0.2782091498374939,0.6238433718681335,-0.14135324954986572,0.9996800422668457,0.4268268942832947,0.7702563405036926,0.15413865447044373,0.9580742716789246,0.261672705411911,0.779763400554657,-0.15998196601867676,0.9962297081947327,0.47333553433418274,0.9024755954742432,0.307335764169693,0.9823034405708313,0.25059589743614197,0.9186999201774597,-0.004625761415809393,0.9956454634666443,0.4609817862510681,0.9348332285881042,0.3097117245197296,0.9603734016418457,0.23620887100696564,0.9404793977737427,-0.002142012817785144,0.9448175430297852,0.5673975348472595,0.9197171926498413,0.14329646527767181,0.9825617671012878,0.30687084794044495,0.9624016880989075,-0.22279860079288483,0.9905450940132141
25,1.0416666666666667,0.3513434827327728,0.3466527462005615,-0.42108288407325745,0.999996542930603,0.3826073110103607,0.41357073187828064,0.10187511146068573,0.9998225569725037,0.2283184826374054,0.42403507232666016,-0.24905143678188324,0.9999813437461853,0.5062799453735352,0.3944576680660248,0.0979144275188446,0.9284005165100098,0.1008710190653801,0.47887367010116577,-0.5230231285095215,0.9996363520622253,0.5715799927711487,0.32287630438804626,-0.09025931358337402,0.9693732261657715,0.15889741480350494,0.4082854092121124,-0.8037496209144592,0.9990864396095276,0.5887299180030823,0.30033496022224426,-0.12006496638059616,0.9546092748641968,0.17007173597812653,0.38582897186279297,-0.871381938457489,0.9956352710723877,0.36583444476127625,0.6200810670852661,0.14125992357730865,0.9996082782745361,0.27992740273475647,0.6238988041877747,-0.14160989224910736,0.9996749758720398,0.4313318133354187,0.7702627182006836,0.16093362867832184,0.9576486349105835,0.2626141309738159,0.7797891497612,-0.15503627061843872,0.9962103366851807,0.4747084379196167,0.9025477766990662,0.324626088142395,0.9824053645133972,0.25090447068214417,0.918633222579956,0.019465696066617966,0.995591402053833,0.46146684885025024,0.9351358413696289,0.3281781077384949,0.9607886672019958,0.2362031638622284,0.9402918815612793,0.024815116077661514,0.9438914656639099,0.5680767893791199,0.9209152460098267,0.161381334066391,0.982549786567688,0.30757078528404236,0.9624159336090088,-0.1975385546684265,0.9904117584228516
26,1.0833333333333335,0.353057861328125,0.3459375500679016,-0.41105228662490845,0.9999964833259583,0.38592395186424255,0.4135853946208954,0.10518995672464371,0.9998197555541992,0.22913195192813873,0.42487281560897827,-0.2475171685218811,0.9999809861183167,0.5104901790618896,0.3947006165981293,0.0992865338921547,0.934952437877655,0.1039368063211441,0.47940969467163086,-0.5164783596992493,0.9996480345726013,0.5748998522758484,0.3230592608451843,-0.08896543085575104,0.9720646142959595,0.16295278072357178,0.40833067893981934,-0.7935580611228943,0.9991068840026855,0.5905901789665222,0.30094295740127563,-0.11852939426898956,0.9573827981948853,0.17386575043201447,0.38581639528274536,-0.8601738214492798,0.9956468343734741,0.3696126341819763,0.6201422810554504,0.14160287380218506,0.9996017813682556,0.28503644466400146,0.6239397525787354,-0.14196601510047913,0.9996680021286011,0.43631604313850403,0.7707540988922119,0.16130408644676208,0.9568935632705688,0.26454266905784607,0.7798683643341064,-0.15582497417926788,0.9961630702018738,0.4766564965248108,0.9032961130142212,0.32530689239501953,0.9823348522186279,0.25101831555366516,0.9185417890548706,0.01330155786126852,0.9954974055290222,0.4622199535369873,0.9360963702201843,0.3288087844848633,0.9609383940696716,0.23619873821735382,0.9400132298469543,0.01810901239514351,0.9425727128982544,0.56867915391922,0.9223936200141907,0.16249215602874756,0.9823436141014099,0.3081510066986084,0.9625219702720642,-0.20437566936016083,0.9902018308639526
27,1.125,0.35386037826538086,0.3455630838871002,-0.41026490926742554,0.9999964237213135,0.3874813914299011,0.4135589897632599,0.10599499940872192,0.9998161196708679,0.22958311438560486,0.4252239465713501,-0.249554842710495,0.9999805688858032,0.5128856897354126,0.3948422074317932,0.10004722326993942,0.9408619403839111,0.10538884252309799,0.47939881682395935,-0.519317090511322,0.9996586441993713,0.5772483944892883,0.32327207922935486,-0.08765066415071487,0.9744935631752014,0.16462869942188263,0.40836381912231445,-0.7939825057983398,0.9991267323493958,0.592037558555603,0.30140048265457153,-0.11687122285366058,0.9599074721336365,0.1750747412443161,0.385758638381958,-0.860298752784729,0.9956689476966858,0.3714967668056488,0.6201844215393066,0.14272111654281616,0.9995946288108826,0.2872753143310547,0.6239704489707947,-0.14309141039848328,0.9996610879898071,0.4387182891368866,0.7708315253257751,0.1662040501832962,0.9561957716941833,0.2656312882900238,0.779888927936554,-0.1560608595609665,0.9961366653442383,0.47764021158218384,0.9034858345985413,0.32920849323272705,0.9823105931282043,0.2511535584926605,0.9184398651123047,0.009863493032753468,0.9954303503036499,0.4625765085220337,0.9363105893135071,0.3325629234313965,0.9611483216285706,0.23618975281715393,0.9398605823516846,0.014382604509592056,0.9416349530220032,0.5691016912460327,0.9231118559837341,0.16720516979694366,0.9822040796279907,0.30915525555610657,0.962628960609436,-0.20802444219589233,0.9900431036949158
28,1.1666666666666667,0.36023908853530884,0.34382522106170654,-0.39166325330734253,0.9999961256980896,0.3940806984901428,0.4135792851448059,0.10737456381320953,0.9998080134391785,0.23333191871643066,0.4265930652618408,-0.2573542594909668,0.9999797940254211,0.5170965790748596,0.39559406042099,0.10029612481594086,0.9460792541503906,0.10669741779565811,0.4793075621128082,-0.5212371349334717,0.9996709227561951,0.5804314613342285,0.32368502020835876,-0.07573449611663818,0.9766173362731934,0.167841836810112,0.4080064594745636,-0.7933281064033508,0.9991468787193298,0.5946106314659119,0.30228450894355774,-0.10189634561538696,0.9619455933570862,0.179134339094162,0.38516727089881897,-0.8586411476135254,0.9956981539726257,0.3741368055343628,0.6206985712051392,0.14616650342941284,0.9995908737182617,0.28971540927886963,0.6242557168006897,-0.14654108881950378,0.99965900182724,0.4424080550670624,0.7711604833602905,0.1783498078584671,0.9558570981025696,0.2676747739315033,0.7799938321113586,-0.16740433871746063,0.9961866736412048,0.47901278734207153,0.9041591882705688,0.35585689544677734,0.9823769927024841,0.25123313069343567,0.9184280633926392,-0.006358595099300146,0.9954563975334167,0.4628778100013733,0.9369865655899048,0.3609417974948883,0.9613767862319946,0.23614570498466492,0.9398422241210938,-0.0025680733378976583,0.9415884017944336,0.5694418549537659,0.9242565035820007,0.20038117468357086,0.9821728467941284,0.31029120087623596,0.9631140232086182,-0.2261265069246292,0.9900864958763123
29,1.2083333333333335,0.36294037103652954,0.3435080349445343,-0.3867928087711334,0.9999960660934448,0.39581233263015747,0.41382846236228943,0.11061206459999084,0.999805212020874,0.23502352833747864,0.42746418714523315,-0.25699207186698914,0.9999793767929077,0.5172391533851624,0.39629408717155457,0.10608109831809998,0.9508104920387268,0.10737822204828262,0.4792846441268921,-0.5253887176513672,0.9996818900108337,0.5820943117141724,0.32442760467529297,-0.06786339730024338,0.9785661101341248,0.1693030744791031,0.4076753258705139,-0.7896502614021301,0.999164879322052,0.5959107279777527,0.3030961751937866,-0.09362145513296127,0.9639331698417664,0.18113631010055542,0.3845770061016083,-0.8549937605857849,0.9957207441329956,0.37542077898979187,0.6210592985153198,0.14725308120250702,0.9995912909507751,0.2906549572944641,0.6244090795516968,-0.14762455224990845,0.9996596574783325,0.4440769851207733,0.7715017795562744,0.17735916376113892,0.9555832147598267,0.26904407143592834,0.7800324559211731,-0.1726628690958023,0.9962278008460999,0.4799737334251404,0.9046116471290588,0.35342082381248474,0.9824345111846924,0.25128015875816345,0.918426513671875,-0.014931737445294857,0.9954847097396851,0.46312543749809265,0.9375476241111755,0.3583464026451111,0.9616269469261169,0.23613007366657257,0.9398312568664551,-0.011508284136652946,0.9416232109069824,0.5696903467178345,0.9249582886695862,0.19732502102851868,0.9821588397026062,0.3111538589000702,0.9635330438613892,-0.2356056123971939,0.9901444911956787
30,1.25,0.3684990704059601,0.34211453795433044,-0.3877476453781128,0.9999960064888,0.398048460483551,0.41390711069107056,0.11068002879619598,0.9998001456260681,0.24090327322483063,0.4276137053966522,-0.26613327860832214,0.9999785423278809,0.5209655165672302,0.39675602316856384,0.10725713521242142,0.9550457000732422,0.10847978293895721,0.4789765775203705,-0.541931688785553,0.9996920824050903,0.5871305465698242,0.32456380128860474,-0.06614171713590622,0.9802908301353455,0.17015062272548676,0.4062068462371826,-0.7941561937332153,0.999182939529419,0.60137939453125,0.30323320627212524,-0.09202425181865692,0.9656092524528503,0.1829066276550293,0.38368165493011475,-0.8589721322059631,0.995755136013031,0.3778942823410034,0.6214649677276611,0.15035773813724518,0.9995959997177124,0.2934829890727997,0.6245996952056885,-0.15072496235370636,0.9996626377105713,0.4484715461730957,0.7715988755226135,0.17988398671150208,0.9562644362449646,0.2704235017299652,0.7801076769828796,-0.1818351149559021,0.9963454604148865,0.48039862513542175,0.9049397110939026,0.3775778114795685,0.9827857613563538,0.2513120174407959,0.9184284806251526,-0.01993650011718273,0.9955903887748718,0.46314066648483276,0.9378406405448914,0.3846345543861389,0.9622792601585388,0.23604030907154083,0.9398237466812134,-0.016144078224897385,0.9420505166053772,0.5697225332260132,0.926982045173645,0.2231777310371399,0.9823558926582336,0.3115761876106262,0.9638174772262573,-0.24224771559238434,0.990326464176178
31,1.2916666666666667,0.3779972195625305,0.34142136573791504,-0.387633353471756,0.9999959468841553,0.40269342064857483,0.41398462653160095,0.11078088730573654,0.9997926354408264,0.24764998257160187,0.42805662751197815,-0.2846793234348297,0.9999778866767883,0.525322675704956,0.398105263710022,0.11463870108127594,0.958857536315918,0.11399037390947342,0.47815796732902527,-0.5671175718307495,0.9997075796127319,0.5934509038925171,0.3248084485530853,-0.047329846769571304,0.9818354845046997,0.17379064857959747,0.4028176963329315,-0.8089180588722229,0.9992204308509827,0.6099520325660706,0.3043813109397888,-0.07202637940645218,0.9671045541763306,0.1847074031829834,0.381015419960022,-0.875170111656189,0.9959058165550232,0.38320308923721313,0.6234103441238403,0.15272308886051178,0.9996057748794556,0.29775264859199524,0.625865638256073,-0.15308469533920288,0.9996704459190369,0.45901238918304443,0.7717508673667908,0.18563756346702576,0.9580947756767273,0.27179625630378723,0.7806153297424316,-0.18849480152130127,0.9965464472770691,0.4817359745502472,0.9053627848625183,0.4169723391532898,0.9834883213043213,0.2513316571712494,0.9184474945068359,-0.020913414657115936,0.9957939386367798,0.4632807672023773,0.938300371170044,0.4277501702308655,0.9635043740272522,0.23576481640338898,0.939814567565918,-0.016502035781741142,0.9433223605155945,0.5705997347831726,0.9293245077133179,0.27282512187957764,0.9829095005989075,0.31169798970222473,0.9644461870193481,-0.2417929768562317,0.9906949400901794
32,1.3333333333333335,0.38060620427131653,0.34034085273742676,-0.383651465177536,0.9999959468841553,0.40548986196517944,0.4140625298023224,0.11269152164459229,0.9997880458831787,0.25097543001174927,0.42849332094192505,-0.2837073802947998,0.9999772310256958,0.5278224945068359,0.39900296926498413,0.12211043387651443,0.962314248085022,0.11521577090024948,0.4776896834373474,-0.5662753582000732,0.9997201561927795,0.5963888168334961,0.32517027854919434,-0.036717113107442856,0.9832990765571594,0.17645221948623657,0.4018266201019287,-0.8090434670448303,0.9992499947547913,0.6132419109344482,0.30451372265815735,-0.061017170548439026,0.9687613844871521,0.1861991137266159,0.3798689544200897,-0.8752012252807617,0.9960139393806458,0.38514381647109985,0.6245231032371521,0.1543777734041214,0.9996123313903809,0.2994326651096344,0.6264822483062744,-0.15474604070186615,0.9996755719184875,0.46186691522598267,0.7718788981437683,0.1891312152147293,0.9595591425895691,0.27326342463493347,0.780914306640625,-0.18986716866493225,0.9967079758644104,0.4824981689453125,0.9057449698448181,0.4102589786052704,0.9840723276138306,0.25134971737861633,0.918636679649353,-0.024940166622400284,0.9959625601768494,0.4633333086967468,0.9386603236198425,0.41947662830352783,0.9644885659217834,0.2357516586780548,0.9399511814117432,-0.020676404237747192,0.9444004893302917,0.5711800456047058,0.930957019329071,0.2628495395183563,0.9833636283874512,0.311774879693985,0.9647931456565857,-0.2457537055015564,0.9910123944282532
33,1.375,0.38667842745780945,0.34052976965904236,-0.4086810350418091,0.9999960660934448,0.4104921221733093,0.41495999693870544,0.1082441583275795,0.999788224697113,0.25635913014411926,0.4291532337665558,-0.28727197647094727,0.9999769330024719,0.5317029356956482,0.4060085415840149,0.11872179806232452,0.9655423164367676,0.12116304785013199,0.4763054847717285,-0.5722912549972534,0.9997328519821167,0.6005987524986267,0.33247706294059753,-0.04810022562742233,0.9846300482749939,0.17974044382572174,0.39900752902030945,-0.826383113861084,0.9992809891700745,0.6181154847145081,0.312137246131897,-0.07783255726099014,0.9702805280685425,0.18972033262252808,0.37734338641166687,-0.8967394232749939,0.9961370229721069,0.3900233805179596,0.6261098980903625,0.15475627779960632,0.9996240735054016,0.30454060435295105,0.6276726722717285,-0.15511634945869446,0.9996863603591919,0.4688751697540283,0.7718703150749207,0.1922500729560852,0.9617176055908203,0.2752608060836792,0.7817325592041016,-0.19432644546031952,0.9968991875648499,0.48336559534072876,0.9058783650398254,0.4500409960746765,0.9848482012748718,0.2513648271560669,0.91900235414505,-0.02528093010187149,0.9961723685264587,0.46334242820739746,0.9386816024780273,0.46319130063056946,0.9658507704734802,0.23571424186229706,0.940291702747345,-0.020836682990193367,0.9457106590270996,0.5711872577667236,0.9337226152420044,0.30358120799064636,0.9839931726455688,0.3118002712726593,0.9651251435279846,-0.25169801712036133,0.9914001226425171
34,1.4166666666666667,0.3913772404193878,0.3407290279865265,-0.4042675793170929,0.9999961853027344,0.41455480456352234,0.41589483618736267,0.11012203991413116,0.9997909665107727,0.2616528570652008,0.4297198951244354,-0.284584641456604,0.999976634979248,0.5357442498207092,0.41510385274887085,0.1318490356206894,0.9684518575668335,0.1269126832485199,0.47443076968193054,-0.568383514881134,0.9997451305389404,0.6053033471107483,0.3395967185497284,-0.031660906970500946,0.9858689904212952,0.1830417364835739,0.39653894305229187,-0.8225882053375244,0.9993148446083069,0.6226071119308472,0.31959813833236694,-0.059522148221731186,0.9718258380889893,0.19276244938373566,0.37432950735092163,-0.8953790068626404,0.9962841868400574,0.39397138357162476,0.627955973148346,0.15506252646446228,0.9996346235275269,0.30838873982429504,0.6287755370140076,-0.15542510151863098,0.9996952414512634,0.47429928183555603,0.7719743847846985,0.19915300607681274,0.9635578393936157,0.27781981229782104,0.7827221751213074,-0.19308094680309296,0.9970651865005493,0.48588258028030396,0.9062909483909607,0.4486108720302582,0.9855204224586487,0.25160080194473267,0.9191386103630066,-0.025995487347245216,0.9963498711585999,0.4645010828971863,0.9390328526496887,0.46070221066474915,0.9670069217681885,0.23572497069835663,0.9404652118682861,-0.02158462069928646,0.9467429518699646,0.5732458233833313,0.9360136389732361,0.3041040599346161,0.9845519065856934,0.3117844760417938,0.965133011341095,-0.2510501742362976,0.991736888885498
35,1.4583333333333335,0.40139806270599365,0.34277841448783875,-0.3705190122127533,0.9999963045120239,0.42100557684898376,0.4183407127857208,0.12180112302303314,0.9997992515563965,0.269807904958725,0.4312857985496521,-0.28843632340431213,0.999976634979248,0.5393140316009521,0.42859089374542236,0.15502916276454926,0.9708332419395447,0.13537836074829102,0.4714002311229706,-0.5777280330657959,0.9997559785842896,0.6187712550163269,0.3585094213485718,-0.020221075043082237,0.9869707226753235,0.18889060616493225,0.38944700360298157,-0.8354447484016418,0.9993476271629333,0.6431530714035034,0.33922427892684937,-0.04823664575815201,0.9732974767684937,0.19932624697685242,0.36633172631263733,-0.9085939526557922,0.9964412450790405,0.4016932547092438,0.6300279498100281,0.15766780078411102,0.9996481537818909,0.31796127557754517,0.630038321018219,-0.15799497067928314,0.9997074007987976,0.48189499974250793,0.7719658613204956,0.21331900358200073,0.9647186994552612,0.2829256057739258,0.7841172218322754,-0.21453288197517395,0.997236430644989,0.4894276261329651,0.9069275856018066,0.47006306052207947,0.9860089421272278,0.2518182396888733,0.9195652008056641,-0.07466943562030792,0.9965311288833618,0.46605971455574036,0.9393508434295654,0.4832473695278168,0.9678788185119629,0.23539039492607117,0.9413521885871887,-0.07302974164485931,0.9483669400215149,0.57624351978302,0.9386245608329773,0.332767128944397,0.9849597811698914,0.3121742606163025,0.9651107788085938,-0.2986633777618408,0.9920859932899475
36,1.5,0.4026215672492981,0.3444712162017822,-0.3614329695701599,0.999996542930603,0.4232993423938751,0.420242577791214,0.14289720356464386,0.9998100399971008,0.27306288480758667,0.4317280650138855,-0.28368067741394043,0.9999765753746033,0.5418063402175903,0.4318392872810364,0.1718933880329132,0.9731587171554565,0.14417970180511475,0.4689619541168213,-0.5733974575996399,0.9997661709785461,0.6218662858009338,0.36202555894851685,0.003394817002117634,0.9880557060241699,0.19563235342502594,0.3831522762775421,-0.8346841931343079,0.9993841052055359,0.6466277241706848,0.3430970311164856,-0.021679289638996124,0.9749463200569153,0.20440207421779633,0.36044102907180786,-0.9045119881629944,0.9966202974319458,0.4028717279434204,0.6305951476097107,0.15847305953502655,0.9996633529663086,0.31901615858078003,0.6306964755058289,-0.15877507627010345,0.9997192025184631,0.4840363562107086,0.7719671130180359,0.2128644436597824,0.9659361839294434,0.28514254093170166,0.7849737405776978,-0.20974089205265045,0.9974024295806885,0.49049630761146545,0.9080647230148315,0.4473411440849304,0.9864317774772644,0.252452552318573,0.919991672039032,-0.07774398475885391,0.996696412563324,0.46624258160591125,0.9405431151390076,0.4581092298030853,0.9686262607574463,0.23512762784957886,0.9414726495742798,-0.07681982964277267,0.9497458338737488,0.5775017738342285,0.9403852224349976,0.30745550990104675,0.9853121042251587,0.31214502453804016,0.9653245210647583,-0.3007815182209015,0.9924219846725464
37,1.5416666666666667,0.4113982319831848,0.344536155462265,-0.31749099493026733,0.9999967217445374,0.42889219522476196,0.422396183013916,0.15802006423473358,0.9998220801353455,0.2821788191795349,0.43184635043144226,-0.28290706872940063,0.9999768733978271,0.5422849059104919,0.44451403617858887,0.1966324746608734,0.9750717282295227,0.15137119591236115,0.4612377882003784,-0.5803999304771423,0.9997767806053162,0.6263478994369507,0.38212478160858154,0.038929637521505356,0.9890369772911072,0.20629796385765076,0.3718183636665344,-0.8166627287864685,0.9994145631790161,0.6524888873100281,0.3657175600528717,0.018155422061681747,0.9765006303787231,0.21495069563388824,0.3498486578464508,-0.8853447437286377,0.9967555403709412,0.41231590509414673,0.630713939666748,0.16017447412014008,0.9996734857559204,0.3320696949958801,0.6307203769683838,-0.16045203804969788,0.9997304677963257,0.49169448018074036,0.7714889645576477,0.22992360591888428,0.9667794704437256,0.2948196232318878,0.7850940227508545,-0.22853225469589233,0.9975559711456299,0.49204936623573303,0.9085249900817871,0.4750196039676666,0.986728310585022,0.2527036964893341,0.9201580882072449,-0.13301898539066315,0.99686598777771,0.46649491786956787,0.9406399130821228,0.4878081679344177,0.969149649143219,0.23395200073719025,0.9418350458145142,-0.1351354718208313,0.9513711333274841,0.5796831250190735,0.9419480562210083,0.35007110238075256,0.9855599999427795,0.31210747361183167,0.9652861952781677,-0.3521985709667206,0.9927577972412109
38,1.5833333333333335,0.41772180795669556,0.34586116671562195,-0.3026789128780365,0.9999969601631165,0.43341729044914246,0.4259304404258728,0.17438451945781708,0.9998347163200378,0.2899230718612671,0.43192946910858154,-0.27120310068130493,0.9999776482582092,0.5417176485061646,0.45383375883102417,0.22267688810825348,0.9766899943351746,0.15971221029758453,0.4533044993877411,-0.5713995099067688,0.9997848868370056,0.6311802864074707,0.397122323513031,0.06647948175668716,0.9899071455001831,0.21324636042118073,0.3680657148361206,-0.7824206948280334,0.9994419813156128,0.6591533422470093,0.38188081979751587,0.0464043915271759,0.977871835231781,0.22185106575489044,0.3455786108970642,-0.8503658175468445,0.9968828558921814,0.4208039939403534,0.6310867071151733,0.16032488644123077,0.9996813535690308,0.3428278863430023,0.6307775974273682,-0.160589799284935,0.9997418522834778,0.4984324276447296,0.771513044834137,0.23383036255836487,0.9674135446548462,0.30362316966056824,0.7854825258255005,-0.24138367176055908,0.9976913332939148,0.49397215247154236,0.9088218212127686,0.4737333357334137,0.9869619607925415,0.25270718336105347,0.9206045866012573,-0.16565901041030884,0.997008204460144,0.4671136140823364,0.9406780004501343,0.48612314462661743,0.9695834517478943,0.23099911212921143,0.9435563087463379,-0.16918039321899414,0.9525483250617981,0.5807508230209351,0.9427597522735596,0.35048750042915344,0.9857156872749329,0.31375420093536377,0.965903103351593,-0.3830409348011017,0.9930315017700195
39,1.625,0.42359939217567444,0.34671056270599365,-0.3036075532436371,0.999997079372406,0.43935489654541016,0.4277810752391815,0.17398788034915924,0.9998461008071899,0.2964058816432953,0.43184584379196167,-0.286308616399765,0.9999784827232361,0.542261004447937,0.46432897448539734,0.23151500523090363,0.9779380559921265,0.16554486751556396,0.44491326808929443,-0.5935174822807312,0.9997949004173279,0.6322234272956848,0.41046062111854553,0.0809817910194397,0.9906715154647827,0.22140993177890778,0.36064404249191284,-0.7855600714683533,0.9994671940803528,0.6601324081420898,0.3949919044971466,0.06225821003317833,0.979050874710083,0.2315402776002884,0.3397282660007477,-0.8576787114143372,0.9969987273216248,0.42858240008354187,0.631513774394989,0.16440144181251526,0.999692440032959,0.35120293498039246,0.6310124397277832,-0.16468454897403717,0.9997545480728149,0.5040833353996277,0.7716023921966553,0.25194060802459717,0.9681466817855835,0.3128776252269745,0.7863410115242004,-0.2477714568376541,0.9978392124176025,0.4936560094356537,0.9090286493301392,0.5147493481636047,0.9874539375305176,0.25186678767204285,0.9201833605766296,-0.1521538347005844,0.9971912503242493,0.46712085604667664,0.9413703083992004,0.5300241708755493,0.9705594778060913,0.2309930920600891,0.9428586959838867,-0.15355682373046875,0.9546761512756348,0.5815937519073486,0.9433616995811462,0.39662230014801025,0.9862293601036072,0.313267320394516,0.9661851525306702,-0.3654676377773285,0.993429958820343
40,1.6666666666666667,0.42782291769981384,0.3467414975166321,-0.32064929604530334,0.9999971985816956,0.4460839033126831,0.42898300290107727,0.1752004325389862,0.999855637550354,0.3028363883495331,0.4309740960597992,-0.2892778813838959,0.9999788403511047,0.5439212322235107,0.47259265184402466,0.24222101271152496,0.9786663055419922,0.17486128211021423,0.43645429611206055,-0.5983798503875732,0.9998048543930054,0.6352464556694031,0.4218069612979889,0.09473725408315659,0.9913042783737183,0.2315174788236618,0.35329386591911316,-0.7905329465866089,0.9994909167289734,0.6640014052391052,0.4065301716327667,0.07697150111198425,0.9799219369888306,0.24087369441986084,0.33300477266311646,-0.8659026026725769,0.9971024990081787,0.43678733706474304,0.6321454644203186,0.16614601016044617,0.9997028112411499,0.36104515194892883,0.6311628818511963,-0.16642539203166962,0.9997641444206238,0.510033369064331,0.7727082371711731,0.24064673483371735,0.9685914516448975,0.32465660572052,0.786971926689148,-0.2457537055015564,0.9979677796363831,0.49347496032714844,0.910174548625946,0.5067199468612671,0.9879002571105957,0.25216108560562134,0.917503833770752,-0.1267293095588684,0.997347354888916,0.46766993403434753,0.9417499303817749,0.5220715403556824,0.9714123010635376,0.23182757198810577,0.9385599493980408,-0.12581129372119904,0.9562742710113525,0.5821666717529297,0.9433878660202026,0.38269633054733276,0.986648440361023,0.311844140291214,0.9663897156715393,-0.34086906909942627,0.9937760233879089
41,1.7083333333333335,0.43485328555107117,0.34674328565597534,-0.3117024004459381,0.9999971389770508,0.45303523540496826,0.4303959906101227,0.1736539602279663,0.9998621344566345,0.3126223385334015,0.42915284633636475,-0.3003959059715271,0.9999791979789734,0.5483545660972595,0.48393940925598145,0.23934558033943176,0.978208065032959,0.18420831859111786,0.4260116517543793,-0.613724946975708,0.9998074173927307,0.638449490070343,0.4331016540527344,0.08714791387319565,0.9914830923080444,0.23908363282680511,0.34533458948135376,-0.8083645701408386,0.9994930624961853,0.6659040451049805,0.4183181822299957,0.07092709839344025,0.9795035123825073,0.2492201030254364,0.32798510789871216,-0.8820090889930725,0.9971067905426025,0.4450612962245941,0.6319347620010376,0.16734471917152405,0.9997079372406006,0.36989113688468933,0.6305815577507019,-0.16764461994171143,0.9997696876525879,0.5118284821510315,0.7726805210113525,0.2371630072593689,0.9680696725845337,0.34067198634147644,0.7866043448448181,-0.2611611783504486,0.9980477690696716,0.49326619505882263,0.9104257822036743,0.49362483620643616,0.9881080985069275,0.25461047887802124,0.9132828116416931,-0.12223181873559952,0.9974813461303711,0.46883493661880493,0.9417585134506226,0.509149968624115,0.9719580411911011,0.2334166318178177,0.9329654574394226,-0.11920293420553207,0.958210825920105,0.5831021666526794,0.943357527256012,0.36786749958992004,0.986984133720398,0.31093424558639526,0.9670487642288208,-0.3312602639198303,0.9941007494926453
42,1.75,0.44517746567726135,0.34674271941185,-0.17741625010967255,0.9999971389770508,0.4599684476852417,0.4352024793624878,0.2670615017414093,0.999872624874115,0.33086374402046204,0.42543989419937134,-0.24501579999923706,0.9999793767929077,0.5472485423088074,0.5013272762298584,0.3799978792667389,0.9760863780975342,0.20797230303287506,0.4065408408641815,-0.5632047653198242,0.9997913837432861,0.6367576122283936,0.45941153168678284,0.2827506363391876,0.9916057586669922,0.2613469064235687,0.33466532826423645,-0.7628199458122253,0.9994820952415466,0.6707766056060791,0.44731101393699646,0.2829689681529999,0.9793136119842529,0.2684498131275177,0.31816548109054565,-0.8295792937278748,0.9970988631248474,0.4571196436882019,0.6309378147125244,0.17115150392055511,0.9997130632400513,0.38829904794692993,0.6256778240203857,-0.17138932645320892,0.999764621257782,0.5109774470329285,0.7712811231613159,0.15985925495624542,0.9645775556564331,0.36631977558135986,0.7852357029914856,-0.2713004946708679,0.9979749917984009,0.4932568073272705,0.9113091826438904,0.34620290994644165,0.9873661994934082,0.262503981590271,0.9068291783332825,-0.13908787071704865,0.9975059032440186,0.47015178203582764,0.9422993063926697,0.35501939058303833,0.9712879061698914,0.23894339799880981,0.9234780669212341,-0.13491180539131165,0.9596132636070251,0.5838858485221863,0.9430444240570068,0.2246364802122116,0.9867815971374512,0.310500830411911,0.9667876362800598,-0.3271588683128357,0.9942649006843567
43,1.7916666666666667,0.45348870754241943,0.3483140766620636,-0.14875014126300812,0.9999971985816956,0.46620115637779236,0.44315335154533386,0.3044385313987732,0.999880850315094,0.3431636095046997,0.42336806654930115,-0.24441222846508026,0.9999791383743286,0.547081708908081,0.5072649121284485,0.4376889169216156,0.9718126058578491,0.24245469272136688,0.39696261286735535,-0.5827690958976746,0.9997747540473938,0.6384137868881226,0.46672573685646057,0.3742736577987671,0.9911260604858398,0.27850088477134705,0.3317459523677826,-0.8095439672470093,0.9994903206825256,0.6726325154304504,0.45548850297927856,0.3861846327781677,0.9776087999343872,0.280399888753891,0.3159984350204468,-0.87672358751297,0.9971912503242493,0.4657800793647766,0.6289713382720947,0.17534491419792175,0.9997209906578064,0.4002301096916199,0.623815655708313,-0.17552773654460907,0.9997609257698059,0.5113638639450073,0.7703947424888611,0.14687611162662506,0.9607187509536743,0.38251417875289917,0.7846055626869202,-0.26774728298187256,0.9978099465370178,0.49397245049476624,0.9115829467773438,0.308902382850647,0.9860304594039917,0.2711903750896454,0.9035714864730835,-0.13834895193576813,0.9974278211593628,0.4731164574623108,0.9424492120742798,0.3152497112751007,0.9691782593727112,0.24619460105895996,0.9169704914093018,-0.13403116166591644,0.9602223038673401,0.5855083465576172,0.943084180355072,0.18740633130073547,0.9859827756881714,0.3118385970592499,0.9657411575317383,-0.3247652053833008,0.9943217635154724
44,1.8333333333333335,0.4620373547077179,0.34985053539276123,-0.04751712828874588,0.9999972581863403,0.4706113338470459,0.45236581563949585,0.3647080063819885,0.9998877644538879,0.366813987493515,0.42095839977264404,-0.23262600600719452,0.9999783039093018,0.5349138975143433,0.5242733955383301,0.6048868298530579,0.9356118440628052,0.33558905124664307,0.4062681496143341,-0.655120313167572,0.9996328353881836,0.6366342306137085,0.48543673753738403,0.6858097910881042,0.9871805310249329,0.31347203254699707,0.3400607407093048,-0.9927387237548828,0.9994325041770935,0.6688311100006104,0.4757520854473114,0.729634702205658,0.9712603688240051,0.2992159128189087,0.32723864912986755,-1.073127031326294,0.9971498847007751,0.47923341393470764,0.6279682517051697,0.179721400141716,0.9997421503067017,0.41865572333335876,0.6203463077545166,-0.17987339198589325,0.9997734427452087,0.5099380016326904,0.7712644338607788,0.12714336812496185,0.9548819065093994,0.4097403883934021,0.7843605875968933,-0.29403966665267944,0.997247576713562,0.4939427077770233,0.9116479754447937,0.2724895477294922,0.9836783409118652,0.2827335000038147,0.8969074487686157,-0.181169331073761,0.9968031048774719,0.47295477986335754,0.9426665902137756,0.2780194580554962,0.9665086269378662,0.25369367003440857,0.9062817096710205,-0.1761883795261383,0.9584614634513855,0.5851954221725464,0.9439270496368408,0.15355248749256134,0.9844628572463989,0.31420642137527466,0.9642724990844727,-0.34323009848594666,0.9938241839408875
45,1.875,0.46261677145957947,0.35185182094573975,-0.03884223476052284,0.9999970197677612,0.47023484110832214,0.4551735520362854,0.3671800494194031,0.9998917579650879,0.3708653450012207,0.42126497626304626,-0.2423749566078186,0.9999744892120361,0.524204671382904,0.5231315493583679,0.6475972533226013,0.9009109139442444,0.34570273756980896,0.41139233112335205,-0.6754462718963623,0.9995172619819641,0.6361754536628723,0.4874972999095917,0.7657037377357483,0.9835832118988037,0.3136208951473236,0.3447018563747406,-1.0027390718460083,0.9994157552719116,0.6667144298553467,0.47902926802635193,0.8159167170524597,0.9658929705619812,0.2969082295894623,0.3298085629940033,-1.0849112272262573,0.9972143173217773,0.48198196291923523,0.6270875930786133,0.18732869625091553,0.9997607469558716,0.4253982603549957,0.6187647581100464,-0.18747955560684204,0.9997779130935669,0.5114478468894958,0.7716395258903503,0.0996398776769638,0.9504848122596741,0.41404908895492554,0.7823029160499573,-0.2841959297657013,0.9967038035392761,0.49349236488342285,0.9128850102424622,0.23839427530765533,0.9822190403938293,0.2873993217945099,0.8951573967933655,-0.1713283807039261,0.9963688254356384,0.4711967706680298,0.9434848427772522,0.24329441785812378,0.9648509621620178,0.25846898555755615,0.904606282711029,-0.16682381927967072,0.9570884108543396,0.5855672359466553,0.9450744986534119,0.11556041240692139,0.9835718274116516,0.30964207649230957,0.9632712602615356,-0.3381003141403198,0.9934850335121155
46,1.9166666666666667,0.46618929505348206,0.3521645963191986,-0.15694783627986908,0.9999905228614807,0.4680243134498596,0.4508492648601532,0.238755464553833,0.999855637550354,0.38091325759887695,0.4154186248779297,-0.4136636257171631,0.9999551773071289,0.5077736973762512,0.5190442204475403,0.6613671183586121,0.8300160765647888,0.37564513087272644,0.40173888206481934,-0.8684614300727844,0.9990360736846924,0.6047064065933228,0.4994737207889557,0.993263304233551,0.9581077694892883,0.3480466306209564,0.33799034357070923,-1.229095697402954,0.9991808533668518,0.6475449204444885,0.4902544915676117,1.079260230064392,0.9392125606536865,0.33160701394081116,0.33176177740097046,-1.3200262784957886,0.9968984723091125,0.48067039251327515,0.6258952617645264,0.1862465739250183,0.9997694492340088,0.4446121156215668,0.6176005601882935,-0.18656179308891296,0.9997591972351074,0.5021644830703735,0.7717851400375366,0.12865424156188965,0.9406262040138245,0.45309674739837646,0.7771908044815063,-0.23472362756729126,0.9954438209533691,0.4930967688560486,0.9136152863502502,0.2963568866252899,0.9807643294334412,0.30168506503105164,0.8871932029724121,-0.07505634427070618,0.9960452318191528,0.4711376130580902,0.9434760212898254,0.30333372950553894,0.9607253074645996,0.2720761299133301,0.8935961723327637,-0.06547177582979202,0.9571514129638672,0.5822356343269348,0.9451703429222107,0.16770793497562408,0.9821321964263916,0.30923566222190857,0.9625971913337708,-0.22167928516864777,0.9932461977005005
47,1.9583333333333335,0.460955947637558,0.352694571018219,-0.16953587532043457,0.9999894499778748,0.4592095911502838,0.44859790802001953,0.2204173058271408,0.9998444318771362,0.3970458507537842,0.4164494276046753,-0.38796618580818176,0.9999460577964783,0.5058181881904602,0.5223116874694824,0.6305400133132935,0.7738780379295349,0.36765459179878235,0.40104109048843384,-0.7858359217643738,0.9985811114311218,0.5952565670013428,0.505884051322937,0.9320406913757324,0.9373123049736023,0.35570064187049866,0.33284756541252136,-1.1232630014419556,0.9989724159240723,0.6284887790679932,0.49735862016677856,1.0083283185958862,0.9172144532203674,0.34017929434776306,0.3325576186180115,-1.2125108242034912,0.9966720938682556,0.477643221616745,0.6257324814796448,0.1866227686405182,0.9997804164886475,0.4572514295578003,0.6182565689086914,-0.18698304891586304,0.9997604489326477,0.49076005816459656,0.7715516090393066,0.13419146835803986,0.9248512983322144,0.4745902717113495,0.7726971507072449,-0.237955242395401,0.9949260354042053,0.49231845140457153,0.9135962128639221,0.2554027736186981,0.9779847860336304,0.31164130568504333,0.8848549723625183,-0.15283262729644775,0.9961774349212646,0.47118839621543884,0.9426997900009155,0.25823286175727844,0.9566941857337952,0.2936745882034302,0.8997044563293457,-0.14908631145954132,0.9599044919013977,0.5566319823265076,0.9452756643295288,0.13301332294940948,0.9805224537849426,0.31380337476730347,0.9627246856689453,-0.23751579225063324,0.9935512542724609
48,2.0,0.46687260270118713,0.3539165258407593,-0.16006451845169067,0.9999887347221375,0.45805832743644714,0.44753211736679077,0.22620876133441925,0.9998340010643005,0.40817949175834656,0.4167465567588806,-0.3951931893825531,0.9999376535415649,0.5030298829078674,0.5235342979431152,0.7154545187950134,0.7134174108505249,0.3800470232963562,0.4059213101863861,-0.8007432818412781,0.9977719187736511,0.5905154943466187,0.5104631781578064,1.1069402694702148,0.9109503626823425,0.3595777153968811,0.33003801107406616,-1.146080732345581,0.9987198710441589,0.6193881630897522,0.5025320649147034,1.2021303176879883,0.8925931453704834,0.3416157364845276,0.3325704038143158,-1.2360515594482422,0.9964342713356018,0.47820818424224854,0.6258939504623413,0.19103482365608215,0.9997923970222473,0.4636319577693939,0.6187676191329956,-0.19148984551429749,0.9997665882110596,0.4870169758796692,0.7717534899711609,0.13914187252521515,0.9072267413139343,0.47776392102241516,0.771650493144989,-0.2995608150959015,0.9941673278808594,0.4924929440021515,0.9132529497146606,0.2610822319984436,0.9755454063415527,0.31704482436180115,0.8838496804237366,-0.23849040269851685,0.9962814450263977,0.4721817076206207,0.9423688650131226,0.26193711161613464,0.9533759355545044,0.284173846244812,0.8933753371238708,-0.23795586824417114,0.9622973799705505,0.558233380317688,0.9456857442855835,0.13716495037078857,0.9790443778038025,0.3158125877380371,0.9625580906867981,-0.3805639445781708,0.9937949776649475
49,2.041666666666667,0.47644415497779846,0.3538323640823364,-0.18736138939857483,0.999987006187439,0.457110196352005,0.4464458227157593,0.21770159900188446,0.9998241662979126,0.41517192125320435,0.4173394441604614,-0.43163222074508667,0.9999298453330994,0.500021755695343,0.521193265914917,0.7164770364761353,0.660469651222229,0.38238707184791565,0.4077301025390625,-0.8566187620162964,0.996877133846283,0.5901970863342285,0.5125294923782349,1.1209790706634521,0.8907206654548645,0.35264134407043457,0.3290145993232727,-1.2191951274871826,0.9983690977096558,0.6173433661460876,0.5044289231300354,1.2175569534301758,0.8731239438056946,0.33377858996391296,0.3329135477542877,-1.313953161239624,0.9960353374481201,0.4834480583667755,0.6240755319595337,0.19499020278453827,0.9998059868812561,0.46533021330833435,0.6181604862213135,-0.19554105401039124,0.9997743964195251,0.48750656843185425,0.7710816264152527,0.18349869549274445,0.9012624025344849,0.48017045855522156,0.7691678404808044,-0.3264145851135254,0.993821382522583,0.49340683221817017,0.9117172360420227,0.3154584765434265,0.975632905960083,0.3215075731277466,0.880125105381012,-0.2434586137533188,0.9963622093200684,0.47378090023994446,0.940851092338562,0.31684309244155884,0.9524289965629578,0.2826524078845978,0.8857646584510803,-0.24179913103580475,0.9637675881385803,0.5668807625770569,0.945411205291748,0.1870662271976471,0.9790913462638855,0.3186364769935608,0.9608275890350342,-0.4065861105918884,0.994016706943512
50,2.0833333333333335,0.4939451515674591,0.35523635149002075,0.0039725773967802525,0.9999838471412659,0.45660459995269775,0.42761680483818054,0.3450302481651306,0.999728262424469,0.4388052821159363,0.4041907489299774,-0.23444662988185883,0.9998956918716431,0.4889199137687683,0.3693477511405945,0.6888025403022766,0.5997194051742554,0.49084410071372986,0.316593199968338,-0.25547075271606445,0.995361328125,0.4310648739337921,0.33293741941452026,0.8907835483551025,0.8069337606430054,0.39263463020324707,0.2775529623031616,0.055018264800310135,0.9869150519371033,0.38692507147789,0.28999432921409607,0.9274294972419739,0.791438639163971,0.3708002269268036,0.2750624418258667,0.0575283020734787,0.9813094735145569,0.4872027337551117,0.6174805760383606,0.19594056904315948,0.999812662601471,0.4830586314201355,0.6131165623664856,-0.1962743103504181,0.9997691512107849,0.49211347103118896,0.7706679701805115,0.1700756549835205,0.8716188669204712,0.48792412877082825,0.7689169645309448,-0.22633160650730133,0.9924486875534058,0.49346256256103516,0.9114345908164978,0.21032291650772095,0.9652270078659058,0.33245423436164856,0.8775455355644226,-0.1397130787372589,0.9948627948760986,0.47438132762908936,0.9408013224601746,0.2078205943107605,0.9401125907897949,0.292987197637558,0.8791469931602478,-0.1310541033744812,0.9625542163848877,0.5718778967857361,0.9453697204589844,0.11710844933986664,0.9711529612541199,0.32539570331573486,0.959549605846405,-0.21796345710754395,0.9924039840698242
51,2.125,0.5015160441398621,0.35513752698898315,0.011210255324840546,0.9999701380729675,0.4561837315559387,0.42435401678085327,0.32070720195770264,0.9996102452278137,0.4451237916946411,0.4028700292110443,-0.2685740292072296,0.9998487234115601,0.47840628027915955,0.3489174246788025,0.6429829001426697,0.54734867811203,0.49673765897750854,0.30949515104293823,-0.3491961359977722,0.9936171770095825,0.41333135962486267,0.2971194088459015,0.8076745271682739,0.7350046038627625,0.39642974734306335,0.2701553404331207,-0.09506805986166,0.975330650806427,0.3771480917930603,0.2746357023715973,0.8373770117759705,0.7222539186477661,0.37212517857551575,0.26804718375205994,-0.11141467094421387,0.9660646915435791,0.4871852695941925,0.6179046034812927,0.20495083928108215,0.9998174905776978,0.48710542917251587,0.6138365864753723,-0.20510782301425934,0.9997594952583313,0.4925980865955353,0.7709072828292847,0.19244244694709778,0.8353186249732971,0.48996299505233765,0.7697111964225769,-0.21414808928966522,0.9908475875854492,0.49343135952949524,0.9112333655357361,0.25749778747558594,0.9494983553886414,0.33673569560050964,0.8758040070533752,-0.07246483862400055,0.9929941892623901,0.474697470664978,0.9407538771629333,0.2603475749492645,0.921784520149231,0.29781097173690796,0.8743565678596497,-0.05962871387600899,0.9607024192810059,0.5749015212059021,0.9453292489051819,0.14895007014274597,0.9583585262298584,0.3256095051765442,0.9581644535064697,-0.15062473714351654,0.9899724125862122
52,2.166666666666667,0.5046029686927795,0.3513564169406891,-0.05400817096233368,0.9999486804008484,0.45654982328414917,0.4226053059101105,0.30807092785835266,0.9995623230934143,0.4571359157562256,0.3931337296962738,-0.3054368197917938,0.9998484253883362,0.48016300797462463,0.480145126581192,0.567851185798645,0.49493926763534546,0.5196347832679749,0.30987846851348877,-0.5112003087997437,0.9940401315689087,0.4919780492782593,0.5579974055290222,0.6066197752952576,0.6652851104736328,0.4321291148662567,0.2562244236469269,-0.44334983825683594,0.9766390323638916,0.492338627576828,0.5773316025733948,0.633988082408905,0.6552420854568481,0.4100557565689087,0.24577321112155914,-0.5010291337966919,0.9667026400566101,0.48876914381980896,0.6178158521652222,0.20288890600204468,0.9998250007629395,0.4955543875694275,0.611996054649353,-0.20304517447948456,0.9997695088386536,0.4936337471008301,0.7709153294563293,0.21936805546283722,0.8020329475402832,0.49174195528030396,0.7695969343185425,-0.1963784545660019,0.9909250140190125,0.4935331642627716,0.910839855670929,0.37429291009902954,0.9443526268005371,0.3393550217151642,0.8775008916854858,-0.05439342185854912,0.9932218790054321,0.47585755586624146,0.940281093120575,0.3828124403953552,0.916513979434967,0.3012186586856842,0.8758066892623901,-0.044034287333488464,0.9623113870620728,0.5785320997238159,0.9453281164169312,0.27144762873649597,0.9550597071647644,0.3277618885040283,0.9575434923171997,-0.16720545291900635,0.9900978803634644
53,2.2083333333333335,0.501439094543457,0.35040149092674255,-0.018670694902539253,0.9999263882637024,0.45470765233039856,0.4227229058742523,0.31243428587913513,0.9995311498641968,0.4730880558490753,0.3916112184524536,-0.288841187953949,0.9998520612716675,0.48244181275367737,0.5156650543212891,0.5330780744552612,0.44854938983917236,0.5426424741744995,0.3087817132472992,-0.41791513562202454,0.9945237040519714,0.4953436255455017,0.5990784764289856,0.5441100001335144,0.6045799851417542,0.4738750457763672,0.2368941456079483,-0.18347391486167908,0.9781736731529236,0.5013235211372375,0.6166257262229919,0.56882244348526,0.5974766612052917,0.45667433738708496,0.2216172218322754,-0.22035469114780426,0.9676799178123474,0.4893529713153839,0.6173638701438904,0.20106016099452972,0.9998358488082886,0.49731677770614624,0.6105138659477234,-0.20131506025791168,0.9997856616973877,0.4967406094074249,0.7709037661552429,0.22244910895824432,0.7612555623054504,0.4941926598548889,0.7690855860710144,-0.21391430497169495,0.9907584190368652,0.4938114881515503,0.9108293652534485,0.3906923532485962,0.936019241809845,0.3424476087093353,0.8792062997817993,-0.08662938326597214,0.9932639002799988,0.47783300280570984,0.9400625228881836,0.4002302289009094,0.9073775410652161,0.3074490427970886,0.8782845139503479,-0.0799320638179779,0.9630115628242493,0.5825770497322083,0.9470748901367188,0.2955266833305359,0.9497579336166382,0.3315483033657074,0.9587528109550476,-0.2138238400220871,0.9901553392410278
54,2.25,0.5138446092605591,0.35122331976890564,0.05715702474117279,0.9998640418052673,0.45467254519462585,0.42432162165641785,0.3508179485797882,0.9995119571685791,0.48622825741767883,0.39440327882766724,-0.2562401592731476,0.999856173992157,0.4668550193309784,0.5151774883270264,0.5376608967781067,0.4072099030017853,0.5624800324440002,0.3100576400756836,-0.38057178258895874,0.9949524402618408,0.502163290977478,0.5732331871986389,0.5147688984870911,0.5501832962036133,0.5678040385246277,0.2195662409067154,-0.21208032965660095,0.979938268661499,0.5065045952796936,0.585969865322113,0.5296057462692261,0.5455639958381653,0.5581668019294739,0.19941836595535278,-0.2526831030845642,0.9700009226799011,0.4869684875011444,0.617251992225647,0.2016882747411728,0.9998418688774109,0.49908798933029175,0.6107097268104553,-0.2019893378019333,0.9997960329055786,0.49783992767333984,0.7707449793815613,0.22666217386722565,0.7303923964500427,0.4989643692970276,0.7693638801574707,-0.2218855619430542,0.9904534816741943,0.493684321641922,0.9108272790908813,0.3707731068134308,0.9286634922027588,0.348082035779953,0.879839301109314,-0.08629444241523743,0.9928698539733887,0.47885969281196594,0.9399601221084595,0.37790393829345703,0.900288462638855,0.3152671456336975,0.8810602426528931,-0.07599043846130371,0.9632809162139893,0.5830087065696716,0.9485934376716614,0.28125473856925964,0.9461555480957031,0.3342514634132385,0.9632315039634705,-0.19355355203151703,0.9898483753204346
55,2.291666666666667,0.5123023986816406,0.3550125062465668,0.06415563821792603,0.999794602394104,0.4533882141113281,0.4244762063026428,0.33547696471214294,0.9994627237319946,0.4870705008506775,0.3961932957172394,-0.2543952465057373,0.9998570680618286,0.45909854769706726,0.5161277055740356,0.4912797212600708,0.3720545470714569,0.5845635533332825,0.31700974702835083,-0.3641657829284668,0.9953245520591736,0.4932938814163208,0.5630484819412231,0.40932315587997437,0.5031718611717224,0.6436827778816223,0.2328932136297226,-0.20101074874401093,0.9814717769622803,0.4970531463623047,0.5756432414054871,0.41884446144104004,0.5002840161323547,0.6620219945907593,0.2149389535188675,-0.23580972850322723,0.9719464182853699,0.4863986074924469,0.6173718571662903,0.20137150585651398,0.9998312592506409,0.49758192896842957,0.6110904216766357,-0.20178085565567017,0.9997951984405518,0.49943310022354126,0.768261730670929,0.26151570677757263,0.7062399983406067,0.5002063512802124,0.7696099877357483,-0.2323364019393921,0.9899836182594299,0.4926866292953491,0.9090080857276917,0.40743106603622437,0.9235221147537231,0.3594021201133728,0.8820880055427551,-0.13107775151729584,0.9926757216453552,0.47897419333457947,0.936745822429657,0.4149414896965027,0.8941271305084229,0.3267519772052765,0.8836773037910461,-0.12366080284118652,0.963459312915802,0.5828413367271423,0.9484708309173584,0.3311581015586853,0.9429409503936768,0.34310659766197205,0.9654271602630615,-0.23697185516357422,0.9896180629730225
56,2.3333333333333335,0.5130121111869812,0.35652047395706177,0.02008170634508133,0.9996827244758606,0.45344671607017517,0.4248045086860657,0.32349544763565063,0.9993422627449036,0.4877479374408722,0.3977157175540924,-0.2583264708518982,0.9998493790626526,0.45766744017601013,0.5100671052932739,0.4992057979106903,0.3394128382205963,0.584280788898468,0.3198815882205963,-0.4295959174633026,0.995697021484375,0.4980347752571106,0.5494028925895691,0.4314468204975128,0.45984894037246704,0.649040699005127,0.23342926800251007,-0.3463107943534851,0.9830119609832764,0.5019583106040955,0.5618993043899536,0.44178393483161926,0.4585270881652832,0.6685267686843872,0.21466763317584991,-0.39420753717422485,0.9740285873413086,0.48644736409187317,0.6176665425300598,0.20072853565216064,0.9998025894165039,0.49658718705177307,0.6138319969177246,-0.20114754140377045,0.9997737407684326,0.5016154050827026,0.7673621773719788,0.25181323289871216,0.682184100151062,0.5011592507362366,0.7697039842605591,-0.23148877918720245,0.9895278215408325,0.4925183355808258,0.9083107709884644,0.39817139506340027,0.9181342124938965,0.3673279881477356,0.8824557065963745,-0.11403416097164154,0.9925116300582886,0.4796176552772522,0.935400664806366,0.4049455523490906,0.8880297541618347,0.32831135392189026,0.8843550682067871,-0.10545584559440613,0.9638630151748657,0.5829869508743286,0.9483253955841064,0.3166603147983551,0.9397895336151123,0.34679070115089417,0.9653164148330688,-0.22285905480384827,0.9893996119499207
57,2.375,0.5126538872718811,0.35885030031204224,0.07943443953990936,0.9996705651283264,0.4492643177509308,0.4254198968410492,0.31806737184524536,0.9993252754211426,0.489664763212204,0.39693376421928406,-0.25947457551956177,0.9998548030853271,0.44701477885246277,0.5242542028427124,0.49884936213493347,0.31683629751205444,0.5964102745056152,0.3244163990020752,-0.33730319142341614,0.9960299730300903,0.48738187551498413,0.5607534646987915,0.49273648858070374,0.42440617084503174,0.6739643216133118,0.24596035480499268,-0.12248136848211288,0.9842352271080017,0.4953904449939728,0.5593656301498413,0.5157595872879028,0.42433756589889526,0.70382159948349,0.2307778000831604,-0.149936705827713,0.9754433035850525,0.48584288358688354,0.6179178953170776,0.20038503408432007,0.9997938275337219,0.49813559651374817,0.6145205497741699,-0.20076759159564972,0.9997730255126953,0.5027297139167786,0.7657415270805359,0.26269015669822693,0.6641218662261963,0.501266360282898,0.7698317766189575,-0.23140190541744232,0.9887099266052246,0.49308550357818604,0.9082117080688477,0.4108651578426361,0.9142870306968689,0.3733069598674774,0.8824428915977478,-0.11964470148086548,0.9921459555625916,0.48105841875076294,0.9350966215133667,0.41933006048202515,0.8831993937492371,0.3319512903690338,0.8850224614143372,-0.11197542399168015,0.9631361961364746,0.5837963819503784,0.9481940865516663,0.3447190523147583,0.9367325901985168,0.3502521812915802,0.9637953639030457,-0.2274823784828186,0.988885760307312
58,2.416666666666667,0.5228319764137268,0.3652137219905853,0.11810816824436188,0.9996739029884338,0.44949963688850403,0.4256036579608917,0.32808974385261536,0.99923175573349,0.4883480370044708,0.3972471356391907,-0.24923929572105408,0.9998483061790466,0.4458954334259033,0.5274384021759033,0.45342105627059937,0.29111841320991516,0.6187977194786072,0.3462216556072235,-0.4019426107406616,0.9962055087089539,0.48811599612236023,0.583760142326355,0.41443365812301636,0.38778746128082275,0.7130936980247498,0.3232637643814087,-0.2031082659959793,0.983350396156311,0.49550661444664,0.5985121130943298,0.4283459484577179,0.38846078515052795,0.7469719052314758,0.3244832158088684,-0.22023408114910126,0.9731975197792053,0.4864566922187805,0.6195757985115051,0.2029702514410019,0.9997619390487671,0.5017368793487549,0.6165169477462769,-0.2035459578037262,0.9997439384460449,0.5036725997924805,0.7654368877410889,0.25739333033561707,0.6576288342475891,0.5023817420005798,0.76996248960495,-0.22140301764011383,0.988783597946167,0.49399200081825256,0.9079425930976868,0.39725956320762634,0.910927951335907,0.37716352939605713,0.8821477293968201,-0.10582824796438217,0.9921675324440002,0.4817970097064972,0.9343105554580688,0.40441450476646423,0.8801587820053101,0.33444535732269287,0.8822731971740723,-0.0969233363866806,0.963718831539154,0.5843244791030884,0.9478176832199097,0.3198137581348419,0.9345119595527649,0.35289284586906433,0.9594501256942749,-0.20981979370117188,0.9888784289360046
59,2.4583333333333335,0.5249056220054626,0.3646605908870697,0.0733402818441391,0.9996777176856995,0.4480142891407013,0.4256994426250458,0.32455337047576904,0.999198317527771,0.48318764567375183,0.3991173505783081,-0.27658990025520325,0.9998486638069153,0.43449410796165466,0.5250644683837891,0.4583614766597748,0.27280348539352417,0.6068956851959229,0.3757461905479431,-0.5353412628173828,0.9964105486869812,0.474295049905777,0.5695623755455017,0.4715239405632019,0.35533231496810913,0.7336669564247131,0.3634169101715088,-0.6287609934806824,0.9834180474281311,0.4810592532157898,0.583246648311615,0.49216270446777344,0.35617780685424805,0.7664564251899719,0.3690628409385681,-0.6952903866767883,0.9731119275093079,0.48613467812538147,0.6198310256004333,0.20423229038715363,0.9997089505195618,0.5026101469993591,0.6167988181114197,-0.2047806680202484,0.9996819496154785,0.503879725933075,0.7655148506164551,0.25545400381088257,0.6569207310676575,0.504431962966919,0.7696561217308044,-0.2043825089931488,0.9888982772827148,0.49440425634384155,0.907964825630188,0.39656874537467957,0.9104384779930115,0.3841497004032135,0.8811169266700745,-0.06767047941684723,0.9923439025878906,0.4824339747428894,0.9348194599151611,0.4028594493865967,0.8803499341011047,0.3373912274837494,0.87928307056427,-0.05690988898277283,0.9649240374565125,0.5847020745277405,0.9477272033691406,0.3158513307571411,0.9344902634620667,0.35578683018684387,0.9557151794433594,-0.16072620451450348,0.9891223311424255
60,2.5,0.52555251121521,0.3639602065086365,0.05747465044260025,0.9996954202651978,0.4479956030845642,0.42605969309806824,0.32884523272514343,0.9992251396179199,0.48145174980163574,0.4046521484851837,-0.2878248393535614,0.9998553395271301,0.43654173612594604,0.520558774471283,0.45941269397735596,0.2625170052051544,0.6022947430610657,0.4242343008518219,-0.5721774101257324,0.996543824672699,0.4657372534275055,0.5600641965866089,0.4867919981479645,0.3304070830345154,0.7381751537322998,0.41502150893211365,-0.7056293487548828,0.9830803871154785,0.46791061758995056,0.5857706069946289,0.5072160363197327,0.3306487798690796,0.7691778540611267,0.4255044758319855,-0.7778794169425964,0.9727321267127991,0.48590952157974243,0.618562638759613,0.21108028292655945,0.9996681213378906,0.502044677734375,0.6162893176078796,-0.21164514124393463,0.9996442794799805,0.5038406848907471,0.7655431628227234,0.2659394443035126,0.6604752540588379,0.5042926669120789,0.7697223424911499,-0.22672051191329956,0.9893687963485718,0.49430638551712036,0.9082764983177185,0.41505569219589233,0.9103490114212036,0.3789043724536896,0.8821925520896912,-0.12339647114276886,0.9927259683609009,0.48234790563583374,0.9356908202171326,0.42172086238861084,0.8805078268051147,0.33740824460983276,0.88414067029953,-0.1149289682507515,0.9664259552955627,0.5846052765846252,0.9474745988845825,0.3333706855773926,0.9352295398712158,0.35626786947250366,0.9561456441879272,-0.22505469620227814,0.9896693825721741
61,2.541666666666667,0.5222600102424622,0.3636467456817627,0.07701745629310608,0.9996829628944397,0.45206281542778015,0.424570232629776,0.3354978561401367,0.9992274045944214,0.48079031705856323,0.4058520793914795,-0.28582215309143066,0.9998511672019958,0.4566914737224579,0.520002543926239,0.37316927313804626,0.2473616600036621,0.5704671740531921,0.47053366899490356,-0.3492184281349182,0.9931961297988892,0.5351285934448242,0.5572130084037781,0.2624672055244446,0.30572736263275146,0.6818373203277588,0.5065940618515015,-0.17720086872577667,0.9532405138015747,0.5454390645027161,0.5751174688339233,0.25068649649620056,0.305919885635376,0.6968953609466553,0.517230212688446,-0.2011399269104004,0.9389529824256897,0.4859784245491028,0.6183678507804871,0.21340057253837585,0.9996104836463928,0.5007045269012451,0.6163062453269958,-0.21376773715019226,0.9995507001876831,0.5026760101318359,0.7656062841415405,0.2506682276725769,0.6573388576507568,0.5041640400886536,0.769797682762146,-0.2361772507429123,0.9895901083946228,0.4943036139011383,0.9089432954788208,0.33734825253486633,0.9086990356445312,0.37630870938301086,0.8841075897216797,-0.14785781502723694,0.9928205013275146,0.4823121130466461,0.936296284198761,0.3375215530395508,0.8799679279327393,0.3374214172363281,0.8863760232925415,-0.13961797952651978,0.9665257334709167,0.5851089358329773,0.9477600455284119,0.25273165106773376,0.9336628913879395,0.35440438985824585,0.9562669396400452,-0.24293887615203857,0.9896320104598999
62,2.5833333333333335,0.5204888582229614,0.3643208146095276,0.14795026183128357,0.999675452709198,0.4506884217262268,0.4248577356338501,0.3405061364173889,0.999268114566803,0.5066092610359192,0.40674951672554016,-0.26324689388275146,0.9998605847358704,0.4459916651248932,0.5180240869522095,0.3584488332271576,0.23820610344409943,0.5660381317138672,0.48882201313972473,-0.3112001419067383,0.9920614957809448,0.49566739797592163,0.5668154954910278,0.276324987411499,0.2835243344306946,0.6852496266365051,0.5349463820457458,-0.13404051959514618,0.9401662349700928,0.5011418461799622,0.583612322807312,0.2700166404247284,0.2826651930809021,0.6969237923622131,0.5574164986610413,-0.15226294100284576,0.9218427538871765,0.48581525683403015,0.6178339123725891,0.21541008353233337,0.999587893486023,0.49954578280448914,0.6162323355674744,-0.21581047773361206,0.9995173215866089,0.5017135143280029,0.7657862305641174,0.23827345669269562,0.656222939491272,0.503746747970581,0.7699997425079346,-0.2358720451593399,0.9897900223731995,0.4943006634712219,0.9093623757362366,0.29876387119293213,0.9046503305435181,0.3740862011909485,0.8852853775024414,-0.14500246942043304,0.9927347302436829,0.48239707946777344,0.9363957643508911,0.2964501976966858,0.8765296339988708,0.3363134562969208,0.8867552876472473,-0.1358029544353485,0.9664159417152405,0.585083544254303,0.9479665756225586,0.214834526181221,0.9295029044151306,0.3557465672492981,0.9565271735191345,-0.24252520501613617,0.9893303513526917
63,2.625,0.5201482176780701,0.36889785528182983,0.3038559556007385,0.9996919631958008,0.4367508292198181,0.42861706018447876,0.32905465364456177,0.9993326663970947,0.5360351800918579,0.41209977865219116,-0.20413629710674286,0.9998738169670105,0.41198018193244934,0.5209984183311462,0.4066484272480011,0.28686803579330444,0.5912519693374634,0.5020077228546143,-0.1930140107870102,0.992565929889679,0.45675766468048096,0.5626819729804993,0.5338149666786194,0.2698242664337158,0.6658529043197632,0.5885315537452698,0.02786710485816002,0.9398227334022522,0.4492517113685608,0.5782080888748169,0.5667483806610107,0.2652106285095215,0.6772065162658691,0.6095959544181824,0.035101599991321564,0.9173213243484497,0.4780401587486267,0.6189739108085632,0.2109242081642151,0.9996172785758972,0.5062711834907532,0.6162382960319519,-0.21122735738754272,0.9995527267456055,0.5010323524475098,0.7673742175102234,0.23849128186702728,0.6677517294883728,0.5036680102348328,0.7702325582504272,-0.2363755851984024,0.9902459979057312,0.4957279860973358,0.9125275015830994,0.3126692771911621,0.9065231680870056,0.3731331527233124,0.8866535425186157,-0.1711387187242508,0.9928853511810303,0.48351621627807617,0.9393491744995117,0.312396377325058,0.8786689639091492,0.3349757492542267,0.8872893452644348,-0.15987633168697357,0.9676679968833923,0.5853834748268127,0.9492788314819336,0.2372933030128479,0.9265852570533752,0.3547394871711731,0.9571965336799622,-0.23525547981262207,0.9892827868461609
64,2.666666666666667,0.5192312598228455,0.3684269189834595,0.24255859851837158,0.9997127056121826,0.4303753077983856,0.43010106682777405,0.29873889684677124,0.9993903040885925,0.5399113893508911,0.41568857431411743,-0.22929435968399048,0.9998857975006104,0.40522879362106323,0.5222750306129456,0.42285168170928955,0.3273603320121765,0.5965561866760254,0.5053786635398865,-0.220870241522789,0.9930691719055176,0.4529064893722534,0.5596063733100891,0.57378751039505,0.253797709941864,0.6612422466278076,0.5909030437469482,0.02786123938858509,0.9398581981658936,0.4466756582260132,0.5747069120407104,0.6102929711341858,0.24686594307422638,0.669292151927948,0.6115894913673401,0.03884124383330345,0.914124608039856,0.47570711374282837,0.619263231754303,0.21071025729179382,0.9996400475502014,0.5076233744621277,0.6163151860237122,-0.21103790402412415,0.9995828866958618,0.5007752776145935,0.7673875093460083,0.2619500458240509,0.6715874075889587,0.503710925579071,0.7702596187591553,-0.22710172832012177,0.9904941916465759,0.4957277178764343,0.9125542044639587,0.3364332914352417,0.9066917300224304,0.3744727373123169,0.8869672417640686,-0.16678638756275177,0.9929771423339844,0.4834655821323395,0.9394473433494568,0.33552587032318115,0.8785330057144165,0.3342176377773285,0.8873550891876221,-0.15046250820159912,0.9684880971908569,0.5853705406188965,0.9498600363731384,0.3082486689090729,0.9231650233268738,0.3540869951248169,0.9571840763092041,-0.17822498083114624,0.9892790913581848
65,2.7083333333333335,0.524127721786499,0.3652629256248474,0.20132529735565186,0.9997336864471436,0.43011564016342163,0.43016472458839417,0.27992767095565796,0.999442994594574,0.5495445132255554,0.417673259973526,-0.2770816683769226,0.9998966455459595,0.40252363681793213,0.5239034295082092,0.42935091257095337,0.3655819594860077,0.5931423306465149,0.512885332107544,-0.28456687927246094,0.9935204386711121,0.4553883671760559,0.5579298138618469,0.5705716013908386,0.23934276401996613,0.6563676595687866,0.5953108072280884,-0.07461930066347122,0.9401910901069641,0.4613993465900421,0.5627579689025879,0.6081679463386536,0.23063382506370544,0.6624347567558289,0.61574786901474,-0.07311110198497772,0.9117265343666077,0.470816433429718,0.6201270222663879,0.21134307980537415,0.999663233757019,0.5117917656898499,0.6170745491981506,-0.21164610981941223,0.9996138215065002,0.49851807951927185,0.7679561376571655,0.309339702129364,0.6758455634117126,0.5030657052993774,0.7703273296356201,-0.23516100645065308,0.9908304214477539,0.49570974707603455,0.9128996729850769,0.42619791626930237,0.9068446159362793,0.3759252429008484,0.8871272206306458,-0.15577316284179688,0.9931522011756897,0.4834381639957428,0.9398000240325928,0.4311324656009674,0.8786563873291016,0.3338656723499298,0.8888129591941833,-0.14372482895851135,0.9696973562240601,0.585357129573822,0.9501768946647644,0.3989332914352417,0.919287383556366,0.3536074161529541,0.957281768321991,-0.17774377763271332,0.9894370436668396
66,2.75,0.5290812849998474,0.36516374349594116,0.2111349105834961,0.9997435808181763,0.4319119453430176,0.4294207990169525,0.2882940173149109,0.9994874000549316,0.5455676317214966,0.4192136824131012,-0.26067787408828735,0.9999061226844788,0.41213443875312805,0.524226188659668,0.3764832615852356,0.3763607442378998,0.5712594389915466,0.5201345682144165,-0.2604972720146179,0.9934341311454773,0.45831620693206787,0.572265625,0.39797303080558777,0.22572489082813263,0.5909510850906372,0.6066559553146362,-0.09358593076467514,0.9395462870597839,0.46674078702926636,0.5790910720825195,0.4177142083644867,0.21648727357387543,0.5877789258956909,0.6295915842056274,-0.10303021222352982,0.9090974926948547,0.4679235816001892,0.6197186708450317,0.2109966278076172,0.9996786713600159,0.5147936344146729,0.6170726418495178,-0.2113165706396103,0.9996370673179626,0.48652321100234985,0.7672663331031799,0.2938588261604309,0.6724044680595398,0.502663254737854,0.770359218120575,-0.24900594353675842,0.9909722805023193,0.49551165103912354,0.9131274223327637,0.37247493863105774,0.901563286781311,0.37539809942245483,0.88716059923172,-0.16078928112983704,0.9931567907333374,0.48319703340530396,0.9397861957550049,0.37400174140930176,0.8739954233169556,0.33348608016967773,0.8889214396476746,-0.14825409650802612,0.9700002074241638,0.585374653339386,0.9501284956932068,0.3243480622768402,0.9105794429779053,0.3533055782318115,0.9567705392837524,-0.21330134570598602,0.9892462491989136
67,2.791666666666667,0.5307546257972717,0.36452430486679077,0.2382945567369461,0.9997568726539612,0.43277132511138916,0.4292869567871094,0.2814174294471741,0.9995293021202087,0.5487778186798096,0.4183548390865326,-0.2573421597480774,0.9999147653579712,0.4136577546596527,0.5239534974098206,0.3650332987308502,0.39593857526779175,0.5652561187744141,0.5190189480781555,-0.25811704993247986,0.9936531782150269,0.45922479033470154,0.5724424719810486,0.3939870595932007,0.2138526737689972,0.583789050579071,0.6062284111976624,-0.10324642062187195,0.9380496144294739,0.4691426157951355,0.5804330706596375,0.4155968129634857,0.20388492941856384,0.579592227935791,0.6287744641304016,-0.11458782851696014,0.904832661151886,0.46494293212890625,0.6195526719093323,0.21126265823841095,0.9996974468231201,0.5162358283996582,0.6169681549072266,-0.21157212555408478,0.9996626973152161,0.4815038740634918,0.7657619714736938,0.28016096353530884,0.6772392392158508,0.502360999584198,0.7701469659805298,-0.2690652012825012,0.991527259349823,0.4953671395778656,0.9130883812904358,0.36728087067604065,0.9024756550788879,0.37592384219169617,0.8872190117835999,-0.20184549689292908,0.993508517742157,0.48287370800971985,0.93975830078125,0.3681560754776001,0.8764566779136658,0.3341996371746063,0.8892068862915039,-0.191402867436409,0.9715694189071655,0.5852080583572388,0.9500909447669983,0.3150177299976349,0.9065687656402588,0.3530389666557312,0.9558989405632019,-0.27088332176208496,0.9895059466362
68,2.8333333333333335,0.5320820212364197,0.36443445086479187,0.25222763419151306,0.999761700630188,0.4326240122318268,0.42927488684654236,0.2827344536781311,0.9995684027671814,0.5498956441879272,0.4177750051021576,-0.2510297894477844,0.999922513961792,0.40736398100852966,0.5239399075508118,0.3577071726322174,0.41942647099494934,0.5575565099716187,0.5170789957046509,-0.24889995157718658,0.9938010573387146,0.4546825885772705,0.5737491250038147,0.3587758243083954,0.20428235828876495,0.5750309824943542,0.6054098606109619,-0.07537935674190521,0.934465765953064,0.4671191871166229,0.5831469297409058,0.3752417266368866,0.19308730959892273,0.5738645792007446,0.6289379596710205,-0.08324281871318817,0.8973094820976257,0.4628061354160309,0.6186552047729492,0.21413680911064148,0.9997138381004333,0.5168655514717102,0.6160092353820801,-0.21443849802017212,0.9996828436851501,0.482120543718338,0.7649002075195312,0.274303674697876,0.6822982430458069,0.5022077560424805,0.7697612643241882,-0.2661571502685547,0.9920012950897217,0.49457046389579773,0.9133033156394958,0.3631308674812317,0.9023427963256836,0.3759799003601074,0.8874276876449585,-0.18624171614646912,0.9937211871147156,0.4812014400959015,0.939887285232544,0.36393675208091736,0.8773104548454285,0.33567965030670166,0.8893706202507019,-0.17473343014717102,0.9727074503898621,0.5834466218948364,0.9499953985214233,0.30537867546081543,0.9005023241043091,0.35335999727249146,0.952678382396698,-0.2552504241466522,0.9894533753395081
69,2.875,0.5343459248542786,0.3643495738506317,0.25376957654953003,0.9997528195381165,0.43160736560821533,0.429523766040802,0.2888352572917938,0.9996021389961243,0.5527389645576477,0.4173598289489746,-0.24032002687454224,0.9999292492866516,0.39676764607429504,0.5257300734519958,0.3752157390117645,0.44038060307502747,0.5549626350402832,0.5159284472465515,-0.23830930888652802,0.9937194585800171,0.453285276889801,0.570598304271698,0.3962495028972626,0.19426804780960083,0.5725427269935608,0.6037377715110779,-0.07175390422344208,0.9288130402565002,0.4638732969760895,0.5815473198890686,0.41649219393730164,0.18239392340183258,0.5731820464134216,0.6281622052192688,-0.08008303493261337,0.8871990442276001,0.46049267053604126,0.6171060800552368,0.21513454616069794,0.9997267127037048,0.5191208124160767,0.6146062016487122,-0.2154555469751358,0.9997004866600037,0.48311156034469604,0.7647160887718201,0.2733597159385681,0.6861104369163513,0.5020512938499451,0.7684527039527893,-0.28045859932899475,0.9923593997955322,0.4950709044933319,0.91328364610672,0.37124621868133545,0.9015383720397949,0.3756729066371918,0.887769877910614,-0.20914000272750854,0.9938902854919434,0.48093661665916443,0.939886212348938,0.37335631251335144,0.8767346739768982,0.3354302942752838,0.889537513256073,-0.1979585587978363,0.9735100269317627,0.5836499333381653,0.9496047496795654,0.31113892793655396,0.8934212327003479,0.35172921419143677,0.9510136842727661,-0.27966007590293884,0.9894009828567505
70,2.916666666666667,0.5360864400863647,0.3639311194419861,0.25348660349845886,0.9997389316558838,0.4312092065811157,0.4299696385860443,0.29065167903900146,0.9996321201324463,0.5535681843757629,0.41708841919898987,-0.23883508145809174,0.9999351501464844,0.39277976751327515,0.5272677540779114,0.368049293756485,0.4591790735721588,0.5514658689498901,0.5163736343383789,-0.23229441046714783,0.9935069680213928,0.45349276065826416,0.5686051845550537,0.3790097236633301,0.18468709290027618,0.56943279504776,0.6037606000900269,-0.050470657646656036,0.9194117188453674,0.46181362867355347,0.5794591307640076,0.396524041891098,0.17215344309806824,0.5705190300941467,0.6284916996955872,-0.05641622841358185,0.8722020387649536,0.4602579176425934,0.6165518760681152,0.21592335402965546,0.9997380375862122,0.5189148187637329,0.6144044399261475,-0.21621482074260712,0.9997153878211975,0.48263227939605713,0.7647445201873779,0.2718970775604248,0.6913301944732666,0.501846432685852,0.767856240272522,-0.2807363271713257,0.9927448630332947,0.4952494204044342,0.9133946895599365,0.3713470995426178,0.9018034934997559,0.37329038977622986,0.888135552406311,-0.20854051411151886,0.9940575361251831,0.48098501563072205,0.9400437474250793,0.3735237121582031,0.8770326375961304,0.33535322546958923,0.8898184299468994,-0.19757428765296936,0.9742583632469177,0.5837258696556091,0.9489519000053406,0.3100031912326813,0.8883152604103088,0.35071858763694763,0.9509883522987366,-0.27887699007987976,0.989372730255127
71,2.9583333333333335,0.5365583300590515,0.36390745639801025,0.25557684898376465,0.999728798866272,0.43120166659355164,0.43049129843711853,0.2916671633720398,0.9996604919433594,0.5539723634719849,0.4168892502784729,-0.2394159734249115,0.9999406337738037,0.3914962112903595,0.5281965732574463,0.3621661365032196,0.4784351885318756,0.5509648323059082,0.516318678855896,-0.23284536600112915,0.9934213161468506,0.45316410064697266,0.5674840807914734,0.3649587631225586,0.17663216590881348,0.5699777603149414,0.6041220426559448,-0.05081859230995178,0.9117854833602905,0.4620041251182556,0.5789979696273804,0.38041430711746216,0.1632714569568634,0.570646345615387,0.6279098391532898,-0.05734795331954956,0.8595089912414551,0.46055254340171814,0.6163660883903503,0.21608613431453705,0.9997503161430359,0.5184286236763,0.6142413020133972,-0.21635456383228302,0.9997294545173645,0.4827623665332794,0.764768123626709,0.26737016439437866,0.6948419213294983,0.5016601085662842,0.7674192190170288,-0.2777292728424072,0.9930740594863892,0.49548977613449097,0.9140375852584839,0.3570113480091095,0.901669979095459,0.37065359950065613,0.8881181478500366,-0.20259329676628113,0.9941588044166565,0.48132556676864624,0.940388023853302,0.35812878608703613,0.877125084400177,0.3342984616756439,0.8898179531097412,-0.19148781895637512,0.9748737812042236,0.5837119817733765,0.9484785795211792,0.2925526201725006,0.883294403553009,0.347944974899292,0.9496838450431824,-0.27137941122055054,0.9892574548721313
72,3.0,0.5363366007804871,0.36386048793792725,0.24831649661064148,0.9997327327728271,0.4309769570827484,0.4304625988006592,0.2931187152862549,0.999687671661377,0.5531545877456665,0.4167519211769104,-0.24120929837226868,0.999945878982544,0.3913646638393402,0.5276592373847961,0.36845993995666504,0.49519893527030945,0.5509704351425171,0.5155416131019592,-0.23922432959079742,0.9935252666473389,0.4523929953575134,0.5671824812889099,0.3818418085575104,0.1698417067527771,0.5727646350860596,0.603234052658081,-0.060606878250837326,0.9091399908065796,0.4606318175792694,0.5782269835472107,0.3997407555580139,0.15562471747398376,0.5733376741409302,0.6263638138771057,-0.06839907169342041,0.8540001511573792,0.4596211612224579,0.6163330078125,0.21623557806015015,0.9997628331184387,0.5178054571151733,0.6142183542251587,-0.21650108695030212,0.9997451305389404,0.48230478167533875,0.7647961974143982,0.2705189287662506,0.6999972462654114,0.5015605092048645,0.7668601274490356,-0.28573906421661377,0.9934466481208801,0.4955168664455414,0.9145485758781433,0.36656656861305237,0.9028449058532715,0.36399850249290466,0.8880727291107178,-0.21492183208465576,0.9943740963935852,0.48131194710731506,0.9404628276824951,0.3683551847934723,0.8781850934028625,0.330617219209671,0.889611005783081,-0.20402958989143372,0.9756955504417419,0.5836040377616882,0.9484102725982666,0.30505287647247314,0.8812363743782043,0.3436856269836426,0.9489728808403015,-0.2831409275531769,0.9894720911979675
73,3.041666666666667,0.5361538529396057,0.3636026680469513,0.2425014078617096,0.9997378587722778,0.43110111355781555,0.4301283359527588,0.29383477568626404,0.9997116923332214,0.5519879460334778,0.4166475236415863,-0.2413153499364853,0.9999505281448364,0.3920590579509735,0.527290940284729,0.36899077892303467,0.50724196434021,0.5508245825767517,0.5154144167900085,-0.24344821274280548,0.993611216545105,0.45230454206466675,0.5666764378547668,0.3815082907676697,0.16297239065170288,0.572867214679718,0.6029579639434814,-0.06430581212043762,0.9069185256958008,0.4607640504837036,0.5781988501548767,0.3996107280254364,0.14822503924369812,0.5734245181083679,0.6259009838104248,-0.07261096686124802,0.8493741154670715,0.4592099189758301,0.6161304116249084,0.21663528680801392,0.9997735023498535,0.5173949003219604,0.6141863465309143,-0.2168998271226883,0.999758780002594,0.48217201232910156,0.7647148966789246,0.27254578471183777,0.7041018009185791,0.5014817714691162,0.7663120031356812,-0.28690746426582336,0.9937862157821655,0.4954640567302704,0.914729654788971,0.3728880286216736,0.9034889340400696,0.36152419447898865,0.8880972862243652,-0.2143944799900055,0.9945778250694275,0.481216698884964,0.9404821395874023,0.3751401901245117,0.8786374926567078,0.3285345435142517,0.8896175622940063,-0.2034306824207306,0.9764174818992615,0.5833840370178223,0.9483613967895508,0.31200939416885376,0.8791452646255493,0.3420000970363617,0.9489431381225586,-0.28375479578971863,0.9896812438964844
74,3.0833333333333335,0.5359364151954651,0.3635826110839844,0.18454644083976746,0.9997437596321106,0.4311506450176239,0.4295736253261566,0.31036239862442017,0.9997318387031555,0.5471788048744202,0.41542690992355347,-0.26032018661499023,0.9999549984931946,0.40130582451820374,0.5267277956008911,0.3845822215080261,0.49323245882987976,0.5504246950149536,0.5176388025283813,-0.28474459052085876,0.9937927722930908,0.45313429832458496,0.5676444172859192,0.3861834406852722,0.15730679035186768,0.5759288668632507,0.6040512323379517,-0.13114053010940552,0.9112632870674133,0.46173837780952454,0.5849761366844177,0.4054049551486969,0.14314410090446472,0.5770108699798584,0.6260198950767517,-0.14725053310394287,0.8556612730026245,0.45975181460380554,0.6168736815452576,0.21651481091976166,0.9997823238372803,0.517321765422821,0.6141640543937683,-0.21679674088954926,0.9997695684432983,0.48238405585289,0.767193615436554,0.2719976007938385,0.7052403092384338,0.4999387264251709,0.7664834856987,-0.283810555934906,0.9939574003219604,0.4952646791934967,0.9147672057151794,0.37397193908691406,0.9026300311088562,0.35253003239631653,0.8873621821403503,-0.18526028096675873,0.9946798086166382,0.4806540012359619,0.9406002163887024,0.3765846788883209,0.876590371131897,0.3198472857475281,0.8890731930732727,-0.17247137427330017,0.9764876365661621,0.5823803544044495,0.9483283758163452,0.31198009848594666,0.879538893699646,0.3345116972923279,0.9489874243736267,-0.2553551197052002,0.9899302124977112
75,3.125,0.5336265563964844,0.3634369969367981,0.19269351661205292,0.9997514486312866,0.4312158524990082,0.4295022785663605,0.3111088275909424,0.9997498989105225,0.5435959696769714,0.4153977632522583,-0.2643366754055023,0.9999590516090393,0.4040072560310364,0.5265220999717712,0.38610005378723145,0.4922899603843689,0.551033616065979,0.5189723968505859,-0.2882782220840454,0.9941052198410034,0.45364153385162354,0.5689269304275513,0.39126574993133545,0.15370060503482819,0.58464115858078,0.6051521301269531,-0.1391417235136032,0.9155397415161133,0.4632359445095062,0.5882412195205688,0.41293865442276,0.13911695778369904,0.5859155654907227,0.627313494682312,-0.15556496381759644,0.8612967133522034,0.46052420139312744,0.6173605918884277,0.21644985675811768,0.9997907280921936,0.5172232985496521,0.6141594052314758,-0.21674910187721252,0.999779999256134,0.48245182633399963,0.7696495056152344,0.27297547459602356,0.7090700268745422,0.4994790554046631,0.7672484517097473,-0.28243815898895264,0.9942123293876648,0.49512284994125366,0.9147961139678955,0.38025856018066406,0.9029001593589783,0.34597498178482056,0.8871594071388245,-0.18382376432418823,0.9948222041130066,0.4800957441329956,0.9406755566596985,0.38346219062805176,0.8758031725883484,0.3100742995738983,0.8890576362609863,-0.17129817605018616,0.9768686890602112,0.581916868686676,0.9483203887939453,0.3190845549106598,0.879702627658844,0.332979291677475,0.9495837688446045,-0.25377097725868225,0.9901833534240723
