frame,0_x,0_y,0_z,0_v,11_x,11_y,11_z,11_v,12_x,12_y,12_z,12_v,13_x,13_y,13_z,13_v,14_x,14_y,14_z,14_v,15_x,15_y,15_z,15_v,16_x,16_y,16_z,16_v,17_x,17_y,17_z,17_v,18_x,18_y,18_z,18_v,23_x,23_y,23_z,23_v,24_x,24_y,24_z,24_v,25_x,25_y,25_z,25_v,26_x,26_y,26_z,26_v,27_x,27_y,27_z,27_v,28_x,28_y,28_z,28_v,29_x,29_y,29_z,29_v,30_x,30_y,30_z,30_v,31_x,31_y,31_z,31_v,32_x,32_y,32_z,32_v
0,0.5339452624320984,0.2907887101173401,-0.0917787104845047,0.9999879598617554,0.6311607956886292,0.3516717553138733,-0.2255869358778,0.9999929666519165,0.5602933764457703,0.3635091483592987,0.274596244096756,0.9997668862342834,0.6957839131355286,0.4483560025691986,-0.4220895767211914,0.999128520488739,0.5294509530067444,0.4379451870918274,0.17653176188468933,0.6181178689002991,0.5905734300613403,0.45550668239593506,-0.5486127734184265,0.9961560368537903,0.47053205966949463,0.3805386424064636,-0.21267542243003845,0.9204915761947632,0.5645105242729187,0.45822426676750183,-0.5993212461471558,0.9885591864585876,0.44660112261772156,0.36611467599868774,-0.25720706582069397,0.8997688293457031,0.5860776901245117,0.5495584607124329,-0.17291457951068878,0.9994574189186096,0.5662006139755249,0.5531854033470154,0.1729317307472229,0.9990354776382446,0.5368102192878723,0.7064175009727478,-0.21785172820091248,0.9498242139816284,0.5901974439620972,0.7195346355438232,0.1628507673740387,0.6486900448799133,0.503886878490448,0.8829522132873535,-0.20904748141765594,0.985185444355011,0.6573778390884399,0.8774271011352539,0.18192338943481445,0.8780596852302551,0.5149086713790894,0.9175234436988831,-0.21686655282974243,0.971385657787323,0.6799287796020508,0.9063562154769897,0.17593766748905182,0.8955364227294922,0.4237711429595947,0.9161598682403564,-0.3644194006919861,0.9821130633354187,0.5924731492996216,0.9084843397140503,0.07288549840450287,0.8949570655822754
1,0.534098744392395,0.2901342809200287,0.02754671312868595,0.9999821782112122,0.5980367660522461,0.3452856242656708,-0.248483806848526,0.9999922513961792,0.5981943011283875,0.35491710901260376,0.3025192320346832,0.9997372627258301,0.5767597556114197,0.4423953890800476,-0.28406357765197754,0.9987134337425232,0.586327314376831,0.44644129276275635,0.4052428901195526,0.5592237114906311,0.49495089054107666,0.40089258551597595,-0.08515512198209763,0.9943084120750427,0.5387567281723022,0.44572827219963074,0.3690744638442993,0.8328804969787598,0.47294896841049194,0.39092913269996643,-0.10167241841554642,0.986057460308075,0.528354823589325,0.4470599591732025,0.37578344345092773,0.8162378072738647,0.5715203881263733,0.5503438711166382,-0.17649410665035248,0.9994651079177856,0.5911457538604736,0.5541595816612244,0.1765097826719284,0.9989789128303528,0.5341372489929199,0.7063027620315552,-0.19266709685325623,0.9516445994377136,0.5946656465530396,0.7144853472709656,0.18265849351882935,0.6494581699371338,0.5038813352584839,0.8838801383972168,-0.1851406991481781,0.9855555891990662,0.6580462455749512,0.8745851516723633,0.19588316977024078,0.878057599067688,0.5160800218582153,0.9175211787223816,-0.18782833218574524,0.9719099402427673,0.6798667311668396,0.9017838835716248,0.19320645928382874,0.8958965539932251,0.4214237332344055,0.9164553880691528,-0.28276845812797546,0.982135534286499,0.5923812389373779,0.9055899381637573,0.14513911306858063,0.892984926700592
2,0.53474360704422,0.2897234261035919,0.05472633242607117,0.9999802708625793,0.5929026007652283,0.34176701307296753,-0.2529268264770508,0.9999922513961792,0.6042481064796448,0.35154178738594055,0.31246593594551086,0.9997527599334717,0.5627744197845459,0.43474453687667847,-0.3467489182949066,0.9980920553207397,0.6066625714302063,0.45655757188796997,0.4059130549430847,0.5105199813842773,0.478408545255661,0.39111703634262085,-0.30226966738700867,0.9918491840362549,0.57584148645401,0.5083255171775818,0.35682839155197144,0.7568904757499695,0.45536893606185913,0.381480872631073,-0.33655092120170593,0.9829874634742737,0.5714250802993774,0.5227653384208679,0.36519739031791687,0.7434495687484741,0.5685561299324036,0.5498907566070557,-0.18047699332237244,0.9994940161705017,0.5971913933753967,0.5539544224739075,0.18034148216247559,0.9990085959434509,0.5321486592292786,0.706163227558136,-0.19534344971179962,0.953893780708313,0.59900963306427,0.711332380771637,0.1945701688528061,0.6503421068191528,0.5038822293281555,0.8838445544242859,-0.18888691067695618,0.9858639240264893,0.6586502194404602,0.8717385530471802,0.2107619047164917,0.8763623833656311,0.5168312191963196,0.9167007207870483,-0.19273483753204346,0.9719590544700623,0.6801568269729614,0.8995202779769897,0.2084437608718872,0.894611656665802,0.41974571347236633,0.9164831042289734,-0.3027869164943695,0.9819445610046387,0.592544674873352,0.9038949012756348,0.15486223995685577,0.890376091003418
3,0.5354200601577759,0.28972968459129333,0.07526223361492157,0.9999798536300659,0.592157244682312,0.3412270247936249,-0.24958011507987976,0.9999921321868896,0.6089604496955872,0.35208311676979065,0.3251599967479706,0.9997696876525879,0.5526737570762634,0.42551183700561523,-0.35605311393737793,0.9972851872444153,0.6131711006164551,0.4617282748222351,0.41361039876937866,0.470175564289093,0.4702002704143524,0.3840661644935608,-0.37308642268180847,0.988182008266449,0.5893877148628235,0.5222390294075012,0.3718346059322357,0.6902531981468201,0.4519267678260803,0.37534698843955994,-0.4120675027370453,0.978540301322937,0.5878098607063293,0.538754403591156,0.38300982117652893,0.6794745922088623,0.5665565133094788,0.5493113994598389,-0.182017982006073,0.9995265603065491,0.5996382832527161,0.5538482666015625,0.18178899586200714,0.999056339263916,0.5305988788604736,0.7065020203590393,-0.19717009365558624,0.9559847712516785,0.6018890738487244,0.7098690867424011,0.18957199156284332,0.6553941369056702,0.5038400888442993,0.8839238286018372,-0.1970227062702179,0.9861611127853394,0.6587859988212585,0.8686316013336182,0.20979583263397217,0.8755648732185364,0.5168514847755432,0.9163544178009033,-0.19972647726535797,0.972321093082428,0.6801625490188599,0.898298442363739,0.20684368908405304,0.8938553333282471,0.4190877676010132,0.916377067565918,-0.31681352853775024,0.9817914366722107,0.5927295088768005,0.9016627073287964,0.1341276317834854,0.8883044719696045
4,0.5370539426803589,0.2896938920021057,0.10023071616888046,0.9999793767929077,0.5857492685317993,0.33994346857070923,-0.24425646662712097,0.9999912977218628,0.6174673438072205,0.35138437151908875,0.3144944906234741,0.9997835755348206,0.5400390625,0.4195133149623871,-0.2905184030532837,0.9959070682525635,0.6151970028877258,0.4594353139400482,0.4117230474948883,0.4342430531978607,0.4653581380844116,0.37471964955329895,-0.15670810639858246,0.9754409790039062,0.5844600200653076,0.5051630735397339,0.4042651355266571,0.6282808780670166,0.45123162865638733,0.3660346269607544,-0.17731265723705292,0.9625178575515747,0.5802071690559387,0.5193806290626526,0.4173969328403473,0.6199454665184021,0.5644569396972656,0.5485262870788574,-0.181827113032341,0.9995570182800293,0.6046663522720337,0.5536307096481323,0.18166431784629822,0.999113142490387,0.5291863679885864,0.7079313397407532,-0.19948768615722656,0.9591338634490967,0.6059181094169617,0.7089943885803223,0.19091053307056427,0.6709681749343872,0.5037387609481812,0.8839258551597595,-0.20018352568149567,0.9867981672286987,0.6589860320091248,0.868455708026886,0.2048518806695938,0.8799561262130737,0.5168194770812988,0.9156824946403503,-0.2009122371673584,0.9733998775482178,0.6800520420074463,0.8982962369918823,0.201125368475914,0.8968346118927002,0.4175941050052643,0.9163649082183838,-0.31342440843582153,0.9815436005592346,0.5927237868309021,0.9008520245552063,0.13870278000831604,0.8872829675674438
5,0.5379465818405151,0.2906573414802551,0.12558405101299286,0.9999767541885376,0.579809308052063,0.33993712067604065,-0.204535573720932,0.9999881386756897,0.6217032074928284,0.35197728872299194,0.3151076138019562,0.9997968077659607,0.5247900485992432,0.4095628261566162,-0.33224520087242126,0.9888898134231567,0.6291314959526062,0.4616621732711792,0.4577171802520752,0.4024781584739685,0.46349841356277466,0.36887311935424805,-0.30168601870536804,0.9546696543693542,0.5919387936592102,0.5106786489486694,0.5083447694778442,0.5746074318885803,0.44886958599090576,0.361666738986969,-0.33866941928863525,0.9432815909385681,0.5851740837097168,0.5245847702026367,0.526197075843811,0.56887286901474,0.5631603002548218,0.5483902096748352,-0.1777406483888626,0.9995880126953125,0.6048929691314697,0.5536189079284668,0.17744627594947815,0.9991768002510071,0.529413640499115,0.7100998163223267,-0.2096063643693924,0.9611694812774658,0.6076291799545288,0.7088516354560852,0.14490129053592682,0.6823752522468567,0.5036958456039429,0.8835770487785339,-0.2267443984746933,0.987060546875,0.6591640710830688,0.8687706589698792,0.13441073894500732,0.8824324011802673,0.5168245434761047,0.9133977293968201,-0.23044277727603912,0.9732362031936646,0.6794998645782471,0.8984922170639038,0.12938477098941803,0.8970581293106079,0.4176042377948761,0.9163934588432312,-0.3447393774986267,0.9812279939651489,0.5920268893241882,0.9006859660148621,0.057237859815359116,0.8869163393974304
6,0.5384507179260254,0.29240062832832336,0.15890085697174072,0.999970018863678,0.5738388299942017,0.3391808867454529,-0.20932699739933014,0.9999808669090271,0.6332151293754578,0.3527596890926361,0.29401662945747375,0.9998019933700562,0.508690595626831,0.3977321684360504,-0.31347137689590454,0.9814295172691345,0.6248399615287781,0.4606333374977112,0.4195946156978607,0.37680405378341675,0.45336657762527466,0.35956013202667236,-0.23935894668102264,0.9238595366477966,0.5846430063247681,0.5072576403617859,0.46893593668937683,0.5245844721794128,0.4394311010837555,0.35185322165489197,-0.26262223720550537,0.9132134914398193,0.5846074223518372,0.5261712670326233,0.49119555950164795,0.5207873582839966,0.5611704587936401,0.548667311668396,-0.1759386658668518,0.9996099472045898,0.6088209748268127,0.554928719997406,0.17551855742931366,0.9992180466651917,0.5292602777481079,0.7124603390693665,-0.20631538331508636,0.9627984166145325,0.6110245585441589,0.7092344760894775,0.1721629649400711,0.6886535286903381,0.5035492777824402,0.8831758499145508,-0.2222541719675064,0.9870660901069641,0.6600980758666992,0.8689318299293518,0.1495113968849182,0.8831066489219666,0.5166654586791992,0.9119179248809814,-0.2272496521472931,0.9731579422950745,0.6794069409370422,0.8986900448799133,0.14834611117839813,0.8962092995643616,0.4161953628063202,0.9164016842842102,-0.3238653838634491,0.9799531102180481,0.5920292139053345,0.9001228213310242,0.10679160803556442,0.882382869720459
7,0.5398289561271667,0.29336386919021606,0.19144277274608612,0.9999626278877258,0.5713520050048828,0.3377864360809326,-0.20966963469982147,0.9999726414680481,0.6448875069618225,0.3556858003139496,0.27998730540275574,0.999799370765686,0.4977709949016571,0.3887028396129608,-0.23367170989513397,0.9784657955169678,0.6515173316001892,0.46463045477867126,0.4341224730014801,0.3520156145095825,0.4460526704788208,0.3525153696537018,-0.058908987790346146,0.8999103307723999,0.5858193635940552,0.49993595480918884,0.5251114964485168,0.47740766406059265,0.4308512210845947,0.3423609435558319,-0.06809281557798386,0.8878245949745178,0.5805381536483765,0.5169483423233032,0.5532111525535583,0.4753401577472687,0.559992790222168,0.5511937141418457,-0.17304573953151703,0.9996313452720642,0.6136887669563293,0.558381974697113,0.17252321541309357,0.999257504940033,0.5291902422904968,0.7142439484596252,-0.19974064826965332,0.9645598530769348,0.6143496036529541,0.7092710733413696,0.20419353246688843,0.6946507096290588,0.5035464763641357,0.8825492262840271,-0.21979044377803802,0.9872866868972778,0.6613553762435913,0.8689687848091125,0.2030147910118103,0.8837427496910095,0.5168424844741821,0.9106296896934509,-0.22629450261592865,0.9738954305648804,0.6794290542602539,0.8988091945648193,0.20278774201869965,0.8960050940513611,0.41566628217697144,0.9163897037506104,-0.30525705218315125,0.9790440797805786,0.5921124219894409,0.8999979496002197,0.16541895270347595,0.8763346672058105
8,0.5412881970405579,0.29333359003067017,0.20214933156967163,0.9999518394470215,0.5672171115875244,0.337679922580719,-0.21233732998371124,0.9999632835388184,0.65044766664505,0.3571103811264038,0.2573195695877075,0.9997948408126831,0.49176284670829773,0.3829886317253113,-0.16561119258403778,0.9781263470649719,0.6644631028175354,0.46482276916503906,0.4143385589122772,0.3321494162082672,0.4417073130607605,0.34493327140808105,0.10690158605575562,0.8877689242362976,0.5943282246589661,0.4966678023338318,0.499691903591156,0.4357859194278717,0.42704588174819946,0.33182579278945923,0.10982149839401245,0.8712167739868164,0.5823095440864563,0.5120953917503357,0.5277605056762695,0.43512457609176636,0.5596021413803101,0.5517853498458862,-0.16748321056365967,0.9996431469917297,0.6180578470230103,0.5586748719215393,0.1669205129146576,0.999285101890564,0.5292584300041199,0.7150415182113647,-0.18471863865852356,0.9666631817817688,0.6172003149986267,0.7095102667808533,0.209959477186203,0.7022433280944824,0.5035988688468933,0.8818572759628296,-0.20414577424526215,0.9875229597091675,0.6619969010353088,0.8690893054008484,0.21713675558567047,0.8849067091941833,0.5171759724617004,0.9100981950759888,-0.20533150434494019,0.974675178527832,0.67964106798172,0.8989479541778564,0.2173512876033783,0.8965839147567749,0.415554940700531,0.9163706302642822,-0.2733566462993622,0.9776864647865295,0.5924190282821655,0.8997871279716492,0.18265321850776672,0.8689993619918823
9,0.5423319339752197,0.2933817207813263,0.20676526427268982,0.9999406337738037,0.5613541007041931,0.33798593282699585,-0.21371987462043762,0.9999547600746155,0.6561080813407898,0.3577272593975067,0.24357359111309052,0.9997938275337219,0.48984551429748535,0.3742843270301819,-0.16090840101242065,0.9788285493850708,0.6843018531799316,0.46373793482780457,0.4339587092399597,0.3213731348514557,0.44217297434806824,0.34162962436676025,0.1183566227555275,0.8838391900062561,0.6022089719772339,0.49109888076782227,0.5926589369773865,0.39950063824653625,0.4261499047279358,0.3280350863933563,0.12581391632556915,0.8642347455024719,0.5977341532707214,0.5034093260765076,0.6311748623847961,0.3997892737388611,0.5580528378486633,0.554391622543335,-0.16171827912330627,0.9996522068977356,0.6187855005264282,0.5607084631919861,0.16113370656967163,0.9993091225624084,0.5291383862495422,0.7165612578392029,-0.1668679267168045,0.9683844447135925,0.6178209185600281,0.710187554359436,0.2071516066789627,0.7139195799827576,0.5035692453384399,0.8811888098716736,-0.18122942745685577,0.9875430464744568,0.6624451279640198,0.8692351579666138,0.21562185883522034,0.8870041370391846,0.5171436071395874,0.9093356728553772,-0.18039266765117645,0.9752899408340454,0.6797334551811218,0.8992645740509033,0.21614833176136017,0.8984018564224243,0.4155999422073364,0.9162498116493225,-0.24016140401363373,0.9754414558410645,0.5925602316856384,0.8995927572250366,0.18528620898723602,0.861044704914093
10,0.5440694093704224,0.2933798134326935,0.21598990261554718,0.9999350905418396,0.5563364028930664,0.33773764967918396,-0.2103295624256134,0.9999500513076782,0.6590042114257812,0.35774466395378113,0.24650242924690247,0.999793529510498,0.47591567039489746,0.36619439721107483,-0.1371680200099945,0.9801785945892334,0.6850532293319702,0.4371047616004944,0.5075019001960754,0.3218331038951874,0.43493741750717163,0.3313847482204437,0.17169755697250366,0.8863176703453064,0.6103090047836304,0.4486462473869324,0.7761733531951904,0.3668464422225952,0.41908812522888184,0.3192075490951538,0.18834467232227325,0.8657242059707642,0.6018743515014648,0.46251991391181946,0.8288018107414246,0.36805260181427,0.5568423271179199,0.5560468435287476,-0.1569962054491043,0.9996706247329712,0.6174191236495972,0.561579704284668,0.15646494925022125,0.9993432760238647,0.5274679660797119,0.7188365459442139,-0.1540161669254303,0.9700303077697754,0.6190742254257202,0.7108829021453857,0.20255696773529053,0.7309042811393738,0.5033727884292603,0.881153404712677,-0.17881473898887634,0.9877216219902039,0.6624829769134521,0.8697386980056763,0.21073618531227112,0.891469419002533,0.5170948505401611,0.909031093120575,-0.17775626480579376,0.9762537479400635,0.6797532439231873,0.8995975852012634,0.20994915068149567,0.9031986594200134,0.4155839681625366,0.9162177443504333,-0.23062428832054138,0.9734997749328613,0.592510998249054,0.8993375897407532,0.1837361752986908,0.8549008965492249
11,0.5462774038314819,0.2932140827178955,0.22456397116184235,0.9999321103096008,0.550694465637207,0.3365120589733124,-0.2075340300798416,0.9999454021453857,0.660544753074646,0.3577496409416199,0.23837196826934814,0.9997924566268921,0.46680060029029846,0.3570391833782196,-0.11498796194791794,0.9813254475593567,0.6930032968521118,0.4322180449962616,0.5059699416160583,0.32607677578926086,0.43215346336364746,0.3234914243221283,0.21570172905921936,0.8876953125,0.6197877526283264,0.44473496079444885,0.7951397895812988,0.3369843065738678,0.4160115122795105,0.30949774384498596,0.2373749315738678,0.86624675989151,0.603236198425293,0.4481984078884125,0.8514017462730408,0.33896952867507935,0.5555416345596313,0.5582723021507263,-0.1531575322151184,0.9996873736381531,0.6162838339805603,0.5634447336196899,0.15261630713939667,0.9993744492530823,0.524793267250061,0.7214059233665466,-0.14988018572330475,0.9716088175773621,0.6214761734008789,0.711613655090332,0.2041751742362976,0.7469319105148315,0.5032212734222412,0.8811743259429932,-0.18067140877246857,0.9878828525543213,0.6627084016799927,0.8698213696479797,0.2141283005475998,0.8955864310264587,0.5169566869735718,0.9091507196426392,-0.18005116283893585,0.9770767688751221,0.6799765825271606,0.8996378183364868,0.21589437127113342,0.9075133204460144,0.4155672788619995,0.9162428379058838,-0.2300906628370285,0.9715186357498169,0.5925433039665222,0.8992791175842285,0.2024368941783905,0.8490766882896423
12,0.5500715374946594,0.2920011878013611,0.22216424345970154,0.999927818775177,0.5456551313400269,0.33523812890052795,-0.20836378633975983,0.9999402761459351,0.6598914265632629,0.35762083530426025,0.23731191456317902,0.99977707862854,0.4592456519603729,0.348968505859375,-0.1179247573018074,0.9823300838470459,0.698031485080719,0.42882218956947327,0.5204820036888123,0.32639119029045105,0.4274647533893585,0.31663820147514343,0.20652122795581818,0.8897127509117126,0.6259365081787109,0.41320157051086426,0.8366622924804688,0.30902761220932007,0.4115174412727356,0.3005351126194,0.22724567353725433,0.86794114112854,0.6079543828964233,0.40689948201179504,0.8942974805831909,0.311947762966156,0.5531140565872192,0.5613216757774353,-0.15184883773326874,0.9997003078460693,0.6150333881378174,0.566757082939148,0.15132519602775574,0.9993977546691895,0.5215170979499817,0.7236964106559753,-0.1512303650379181,0.9723542332649231,0.6231615543365479,0.713539183139801,0.20374324917793274,0.7595154047012329,0.5022457838058472,0.8815405368804932,-0.1833319514989853,0.9878101944923401,0.6629876494407654,0.8699058890342712,0.21196137368679047,0.8986079692840576,0.5156229734420776,0.9092042446136475,-0.1831773966550827,0.9773916602134705,0.6800355911254883,0.8997065424919128,0.21350589394569397,0.9108578562736511,0.4151652455329895,0.9162678718566895,-0.23635897040367126,0.9700221419334412,0.5924845933914185,0.8991200923919678,0.19898845255374908,0.8446954488754272
13,0.5526210069656372,0.2905707061290741,0.2142798751592636,0.9999233484268188,0.5452672839164734,0.3347342014312744,-0.2085314393043518,0.9999334812164307,0.6603710651397705,0.3583294153213501,0.23047348856925964,0.9997575879096985,0.4582030177116394,0.3448520004749298,-0.11602786183357239,0.9831900596618652,0.7021010518074036,0.4259996712207794,0.5238912105560303,0.3269505798816681,0.42411139607429504,0.3121211528778076,0.21036164462566376,0.8935194611549377,0.6309869289398193,0.3910013735294342,0.8725014925003052,0.284694641828537,0.40793803334236145,0.2955687642097473,0.2335381656885147,0.8722742795944214,0.6129905581474304,0.3791043758392334,0.9321180582046509,0.28836432099342346,0.5517140626907349,0.5642344355583191,-0.1444174200296402,0.9997122287750244,0.6142852902412415,0.5695581436157227,0.1439104676246643,0.9994236826896667,0.5193870067596436,0.7244905233383179,-0.14324039220809937,0.9728575348854065,0.6264416575431824,0.7162163257598877,0.19316276907920837,0.7745645642280579,0.5015961527824402,0.881532609462738,-0.17371554672718048,0.987575113773346,0.6632117033004761,0.8705641031265259,0.18555386364459991,0.9027175307273865,0.5145301222801208,0.909004807472229,-0.17233309149742126,0.9777976870536804,0.6800416111946106,0.9000648856163025,0.18698111176490784,0.9147588014602661,0.4146718978881836,0.9154548048973083,-0.21330402791500092,0.9676955938339233,0.5925387144088745,0.8991379141807556,0.19033101201057434,0.8407424092292786
14,0.5556462407112122,0.2902129590511322,0.20519685745239258,0.9999209642410278,0.5445488691329956,0.33249181509017944,-0.20962758362293243,0.9999287724494934,0.6606807112693787,0.3582988977432251,0.2277986705303192,0.9997395873069763,0.4543718099594116,0.3395458161830902,-0.11153252422809601,0.9840441942214966,0.7027954459190369,0.4217226207256317,0.5341840982437134,0.32758834958076477,0.42044007778167725,0.30249032378196716,0.2259078472852707,0.8973574638366699,0.6368119120597839,0.373599648475647,0.8833452463150024,0.26430317759513855,0.4053850471973419,0.2854823172092438,0.24904462695121765,0.8769412040710449,0.6182630062103271,0.3636721074581146,0.9409950375556946,0.2691746950149536,0.5513558387756348,0.5652815699577332,-0.14373935759067535,0.9997255802154541,0.614013135433197,0.5707648992538452,0.14323790371418,0.9994526505470276,0.5173057317733765,0.7260732650756836,-0.14286063611507416,0.9736013412475586,0.6270952224731445,0.7176188230514526,0.19385036826133728,0.787320613861084,0.5008912682533264,0.8815643191337585,-0.17365087568759918,0.9873819947242737,0.6636268496513367,0.8717806339263916,0.18760088086128235,0.9060808420181274,0.5132314562797546,0.9086202383041382,-0.17242099344730377,0.9779402613639832,0.6803712844848633,0.9009823203086853,0.1908297836780548,0.917704701423645,0.41373515129089355,0.9151390194892883,-0.21416325867176056,0.9657841920852661,0.5926530957221985,0.8991492986679077,0.19226422905921936,0.8377667665481567
15,0.557569146156311,0.28886520862579346,0.20662084221839905,0.9999189972877502,0.5436074137687683,0.3299420177936554,-0.208754301071167,0.9999220371246338,0.6618403792381287,0.3583002984523773,0.21101534366607666,0.9997134208679199,0.4475235044956207,0.3335908353328705,-0.10618587583303452,0.9850476384162903,0.7106941938400269,0.4203442335128784,0.5165402889251709,0.34204456210136414,0.4174095392227173,0.29731684923171997,0.22823722660541534,0.9013120532035828,0.6451589465141296,0.37537723779678345,0.8712568283081055,0.2463110387325287,0.4039593040943146,0.2794777750968933,0.2507052719593048,0.8811699151992798,0.6291942000389099,0.3637892007827759,0.9290034174919128,0.25174009799957275,0.5514132976531982,0.5657082200050354,-0.13652510941028595,0.9997331500053406,0.6143054962158203,0.5712338089942932,0.13599255681037903,0.9994744062423706,0.5165629982948303,0.7254080176353455,-0.13112936913967133,0.9742423892021179,0.6279615163803101,0.7185739278793335,0.18073228001594543,0.8017974495887756,0.5004903674125671,0.8812925219535828,-0.1528089940547943,0.986957311630249,0.6641913652420044,0.8727507591247559,0.16629153490066528,0.9101906418800354,0.5126924514770508,0.9076722264289856,-0.14988914132118225,0.9780462980270386,0.6805515885353088,0.9021459221839905,0.1672924906015396,0.9214168787002563,0.41347262263298035,0.9142274260520935,-0.18036939203739166,0.9626397490501404,0.592871904373169,0.8991262912750244,0.1693129986524582,0.833791971206665
16,0.557837963104248,0.2871105968952179,0.198775976896286,0.9999180436134338,0.5425122976303101,0.32973554730415344,-0.20894335210323334,0.9999157190322876,0.6629411578178406,0.35781130194664,0.195607990026474,0.9997007846832275,0.4451954662799835,0.3297376334667206,-0.1227620542049408,0.9860365986824036,0.7196948528289795,0.41755250096321106,0.5002254247665405,0.3688277006149292,0.41464293003082275,0.2932482957839966,0.18277324736118317,0.9062121510505676,0.6644512414932251,0.37701258063316345,0.8340372443199158,0.2348508983850479,0.40197399258613586,0.27344995737075806,0.2008647471666336,0.8865073323249817,0.6457867622375488,0.3639909029006958,0.8884223699569702,0.2402484267950058,0.5517502427101135,0.5661659240722656,-0.13264863193035126,0.9997408986091614,0.6153205633163452,0.5714041590690613,0.1320859044790268,0.999496579170227,0.5136949419975281,0.7248324155807495,-0.12606795132160187,0.975029468536377,0.62972092628479,0.7191223502159119,0.1724778711795807,0.815927267074585,0.5004576444625854,0.8806058764457703,-0.14015358686447144,0.9866245985031128,0.664412260055542,0.8735226392745972,0.15258072316646576,0.9144318103790283,0.5126374959945679,0.9060640931129456,-0.13618190586566925,0.9781577587127686,0.6805645823478699,0.9031834602355957,0.15275616943836212,0.9250483512878418,0.41283246874809265,0.9137482047080994,-0.1648792028427124,0.9599592089653015,0.5932664275169373,0.8990971446037292,0.1497284173965454,0.8312840461730957
17,0.5593006014823914,0.2859836518764496,0.19601817429065704,0.9999148845672607,0.5405834913253784,0.33007174730300903,-0.21249978244304657,0.999901533126831,0.6641207337379456,0.35784441232681274,0.1804271787405014,0.9996680617332458,0.4469788670539856,0.32392874360084534,-0.13481909036636353,0.9869268536567688,0.7241208553314209,0.4160546362400055,0.49292540550231934,0.38190245628356934,0.4132806360721588,0.28537607192993164,0.1600598841905594,0.9123338460922241,0.6685361266136169,0.3725741505622864,0.8210763931274414,0.2256755381822586,0.3987905979156494,0.2640480399131775,0.17668010294437408,0.8934067487716675,0.649025022983551,0.36022916436195374,0.8767575621604919,0.2318117618560791,0.5515915751457214,0.5702842473983765,-0.12953494489192963,0.9997444748878479,0.6159449815750122,0.5741418600082397,0.1288813352584839,0.9995107054710388,0.509310781955719,0.7251055240631104,-0.1213269755244255,0.9763767123222351,0.6330281496047974,0.7213858366012573,0.1751825362443924,0.8301921486854553,0.5003417134284973,0.8808338642120361,-0.1320614218711853,0.9866858124732971,0.6644307374954224,0.8741288185119629,0.16228307783603668,0.9191907644271851,0.512538731098175,0.9061879515647888,-0.1281391829252243,0.978793203830719,0.6804728507995605,0.9040328860282898,0.16072525084018707,0.9288447499275208,0.41267305612564087,0.9137536883354187,-0.15873415768146515,0.9577107429504395,0.5946425795555115,0.8990495800971985,0.1636609435081482,0.8307360410690308
18,0.5615671873092651,0.2860828936100006,0.1929846704006195,0.9999131560325623,0.5387303829193115,0.3298678696155548,-0.21292084455490112,0.9998903274536133,0.6657647490501404,0.3582605719566345,0.17069776356220245,0.9996324777603149,0.44324320554733276,0.3161746561527252,-0.14103078842163086,0.9879207611083984,0.7298530340194702,0.4154760539531708,0.46595343947410583,0.40249016880989075,0.40794607996940613,0.27116158604621887,0.14072391390800476,0.9184475541114807,0.6716325283050537,0.3727210760116577,0.8040428757667542,0.21577879786491394,0.3934158384799957,0.25102588534355164,0.15397076308727264,0.9001695513725281,0.6519646048545837,0.3608744740486145,0.8602167367935181,0.2220659852027893,0.5516671538352966,0.5716137290000916,-0.12759481370449066,0.999749481678009,0.616270124912262,0.5753167271614075,0.1268952637910843,0.9995222091674805,0.5075916647911072,0.7252277731895447,-0.11840148270130157,0.9778480529785156,0.6355898976325989,0.7222030758857727,0.1759200096130371,0.8443717956542969,0.4999123513698578,0.8810496926307678,-0.12847469747066498,0.9869958162307739,0.6650769710540771,0.8741591572761536,0.16752047836780548,0.9242331981658936,0.5120565891265869,0.9063245058059692,-0.12439354509115219,0.9797796010971069,0.6805033087730408,0.9043219089508057,0.1652122139930725,0.9331073760986328,0.4126673638820648,0.9139074683189392,-0.15313003957271576,0.95646733045578,0.5966465473175049,0.8991514444351196,0.1711554080247879,0.8319206833839417
19,0.5637502670288086,0.28601813316345215,0.1972055584192276,0.9999108910560608,0.5369724035263062,0.329140841960907,-0.20130370557308197,0.9998718500137329,0.6696845889091492,0.3587501645088196,0.15420572459697723,0.9995962381362915,0.4436946511268616,0.30966660380363464,-0.12084664404392242,0.9887386560440063,0.7368124723434448,0.41579878330230713,0.4435407817363739,0.4239552915096283,0.40479981899261475,0.2640020549297333,0.17555952072143555,0.9237385988235474,0.6783571243286133,0.37600019574165344,0.800920844078064,0.20741036534309387,0.3894982933998108,0.2433607578277588,0.19439104199409485,0.905823290348053,0.6594828367233276,0.36473000049591064,0.8581144213676453,0.21374641358852386,0.5515438914299011,0.5725330710411072,-0.12007194757461548,0.9997504353523254,0.6170275211334229,0.5762374401092529,0.11928161978721619,0.9995344281196594,0.5054583549499512,0.7250022292137146,-0.11057182401418686,0.9790875315666199,0.6376953721046448,0.7238059043884277,0.16071540117263794,0.8571316003799438,0.4998731017112732,0.8810563683509827,-0.12013639509677887,0.9867991209030151,0.6653012633323669,0.8747473955154419,0.13180594146251678,0.928520679473877,0.5119796395301819,0.9064368009567261,-0.11573797464370728,0.9801774621009827,0.6805059313774109,0.9050941467285156,0.1311708688735962,0.936801016330719,0.41318967938423157,0.9135955572128296,-0.14199048280715942,0.9529852271080017,0.5976612567901611,0.8995541334152222,0.12322080880403519,0.8308456540107727
20,0.5667796730995178,0.286023885011673,0.2058306634426117,0.9999105930328369,0.5364711880683899,0.32917657494544983,-0.1913435310125351,0.999859094619751,0.6743338704109192,0.3597329258918762,0.14837726950645447,0.9995701313018799,0.4441189169883728,0.30382028222084045,-0.1159033253788948,0.9896339774131775,0.7404705882072449,0.4161682426929474,0.4334397614002228,0.4534949064254761,0.39808353781700134,0.25434061884880066,0.17791905999183655,0.929446280002594,0.6835528016090393,0.38106513023376465,0.8026014566421509,0.2000977098941803,0.38453829288482666,0.23689891397953033,0.19743339717388153,0.9120566844940186,0.6624762415885925,0.36993640661239624,0.8610761165618896,0.20585110783576965,0.551228940486908,0.5722153186798096,-0.11612778156995773,0.9997552633285522,0.6176303625106812,0.576158881187439,0.11526079475879669,0.9995502829551697,0.5014657974243164,0.7245976328849792,-0.10432056337594986,0.9804489612579346,0.6380714774131775,0.7236351370811462,0.15873028337955475,0.8694796562194824,0.4998849928379059,0.8808991312980652,-0.12414351850748062,0.9869035482406616,0.6653258800506592,0.8750364184379578,0.11653952300548553,0.9331693649291992,0.5120439529418945,0.9063910841941833,-0.12053043395280838,0.9809268712997437,0.6800635457038879,0.9056362509727478,0.11525987088680267,0.9409973621368408,0.41326919198036194,0.9137499928474426,-0.14846393465995789,0.9505980014801025,0.5999202728271484,0.9003901481628418,0.1025857925415039,0.8319706916809082
21,0.5675495862960815,0.2860373854637146,0.20952144265174866,0.9999106526374817,0.5346962809562683,0.3291466534137726,-0.18601790070533752,0.9998477697372437,0.6763692498207092,0.3602413833141327,0.1392926275730133,0.9995482563972473,0.44158318638801575,0.2973712384700775,-0.11839492619037628,0.990449070930481,0.7455167174339294,0.4166872501373291,0.41978707909584045,0.48248565196990967,0.39160364866256714,0.24485556781291962,0.16528978943824768,0.9348114728927612,0.6873042583465576,0.38011932373046875,0.7927384972572327,0.19417984783649445,0.3788957893848419,0.22756418585777283,0.18230563402175903,0.91796875,0.6661661863327026,0.3695404529571533,0.8499875068664551,0.19912640750408173,0.5508623719215393,0.5719835758209229,-0.11029709875583649,0.9997602105140686,0.6178964972496033,0.5761231184005737,0.1094391793012619,0.9995655417442322,0.4975525736808777,0.7242138385772705,-0.097281813621521,0.9816592931747437,0.6384668350219727,0.7235572934150696,0.15272872149944305,0.8808659315109253,0.4998551905155182,0.8793840408325195,-0.11939733475446701,0.9869370460510254,0.6653454303741455,0.875188946723938,0.10651028156280518,0.937466025352478,0.5120545029640198,0.9052665829658508,-0.11613830924034119,0.9815866947174072,0.6797460317611694,0.9058438539505005,0.10480668395757675,0.9447479248046875,0.41407209634780884,0.9137259721755981,-0.1443673074245453,0.9482010006904602,0.6014387011528015,0.900867223739624,0.08884479105472565,0.8331394791603088
22,0.5680040121078491,0.28606781363487244,0.21086883544921875,0.9999107122421265,0.5341582894325256,0.32922807335853577,-0.18535427749156952,0.9998387098312378,0.6760523319244385,0.36021649837493896,0.13741211593151093,0.9995288252830505,0.44096413254737854,0.292473703622818,-0.12424899637699127,0.991219162940979,0.748782753944397,0.4167788624763489,0.4178147614002228,0.5093784332275391,0.3874083161354065,0.23750782012939453,0.16121236979961395,0.9400096535682678,0.6896355748176575,0.3808656334877014,0.7909925580024719,0.18927094340324402,0.37235814332962036,0.21847933530807495,0.17657101154327393,0.9238484501838684,0.669343113899231,0.37043485045433044,0.8488835096359253,0.19368013739585876,0.550601601600647,0.5717366337776184,-0.10847952961921692,0.9997670650482178,0.6180991530418396,0.5758396983146667,0.10762100666761398,0.999582052230835,0.49250754714012146,0.7228296995162964,-0.09584127366542816,0.9828421473503113,0.6382054090499878,0.7234159111976624,0.1538533866405487,0.8912474513053894,0.4995967745780945,0.8776881694793701,-0.1224903091788292,0.9870998859405518,0.6653909087181091,0.8752511143684387,0.10319840908050537,0.9414442181587219,0.5121896266937256,0.90340656042099,-0.11949934810400009,0.9823435544967651,0.6793630123138428,0.9059529900550842,0.10113503783941269,0.9483140110969543,0.41469013690948486,0.9136515259742737,-0.14637179672718048,0.9466249346733093,0.6020940542221069,0.900896430015564,0.08625824004411697,0.8344053030014038
23,0.5679670572280884,0.2856975495815277,0.21323515474796295,0.9999116063117981,0.5328933000564575,0.32836776971817017,-0.1775534600019455,0.9998347759246826,0.6753195524215698,0.3589150011539459,0.1393914669752121,0.9995236992835999,0.44261467456817627,0.2897454798221588,-0.12137260288000107,0.9918708205223083,0.7499573826789856,0.41637352108955383,0.42355823516845703,0.532471239566803,0.38524362444877625,0.23460769653320312,0.15998496115207672,0.9447029829025269,0.6903253793716431,0.38110730051994324,0.8043520450592041,0.1860743910074234,0.3689020276069641,0.21578772366046906,0.17690110206604004,0.9291980266571045,0.6709251999855042,0.37015146017074585,0.8637906312942505,0.19015930593013763,0.5505980849266052,0.5714941620826721,-0.10672439634799957,0.9997774362564087,0.6185382008552551,0.5757982730865479,0.10582718253135681,0.9996029734611511,0.48863306641578674,0.7218067646026611,-0.09881450235843658,0.9840580224990845,0.6381855607032776,0.7228291630744934,0.14973871409893036,0.900505006313324,0.4993978440761566,0.8762987852096558,-0.12977218627929688,0.9874449372291565,0.6654354929924011,0.8752418756484985,0.08322377502918243,0.9448561072349548,0.5122705101966858,0.9021687507629395,-0.12778714299201965,0.9831060171127319,0.6790695190429688,0.9059458374977112,0.0794176310300827,0.9512309432029724,0.4153337776660919,0.9136304259300232,-0.15410476922988892,0.9466718435287476,0.6025105118751526,0.9008925557136536,0.06290078163146973,0.8361306190490723
24,0.568606972694397,0.28558897972106934,0.22113409638404846,0.999910831451416,0.5324028134346008,0.32658571004867554,-0.17889857292175293,0.999833881855011,0.6751953959465027,0.35687965154647827,0.14883750677108765,0.9995185136795044,0.44419240951538086,0.28670403361320496,-0.122471384704113,0.9924975037574768,0.7510154843330383,0.4159029722213745,0.43716922402381897,0.5499984622001648,0.3829725980758667,0.23066385090351105,0.15585578978061676,0.9490037560462952,0.6906996369361877,0.38104012608528137,0.8336294889450073,0.18075789511203766,0.36524948477745056,0.21241672337055206,0.17258363962173462,0.9341198801994324,0.6717020869255066,0.3692046105861664,0.8957470655441284,0.18521635234355927,0.5504301190376282,0.5713491439819336,-0.10866589099168777,0.9997907280921936,0.6189525723457336,0.5747711658477783,0.10773111879825592,0.9996271729469299,0.4868749976158142,0.7206228971481323,-0.09978895634412766,0.9852858781814575,0.6380744576454163,0.7214326858520508,0.14919641613960266,0.9090986251831055,0.4992876648902893,0.8751441240310669,-0.16142204403877258,0.9880287051200867,0.6655306816101074,0.875080943107605,0.05807836353778839,0.948406457901001,0.5126175284385681,0.901232123374939,-0.161778062582016,0.984066903591156,0.6790757775306702,0.905841052532196,0.05189577862620354,0.9543622136116028,0.4154732823371887,0.9136763215065002,-0.1880055069923401,0.9478178024291992,0.6027065515518188,0.9008607268333435,0.03374101221561432,0.8398037552833557
25,0.5689623951911926,0.2854093909263611,0.233480304479599,0.9999035596847534,0.5325196385383606,0.32511135935783386,-0.18083593249320984,0.9998369216918945,0.6756653189659119,0.356061726808548,0.1671355962753296,0.9995191693305969,0.44490352272987366,0.28233593702316284,-0.1594572216272354,0.9930573105812073,0.7530897259712219,0.4161583483219147,0.47450655698776245,0.5594657063484192,0.38108471035957336,0.2270510345697403,0.09452594816684723,0.9530693292617798,0.6920509934425354,0.3789840042591095,0.856468677520752,0.17646153271198273,0.36250460147857666,0.20959118008613586,0.10640265792608261,0.9389997124671936,0.6741248369216919,0.3662910461425781,0.9164138436317444,0.1818743348121643,0.5498778223991394,0.5699911713600159,-0.1099395677447319,0.999804675579071,0.6192454099655151,0.5726161599159241,0.10912687331438065,0.999650239944458,0.4855511784553528,0.7205402851104736,-0.10281169414520264,0.9864015579223633,0.6380533576011658,0.719626784324646,0.1492445170879364,0.9167049527168274,0.4991939663887024,0.8751584887504578,-0.1934366673231125,0.988670825958252,0.6658955216407776,0.8749550580978394,0.05583514645695686,0.9515654444694519,0.5129545331001282,0.9013608694076538,-0.1957448571920395,0.985029399394989,0.6792477965354919,0.9052630662918091,0.04896635189652443,0.9571545124053955,0.41549235582351685,0.9142167568206787,-0.23738060891628265,0.9498437643051147,0.602600634098053,0.9011174440383911,0.02349773421883583,0.8445172905921936
26,0.5690228343009949,0.28535985946655273,0.2290690541267395,0.9998967051506042,0.5328630805015564,0.3247796297073364,-0.18955351412296295,0.9998434782028198,0.6763907670974731,0.3558761179447174,0.17116419970989227,0.9995344877243042,0.44534480571746826,0.27716556191444397,-0.20576214790344238,0.9935786128044128,0.7561848759651184,0.41721129417419434,0.4747457206249237,0.5723557472229004,0.37777361273765564,0.22226230800151825,-0.0021361035760492086,0.9570733308792114,0.6950036287307739,0.37638986110687256,0.8387616872787476,0.18115483224391937,0.358123242855072,0.20675510168075562,0.00122093188110739,0.9439591765403748,0.6795496344566345,0.35987958312034607,0.8959255218505859,0.18795308470726013,0.5489600300788879,0.5696718096733093,-0.11093626916408539,0.999819278717041,0.6195744276046753,0.5718575119972229,0.10999254882335663,0.9996746182441711,0.48349806666374207,0.7200438380241394,-0.10156100988388062,0.9874206781387329,0.6379676461219788,0.71961510181427,0.14963868260383606,0.9235000014305115,0.49863457679748535,0.8745964765548706,-0.19815097749233246,0.9893774390220642,0.6662670969963074,0.8749531507492065,0.05316881090402603,0.9545608758926392,0.5129637122154236,0.9005525708198547,-0.20175352692604065,0.9860873818397522,0.6792487502098083,0.9048109650611877,0.04487261921167374,0.9597989320755005,0.4154985547065735,0.9146879315376282,-0.2453336864709854,0.9525632262229919,0.602638840675354,0.9012460708618164,0.014404045417904854,0.8504546880722046
27,0.5699748396873474,0.2860235869884491,0.23176021873950958,0.999881386756897,0.5329157710075378,0.3242653012275696,-0.19220875203609467,0.9998520016670227,0.677699625492096,0.35586774349212646,0.1703891158103943,0.9995532631874084,0.44460490345954895,0.270160436630249,-0.26107802987098694,0.9940593838691711,0.7626749873161316,0.4213036000728607,0.4597434103488922,0.5987331867218018,0.3741224706172943,0.21729183197021484,-0.15767809748649597,0.9608859419822693,0.7077750563621521,0.3718378245830536,0.7717065811157227,0.20033381879329681,0.3528868556022644,0.20265400409698486,-0.17006373405456543,0.9487569332122803,0.6994577646255493,0.3531985580921173,0.8191366791725159,0.20672035217285156,0.5466850996017456,0.5695462226867676,-0.11463093757629395,0.9998323321342468,0.6196196675300598,0.5717405080795288,0.11352073401212692,0.9996964931488037,0.479880154132843,0.7181740999221802,-0.10011784732341766,0.9882362484931946,0.6379213333129883,0.7196431159973145,0.1504276692867279,0.9287161827087402,0.49814659357070923,0.8739508390426636,-0.20000922679901123,0.989922285079956,0.6668721437454224,0.8751377463340759,0.04688309505581856,0.956368088722229,0.5129977464675903,0.8996078372001648,-0.20418743789196014,0.9870166182518005,0.6792808771133423,0.9047356247901917,0.038160111755132675,0.9616636633872986,0.4154474139213562,0.9152005910873413,-0.25303468108177185,0.9549436569213867,0.6028661727905273,0.9013634920120239,-0.0034900016617029905,0.8538023233413696
28,0.5710287094116211,0.28651130199432373,0.23185205459594727,0.9998688697814941,0.5329018831253052,0.32388877868652344,-0.19414307177066803,0.9998598098754883,0.6782776713371277,0.3558577597141266,0.16892971098423004,0.9995703101158142,0.4440600574016571,0.2684709131717682,-0.2650657296180725,0.994498610496521,0.7643994688987732,0.42345744371414185,0.4509507715702057,0.622930109500885,0.3730732500553131,0.21617119014263153,-0.16073434054851532,0.9643287658691406,0.7103339433670044,0.36995407938957214,0.759653627872467,0.21841967105865479,0.3514302670955658,0.20149143040180206,-0.17291896045207977,0.9530903697013855,0.7026287913322449,0.35099828243255615,0.8071959614753723,0.22440560162067413,0.5455625653266907,0.5694814324378967,-0.11645833402872086,0.9998441338539124,0.61968594789505,0.5716769695281982,0.11526775360107422,0.9997163414955139,0.47864803671836853,0.7172066569328308,-0.0992850810289383,0.9889904856681824,0.6379883289337158,0.7197545170783997,0.15137606859207153,0.9335500001907349,0.497700959444046,0.8734950423240662,-0.19986490905284882,0.9904279708862305,0.6673114895820618,0.8753953576087952,0.04901059716939926,0.958095371723175,0.5130032300949097,0.8990411162376404,-0.2040538638830185,0.9878617525100708,0.6792917251586914,0.9046958684921265,0.040585074573755264,0.9634107947349548,0.4153350591659546,0.9155709743499756,-0.2531292140483856,0.9571187496185303,0.6028734445571899,0.9014937281608582,-0.0009801689302548766,0.8571107983589172
29,0.572859525680542,0.2873435914516449,0.2330666184425354,0.9998589754104614,0.5329254269599915,0.32353031635284424,-0.19448153674602509,0.9998679161071777,0.6789364814758301,0.35589098930358887,0.17034222185611725,0.9995880126953125,0.44427260756492615,0.2672596573829651,-0.2761557996273041,0.9949023723602295,0.7658648490905762,0.4243655502796173,0.45113471150398254,0.6430848836898804,0.37129339575767517,0.2160228192806244,-0.19259847700595856,0.9674980640411377,0.7141178846359253,0.369106650352478,0.7666411399841309,0.2338627427816391,0.3488636612892151,0.20177951455116272,-0.20818082988262177,0.957099437713623,0.707679271697998,0.35061368346214294,0.8153335452079773,0.23980513215065002,0.5448005199432373,0.5694494843482971,-0.11761845648288727,0.9998555183410645,0.6196683049201965,0.5716835856437683,0.11639184504747391,0.9997355937957764,0.47652772068977356,0.7152836918830872,-0.09943830966949463,0.9896881580352783,0.6381300091743469,0.7197839021682739,0.1508873999118805,0.9379293918609619,0.496860533952713,0.8728466629981995,-0.20631611347198486,0.9909000396728516,0.6675644516944885,0.8757755756378174,0.03839404881000519,0.9595506191253662,0.5129979848861694,0.8981778025627136,-0.21130143105983734,0.9886307120323181,0.6792949438095093,0.904690682888031,0.028892192989587784,0.9649199843406677,0.415108323097229,0.9155760407447815,-0.26353690028190613,0.9592588543891907,0.6028687357902527,0.9016591310501099,-0.015537038445472717,0.8602421283721924
30,0.5756083726882935,0.28907129168510437,0.2791077196598053,0.9998482465744019,0.5328752398490906,0.3229583501815796,-0.16527752578258514,0.9998761415481567,0.6788976788520813,0.3563371002674103,0.1936601847410202,0.9996049404144287,0.4443712830543518,0.2653579115867615,-0.2564277648925781,0.995274007320404,0.7676372528076172,0.425673246383667,0.4562602937221527,0.6647301316261292,0.36880138516426086,0.21304912865161896,-0.19408729672431946,0.9704158902168274,0.7193629741668701,0.36897215247154236,0.7612420916557312,0.25197017192840576,0.3445844054222107,0.19899709522724152,-0.2141585648059845,0.9608083963394165,0.7147149443626404,0.3506675362586975,0.8067612051963806,0.2574414610862732,0.5444120764732361,0.5694056749343872,-0.11901126801967621,0.9998666048049927,0.619653582572937,0.5717488527297974,0.11775549501180649,0.9997545480728149,0.4751141667366028,0.7132784128189087,-0.10096567124128342,0.9904372096061707,0.6382805109024048,0.7198541164398193,0.14326973259449005,0.9421949982643127,0.4958449900150299,0.8722899556159973,-0.2323148250579834,0.991375207901001,0.6677085161209106,0.8761286735534668,0.003727611619979143,0.9609091877937317,0.5127893686294556,0.8975256681442261,-0.2397325336933136,0.9893880486488342,0.6793136596679688,0.9047322869300842,-0.008729618042707443,0.9665758609771729,0.4146617352962494,0.9155710339546204,-0.2960369288921356,0.9612652659416199,0.6028578281402588,0.9019351005554199,-0.057988520711660385,0.8627051711082458
31,0.5777530074119568,0.2898871898651123,0.27977433800697327,0.9998346567153931,0.5328761339187622,0.32295387983322144,-0.1567600816488266,0.9998825788497925,0.6787371635437012,0.35688507556915283,0.19521425664424896,0.9996173977851868,0.44450679421424866,0.26451489329338074,-0.2549724578857422,0.9955863356590271,0.769196093082428,0.4263995587825775,0.45231637358665466,0.6853429079055786,0.36823809146881104,0.21134395897388458,-0.21750633418560028,0.9730534553527832,0.7215033173561096,0.36781829595565796,0.7346087098121643,0.271053284406662,0.34339481592178345,0.19804829359054565,-0.24215784668922424,0.9641701579093933,0.7184340357780457,0.35018178820610046,0.774623692035675,0.2755764424800873,0.5436215996742249,0.5691378116607666,-0.11921500414609909,0.9998757839202881,0.6195634603500366,0.5717446804046631,0.11800077557563782,0.99977046251297,0.4736870229244232,0.7112852931022644,-0.10161100327968597,0.9910309910774231,0.638323962688446,0.7198580503463745,0.13605770468711853,0.94587242603302,0.4936141073703766,0.8710601925849915,-0.22367779910564423,0.9916815161705017,0.6678217053413391,0.8765518069267273,0.004931512288749218,0.9617946743965149,0.511664867401123,0.896558403968811,-0.2299703061580658,0.9899898767471313,0.6793169975280762,0.9049214124679565,-0.006662548985332251,0.9678805470466614,0.41333162784576416,0.9154756665229797,-0.28944292664527893,0.9625778794288635,0.602734386920929,0.9021384119987488,-0.05960671231150627,0.8633140921592712
32,0.5810883641242981,0.2904803156852722,0.3331508934497833,0.999824047088623,0.5322738289833069,0.32282236218452454,-0.11455375701189041,0.9998888969421387,0.6788865923881531,0.3571351170539856,0.21712923049926758,0.9996312856674194,0.4445042312145233,0.263723760843277,-0.2403794527053833,0.9958541989326477,0.7703953385353088,0.42700982093811035,0.4514021575450897,0.704944372177124,0.3662065863609314,0.2097388654947281,-0.19886410236358643,0.9754440784454346,0.722977340221405,0.3670865595340729,0.7121477127075195,0.2912822663784027,0.3410523533821106,0.19651545584201813,-0.22627919912338257,0.9672213792800903,0.7215522527694702,0.3498917818069458,0.7470532655715942,0.2943740785121918,0.5418018698692322,0.5677723288536072,-0.11826201528310776,0.9998849630355835,0.6192812919616699,0.5713737607002258,0.11709164083003998,0.9997868537902832,0.4725015163421631,0.7098404169082642,-0.10052874684333801,0.991635262966156,0.6383896470069885,0.7195670008659363,0.12600894272327423,0.9494120478630066,0.490843266248703,0.869825541973114,-0.2410474568605423,0.9920282959938049,0.6679121851921082,0.8768160343170166,-0.044157471507787704,0.9630631804466248,0.5100722312927246,0.895801842212677,-0.2508675158023834,0.9906153082847595,0.6793138384819031,0.9049572944641113,-0.060585103929042816,0.9695157408714294,0.41237714886665344,0.9153099656105042,-0.31634214520454407,0.9638152122497559,0.6026565432548523,0.9022862911224365,-0.12067282944917679,0.8648461699485779
33,0.5833292007446289,0.2908020317554474,0.3955441415309906,0.9998100996017456,0.5311620831489563,0.3222312331199646,-0.06660999357700348,0.9998947978019714,0.6792085766792297,0.35806867480278015,0.2646358013153076,0.9996441602706909,0.4441150724887848,0.2624744474887848,-0.19229230284690857,0.9961016774177551,0.7717646360397339,0.42750853300094604,0.4796462059020996,0.721912145614624,0.36318960785865784,0.20799477398395538,-0.17676666378974915,0.9776180386543274,0.7250758409500122,0.36619916558265686,0.7323323488235474,0.3107636868953705,0.3378147482872009,0.1942470818758011,-0.2061348706483841,0.9699928760528564,0.7245522141456604,0.3495796024799347,0.7699997425079346,0.31218618154525757,0.5398405194282532,0.5653927326202393,-0.11841967701911926,0.9998937845230103,0.6188644766807556,0.5703783631324768,0.11727072298526764,0.9998021125793457,0.4718075692653656,0.7099834084510803,-0.10094747692346573,0.9921898245811462,0.638417661190033,0.7189575433731079,0.12357252091169357,0.952336847782135,0.4885774254798889,0.8696517944335938,-0.2791801393032074,0.9924026131629944,0.6679848432540894,0.8769198060035706,-0.07888953387737274,0.9642131328582764,0.5090979933738708,0.8958532810211182,-0.29401612281799316,0.9912139177322388,0.6792676448822021,0.9049561619758606,-0.09943791478872299,0.9710840582847595,0.4107041656970978,0.9152238368988037,-0.3688009977340698,0.9654020071029663,0.6026462316513062,0.9023213982582092,-0.16499491035938263,0.8677798509597778
34,0.5827386379241943,0.2909756302833557,0.3754095435142517,0.9998028874397278,0.5306170582771301,0.32226330041885376,-0.07870137691497803,0.999900221824646,0.6791359186172485,0.3600439429283142,0.25855752825737,0.9996540546417236,0.44368672370910645,0.2618134021759033,-0.19529005885124207,0.9963229894638062,0.7718943953514099,0.4287862479686737,0.476250022649765,0.7357257604598999,0.3619937300682068,0.20724384486675262,-0.19666098058223724,0.9795808792114258,0.7265962362289429,0.36585184931755066,0.7232810854911804,0.3243836462497711,0.3361957371234894,0.1930457353591919,-0.22823691368103027,0.972497284412384,0.7273247838020325,0.349123477935791,0.7554929852485657,0.3243499994277954,0.5376778244972229,0.5639033913612366,-0.11852765828371048,0.9999014139175415,0.6179009079933167,0.5697585940361023,0.11739494651556015,0.9998151659965515,0.4706228971481323,0.7101843953132629,-0.10130088031291962,0.9926517009735107,0.638409435749054,0.718525230884552,0.12567709386348724,0.9547316431999207,0.48566195368766785,0.8697318434715271,-0.26694345474243164,0.9926960468292236,0.6679947376251221,0.8771203756332397,-0.05893172696232796,0.9649832844734192,0.5073956251144409,0.8959535360336304,-0.2798418402671814,0.9917267560958862,0.6791276335716248,0.905089795589447,-0.07744777202606201,0.9722450375556946,0.4083561897277832,0.9152209758758545,-0.35403767228126526,0.9667556881904602,0.6026074886322021,0.9023244380950928,-0.14219938218593597,0.8696708679199219
35,0.5829067230224609,0.2909487783908844,0.39601457118988037,0.9997933506965637,0.5290430784225464,0.32225993275642395,-0.059261005371809006,0.999903678894043,0.6790782809257507,0.3617520034313202,0.251931369304657,0.9996601343154907,0.4424470067024231,0.26087987422943115,-0.16961562633514404,0.9965164065361023,0.7719511985778809,0.4305756390094757,0.46088138222694397,0.7513322234153748,0.3595198094844818,0.2063930630683899,-0.17151013016700745,0.9813433885574341,0.7302161455154419,0.36631643772125244,0.6930081844329834,0.3392910659313202,0.33390331268310547,0.19267763197422028,-0.20137836039066315,0.974725604057312,0.7322303652763367,0.3495815098285675,0.7218353748321533,0.3362838625907898,0.5350305438041687,0.5629939436912537,-0.11457418650388718,0.9999075531959534,0.6166040897369385,0.5692555904388428,0.11347844451665878,0.9998257160186768,0.4698144793510437,0.7103602290153503,-0.1016518697142601,0.99309241771698,0.6384215354919434,0.7180097699165344,0.11957190185785294,0.9573726654052734,0.48269781470298767,0.8698100447654724,-0.2613186240196228,0.9929249286651611,0.6679859161376953,0.8772466778755188,-0.05965982750058174,0.9660095572471619,0.5042215585708618,0.8960270881652832,-0.2735911011695862,0.9921901822090149,0.6786770224571228,0.9052213430404663,-0.0775386244058609,0.9734564423561096,0.40553018450737,0.9152180552482605,-0.34619030356407166,0.967606782913208,0.6025853157043457,0.9023075699806213,-0.14281266927719116,0.8712688088417053
36,0.5825055241584778,0.29093337059020996,0.40077194571495056,0.9997913837432861,0.5276213884353638,0.32246702909469604,-0.05311055853962898,0.9999074339866638,0.6790260672569275,0.3629090189933777,0.25005456805229187,0.9996693134307861,0.44155454635620117,0.2607790529727936,-0.16032171249389648,0.9967268109321594,0.7716405391693115,0.4314507842063904,0.45053356885910034,0.7671368718147278,0.3564602732658386,0.20613864064216614,-0.16272157430648804,0.9829846620559692,0.7328689694404602,0.36658698320388794,0.6845568418502808,0.35397887229919434,0.3308126628398895,0.19293883442878723,-0.19208496809005737,0.9768182635307312,0.734453558921814,0.34994879364967346,0.7143233418464661,0.34675148129463196,0.5337056517601013,0.5628539323806763,-0.11072984337806702,0.9999130368232727,0.61527419090271,0.56900954246521,0.10964933037757874,0.9998350739479065,0.4690113365650177,0.7104911804199219,-0.10187335312366486,0.9935395121574402,0.6384878754615784,0.7174920439720154,0.11741262674331665,0.9601129293441772,0.48011288046836853,0.8698464632034302,-0.25734779238700867,0.9931776523590088,0.6679772138595581,0.8773413300514221,-0.060559824109077454,0.9672682881355286,0.5011561512947083,0.8960586786270142,-0.26931247115135193,0.9926445484161377,0.6779344081878662,0.90533846616745,-0.07822346687316895,0.9747170209884644,0.40245336294174194,0.915233314037323,-0.33912578225135803,0.9684478640556335,0.6025872230529785,0.9023058414459229,-0.14080774784088135,0.8733041286468506
37,0.5811962485313416,0.2909168004989624,0.3711814880371094,0.9997943639755249,0.5266816020011902,0.3230789005756378,-0.07510178536176682,0.9999113082885742,0.678166389465332,0.3644351065158844,0.24485336244106293,0.9996813535690308,0.4407057762145996,0.2608890235424042,-0.17204077541828156,0.9969257712364197,0.7712730169296265,0.43211451172828674,0.42317649722099304,0.7826974987983704,0.3540751338005066,0.20556651055812836,-0.17460662126541138,0.9844679236412048,0.7344674468040466,0.36739012598991394,0.6520448923110962,0.3706064820289612,0.3288320004940033,0.1929766833782196,-0.20466704666614532,0.9787188768386841,0.7356815338134766,0.3502390384674072,0.6799230575561523,0.35967743396759033,0.5327965617179871,0.5629116892814636,-0.1091756820678711,0.9999184608459473,0.6138914823532104,0.5690054893493652,0.10807991027832031,0.9998448491096497,0.46910905838012695,0.7106199264526367,-0.0955035611987114,0.9939586520195007,0.638532280921936,0.7174996733665466,0.11985916644334793,0.9628420472145081,0.47893568873405457,0.8699013590812683,-0.2537194490432739,0.9934489727020264,0.6679694056510925,0.8776437640190125,-0.057054389268159866,0.9687812924385071,0.49972543120384216,0.8961207866668701,-0.2634638249874115,0.993107795715332,0.6773967146873474,0.9055822491645813,-0.07443960011005402,0.9760855436325073,0.40110543370246887,0.9150534272193909,-0.330036997795105,0.9693983793258667,0.6025964617729187,0.9023476243019104,-0.13363856077194214,0.8761947154998779
38,0.5809124708175659,0.2909107804298401,0.37032994627952576,0.9997954964637756,0.5259950757026672,0.3234551250934601,-0.08484632521867752,0.9999140501022339,0.6761260628700256,0.36514732241630554,0.21500808000564575,0.99969083070755,0.4399654269218445,0.26111868023872375,-0.17514993250370026,0.9970645904541016,0.7709124684333801,0.4324014186859131,0.4019900858402252,0.7968429327011108,0.3531503975391388,0.20569275319576263,-0.18043433129787445,0.98576819896698,0.7355078458786011,0.3675996959209442,0.6342662572860718,0.3895041346549988,0.3278505802154541,0.19346359372138977,-0.20911934971809387,0.9803926348686218,0.7366228103637695,0.35050538182258606,0.6623572707176208,0.3762422800064087,0.5324580669403076,0.5634965300559998,-0.1097014993429184,0.9999231696128845,0.6125971078872681,0.5691140294075012,0.10860767960548401,0.9998533725738525,0.46874502301216125,0.7124391198158264,-0.09015941619873047,0.9943661093711853,0.6381543874740601,0.7184155583381653,0.1223885789513588,0.9654058218002319,0.47900697588920593,0.8699463605880737,-0.24500301480293274,0.9937680959701538,0.6679427027702332,0.8777825236320496,-0.047874826937913895,0.9703598022460938,0.4996172785758972,0.8961722254753113,-0.2558048963546753,0.9935648441314697,0.6771769523620605,0.9058836698532104,-0.06454606354236603,0.9774695038795471,0.40103188157081604,0.9145837426185608,-0.32218730449676514,0.9705762267112732,0.6020047068595886,0.9023488163948059,-0.12215007096529007,0.8797751665115356
39,0.5791944265365601,0.29095518589019775,0.36827266216278076,0.9997966289520264,0.5247646570205688,0.3238542079925537,-0.09075222164392471,0.999917209148407,0.674329936504364,0.36572250723838806,0.21245484054088593,0.9996999502182007,0.4375254511833191,0.26094722747802734,-0.19545577466487885,0.9972050189971924,0.7698059678077698,0.4326713979244232,0.40578827261924744,0.8096093535423279,0.3500175178050995,0.20513693988323212,-0.19868017733097076,0.9869543313980103,0.7355977296829224,0.3681376278400421,0.635864794254303,0.40563899278640747,0.3247169554233551,0.19293324649333954,-0.22922058403491974,0.9819269180297852,0.7373928427696228,0.35054826736450195,0.6634634733200073,0.3900569975376129,0.5314921140670776,0.5638648271560669,-0.11119064688682556,0.9999271631240845,0.6111805438995361,0.5692887306213379,0.11006923764944077,0.9998602867126465,0.467815637588501,0.7138924598693848,-0.09140069782733917,0.9947145581245422,0.6370885968208313,0.7187986969947815,0.13148701190948486,0.9675454497337341,0.4793597161769867,0.8703780770301819,-0.23615269362926483,0.9940409660339355,0.667752206325531,0.8779383897781372,-0.0351271852850914,0.9715706706047058,0.4999699592590332,0.8965964913368225,-0.24615438282489777,0.9939579367637634,0.6769688129425049,0.9060531258583069,-0.05141743645071983,0.978621780872345,0.40098103880882263,0.9145529866218567,-0.3147851824760437,0.9715746641159058,0.6012640595436096,0.9023373126983643,-0.1124785766005516,0.8822129964828491
40,0.5765431523323059,0.2909560799598694,0.33031368255615234,0.9997985363006592,0.5237550735473633,0.3250589966773987,-0.11626095324754715,0.9999201893806458,0.6715418100357056,0.3660995066165924,0.20687536895275116,0.9997052550315857,0.43574342131614685,0.26110899448394775,-0.21931453049182892,0.9973072409629822,0.7679262757301331,0.4335235357284546,0.4148082435131073,0.8183396458625793,0.348507821559906,0.20517760515213013,-0.21246770024299622,0.9879859089851379,0.7352803945541382,0.368276447057724,0.6589910387992859,0.414665549993515,0.3227003514766693,0.19312889873981476,-0.24315029382705688,0.983269989490509,0.7376209497451782,0.3503169119358063,0.6893304586410522,0.39861103892326355,0.5298635363578796,0.5644528865814209,-0.11569173634052277,0.999930739402771,0.6086891293525696,0.5695643424987793,0.11456301808357239,0.9998658895492554,0.46641701459884644,0.7158761024475098,-0.09834624826908112,0.9950488805770874,0.6356966495513916,0.7192230224609375,0.13595741987228394,0.9694823622703552,0.47972896695137024,0.8713240623474121,-0.22637206315994263,0.9943329691886902,0.6675715446472168,0.8781962394714355,-0.004323471337556839,0.9726948738098145,0.5002155303955078,0.8974888920783997,-0.23434920608997345,0.9942879676818848,0.6769723892211914,0.9063452482223511,-0.017627542838454247,0.979568362236023,0.40114137530326843,0.9144083261489868,-0.3081294000148773,0.9727545380592346,0.6004830002784729,0.9022195339202881,-0.0767105296254158,0.8851169347763062
41,0.5748997926712036,0.2910356819629669,0.35381656885147095,0.9998023509979248,0.5216832160949707,0.3256584107875824,-0.09507779031991959,0.9999237060546875,0.6695801615715027,0.366507351398468,0.21498887240886688,0.9997133016586304,0.43370312452316284,0.2612708806991577,-0.1978483349084854,0.9974069595336914,0.7649239301681519,0.43397262692451477,0.41736236214637756,0.8287369608879089,0.3461742699146271,0.20532600581645966,-0.19692397117614746,0.9889489412307739,0.7353735566139221,0.36858248710632324,0.667898416519165,0.42848721146583557,0.3195550739765167,0.1932738870382309,-0.22361621260643005,0.9845268726348877,0.738228440284729,0.3502034842967987,0.6979812979698181,0.41028714179992676,0.5271800756454468,0.5644742846488953,-0.11644331365823746,0.999934196472168,0.6066214442253113,0.5695473551750183,0.11530188471078873,0.9998711943626404,0.4654325842857361,0.716590940952301,-0.10516717284917831,0.9953708052635193,0.6338405013084412,0.7192751169204712,0.1353602111339569,0.9713484644889832,0.47994667291641235,0.8726339340209961,-0.23018403351306915,0.9945952296257019,0.6671204566955566,0.8783720135688782,-0.007925448939204216,0.9737589955329895,0.5004174113273621,0.8985288739204407,-0.23880210518836975,0.9945911765098572,0.6769686937332153,0.9067203998565674,-0.02167879045009613,0.9805373549461365,0.40093424916267395,0.9141441583633423,-0.3149436414241791,0.9737377762794495,0.5997079610824585,0.9021619558334351,-0.07721567898988724,0.8876262903213501
42,0.5726897716522217,0.29104724526405334,0.36461734771728516,0.999809741973877,0.5198745727539062,0.32602161169052124,-0.0857556015253067,0.9999280571937561,0.6670407652854919,0.36722108721733093,0.2273223102092743,0.9997236132621765,0.43006375432014465,0.2614491581916809,-0.1837865263223648,0.9975137114524841,0.7611419558525085,0.4341478645801544,0.42201241850852966,0.8391762375831604,0.34414923191070557,0.20563578605651855,-0.1903420090675354,0.9898312091827393,0.7349563241004944,0.36897775530815125,0.6703670024871826,0.4444349706172943,0.3172454833984375,0.19348371028900146,-0.2232646346092224,0.9856898784637451,0.737688422203064,0.34993433952331543,0.6979631185531616,0.42377322912216187,0.525115966796875,0.5645002126693726,-0.11917902529239655,0.999937891960144,0.6046669483184814,0.5695496797561646,0.11803524941205978,0.9998767375946045,0.46336832642555237,0.7168262004852295,-0.10997797548770905,0.9956949949264526,0.631147563457489,0.7189183831214905,0.13590317964553833,0.9730788469314575,0.48014283180236816,0.8738105297088623,-0.24350260198116302,0.9948785901069641,0.6666242480278015,0.8783749938011169,-0.010954746976494789,0.9747704267501831,0.5004492998123169,0.8993523120880127,-0.2537672221660614,0.9948723912239075,0.6770514249801636,0.906988799571991,-0.02629566751420498,0.9814814925193787,0.40104153752326965,0.9140052199363708,-0.331197053194046,0.9748373627662659,0.5981427431106567,0.9020041823387146,-0.08297913521528244,0.8904426693916321
43,0.5706635117530823,0.29121509194374084,0.3815813362598419,0.9998190999031067,0.5172717571258545,0.3268629312515259,-0.07543812692165375,0.9999319314956665,0.6640076637268066,0.368097722530365,0.23760943114757538,0.9997358918190002,0.4267873764038086,0.26155418157577515,-0.1783677488565445,0.9976171255111694,0.7575635313987732,0.4343864619731903,0.4369879961013794,0.8484228253364563,0.33754706382751465,0.20582368969917297,-0.18533813953399658,0.9906497001647949,0.7345508337020874,0.3697662055492401,0.6836292743682861,0.460982084274292,0.3112654983997345,0.19358031451702118,-0.21537859737873077,0.986777126789093,0.7371402978897095,0.3499835729598999,0.7099524140357971,0.438558965921402,0.5227958559989929,0.56456059217453,-0.12016130238771439,0.9999416470527649,0.6028116345405579,0.5696738958358765,0.11898550391197205,0.999883234500885,0.46051496267318726,0.7168766856193542,-0.10319098085165024,0.9960147738456726,0.6294572353363037,0.7189322710037231,0.15007667243480682,0.9747768640518188,0.48035284876823425,0.8740816712379456,-0.25206199288368225,0.9951820969581604,0.6658492088317871,0.8785509467124939,-0.015233947895467281,0.9759283065795898,0.5005475878715515,0.8996544480323792,-0.26428428292274475,0.9951922297477722,0.6770991086959839,0.9074525833129883,-0.03343072533607483,0.982484757900238,0.4010946750640869,0.913723886013031,-0.3364546000957489,0.9761008620262146,0.5981675982475281,0.9017564058303833,-0.08984151482582092,0.8938464522361755
44,0.568967878818512,0.2912895977497101,0.37523090839385986,0.9998288154602051,0.5147968530654907,0.3269833028316498,-0.0754958912730217,0.9999358654022217,0.6613889932632446,0.3688820004463196,0.23743635416030884,0.9997485280036926,0.42510324716567993,0.2626461982727051,-0.1796906292438507,0.9977224469184875,0.7530750036239624,0.43473660945892334,0.4398029148578644,0.8568177223205566,0.33495721220970154,0.206111341714859,-0.18530841171741486,0.9914049506187439,0.7343556880950928,0.37027281522750854,0.6853624582290649,0.47707507014274597,0.30883198976516724,0.19381706416606903,-0.21437248587608337,0.9877858757972717,0.7365767359733582,0.3500465154647827,0.7114839553833008,0.45311999320983887,0.5191906690597534,0.5645756721496582,-0.12026256322860718,0.999945342540741,0.6000656485557556,0.5696777701377869,0.11907686293125153,0.9998900890350342,0.4589498043060303,0.7173861861228943,-0.09439179301261902,0.9962890148162842,0.6251044869422913,0.7182013392448425,0.1481405347585678,0.9762549996376038,0.48048898577690125,0.8743329644203186,-0.2691902220249176,0.9954737424850464,0.6647064089775085,0.8785036206245422,-0.05426791310310364,0.9770180583000183,0.500497043132782,0.8999630808830261,-0.2842584550380707,0.9954867362976074,0.6771016120910645,0.9074248671531677,-0.07540888339281082,0.9833879470825195,0.40116700530052185,0.9137407541275024,-0.3585439622402191,0.9774864912033081,0.5979276895523071,0.9017600417137146,-0.13393959403038025,0.8983544111251831
45,0.5679932236671448,0.29134422540664673,0.38041964173316956,0.9998385310173035,0.5123096704483032,0.3278895616531372,-0.06896297633647919,0.9999389052391052,0.659034252166748,0.36982476711273193,0.23650287091732025,0.9997596144676208,0.4236319661140442,0.2640080153942108,-0.17284829914569855,0.9978115558624268,0.7505044341087341,0.4350168704986572,0.44157931208610535,0.8644565343856812,0.3311936855316162,0.20687133073806763,-0.18060435354709625,0.9920790791511536,0.7340925335884094,0.3714219629764557,0.6953753232955933,0.49360191822052,0.3050016760826111,0.19488397240638733,-0.2088138461112976,0.9886800050735474,0.7361755967140198,0.3503509759902954,0.7239310145378113,0.468719482421875,0.51558917760849,0.5651054978370667,-0.12023572623729706,0.9999486207962036,0.5966756939888,0.5703753232955933,0.11903318017721176,0.9998962879180908,0.456638365983963,0.7187585830688477,-0.08535407483577728,0.996536135673523,0.6219190359115601,0.7179754972457886,0.1522793024778366,0.9775878190994263,0.48054981231689453,0.8751588463783264,-0.28082919120788574,0.9957316517829895,0.6640258431434631,0.878104567527771,-0.06970153748989105,0.9780284762382507,0.5002720355987549,0.9002878665924072,-0.29777291417121887,0.9957661032676697,0.6770898699760437,0.9069613218307495,-0.09253145754337311,0.9842504262924194,0.4005982279777527,0.9138616323471069,-0.36848703026771545,0.9787412285804749,0.5977709889411926,0.9019240736961365,-0.1502130776643753,0.9026006460189819
46,0.5652578473091125,0.29134488105773926,0.3760870099067688,0.9998475313186646,0.5098191499710083,0.32919642329216003,-0.07259608060121536,0.9999409914016724,0.6565901637077332,0.3706012964248657,0.23606868088245392,0.9997681975364685,0.42178839445114136,0.2658541798591614,-0.17539715766906738,0.9978808164596558,0.7485290169715881,0.43544408679008484,0.44362497329711914,0.870877742767334,0.32700982689857483,0.2081216275691986,-0.17961086332798004,0.992676317691803,0.7322477102279663,0.37159964442253113,0.709231436252594,0.5084221363067627,0.299332857131958,0.19560520350933075,-0.20762614905834198,0.9894687533378601,0.7357038855552673,0.3501768410205841,0.7409648895263672,0.4833906292915344,0.5118263363838196,0.5662046074867249,-0.1202036589384079,0.9999512434005737,0.593923032283783,0.5718382596969604,0.11901330202817917,0.9999009966850281,0.4550510048866272,0.7199285626411438,-0.072083480656147,0.9967369437217712,0.6179799437522888,0.7179780006408691,0.16621018946170807,0.9787619709968567,0.4806327521800995,0.8761231899261475,-0.27171236276626587,0.9959522485733032,0.6631913185119629,0.8777219653129578,-0.05800960958003998,0.978965699672699,0.5003668665885925,0.901612401008606,-0.28573229908943176,0.9960204362869263,0.676866352558136,0.9064882397651672,-0.0784958153963089,0.9850452542304993,0.40086883306503296,0.9138534069061279,-0.3572520613670349,0.9798561334609985,0.6025567650794983,0.9019163250923157,-0.13528303802013397,0.9063066244125366
47,0.5601897835731506,0.29144906997680664,0.3543415665626526,0.9998560547828674,0.5072293281555176,0.3299805819988251,-0.08408726006746292,0.9999430775642395,0.6545242667198181,0.37120604515075684,0.23508593440055847,0.9997765421867371,0.41998356580734253,0.26818716526031494,-0.19084525108337402,0.997952938079834,0.7466976046562195,0.43565836548805237,0.4596601128578186,0.8754444718360901,0.324394553899765,0.21089713275432587,-0.1865527331829071,0.9932145476341248,0.7295241355895996,0.3716123402118683,0.7440431714057922,0.5195971727371216,0.296294242143631,0.19744116067886353,-0.2124398648738861,0.9901840090751648,0.7341170310974121,0.3496989607810974,0.7806196808815002,0.4950191378593445,0.5084887146949768,0.5679196715354919,-0.12115493416786194,0.9999533891677856,0.590946614742279,0.5733510851860046,0.11991599202156067,0.9999043941497803,0.45217737555503845,0.7218122482299805,-0.06922870129346848,0.9968829154968262,0.6140199899673462,0.7183566093444824,0.1834525614976883,0.9795641303062439,0.4806567132472992,0.877372682094574,-0.26498910784721375,0.9961176514625549,0.662117600440979,0.8762154579162598,-0.02878362126648426,0.9794867038726807,0.500417172908783,0.902873158454895,-0.2803984582424164,0.9962319731712341,0.6761219501495361,0.9051650762557983,-0.048656512051820755,0.9855535626411438,0.4009234309196472,0.9138779044151306,-0.3387373089790344,0.9807921051979065,0.6054423451423645,0.9013305902481079,-0.09516344964504242,0.9086955189704895
48,0.5547410845756531,0.2919822335243225,0.32243970036506653,0.9998651146888733,0.5051401257514954,0.3311694264411926,-0.11437559872865677,0.9999457001686096,0.6525855660438538,0.3719363212585449,0.2343125343322754,0.9997875690460205,0.41845086216926575,0.2706370949745178,-0.21966038644313812,0.9980253577232361,0.7450256943702698,0.43544283509254456,0.4781683385372162,0.8798133730888367,0.3213803470134735,0.214682474732399,-0.19560351967811584,0.9936708211898804,0.7259611487388611,0.3715552091598511,0.7776048183441162,0.5304889678955078,0.29262492060661316,0.20049259066581726,-0.2192942053079605,0.9907926917076111,0.7315415740013123,0.34883883595466614,0.8169261813163757,0.5072430968284607,0.5055371522903442,0.5703474879264832,-0.12652571499347687,0.9999557137489319,0.5879549980163574,0.5762333273887634,0.1252061128616333,0.9999086260795593,0.4484376907348633,0.7228732705116272,-0.061324119567871094,0.9970428943634033,0.6109517812728882,0.7197347283363342,0.20560570061206818,0.9805091023445129,0.48072507977485657,0.8791435360908508,-0.2456662803888321,0.9963447451591492,0.6616032719612122,0.8761010766029358,-0.003118889406323433,0.9803988337516785,0.5004021525382996,0.9042983055114746,-0.2587709128856659,0.9964680671691895,0.6760979890823364,0.9047120809555054,-0.022365810349583626,0.9862305521965027,0.40050268173217773,0.9144500494003296,-0.31417936086654663,0.9819986820220947,0.60515958070755,0.9014137387275696,-0.06625015288591385,0.9126667976379395
49,0.5506795644760132,0.2925996482372284,0.29084330797195435,0.9998725652694702,0.5017613172531128,0.3314022719860077,-0.14004892110824585,0.9999480247497559,0.6499137282371521,0.3723222315311432,0.2191966027021408,0.9997975826263428,0.4151889383792877,0.27376440167427063,-0.24307356774806976,0.9980967044830322,0.7433289885520935,0.43542930483818054,0.4756242334842682,0.8840876817703247,0.31567832827568054,0.21732789278030396,-0.2154274433851242,0.9940931797027588,0.7230618000030518,0.371441125869751,0.7774609327316284,0.5432828664779663,0.2863958477973938,0.20222780108451843,-0.24011074006557465,0.991362452507019,0.7287899851799011,0.34815317392349243,0.8167662024497986,0.5212810635566711,0.502480149269104,0.5721273422241211,-0.1301816999912262,0.9999570846557617,0.5843984484672546,0.578298807144165,0.12885093688964844,0.9999104738235474,0.443121075630188,0.7239945530891418,-0.06554535776376724,0.9971393346786499,0.6067361831665039,0.7201095819473267,0.21673740446567535,0.9811146259307861,0.4807450771331787,0.8797488212585449,-0.22249199450016022,0.9965074062347412,0.6606490612030029,0.874687671661377,0.044023897498846054,0.9808540940284729,0.5003243088722229,0.9050822854042053,-0.23193001747131348,0.9966425895690918,0.676021158695221,0.9031855463981628,0.02885405160486698,0.9865446090698242,0.3999539315700531,0.9150663614273071,-0.28755128383636475,0.9829845428466797,0.6049726605415344,0.9014807939529419,-0.011488845571875572,0.9152896404266357
50,0.5438693761825562,0.2934466302394867,0.2576705515384674,0.9998794198036194,0.4991629123687744,0.33231979608535767,-0.17327727377414703,0.9999507069587708,0.6471788883209229,0.3727171719074249,0.2105601280927658,0.9998079538345337,0.4114361107349396,0.27807295322418213,-0.2863216996192932,0.9981726408004761,0.7409805655479431,0.4353623688220978,0.48306503891944885,0.8841937780380249,0.31173568964004517,0.22069737315177917,-0.2534300684928894,0.9944490194320679,0.7186241745948792,0.3700830936431885,0.7928739786148071,0.5492238998413086,0.2824055254459381,0.20583830773830414,-0.2777336835861206,0.9918441772460938,0.7241247892379761,0.3466133177280426,0.8347097635269165,0.5294089317321777,0.5004197955131531,0.5745429992675781,-0.13743621110916138,0.9999591112136841,0.581216037273407,0.5806924104690552,0.13607439398765564,0.99991375207901,0.4397598206996918,0.7241037487983704,-0.05656979978084564,0.99720698595047,0.6036773920059204,0.7203206419944763,0.23093809187412262,0.9813140034675598,0.4808006286621094,0.8799030780792236,-0.21454714238643646,0.9967023730278015,0.6602098345756531,0.8736856579780579,0.05521706864237785,0.9814169406890869,0.5004130005836487,0.9054033756256104,-0.22433705627918243,0.9968110918998718,0.6761868000030518,0.9021762013435364,0.03989266976714134,0.9868618845939636,0.39959803223609924,0.9152947068214417,-0.2845391631126404,0.9840797185897827,0.6048502922058105,0.9011225700378418,0.0002590131771285087,0.9190683960914612
51,0.5401802062988281,0.29534265398979187,0.2675589323043823,0.9998816847801208,0.496910959482193,0.3342016637325287,-0.16539180278778076,0.9999531507492065,0.6447951197624207,0.37348195910453796,0.21433483064174652,0.9998136758804321,0.40501999855041504,0.2811419665813446,-0.2824537754058838,0.9982463717460632,0.7404767274856567,0.4353756308555603,0.4953441321849823,0.8840892314910889,0.306327760219574,0.22493577003479004,-0.2604927718639374,0.9948093295097351,0.7163674235343933,0.368706077337265,0.793635368347168,0.5589487552642822,0.2768896222114563,0.20987588167190552,-0.2869800627231598,0.9923384785652161,0.7217990159988403,0.34512174129486084,0.8323157429695129,0.5410177707672119,0.4964016377925873,0.5758985280990601,-0.14411558210849762,0.9999603033065796,0.5763996839523315,0.5816512703895569,0.14276549220085144,0.9999149441719055,0.43430212140083313,0.7252833843231201,-0.06059028580784798,0.9972089529037476,0.595473051071167,0.7203270196914673,0.22115537524223328,0.9810943007469177,0.48085224628448486,0.8806484937667847,-0.20305581390857697,0.9968581795692444,0.6586167216300964,0.8735066652297974,0.05782373994588852,0.981747031211853,0.5004134774208069,0.9058157205581665,-0.21160076558589935,0.9969092607498169,0.6761428713798523,0.9021626710891724,0.04358505830168724,0.9870284199714661,0.3990575671195984,0.9155036807060242,-0.2807830572128296,0.9850899577140808,0.6033643484115601,0.9011205434799194,-0.001892079715617001,0.9225512146949768
52,0.5382521152496338,0.2962849736213684,0.2785654664039612,0.9998852014541626,0.4908195436000824,0.33459770679473877,-0.15439851582050323,0.9999558329582214,0.640194296836853,0.3739124834537506,0.21961423754692078,0.9998188614845276,0.3980444073677063,0.28414687514305115,-0.2737205922603607,0.998314619064331,0.7396816611289978,0.43427160382270813,0.5027792453765869,0.8847037553787231,0.299902081489563,0.2280264049768448,-0.2501145601272583,0.9951050281524658,0.7126968502998352,0.3681010603904724,0.8093487620353699,0.5696186423301697,0.2697151005268097,0.214311420917511,-0.2770046293735504,0.9927352666854858,0.7185779213905334,0.34413206577301025,0.8478410243988037,0.5537720322608948,0.491972416639328,0.5762369632720947,-0.1474194973707199,0.9999616742134094,0.5722216367721558,0.5821665525436401,0.1460745632648468,0.9999154806137085,0.43123260140419006,0.7269830107688904,-0.06290137767791748,0.997226893901825,0.5888066291809082,0.7203238010406494,0.2317865788936615,0.981012225151062,0.4808938503265381,0.8820526599884033,-0.20960962772369385,0.9970079660415649,0.6571932435035706,0.8729705214500427,0.0797065943479538,0.9819819331169128,0.5004157423973083,0.9069212079048157,-0.21900373697280884,0.9970070719718933,0.6758922934532166,0.9016873240470886,0.06634862720966339,0.9871994853019714,0.39907267689704895,0.9164831638336182,-0.28835031390190125,0.9860175848007202,0.6017912030220032,0.9011253118515015,0.023700343444943428,0.9255381226539612
53,0.5331113934516907,0.2975297272205353,0.23999011516571045,0.9998897314071655,0.48684296011924744,0.3363107144832611,-0.17425742745399475,0.9999585151672363,0.6361374258995056,0.3746672570705414,0.208336740732193,0.9998254179954529,0.3910425007343292,0.2880971431732178,-0.2886686325073242,0.9983999133110046,0.7367443442344666,0.43368497490882874,0.49735963344573975,0.8846255540847778,0.2952943742275238,0.23359470069408417,-0.24529872834682465,0.995360791683197,0.7092210650444031,0.36787351965904236,0.8143793344497681,0.577635645866394,0.2651817798614502,0.22020570933818817,-0.2691217362880707,0.9930729269981384,0.7140907049179077,0.34325703978538513,0.8556211590766907,0.5644030570983887,0.4878711402416229,0.5772091746330261,-0.14899902045726776,0.9999634027481079,0.567855954170227,0.5831118822097778,0.14759917557239532,0.9999167323112488,0.4284835159778595,0.7282469868659973,-0.057867180556058884,0.9972754120826721,0.582522988319397,0.7203139662742615,0.2539573609828949,0.9811131358146667,0.4809321165084839,0.8820456266403198,-0.21352049708366394,0.9971871376037598,0.6546366214752197,0.8712476491928101,0.09994834661483765,0.9824978113174438,0.5000240802764893,0.906983494758606,-0.22368770837783813,0.9971454739570618,0.675317645072937,0.8994691371917725,0.08721587061882019,0.9875440001487732,0.39909446239471436,0.9166111946105957,-0.29227814078330994,0.9869807362556458,0.6017221212387085,0.901127278804779,0.05127566307783127,0.9292374849319458
54,0.5285696387290955,0.2981276214122772,0.21577051281929016,0.9998952746391296,0.4833400547504425,0.3386017382144928,-0.18944410979747772,0.9999613761901855,0.632290780544281,0.37509259581565857,0.20838382840156555,0.9998327493667603,0.38370248675346375,0.2919938266277313,-0.31637346744537354,0.9985032677650452,0.7343621850013733,0.4333876371383667,0.5201956629753113,0.8816924691200256,0.2880803346633911,0.23933015763759613,-0.269288033246994,0.9955725073814392,0.7065913677215576,0.3678925037384033,0.8671771287918091,0.5798212885856628,0.2572273313999176,0.22626358270645142,-0.28998151421546936,0.9933315515518188,0.7092714309692383,0.3429962396621704,0.9145403504371643,0.5690159797668457,0.48474544286727905,0.5785111784934998,-0.1555374711751938,0.9999651908874512,0.5633672475814819,0.5842012166976929,0.1541314274072647,0.9999179244041443,0.4252389073371887,0.7285232543945312,-0.060660045593976974,0.9973283410072327,0.5751180648803711,0.7202978730201721,0.26575353741645813,0.9806950092315674,0.4813293218612671,0.8817145228385925,-0.21810726821422577,0.9973757863044739,0.6535711884498596,0.8699197173118591,0.1286172717809677,0.982912003993988,0.5000810623168945,0.9069295525550842,-0.22774948179721832,0.9972604513168335,0.6750199198722839,0.8969045281410217,0.1178106963634491,0.9877400398254395,0.39981314539909363,0.9169331789016724,-0.29886022210121155,0.9879787564277649,0.601659893989563,0.9015856981277466,0.08861404657363892,0.933260440826416
55,0.5237146019935608,0.298141747713089,0.20629847049713135,0.9998993277549744,0.48041462898254395,0.3396252691745758,-0.20105652511119843,0.9999638795852661,0.629706859588623,0.3751119077205658,0.20973891019821167,0.9998384118080139,0.3771153688430786,0.2972853481769562,-0.32162395119667053,0.9986026883125305,0.7315965294837952,0.4331265389919281,0.5362622737884521,0.8782985806465149,0.2803226113319397,0.246771439909935,-0.26053404808044434,0.9957091212272644,0.7021246552467346,0.3666378855705261,0.8942228555679321,0.5817872881889343,0.24835126101970673,0.23436665534973145,-0.28054079413414,0.9934553503990173,0.7036526203155518,0.3419566750526428,0.9437277913093567,0.572908878326416,0.4816165864467621,0.5792588591575623,-0.16163478791713715,0.9999661445617676,0.5583106875419617,0.5843213796615601,0.16026771068572998,0.9999163746833801,0.4223399758338928,0.7293511033058167,-0.07383664697408676,0.99735027551651,0.5689363479614258,0.719586193561554,0.2694324254989624,0.9798498749732971,0.48176413774490356,0.8817876577377319,-0.2155088484287262,0.997528076171875,0.6507116556167603,0.8665041923522949,0.16052410006523132,0.9830491542816162,0.5002050995826721,0.9072966575622559,-0.22362348437309265,0.9973042607307434,0.6738894581794739,0.893696129322052,0.15229515731334686,0.9877139925956726,0.4004252851009369,0.9170376658439636,-0.29247426986694336,0.9888537526130676,0.6014685034751892,0.9022848010063171,0.1270258128643036,0.9366974830627441
56,0.5257018208503723,0.2985253930091858,0.2140360027551651,0.9999024271965027,0.4803091287612915,0.34005340933799744,-0.20058123767375946,0.999966025352478,0.6305555105209351,0.37530723214149475,0.2097507119178772,0.9998422861099243,0.37576955556869507,0.29900163412094116,-0.31553271412849426,0.9986897706985474,0.7294564843177795,0.4327126145362854,0.5274844765663147,0.8769292831420898,0.2790464162826538,0.2484503835439682,-0.2547333538532257,0.9958240389823914,0.7006999254226685,0.36581122875213623,0.8700748085975647,0.5833232402801514,0.24727213382720947,0.23641368746757507,-0.2754778265953064,0.9935652613639832,0.7017664909362793,0.3417218327522278,0.9169702529907227,0.5762537121772766,0.4796431064605713,0.5790928602218628,-0.1628492772579193,0.9999670386314392,0.5564573407173157,0.5842039585113525,0.1615026742219925,0.9999148845672607,0.4221265912055969,0.72921222448349,-0.0755341574549675,0.9973987936973572,0.5645622611045837,0.71866774559021,0.27666759490966797,0.9796297550201416,0.48141831159591675,0.8808378577232361,-0.21275748312473297,0.9976823329925537,0.6489110589027405,0.8659714460372925,0.17187811434268951,0.9834247827529907,0.4999997615814209,0.9068503379821777,-0.22053232789039612,0.9973863363265991,0.6729463338851929,0.892937183380127,0.16403988003730774,0.9879097938537598,0.40048953890800476,0.9170439839363098,-0.2907637655735016,0.9896642565727234,0.599520206451416,0.9032524228096008,0.1372581571340561,0.9399706125259399
57,0.5153781771659851,0.29872921109199524,0.15921947360038757,0.9999070763587952,0.4774189293384552,0.34036344289779663,-0.2381841093301773,0.9999681711196899,0.6254783272743225,0.3752714991569519,0.20608055591583252,0.9998411536216736,0.36972373723983765,0.3101902902126312,-0.32696959376335144,0.9987927079200745,0.7225559949874878,0.4277815818786621,0.5382373332977295,0.8719556331634521,0.2709294259548187,0.2670556604862213,-0.22240950167179108,0.9959532618522644,0.6951876878738403,0.3613134026527405,0.9116855263710022,0.5843156576156616,0.23867160081863403,0.25622397661209106,-0.22962424159049988,0.9936535358428955,0.6965555548667908,0.33679288625717163,0.9683454036712646,0.5780540704727173,0.4768648147583008,0.5803004503250122,-0.17257212102413177,0.9999656677246094,0.5494001507759094,0.5843833088874817,0.17132426798343658,0.9999024868011475,0.42066052556037903,0.7302371263504028,-0.0773509070277214,0.9973461627960205,0.5526742935180664,0.7187665104866028,0.31550872325897217,0.9776597023010254,0.48142412304878235,0.8808140158653259,-0.16943618655204773,0.9978037476539612,0.6422810554504395,0.8594362735748291,0.2721743881702423,0.9832220673561096,0.5006864666938782,0.9068235158920288,-0.17280244827270508,0.9973838329315186,0.6677286028862,0.8851457238197327,0.2700479328632355,0.9877588748931885,0.40021002292633057,0.9173192977905273,-0.23212595283985138,0.9904398918151855,0.5981117486953735,0.9038828611373901,0.26305368542671204,0.9430617094039917
58,0.507835328578949,0.2986835539340973,0.11598872393369675,0.9999136924743652,0.47654709219932556,0.34203076362609863,-0.258375346660614,0.9999704360961914,0.6235955357551575,0.3750702142715454,0.20345744490623474,0.9998387098312378,0.3660905659198761,0.32173025608062744,-0.33920565247535706,0.9988953471183777,0.7165688276290894,0.4236204922199249,0.5503925085067749,0.8642362356185913,0.2668708860874176,0.2788067162036896,-0.21045665442943573,0.9961349964141846,0.6895231008529663,0.35870108008384705,0.9380979537963867,0.5857521891593933,0.23356357216835022,0.2694992423057556,-0.2114780694246292,0.993813693523407,0.6900197863578796,0.3330226540565491,1.000840425491333,0.5798552632331848,0.47662511467933655,0.5810467600822449,-0.17438720166683197,0.999963641166687,0.5473064184188843,0.5847603678703308,0.17317961156368256,0.999888002872467,0.41886425018310547,0.7311615943908691,-0.06807342171669006,0.9973559975624084,0.5476874709129333,0.7191499471664429,0.31753093004226685,0.9765766859054565,0.4812794327735901,0.8808156847953796,-0.17096608877182007,0.99796062707901,0.6390549540519714,0.8547300100326538,0.24925357103347778,0.983676552772522,0.5010561347007751,0.906975507736206,-0.17754653096199036,0.9974691271781921,0.6665418148040771,0.879745602607727,0.24433065950870514,0.9879910349845886,0.40018391609191895,0.9173173904418945,-0.23851516842842102,0.9912525415420532,0.5971546173095703,0.9043658375740051,0.24231156706809998,0.9471209645271301
59,0.5053965449333191,0.29863977432250977,0.11156236380338669,0.9999203681945801,0.4721428453922272,0.3451823890209198,-0.2745247781276703,0.9999726414680481,0.6205680966377258,0.37436017394065857,0.19872328639030457,0.9998359084129333,0.3594764173030853,0.33493855595588684,-0.33982592821121216,0.9989950656890869,0.7131394743919373,0.42246007919311523,0.549274206161499,0.8630754947662354,0.26401442289352417,0.29185211658477783,-0.19677390158176422,0.9963452816009521,0.6862102746963501,0.35366007685661316,0.9373372793197632,0.5999715328216553,0.2285260111093521,0.28408175706863403,-0.19562259316444397,0.9940299391746521,0.6849091649055481,0.32850077748298645,1.004464864730835,0.5939569473266602,0.47471189498901367,0.5846360921859741,-0.18012265861034393,0.9999616146087646,0.5441747903823853,0.5872746109962463,0.17885808646678925,0.9998731017112732,0.4173755943775177,0.7332693338394165,-0.04960949718952179,0.9974376559257507,0.5430641174316406,0.7196805477142334,0.3665023148059845,0.9754796624183655,0.4812832176685333,0.8811793327331543,-0.1793888807296753,0.9981138706207275,0.6361954212188721,0.8494980931282043,0.2671760618686676,0.9842286705970764,0.5023332834243774,0.9081258773803711,-0.18752138316631317,0.9975905418395996,0.6656900644302368,0.8723035454750061,0.2602999806404114,0.9883895516395569,0.3999030590057373,0.9173889756202698,-0.2367471307516098,0.9920055866241455,0.5971854329109192,0.9043797254562378,0.2768208682537079,0.9508858919143677
60,0.4981636703014374,0.2989537715911865,0.0967528447508812,0.9999263286590576,0.4717086851596832,0.34752851724624634,-0.2763884961605072,0.9999746680259705,0.6156652569770813,0.37274032831192017,0.20012319087982178,0.9998300075531006,0.3560575246810913,0.34441566467285156,-0.338795930147171,0.9990875720977783,0.7101454138755798,0.41938459873199463,0.5499247312545776,0.8634890913963318,0.262885183095932,0.30266645550727844,-0.18591691553592682,0.996539831161499,0.6805286407470703,0.3482300341129303,0.923506498336792,0.6117798686027527,0.22738468647003174,0.2975953221321106,-0.1838793009519577,0.9942107796669006,0.6776423454284668,0.3223380148410797,0.9868982434272766,0.6043960452079773,0.4737068712711334,0.5851967930793762,-0.1807050108909607,0.999956488609314,0.541903555393219,0.5880014300346375,0.17955893278121948,0.9998396039009094,0.41563042998313904,0.7335121631622314,-0.05390390381217003,0.9974169135093689,0.5324910879135132,0.720088005065918,0.3317549228668213,0.9739260673522949,0.48128366470336914,0.8827319741249084,-0.14678145945072174,0.9982372522354126,0.63490229845047,0.8456657528877258,0.27846619486808777,0.9843730330467224,0.5031531453132629,0.9099814295768738,-0.15139758586883545,0.997655987739563,0.6653801202774048,0.8665109872817993,0.27638179063796997,0.9885269999504089,0.4000254273414612,0.9184127449989319,-0.19330503046512604,0.992674708366394,0.5982208847999573,0.9043710827827454,0.2936626672744751,0.9541510939598083
61,0.4910620450973511,0.300152450799942,0.07825082540512085,0.9999322295188904,0.47099992632865906,0.34964701533317566,-0.2793107032775879,0.9999765753746033,0.613123893737793,0.3714146614074707,0.21425986289978027,0.9998216032981873,0.3543040156364441,0.35734063386917114,-0.3294948935508728,0.9991716146469116,0.7059783935546875,0.4163411259651184,0.5756159424781799,0.8608144521713257,0.26071760058403015,0.31797927618026733,-0.11978155374526978,0.9967256784439087,0.6775183081626892,0.3446979224681854,0.9605381488800049,0.619851291179657,0.228277787566185,0.31544890999794006,-0.11011869460344315,0.9943859577178955,0.6735059022903442,0.3186223804950714,1.0286725759506226,0.612499475479126,0.4704440236091614,0.5851209163665771,-0.1837632954120636,0.999949038028717,0.5384382605552673,0.5880968570709229,0.1826918125152588,0.9997983574867249,0.4133194386959076,0.7335890531539917,-0.055315036326646805,0.997313380241394,0.5262378454208374,0.720190703868866,0.3186585009098053,0.9718291163444519,0.48110145330429077,0.8829907178878784,-0.15104955434799194,0.9983269572257996,0.6328248381614685,0.8436644077301025,0.26262351870536804,0.9842387437820435,0.5035425424575806,0.9101526141166687,-0.15531682968139648,0.9977033138275146,0.6644574999809265,0.8619322180747986,0.260239839553833,0.988670825958252,0.3999403715133667,0.9184758067131042,-0.19105087220668793,0.9932450652122498,0.5997447967529297,0.9043667912483215,0.2811296880245209,0.9567201137542725
62,0.4861399531364441,0.3009081482887268,0.0930422767996788,0.9999367594718933,0.4706088602542877,0.351188987493515,-0.2718552052974701,0.9999783635139465,0.6099234223365784,0.3696283996105194,0.2284616380929947,0.9998090267181396,0.3570577800273895,0.3698892891407013,-0.31012624502182007,0.9992405772209167,0.7003481984138489,0.40992242097854614,0.5903009176254272,0.8515180945396423,0.2610057294368744,0.335859090089798,-0.0939125046133995,0.9968584179878235,0.6730217337608337,0.33746135234832764,0.9713954925537109,0.6255235075950623,0.23010221123695374,0.3332808017730713,-0.08447249233722687,0.994512140750885,0.6704050302505493,0.3130877614021301,1.0377731323242188,0.6203397512435913,0.4685543477535248,0.5850403904914856,-0.18525290489196777,0.9999436736106873,0.5368964076042175,0.5879290103912354,0.18423955142498016,0.9997553825378418,0.41300711035728455,0.7334970235824585,-0.07576397806406021,0.9971411228179932,0.5210683941841125,0.7201895117759705,0.31081730127334595,0.9680705666542053,0.4809621572494507,0.8833943605422974,-0.1622662991285324,0.9983861446380615,0.6280350685119629,0.837324857711792,0.25485333800315857,0.9830840826034546,0.5041932463645935,0.9105168581008911,-0.16760726273059845,0.9977019429206848,0.660025954246521,0.8520501852035522,0.25247856974601746,0.9883705973625183,0.3998416066169739,0.9185909628868103,-0.21280434727668762,0.9937201738357544,0.6017218232154846,0.9034680128097534,0.26880013942718506,0.9581353068351746
63,0.481881707906723,0.3008471429347992,0.118844173848629,0.9999402761459351,0.4697973430156708,0.35308608412742615,-0.2710636556148529,0.9999799132347107,0.6054609417915344,0.3673536479473114,0.2475222945213318,0.9997891187667847,0.35971084237098694,0.383188933134079,-0.24675743281841278,0.99928879737854,0.6910914778709412,0.4043125510215759,0.5981250405311584,0.8464396595954895,0.2635112404823303,0.35581499338150024,-0.018136771395802498,0.9968563318252563,0.6670690774917603,0.32660627365112305,0.9837769865989685,0.6327767372131348,0.23247617483139038,0.3534770905971527,-0.0005215159617364407,0.9944117665290833,0.6670507192611694,0.3046231269836426,1.0497217178344727,0.6285158395767212,0.4663262367248535,0.5848280191421509,-0.18443381786346436,0.9999368786811829,0.533406138420105,0.5868518352508545,0.18342003226280212,0.9997095465660095,0.4131462872028351,0.7324856519699097,-0.09337390959262848,0.9970049262046814,0.5102605223655701,0.7201457023620605,0.29622453451156616,0.9660840630531311,0.4806263744831085,0.8835031986236572,-0.1943189799785614,0.9984211921691895,0.6237061619758606,0.8336230516433716,0.25202229619026184,0.9818443059921265,0.5048158168792725,0.9104999899864197,-0.19983308017253876,0.9976817965507507,0.655947744846344,0.8464367389678955,0.24804018437862396,0.9880751967430115,0.3998250365257263,0.9184120297431946,-0.24600283801555634,0.9940782785415649,0.6025701761245728,0.9025976061820984,0.2355658859014511,0.9584584832191467
64,0.47907450795173645,0.2997573912143707,0.1283283680677414,0.9999433755874634,0.4705258011817932,0.35437241196632385,-0.26056408882141113,0.9999813437461853,0.6024489998817444,0.3654353618621826,0.2587820291519165,0.9997758269309998,0.36197564005851746,0.3993107080459595,-0.22726403176784515,0.9993121027946472,0.6814306974411011,0.400726854801178,0.6111738681793213,0.8395659327507019,0.2658611238002777,0.3727363646030426,0.028923245146870613,0.9967297315597534,0.6602945327758789,0.32026979327201843,0.9980934262275696,0.6400981545448303,0.23457273840904236,0.372446745634079,0.05092552304267883,0.9941216707229614,0.6633133888244629,0.2998828589916229,1.0645694732666016,0.6372596621513367,0.46639323234558105,0.5835766196250916,-0.18498623371124268,0.9999336004257202,0.5325894355773926,0.5847489833831787,0.1840270608663559,0.9996848106384277,0.4131990075111389,0.7317083477973938,-0.09785865247249603,0.9967985153198242,0.5010437369346619,0.7191335558891296,0.2949568033218384,0.9636543989181519,0.4806080758571625,0.8835702538490295,-0.21258486807346344,0.9984347224235535,0.6193746328353882,0.8300938010215759,0.23419366776943207,0.9804566502571106,0.5054469704627991,0.910450279712677,-0.2190430760383606,0.9976842999458313,0.6526895761489868,0.8425517678260803,0.2288646250963211,0.9877643585205078,0.3997926712036133,0.9174253344535828,-0.26603376865386963,0.9943539500236511,0.6035611629486084,0.9019253253936768,0.22565150260925293,0.9580954313278198
65,0.4766281545162201,0.2997394800186157,0.1329062283039093,0.999945342540741,0.4726370573043823,0.35682612657546997,-0.25807058811187744,0.9999825954437256,0.600581169128418,0.36358633637428284,0.26505985856056213,0.9997656941413879,0.3739562928676605,0.4169972538948059,-0.22810092568397522,0.9993210434913635,0.6690384745597839,0.39340776205062866,0.6187728643417358,0.8289908170700073,0.2796955704689026,0.3938916325569153,0.04963205009698868,0.9965091347694397,0.6521852016448975,0.31168660521507263,1.0003371238708496,0.6448039412498474,0.24459436535835266,0.3924292325973511,0.07243324816226959,0.9936861395835876,0.658114492893219,0.2937007546424866,1.0658695697784424,0.6442290544509888,0.46698036789894104,0.5835243463516235,-0.18677346408367157,0.9999299645423889,0.5308919548988342,0.585212230682373,0.1859021931886673,0.9996618628501892,0.41345229744911194,0.731627345085144,-0.09872736036777496,0.9964373111724854,0.49461647868156433,0.7190248966217041,0.29480689764022827,0.9612177610397339,0.48065540194511414,0.8841894865036011,-0.2021491527557373,0.998404860496521,0.6165212988853455,0.8289368748664856,0.23635365068912506,0.9789671301841736,0.5056512951850891,0.9104543924331665,-0.20529364049434662,0.9976524710655212,0.6497126817703247,0.84190434217453,0.23247437179088593,0.9874419569969177,0.3998202085494995,0.9167810082435608,-0.25413835048675537,0.9945115447044373,0.6040140986442566,0.901719868183136,0.23762094974517822,0.9571938514709473
66,0.47170892357826233,0.2982613742351532,0.12358443439006805,0.999947190284729,0.4735235571861267,0.35816243290901184,-0.2811304032802582,0.9999837279319763,0.5947584509849548,0.3608284592628479,0.25652217864990234,0.999763548374176,0.39484903216362,0.43196383118629456,-0.26169461011886597,0.9992642402648926,0.652198851108551,0.38642585277557373,0.6194097399711609,0.8213564157485962,0.2965678870677948,0.4103059470653534,-0.03280702978372574,0.9960860013961792,0.6453348398208618,0.3079220950603485,1.028934121131897,0.6611389517784119,0.26314064860343933,0.4118174612522125,-0.02082938328385353,0.9928513169288635,0.6557106375694275,0.28529542684555054,1.1001235246658325,0.6609777212142944,0.4675215780735016,0.5840947031974792,-0.19126169383525848,0.9999274015426636,0.5299659967422485,0.5855458378791809,0.19045576453208923,0.9996585845947266,0.4130309820175171,0.730853796005249,-0.10368310660123825,0.9960830211639404,0.48964574933052063,0.7189977169036865,0.31967219710350037,0.9576399326324463,0.48111245036125183,0.8847259879112244,-0.20108814537525177,0.9983622431755066,0.6137847304344177,0.8278833031654358,0.2840939462184906,0.9775086641311646,0.505993127822876,0.9105643033981323,-0.20272007584571838,0.9976224303245544,0.6471788883209229,0.8406519293785095,0.28181490302085876,0.987212598323822,0.39984244108200073,0.9156148433685303,-0.2536214590072632,0.994543194770813,0.6040932536125183,0.9008627533912659,0.28844398260116577,0.9557065963745117
67,0.46685463190078735,0.2964560091495514,0.056006692349910736,0.9999502301216125,0.48124057054519653,0.3602036237716675,-0.3128010034561157,0.9999849796295166,0.5854398012161255,0.3559110462665558,0.2223600596189499,0.999771773815155,0.42754068970680237,0.4450966417789459,-0.39643192291259766,0.9991267919540405,0.6298455595970154,0.37597277760505676,0.6062597036361694,0.8088955879211426,0.3189226984977722,0.4320420026779175,-0.30572444200515747,0.9951901435852051,0.6403641104698181,0.3104175627231598,1.0370854139328003,0.6692907810211182,0.28339099884033203,0.43430212140083313,-0.3133682310581207,0.991361677646637,0.655278205871582,0.28810346126556396,1.1102795600891113,0.6689208745956421,0.46965789794921875,0.5840449333190918,-0.19267801940441132,0.9999290704727173,0.5288960337638855,0.5845187306404114,0.19196130335330963,0.9996697306632996,0.41329753398895264,0.7295400500297546,-0.12340320646762848,0.9959706664085388,0.4906724691390991,0.7189875841140747,0.3533574342727661,0.954359769821167,0.4841066896915436,0.8862802982330322,-0.1858769953250885,0.998391330242157,0.61119544506073,0.8273926377296448,0.38431453704833984,0.9765889048576355,0.5080665946006775,0.9129981994628906,-0.18593215942382812,0.9976064562797546,0.6443756222724915,0.8406725525856018,0.3874278664588928,0.9868342280387878,0.400825172662735,0.9157010316848755,-0.2480597347021103,0.9946810007095337,0.6035462021827698,0.8991075754165649,0.38922128081321716,0.9552068710327148
68,0.4645238518714905,0.2955993413925171,-0.021053148433566093,0.9999537467956543,0.492525577545166,0.3609035611152649,-0.35468873381614685,0.9999862909317017,0.5758417844772339,0.353350967168808,0.19479404389858246,0.9997837543487549,0.451379656791687,0.45320117473602295,-0.5662404894828796,0.9989655613899231,0.6204315423965454,0.3722541928291321,0.6019909977912903,0.7816855311393738,0.3347477912902832,0.44757091999053955,-0.6419395804405212,0.9945126175880432,0.6340315341949463,0.3075577914714813,1.0409903526306152,0.665748119354248,0.29885175824165344,0.4496997594833374,-0.6764545440673828,0.9902907013893127,0.6520656943321228,0.29038041830062866,1.115475058555603,0.6657851934432983,0.4737762212753296,0.5842828750610352,-0.19931800663471222,0.9999330639839172,0.5264784097671509,0.5837436318397522,0.19853712618350983,0.9996892809867859,0.4134608209133148,0.727328360080719,-0.11918985843658447,0.9955505728721619,0.4871884286403656,0.7189711332321167,0.3711867332458496,0.9428707957267761,0.4860830307006836,0.8868001103401184,-0.09988563507795334,0.9983838200569153,0.6050096750259399,0.8227766752243042,0.42548465728759766,0.9733936190605164,0.509310781955719,0.9130438566207886,-0.09565419703722,0.9975099563598633,0.6404754519462585,0.8353897333145142,0.4286230206489563,0.9848490357398987,0.40474218130111694,0.9155710339546204,-0.15336985886096954,0.9948701858520508,0.6041349768638611,0.8981577754020691,0.41735368967056274,0.9536134004592896
69,0.46170127391815186,0.2950287163257599,-0.000992738176137209,0.9999568462371826,0.5044759511947632,0.3616771101951599,-0.350352019071579,0.9999874830245972,0.5663663148880005,0.3510735034942627,0.2134360671043396,0.999789297580719,0.47676539421081543,0.46306490898132324,-0.544483482837677,0.998878002166748,0.6028502583503723,0.3738614618778229,0.5875864028930664,0.7416625618934631,0.35423702001571655,0.4690455198287964,-0.5873062610626221,0.9942349195480347,0.6156963109970093,0.3051252067089081,0.9577599763870239,0.6399981379508972,0.31824299693107605,0.4669150412082672,-0.622319757938385,0.9897184371948242,0.6339632272720337,0.2908751666545868,1.0200207233428955,0.6400927901268005,0.4773220717906952,0.5822823643684387,-0.2081904113292694,0.9999353885650635,0.5214869976043701,0.5789410471916199,0.20756638050079346,0.9997009038925171,0.4157532751560211,0.7249161005020142,-0.12424606829881668,0.9949906468391418,0.4832225739955902,0.7179979085922241,0.35028791427612305,0.929817795753479,0.4859521687030792,0.8868125081062317,-0.071207694709301,0.9982489943504333,0.6030254364013672,0.8217014670372009,0.42292118072509766,0.9672200679779053,0.5092312097549438,0.9129688739776611,-0.06332329660654068,0.9972451329231262,0.6404566764831543,0.8348562121391296,0.4285274147987366,0.9810562133789062,0.4045897126197815,0.9153904914855957,-0.1271544098854065,0.9947788119316101,0.6029204726219177,0.8974862694740295,0.40744659304618835,0.9488433599472046
70,0.4590643048286438,0.2948485314846039,-0.08049216866493225,0.9999604821205139,0.5177701115608215,0.3610491156578064,-0.3587017357349396,0.9999886751174927,0.5454323291778564,0.352011114358902,0.27664294838905334,0.9997943043708801,0.49423766136169434,0.4657314717769623,-0.6316667199134827,0.9989120364189148,0.5700056552886963,0.3781088888645172,0.6517394185066223,0.6814171671867371,0.375041663646698,0.4830057919025421,-0.7837219834327698,0.9946784377098083,0.582345187664032,0.33379557728767395,0.9869306683540344,0.6032469272613525,0.3378410041332245,0.4844980835914612,-0.8362059593200684,0.9904406666755676,0.593375563621521,0.323648601770401,1.0522489547729492,0.607377827167511,0.47926655411720276,0.5823104977607727,-0.21109795570373535,0.9999392032623291,0.5160332918167114,0.5784916877746582,0.2105037420988083,0.9997138977050781,0.4188208281993866,0.7220497727394104,-0.16167959570884705,0.9938779473304749,0.4787842035293579,0.7179943919181824,0.3230687975883484,0.9081810712814331,0.4860781729221344,0.8867812156677246,-0.08126870542764664,0.998090922832489,0.6014147400856018,0.8221291899681091,0.4136139154434204,0.9562726020812988,0.50938481092453,0.912385106086731,-0.07184303551912308,0.9969876408576965,0.6411882042884827,0.8334027528762817,0.41957658529281616,0.973920464515686,0.40903547406196594,0.9153965711593628,-0.13654714822769165,0.9949030876159668,0.6015909910202026,0.8963173031806946,0.4001154899597168,0.943733811378479
71,0.45779022574424744,0.295437753200531,-0.11163634061813354,0.9999630451202393,0.5267052054405212,0.3608749806880951,-0.3693388104438782,0.9999897480010986,0.5269754528999329,0.3522804081439972,0.2626956105232239,0.9997947812080383,0.5120378136634827,0.4685914218425751,-0.6027250289916992,0.9988709688186646,0.5596153736114502,0.3718971312046051,0.6173927187919617,0.6273196935653687,0.3933635652065277,0.49477624893188477,-0.688723623752594,0.9948806762695312,0.5704518556594849,0.3335040509700775,0.8677480816841125,0.5684888362884521,0.3608753979206085,0.49846547842025757,-0.7351425290107727,0.990658164024353,0.5787869691848755,0.3189783990383148,0.9189764261245728,0.5757083296775818,0.4817679822444916,0.5822880268096924,-0.210712268948555,0.9999402761459351,0.5069613456726074,0.5783999562263489,0.21016666293144226,0.9997205138206482,0.41920843720436096,0.7194164991378784,-0.16444545984268188,0.9923277497291565,0.4726124107837677,0.7181962132453918,0.30151647329330444,0.8814815282821655,0.48610854148864746,0.8829472661018372,-0.06012476608157158,0.9976456761360168,0.5941953063011169,0.8216369152069092,0.42273545265197754,0.9397622346878052,0.5113941431045532,0.9074071645736694,-0.04833757132291794,0.9965718388557434,0.6360744833946228,0.8318902850151062,0.43043917417526245,0.9641633629798889,0.41435763239860535,0.9150164723396301,-0.11227921396493912,0.9947219491004944,0.5780366063117981,0.8844636678695679,0.40362027287483215,0.9338768124580383
72,0.45377036929130554,0.296458899974823,-0.12417973577976227,0.9999616146087646,0.5315769910812378,0.3606482744216919,-0.38710033893585205,0.9999906420707703,0.5154176354408264,0.3547249138355255,0.24198928475379944,0.9997908473014832,0.5370667576789856,0.47380173206329346,-0.5170142650604248,0.9988619089126587,0.5460346937179565,0.3733571469783783,0.46972209215164185,0.5812250971794128,0.41973719000816345,0.5040166974067688,-0.4770612120628357,0.9948992729187012,0.5468809604644775,0.33755767345428467,0.5552874803543091,0.5382379293441772,0.3875775933265686,0.508446991443634,-0.5782299041748047,0.9904763102531433,0.5537838339805603,0.29452788829803467,0.5701584815979004,0.5495860576629639,0.4861304759979248,0.5818386673927307,-0.2112477719783783,0.9999383091926575,0.5007444024085999,0.5763226747512817,0.21100416779518127,0.9997072219848633,0.4191848039627075,0.7199741005897522,-0.17088744044303894,0.9916770458221436,0.4740588068962097,0.7197601795196533,0.29799070954322815,0.8676546216011047,0.48606154322624207,0.882053554058075,-0.050578150898218155,0.9974616169929504,0.5967743992805481,0.8226655721664429,0.4325023591518402,0.9352484941482544,0.5112927556037903,0.9061741828918457,-0.03912360221147537,0.9963746666908264,0.6371578574180603,0.8320903182029724,0.44204187393188477,0.962221086025238,0.4136781096458435,0.9149100184440613,-0.1079004555940628,0.9946912527084351,0.5818624496459961,0.8865781426429749,0.4130534827709198,0.9321306943893433
73,0.44850754737854004,0.29722508788108826,-0.09648804366588593,0.9999386668205261,0.5280353426933289,0.36442187428474426,-0.3848562240600586,0.999991238117218,0.5131590962409973,0.3585926592350006,0.24163401126861572,0.9997530579566956,0.5573745369911194,0.47497278451919556,-0.49476540088653564,0.9988694190979004,0.5497358441352844,0.420939177274704,0.43372809886932373,0.5281466245651245,0.4518696367740631,0.5136556029319763,-0.39637795090675354,0.9949696063995361,0.5344161987304688,0.41395679116249084,0.47885653376579285,0.49274107813835144,0.41715872287750244,0.5217941999435425,-0.4628802239894867,0.9903886914253235,0.5325959324836731,0.40492716431617737,0.49139541387557983,0.5065791010856628,0.4882521629333496,0.5818418264389038,-0.20977163314819336,0.9999241828918457,0.50126051902771,0.5763684511184692,0.20956729352474213,0.999578058719635,0.4193057715892792,0.7202740907669067,-0.16276198625564575,0.989936113357544,0.4729221761226654,0.7222366333007812,0.2921487092971802,0.8421118855476379,0.4862043559551239,0.8800315260887146,-0.028411829844117165,0.9971089363098145,0.5957087874412537,0.82227623462677,0.43037354946136475,0.9224036335945129,0.5111913084983826,0.9030159711837769,-0.01604500226676464,0.9959088563919067,0.635135293006897,0.829965353012085,0.44059836864471436,0.9564254879951477,0.4185204803943634,0.9148713946342468,-0.07874587178230286,0.9944179058074951,0.5831212997436523,0.8861246705055237,0.41068822145462036,0.9235277771949768
74,0.44314321875572205,0.2977055311203003,-0.11470646411180496,0.9999238848686218,0.5264783501625061,0.36555325984954834,-0.39513567090034485,0.9999918937683105,0.5158869028091431,0.35874515771865845,0.23009386658668518,0.9997286796569824,0.5802220106124878,0.4710524082183838,-0.48833173513412476,0.99891197681427,0.5450628399848938,0.44632938504219055,0.41840478777885437,0.4773687720298767,0.4728832542896271,0.5188429355621338,-0.396059513092041,0.9952136278152466,0.5122292041778564,0.4794924855232239,0.44798174500465393,0.44786888360977173,0.44071900844573975,0.5276682376861572,-0.46141317486763,0.9907106161117554,0.5041832327842712,0.48613378405570984,0.4601559042930603,0.46343475580215454,0.48811957240104675,0.5819929838180542,-0.20892171561717987,0.9999154806137085,0.5034956336021423,0.5765724182128906,0.2087024301290512,0.9994586110115051,0.41988107562065125,0.7207215428352356,-0.14561915397644043,0.9892556667327881,0.47230371832847595,0.7221046686172485,0.3134743273258209,0.819650411605835,0.48625126481056213,0.8798024654388428,0.024931492283940315,0.9968734979629517,0.5943546891212463,0.8182244300842285,0.49753767251968384,0.9128094911575317,0.5111714601516724,0.9008457660675049,0.03936873748898506,0.9954704642295837,0.6340139508247375,0.8259355425834656,0.5122596621513367,0.951836347579956,0.4214271008968353,0.9136373996734619,-0.02422298863530159,0.9941030144691467,0.5845925211906433,0.8762854933738708,0.48855581879615784,0.9169495701789856
75,0.43496304750442505,0.2978280782699585,-0.10565973073244095,0.9998984336853027,0.5313460826873779,0.36318978667259216,-0.39371800422668457,0.9999925494194031,0.5128782987594604,0.35823583602905273,0.23354600369930267,0.9996849894523621,0.5955564379692078,0.4668392837047577,-0.4886566400527954,0.998918354511261,0.5242677927017212,0.45558083057403564,0.39327505230903625,0.43171924352645874,0.49236831068992615,0.5151249766349792,-0.3974236249923706,0.995273768901825,0.4680482745170593,0.5099634528160095,0.3585963249206543,0.4082156717777252,0.46117067337036133,0.5272309184074402,-0.46193256974220276,0.9906160831451416,0.45107564330101013,0.5239388346672058,0.36269649863243103,0.42545631527900696,0.4882303476333618,0.5811112523078918,-0.20872236788272858,0.9999090433120728,0.5012165307998657,0.5766564607620239,0.2085486501455307,0.9993168115615845,0.42160749435424805,0.7228785157203674,-0.14388404786586761,0.9888217449188232,0.47059476375579834,0.7215060591697693,0.3202695846557617,0.8068822622299194,0.4862542152404785,0.8826834559440613,-0.010764074511826038,0.9967171549797058,0.5952905416488647,0.816413938999176,0.4848995804786682,0.9074792265892029,0.5111315250396729,0.9015049934387207,-0.0014229874359443784,0.995010256767273,0.6333650350570679,0.824381947517395,0.49868935346603394,0.9494279623031616,0.41751375794410706,0.9138842821121216,-0.0778912901878357,0.9936691522598267,0.5851263403892517,0.8692476749420166,0.4749942421913147,0.9126300811767578
76,0.4378543794155121,0.2980844974517822,-0.1159575805068016,0.9999070763587952,0.5384356379508972,0.3615836799144745,-0.35349854826927185,0.9999932050704956,0.47893646359443665,0.3543992340564728,0.23520305752754211,0.9997076988220215,0.6089342832565308,0.4627966284751892,-0.4461362361907959,0.9989959001541138,0.4077727496623993,0.3370867371559143,0.44885554909706116,0.4731397330760956,0.5119553208351135,0.5135704278945923,-0.39342981576919556,0.9954696297645569,0.42035800218582153,0.2560339570045471,0.5908718705177307,0.45005640387535095,0.48840203881263733,0.5280159115791321,-0.4344395101070404,0.9906637072563171,0.428181529045105,0.24014399945735931,0.6221437454223633,0.45544978976249695,0.4936971068382263,0.5762417316436768,-0.20816628634929657,0.9999130964279175,0.49841806292533875,0.5743454098701477,0.20796211063861847,0.9993643760681152,0.4220612347126007,0.7224686741828918,-0.1783570796251297,0.9893292188644409,0.47296857833862305,0.7216939330101013,0.33051231503486633,0.7974532246589661,0.4859621822834015,0.882668137550354,-0.08955909311771393,0.9965867400169373,0.5954746603965759,0.8158819079399109,0.5242879390716553,0.9008633494377136,0.5111096501350403,0.9010024666786194,-0.08129902929067612,0.9950528740882874,0.6308934092521667,0.8235058188438416,0.5404214262962341,0.948316752910614,0.41713154315948486,0.9138841032981873,-0.1697523295879364,0.9931508302688599,0.5849089026451111,0.8670207262039185,0.5111281275749207,0.9055824279785156
77,0.4405694007873535,0.29717323184013367,-0.15284396708011627,0.999914824962616,0.5433931350708008,0.3631339371204376,-0.3221089541912079,0.9999936819076538,0.46354517340660095,0.35362961888313293,0.2352510392665863,0.9997245073318481,0.6231639385223389,0.4617922306060791,-0.40995079278945923,0.9990572929382324,0.38589856028556824,0.3223707973957062,0.4455973207950592,0.5220494866371155,0.5323328971862793,0.5122089982032776,-0.37721478939056396,0.9955499768257141,0.3776147663593292,0.24611783027648926,0.5681627988815308,0.49861210584640503,0.5128116607666016,0.527682363986969,-0.4126031696796417,0.990348219871521,0.3842793405056,0.22959554195404053,0.578459620475769,0.49526071548461914,0.5019159913063049,0.5764833688735962,-0.2058059275150299,0.999910831451416,0.4904336929321289,0.5746701955795288,0.2057560682296753,0.9993765950202942,0.4282277226448059,0.7239709496498108,-0.19545090198516846,0.9892595410346985,0.4740155041217804,0.7216641902923584,0.3276803493499756,0.7816815376281738,0.48568427562713623,0.8856431245803833,-0.10506867617368698,0.9962510466575623,0.5924094915390015,0.8079940676689148,0.5260688662528992,0.8850131034851074,0.5108102560043335,0.901361882686615,-0.0977853387594223,0.994979977607727,0.6261084675788879,0.8084607124328613,0.5438162088394165,0.944294273853302,0.4187745153903961,0.9153535962104797,-0.19879212975502014,0.9923962950706482,0.5977469682693481,0.8411358594894409,0.5145305395126343,0.8942893743515015
78,0.4412882328033447,0.29482796788215637,-0.16945858299732208,0.9999207854270935,0.5480517148971558,0.3645332157611847,-0.3273037075996399,0.9999932646751404,0.4561426639556885,0.35335540771484375,0.18716979026794434,0.9997351169586182,0.6360950469970703,0.45607516169548035,-0.4245031476020813,0.9990568161010742,0.36456915736198425,0.32340914011001587,0.2948135435581207,0.5671325922012329,0.5549914836883545,0.5075642466545105,-0.4488758444786072,0.9949216842651367,0.3336353003978729,0.252988338470459,0.2817842662334442,0.5432536005973816,0.5367797613143921,0.5247518420219421,-0.49628883600234985,0.9884206652641296,0.3410462439060211,0.2395358830690384,0.27036574482917786,0.5323991775512695,0.5063446164131165,0.5759375095367432,-0.19800414144992828,0.9999025464057922,0.4863682985305786,0.5748761296272278,0.1979190558195114,0.9993869662284851,0.43188589811325073,0.7230405211448669,-0.19322699308395386,0.9899632930755615,0.47478243708610535,0.7196502089500427,0.3460383713245392,0.7775273323059082,0.48418837785720825,0.8836565613746643,-0.09734001010656357,0.9962949752807617,0.5914498567581177,0.8078094720840454,0.5786540508270264,0.8831706643104553,0.5070102214813232,0.8964536190032959,-0.08989934623241425,0.9951706528663635,0.6447554230690002,0.7990110516548157,0.5992687344551086,0.9454248547554016,0.4189269244670868,0.91241455078125,-0.18939216434955597,0.9919204115867615,0.6073289513587952,0.8406341075897217,0.5592103004455566,0.8916229605674744
79,0.4407491683959961,0.2948615252971649,-0.19599542021751404,0.9999271631240845,0.5523235201835632,0.3667668402194977,-0.34189271926879883,0.9999926090240479,0.4505641758441925,0.3534739017486572,0.15400971472263336,0.999755859375,0.6433900594711304,0.44820988178253174,-0.4956885576248169,0.9990773797035217,0.35169970989227295,0.3283796012401581,0.1594790816307068,0.6089231371879578,0.5663968920707703,0.507554292678833,-0.6030496954917908,0.9946220517158508,0.2858316898345947,0.2706798315048218,-0.0005608461215160787,0.5864977240562439,0.5493116974830627,0.5249278545379639,-0.6650094985961914,0.9872813820838928,0.27698561549186707,0.2553621828556061,-0.02795322984457016,0.5729120969772339,0.5116315484046936,0.575474739074707,-0.1894589066505432,0.9998888969421387,0.48283374309539795,0.575050413608551,0.18930067121982574,0.9994131326675415,0.43564507365226746,0.7222457528114319,-0.20623892545700073,0.9903126358985901,0.4753679633140564,0.7195231318473816,0.3281344771385193,0.7648525238037109,0.48416242003440857,0.8738150596618652,-0.06621207296848297,0.9955397844314575,0.5883782505989075,0.8092124462127686,0.5552011728286743,0.8735254406929016,0.5059277415275574,0.8810869455337524,-0.051908597350120544,0.9950211644172668,0.6441463232040405,0.8058750629425049,0.5753253102302551,0.9436224102973938,0.4248575270175934,0.9118623733520508,-0.15925906598567963,0.9895492792129517,0.6054693460464478,0.8417257070541382,0.5198137760162354,0.8827831149101257
80,0.4403536319732666,0.29477381706237793,-0.20450499653816223,0.9999309778213501,0.5536925196647644,0.36656296253204346,-0.36260268092155457,0.999992311000824,0.4511731266975403,0.35348328948020935,0.13572031259536743,0.9997698664665222,0.6505544781684875,0.43978795409202576,-0.5594130158424377,0.9990536570549011,0.34697267413139343,0.3322305381298065,0.21897023916244507,0.6463080644607544,0.5744959115982056,0.5053315758705139,-0.7360461354255676,0.9942585825920105,0.25898459553718567,0.2919355630874634,0.12616904079914093,0.6251934170722961,0.5570047497749329,0.5238046050071716,-0.8091127276420593,0.9862225651741028,0.22898775339126587,0.2781386077404022,0.10754021257162094,0.6094940900802612,0.5134297609329224,0.5756101608276367,-0.18665233254432678,0.999867856502533,0.4801214933395386,0.5751660466194153,0.1864638328552246,0.999393880367279,0.43824586272239685,0.7222647666931152,-0.21861837804317474,0.9843557476997375,0.473420649766922,0.719413161277771,0.2609340250492096,0.7389553189277649,0.4845568537712097,0.8703565001487732,-0.008237505331635475,0.992763876914978,0.5822780728340149,0.8089112043380737,0.5348314046859741,0.8429607152938843,0.5059584379196167,0.8785902261734009,0.01115178782492876,0.9927343726158142,0.6377080082893372,0.8085866570472717,0.5585326552391052,0.9297240376472473,0.43183204531669617,0.9117200970649719,-0.10803458839654922,0.9853515625,0.5971446633338928,0.8472204208374023,0.4989025890827179,0.8640798330307007
81,0.4403769373893738,0.2950083017349243,-0.18375247716903687,0.9999318718910217,0.5568408966064453,0.3663870394229889,-0.35981449484825134,0.9999920129776001,0.44951131939888,0.35296157002449036,0.15035438537597656,0.9997783303260803,0.6571012735366821,0.43199431896209717,-0.5533192157745361,0.9990143775939941,0.33707761764526367,0.33641913533210754,0.23812811076641083,0.6795486807823181,0.5823671221733093,0.5027261972427368,-0.7231190800666809,0.9939125180244446,0.23278109729290009,0.31822943687438965,0.13515682518482208,0.659676730632782,0.5645381808280945,0.5209786295890808,-0.7938356399536133,0.9852409958839417,0.19913813471794128,0.32492294907569885,0.11957702785730362,0.6420021057128906,0.5135990381240845,0.5757643580436707,-0.18639813363552094,0.9998334646224976,0.4797470271587372,0.5752059817314148,0.18623903393745422,0.9993252158164978,0.4376044273376465,0.7222238779067993,-0.2480015754699707,0.9765858054161072,0.47065678238868713,0.7191632390022278,0.22450949251651764,0.711053192615509,0.48560163378715515,0.8691542744636536,-0.033061783760786057,0.9904265403747559,0.5782217383384705,0.808093786239624,0.4789855480194092,0.8223041296005249,0.5072790384292603,0.8782486915588379,-0.017870238050818443,0.9904699325561523,0.6361665725708008,0.8080451488494873,0.5044522881507874,0.9208232760429382,0.4359032213687897,0.9119361042976379,-0.11767926812171936,0.9819956421852112,0.5964523553848267,0.8499703407287598,0.4325423538684845,0.8506451845169067
82,0.43997302651405334,0.2950237989425659,-0.1652265340089798,0.9999188184738159,0.5583118200302124,0.36548128724098206,-0.33628150820732117,0.9999912977218628,0.44657716155052185,0.35291382670402527,0.1668468862771988,0.9997791647911072,0.6622709631919861,0.42327961325645447,-0.5549541115760803,0.998923659324646,0.3348361551761627,0.3424268364906311,0.2795180082321167,0.7082195281982422,0.5922835469245911,0.500961422920227,-0.7489578127861023,0.9932494759559631,0.22803622484207153,0.35820814967155457,0.19894364476203918,0.6894049048423767,0.5785216093063354,0.5181908011436462,-0.8207504153251648,0.9836426377296448,0.19543419778347015,0.37532752752304077,0.19119465351104736,0.6696280241012573,0.5172197222709656,0.5758722424507141,-0.1868567168712616,0.9997755289077759,0.4773198068141937,0.5752488374710083,0.18673491477966309,0.999208390712738,0.4400733411312103,0.7225393056869507,-0.2866908013820648,0.9661325216293335,0.46942299604415894,0.719907283782959,0.18033376336097717,0.680148720741272,0.4956550896167755,0.8512945175170898,-0.012100188061594963,0.9855597615242004,0.5745271444320679,0.8063738346099854,0.4369299113750458,0.7968251705169678,0.512855052947998,0.853286862373352,0.014418821781873703,0.986579179763794,0.6356464624404907,0.8073081970214844,0.46200674772262573,0.9071542024612427,0.4488779306411743,0.91120445728302,-0.07963097095489502,0.9751594066619873,0.5964426398277283,0.8527511954307556,0.39015284180641174,0.8304207921028137
83,0.4389791488647461,0.2950466275215149,-0.18317905068397522,0.9999100565910339,0.5588682293891907,0.3644465208053589,-0.3377355933189392,0.999991238117218,0.4440721869468689,0.35313233733177185,0.17195717990398407,0.9997878074645996,0.6635690927505493,0.4174051582813263,-0.5749677419662476,0.9989134669303894,0.329863041639328,0.3528608977794647,0.27592748403549194,0.7343741655349731,0.59970623254776,0.4953996241092682,-0.7868017554283142,0.9930036664009094,0.22517277300357819,0.3901982009410858,0.16460320353507996,0.7169753909111023,0.5850303769111633,0.5175163745880127,-0.863712728023529,0.9827529191970825,0.20134404301643372,0.41083934903144836,0.15628677606582642,0.6959050297737122,0.5221971869468689,0.5758990049362183,-0.1875094622373581,0.9997722506523132,0.4759480357170105,0.5752929449081421,0.18739274144172668,0.9992266297340393,0.4405379295349121,0.723013162612915,-0.342404842376709,0.9547924399375916,0.468528151512146,0.7199189066886902,0.19867725670337677,0.6453760862350464,0.5041460990905762,0.8291168212890625,0.024631138890981674,0.9712121486663818,0.5679978132247925,0.8052105903625488,0.4491146504878998,0.7643311023712158,0.5296722054481506,0.8289124369621277,0.06390497088432312,0.9769006967544556,0.6277074813842773,0.808622419834137,0.47239387035369873,0.8863216638565063,0.4884408116340637,0.9004223346710205,0.004636358469724655,0.9580694437026978,0.5926606059074402,0.8630771040916443,0.4111361503601074,0.8010494709014893
84,0.4382321536540985,0.2950725555419922,-0.17064405977725983,0.9999107718467712,0.5597182512283325,0.3639865517616272,-0.32268524169921875,0.9999912977218628,0.44273120164871216,0.35314813256263733,0.17557814717292786,0.9997950792312622,0.6637211441993713,0.41601434350013733,-0.5488415360450745,0.998889684677124,0.3278937339782715,0.35867950320243835,0.26301226019859314,0.7583423256874084,0.6007669568061829,0.49170270562171936,-0.733119010925293,0.9925860166549683,0.22496362030506134,0.39391207695007324,0.14564749598503113,0.7417908310890198,0.5861411690711975,0.5160925388336182,-0.805988073348999,0.9815533757209778,0.2023092359304428,0.4144880473613739,0.1302434206008911,0.7193083763122559,0.5236772894859314,0.5760009288787842,-0.18746992945671082,0.9997475147247314,0.47591179609298706,0.5753276348114014,0.18739619851112366,0.9991510510444641,0.44096192717552185,0.7230143547058105,-0.3230721056461334,0.9474858045578003,0.4678395390510559,0.7199288606643677,0.1915137618780136,0.626634955406189,0.49706512689590454,0.8411573767662048,-0.1182473823428154,0.9699882864952087,0.5708574652671814,0.8053314089775085,0.4373895525932312,0.7456350326538086,0.5140636563301086,0.8490240573883057,-0.10122562944889069,0.9747657775878906,0.6278926730155945,0.806966245174408,0.4603884220123291,0.8774840831756592,0.45483097434043884,0.9036669135093689,-0.2259451299905777,0.9558696150779724,0.5886587500572205,0.8570212125778198,0.39662066102027893,0.7865197658538818
85,0.4360617399215698,0.2950275242328644,-0.23139281570911407,0.9998965263366699,0.5593680739402771,0.36238163709640503,-0.3213558495044708,0.999990701675415,0.43645671010017395,0.3574124276638031,0.1532723605632782,0.9998024106025696,0.662784993648529,0.40896284580230713,-0.5068911910057068,0.9988085031509399,0.32504987716674805,0.39381226897239685,0.2070075124502182,0.7791300415992737,0.6035357713699341,0.48583510518074036,-0.6791649460792542,0.9912989139556885,0.24517887830734253,0.4617069959640503,0.0275946706533432,0.7627911567687988,0.5928428173065186,0.5097913146018982,-0.7491754293441772,0.9775598645210266,0.22609440982341766,0.4832054674625397,-0.0021340111270546913,0.7373017072677612,0.5285484790802002,0.5755225419998169,-0.17071865499019623,0.9997244477272034,0.4765892028808594,0.574999988079071,0.1706504374742508,0.9991170167922974,0.4459780752658844,0.7229719758033752,-0.2878842353820801,0.9402585029602051,0.4611473083496094,0.7186673879623413,0.14833621680736542,0.6205984950065613,0.49209052324295044,0.8474505543708801,0.08475914597511292,0.9633139371871948,0.5603269934654236,0.7983384132385254,0.45721665024757385,0.7263801097869873,0.5054561495780945,0.8513469099998474,0.11710065603256226,0.962422788143158,0.6095790863037109,0.7936418056488037,0.49432721734046936,0.865271806716919,0.45049330592155457,0.9003743529319763,-0.005248879082500935,0.945685625076294,0.5808788537979126,0.8531915545463562,0.4162387251853943,0.7692890763282776
86,0.43479594588279724,0.2945988178253174,-0.24158406257629395,0.9998800158500671,0.5587993860244751,0.36142274737358093,-0.30926454067230225,0.9999894499778748,0.42950746417045593,0.360341340303421,0.12066932022571564,0.9998134970664978,0.6604901552200317,0.40521344542503357,-0.4316355586051941,0.9986045956611633,0.3268335461616516,0.41326674818992615,0.17676807940006256,0.7983711957931519,0.6042000651359558,0.48210540413856506,-0.5662289261817932,0.9885584712028503,0.2659464478492737,0.48660728335380554,0.014589304104447365,0.7807219624519348,0.5944357514381409,0.5048820972442627,-0.6383343935012817,0.969618022441864,0.2496272772550583,0.5093615651130676,-0.015466911718249321,0.7504794001579285,0.5312171578407288,0.573276698589325,-0.1475040316581726,0.9997020959854126,0.4762250781059265,0.5730682015419006,0.1475270837545395,0.9990995526313782,0.45448073744773865,0.7217451930046082,-0.2223430722951889,0.9358551502227783,0.46196886897087097,0.7142631411552429,0.1715238243341446,0.6153275966644287,0.4765075445175171,0.8429608941078186,0.15578079223632812,0.952961266040802,0.5443774461746216,0.788688063621521,0.552817165851593,0.6999099850654602,0.49192801117897034,0.856350839138031,0.18812991678714752,0.9479108452796936,0.5834634900093079,0.785896360874176,0.5921956300735474,0.8447853922843933,0.44927912950515747,0.8947300910949707,0.05982590839266777,0.9310847520828247,0.5573010444641113,0.8378108143806458,0.5219282507896423,0.7482692003250122
87,0.43387699127197266,0.29320940375328064,-0.28568515181541443,0.9998360872268677,0.5593006014823914,0.36004576086997986,-0.25469571352005005,0.9999834299087524,0.42352691292762756,0.36445021629333496,0.028901884332299232,0.9998161196708679,0.6573209762573242,0.401885062456131,-0.3279339671134949,0.9978764653205872,0.33613094687461853,0.4270024001598358,0.0971493199467659,0.8157911896705627,0.6070570945739746,0.4769795536994934,-0.4844501316547394,0.9841579794883728,0.27427229285240173,0.5075250267982483,-0.041428372263908386,0.7967821955680847,0.5975041389465332,0.49879515171051025,-0.5560488104820251,0.9582826495170593,0.2643434703350067,0.5357759594917297,-0.08210786432027817,0.7619137167930603,0.5362901091575623,0.568207859992981,-0.0828477293252945,0.9996716976165771,0.4735965430736542,0.5710433721542358,0.08282052725553513,0.9991118311882019,0.4694679081439972,0.715386688709259,-0.08675254881381989,0.9178457856178284,0.4660179913043976,0.7091972231864929,0.1199750304222107,0.6209467053413391,0.4688323736190796,0.8159308433532715,0.3961322009563446,0.9221203923225403,0.5475558042526245,0.7819164991378784,0.5746762156486511,0.6803049445152283,0.46510016918182373,0.8255875706672668,0.44055718183517456,0.9125978350639343,0.56756991147995,0.7833040356636047,0.620883584022522,0.8148383498191833,0.45633217692375183,0.8656694293022156,0.31006234884262085,0.8962777853012085,0.5433538556098938,0.8259674310684204,0.5263600945472717,0.7289396524429321
88,0.43332430720329285,0.29152101278305054,-0.2978842556476593,0.9997513294219971,0.5601090788841248,0.35871779918670654,-0.20898538827896118,0.9999688267707825,0.4218517243862152,0.36897557973861694,0.022556651383638382,0.9997994899749756,0.6538481116294861,0.39974915981292725,-0.19861814379692078,0.9972013831138611,0.34256258606910706,0.43726494908332825,0.08606238663196564,0.8302452564239502,0.6061310172080994,0.4726301431655884,-0.28730571269989014,0.97947096824646,0.31892743706703186,0.5271247029304504,-0.05033627897500992,0.8062246441841125,0.598516583442688,0.4927797019481659,-0.3466891348361969,0.9440659880638123,0.3186241090297699,0.5590823292732239,-0.08941543847322464,0.7628313302993774,0.5417309999465942,0.5644210577011108,-0.0669851005077362,0.9996124505996704,0.4711330235004425,0.5706579685211182,0.06708679348230362,0.9991312026977539,0.5023630857467651,0.7141416072845459,-0.13344623148441315,0.8917494416236877,0.4700150787830353,0.7045789957046509,0.10141506046056747,0.6175054907798767,0.47593939304351807,0.7825865745544434,0.4469752609729767,0.8537301421165466,0.5307708978652954,0.7914366126060486,0.5438257455825806,0.6643469333648682,0.4743654131889343,0.7851939797401428,0.5033870935440063,0.855919361114502,0.5426648855209351,0.8046582341194153,0.6013309955596924,0.7841522097587585,0.4863941967487335,0.8308912515640259,0.39810746908187866,0.8321213722229004,0.5248644948005676,0.8318490386009216,0.4157971441745758,0.7084097266197205
89,0.43243157863616943,0.2907668948173523,-0.3128451108932495,0.999648928642273,0.5607712268829346,0.3565308153629303,-0.20362922549247742,0.9999570250511169,0.4190056324005127,0.3709220588207245,-0.03839455172419548,0.9997942447662354,0.653669536113739,0.39817652106285095,-0.1508050411939621,0.9956873655319214,0.3434196710586548,0.44403737783432007,0.028066148981451988,0.8440995812416077,0.6020482182502747,0.4707548916339874,-0.20909498631954193,0.972477376461029,0.3488392233848572,0.5410518050193787,-0.10189180821180344,0.8175886273384094,0.5957010984420776,0.48913103342056274,-0.26151978969573975,0.9278930425643921,0.35028570890426636,0.5710445046424866,-0.14843744039535522,0.7697705030441284,0.5454211235046387,0.5589553713798523,-0.05178554356098175,0.9995742440223694,0.46811720728874207,0.5680762529373169,0.05177910625934601,0.9991092085838318,0.5049034357070923,0.7019842267036438,-0.10223016887903214,0.8666574358940125,0.4828687906265259,0.6977075338363647,0.13508617877960205,0.6039592027664185,0.4742777943611145,0.8002188205718994,0.3557593524456024,0.8175498843193054,0.5318846106529236,0.7876333594322205,0.662588894367218,0.6280428767204285,0.46594399213790894,0.809619128704071,0.3985183537006378,0.8209862112998962,0.5653249025344849,0.7945588827133179,0.7153716087341309,0.7410290241241455,0.47734320163726807,0.8484866619110107,0.24152491986751556,0.8007908463478088,0.56045001745224,0.8291160464286804,0.5816231369972229,0.6751922369003296
90,0.4301486313343048,0.2908264398574829,-0.3031027317047119,0.9994838833808899,0.5608115792274475,0.3551400303840637,-0.1620909869670868,0.9999353885650635,0.41752466559410095,0.37138110399246216,-0.06780499964952469,0.9997896552085876,0.6502524018287659,0.39762863516807556,-0.10702382773160934,0.9931910634040833,0.3533579409122467,0.45277369022369385,-0.0054594059474766254,0.8557551503181458,0.598954439163208,0.4684557616710663,-0.20541203022003174,0.9640344977378845,0.3765452206134796,0.5482500791549683,-0.12003862857818604,0.8260224461555481,0.591352641582489,0.48600849509239197,-0.2600986659526825,0.9123052358627319,0.3866424262523651,0.5775235295295715,-0.17071039974689484,0.7732848525047302,0.5465397834777832,0.5567758679389954,-0.020240047946572304,0.9994940757751465,0.4684825837612152,0.5657812356948853,0.020252792164683342,0.9991294145584106,0.5099397897720337,0.687988817691803,-0.013665958307683468,0.8155343532562256,0.4903620481491089,0.6820036172866821,0.03816832974553108,0.5912630558013916,0.47720059752464294,0.7854913473129272,0.5011906027793884,0.7661210298538208,0.538355827331543,0.78428053855896,0.5348785519599915,0.619500458240509,0.47044333815574646,0.7963471412658691,0.549403190612793,0.7804499864578247,0.5523734092712402,0.7939910292625427,0.5909857749938965,0.719080924987793,0.49304521083831787,0.8327043056488037,0.39898669719696045,0.7571660280227661,0.5546706318855286,0.8313519954681396,0.393414705991745,0.6645529270172119
91,0.4273051917552948,0.2909320592880249,-0.2820424437522888,0.9994214177131653,0.5605716705322266,0.35502922534942627,-0.12776963412761688,0.9999119639396667,0.4161897897720337,0.37501195073127747,-0.014224717393517494,0.9997696280479431,0.642862856388092,0.3979545533657074,-0.17587897181510925,0.9896861910820007,0.3735995888710022,0.4655771553516388,0.04755092039704323,0.8641820549964905,0.5972020626068115,0.46642038226127625,-0.3635442852973938,0.9523143172264099,0.4103201627731323,0.5621032118797302,-0.0854775458574295,0.8278895616531372,0.5911695957183838,0.48198267817497253,-0.422322154045105,0.8953298330307007,0.4253382086753845,0.5905123949050903,-0.13393482565879822,0.771937370300293,0.5474379062652588,0.5659078359603882,-0.015133503824472427,0.9995039105415344,0.4681335985660553,0.5740993022918701,0.015086528845131397,0.9991843700408936,0.6022964119911194,0.6907775402069092,-0.1856469213962555,0.8273075819015503,0.46493783593177795,0.7212992906570435,-0.04235847294330597,0.6272764801979065,0.5118157267570496,0.7535364031791687,0.4511355459690094,0.7267372608184814,0.5124162435531616,0.8016169667243958,0.46010860800743103,0.630200982093811,0.5189597010612488,0.7490069270133972,0.5166720151901245,0.739340603351593,0.522253692150116,0.8070517778396606,0.5118188858032227,0.6980981826782227,0.5564011335372925,0.8011666536331177,0.4395281970500946,0.7202650904655457,0.5236415863037109,0.8574052453041077,0.3922014534473419,0.6654452085494995
92,0.4247957766056061,0.2911670506000519,-0.28541648387908936,0.9994431734085083,0.560329020023346,0.35342633724212646,-0.15489542484283447,0.9999136924743652,0.41593465209007263,0.3753100335597992,0.015123601071536541,0.9997847080230713,0.6330753564834595,0.3960456848144531,-0.2222602814435959,0.9883146286010742,0.38844794034957886,0.4706418216228485,0.07837879657745361,0.8710243701934814,0.5959535241127014,0.4647265672683716,-0.4383818507194519,0.9453463554382324,0.4317336082458496,0.5612650513648987,-0.06399263441562653,0.8337917923927307,0.5901268124580383,0.48050612211227417,-0.5182497501373291,0.8847902417182922,0.4494313597679138,0.5887876749038696,-0.11101160943508148,0.7768459916114807,0.5521690249443054,0.5643582940101624,-0.05444012209773064,0.9995370507240295,0.47008293867111206,0.5736061334609985,0.05439286306500435,0.9992573857307434,0.5494883060455322,0.6973410248756409,-0.24627305567264557,0.8182514905929565,0.4604664742946625,0.7200204133987427,0.034977760165929794,0.6423059105873108,0.5826770663261414,0.7389695644378662,0.3356243073940277,0.6792510747909546,0.5246328711509705,0.8174486756324768,0.3899628221988678,0.635330319404602,0.5883904695510864,0.7293769717216492,0.3878023624420166,0.695298969745636,0.544042706489563,0.8254563808441162,0.4228019416332245,0.6932190656661987,0.6085726618766785,0.7932538986206055,0.3111565411090851,0.6822640299797058,0.5259186625480652,0.8815115094184875,0.309563547372818,0.6638481616973877
93,0.4220608174800873,0.29214879870414734,-0.2592819333076477,0.9993911981582642,0.5602155327796936,0.3532834053039551,-0.11670064181089401,0.9998812675476074,0.4156940281391144,0.3771342933177948,0.01959671638906002,0.9997805953025818,0.6235000491142273,0.3972325325012207,-0.16261842846870422,0.9834908246994019,0.39888888597488403,0.47642654180526733,0.09118088334798813,0.87209552526474,0.5950202941894531,0.4639183580875397,-0.3965550661087036,0.9331660270690918,0.4530293941497803,0.5568957328796387,-0.04302376136183739,0.8341114521026611,0.5897308588027954,0.47942033410072327,-0.4632927477359772,0.8718251585960388,0.4669775366783142,0.5844342708587646,-0.0886571928858757,0.777178168296814,0.559792697429657,0.5670732855796814,-0.03036421351134777,0.9995171427726746,0.4734457731246948,0.5782970786094666,0.030323535203933716,0.9993020296096802,0.6425846219062805,0.6862750053405762,-0.2594979703426361,0.8303512930870056,0.4588859975337982,0.7369335889816284,-0.06867565214633942,0.6723939180374146,0.5726655125617981,0.7201831340789795,0.3622399568557739,0.6427772045135498,0.5283998250961304,0.8281242847442627,0.3930906057357788,0.643752932548523,0.5594969391822815,0.7095892429351807,0.4257941246032715,0.6569831371307373,0.5485621690750122,0.8325989246368408,0.43841081857681274,0.6867209076881409,0.5745327472686768,0.7839991450309753,0.36335158348083496,0.6474258899688721,0.5317410826683044,0.8893216252326965,0.33889874815940857,0.6638332605361938
94,0.4200766980648041,0.2934684455394745,-0.29656514525413513,0.9993195533752441,0.5602235198020935,0.353179395198822,-0.13140681385993958,0.9997794032096863,0.415680468082428,0.379304438829422,-0.045101553201675415,0.9997599124908447,0.6198483109474182,0.3983941376209259,-0.09268990904092789,0.9787713289260864,0.41180697083473206,0.4874657690525055,0.00603359192609787,0.8797035813331604,0.5944518446922302,0.4603545069694519,-0.22733166813850403,0.9174231886863708,0.47719907760620117,0.5616027116775513,-0.14762340486049652,0.8413703441619873,0.5912060141563416,0.4768284559249878,-0.2783607542514801,0.8509106636047363,0.4973745048046112,0.5842117071151733,-0.1991681456565857,0.7836947441101074,0.5556278824806213,0.5671238303184509,-0.03694968298077583,0.9991059899330139,0.47347187995910645,0.5777343511581421,0.0369814895093441,0.9991514086723328,0.5939821004867554,0.7129738926887512,-0.14288701117038727,0.8049772381782532,0.4593791663646698,0.7322274446487427,-0.011034321039915085,0.6729541420936584,0.5505701899528503,0.7894152402877808,0.3599655330181122,0.6016375422477722,0.5083603262901306,0.8399844765663147,0.3272723853588104,0.6332231760025024,0.5494548082351685,0.7935397624969482,0.40610647201538086,0.6166126728057861,0.518941342830658,0.851300060749054,0.35508888959884644,0.6593284010887146,0.5469350814819336,0.844982385635376,0.2933640778064728,0.6076163053512573,0.5102801322937012,0.8967782855033875,0.18598683178424835,0.6451711654663086
95,0.41845420002937317,0.29566577076911926,-0.31190016865730286,0.999210000038147,0.5601184368133545,0.3532944619655609,-0.1281062662601471,0.9996150732040405,0.4158492088317871,0.37886062264442444,-0.07475657016038895,0.9997391104698181,0.611854076385498,0.40107661485671997,0.0009117076406255364,0.9691702127456665,0.4176029860973358,0.486571341753006,-0.03531413525342941,0.8875836730003357,0.5942118763923645,0.4596704840660095,-0.014880185946822166,0.8858392238616943,0.49216413497924805,0.5550605654716492,-0.1898731142282486,0.8497978448867798,0.5904449224472046,0.4765821099281311,-0.04477817192673683,0.8136768341064453,0.514845073223114,0.5766021609306335,-0.24143622815608978,0.7923250794410706,0.5513943433761597,0.567139744758606,-0.03637459874153137,0.9987268447875977,0.4729594588279724,0.5756204128265381,0.03642386198043823,0.9989309906959534,0.5088037848472595,0.71382075548172,-0.14788396656513214,0.7824952006340027,0.4603241980075836,0.7304973006248474,0.0037745186127722263,0.6678683161735535,0.5486806631088257,0.8141202330589294,0.2862936556339264,0.5714350342750549,0.5055526494979858,0.8411406874656677,0.3233312964439392,0.6151620745658875,0.5434948205947876,0.82152259349823,0.32030656933784485,0.5871953368186951,0.5154262185096741,0.8528146743774414,0.3497525155544281,0.6318656206130981,0.5369769334793091,0.8657462000846863,0.17601662874221802,0.577948272228241,0.509194016456604,0.8956097364425659,0.18627722561359406,0.6230710744857788
96,0.4171554148197174,0.2973477244377136,-0.30760127305984497,0.9991161823272705,0.5599510669708252,0.35332176089286804,-0.10517816990613937,0.9994823932647705,0.4158005714416504,0.37832215428352356,-0.044963665306568146,0.9997284412384033,0.6074793934822083,0.40765804052352905,-0.0581100657582283,0.9601615071296692,0.4232710301876068,0.4855904281139374,-0.009432039223611355,0.8945595622062683,0.5926403403282166,0.4610067903995514,-0.16355232894420624,0.8623889684677124,0.5031419396400452,0.5495004653930664,-0.1511237621307373,0.8578406572341919,0.5897894501686096,0.4774361252784729,-0.20912860333919525,0.7879411578178406,0.5284246802330017,0.571753740310669,-0.20141077041625977,0.8011289238929749,0.5470651388168335,0.5671731233596802,-0.03648415580391884,0.9983877539634705,0.4721442461013794,0.5750678777694702,0.03655131161212921,0.9987210631370544,0.5109730958938599,0.7224233150482178,-0.15078167617321014,0.7567042708396912,0.4609740972518921,0.7305145263671875,0.01471683755517006,0.6652017831802368,0.5410273671150208,0.8210961818695068,0.250331848859787,0.5385183691978455,0.5068080425262451,0.8443185091018677,0.2927442193031311,0.600950300693512,0.5399662256240845,0.8290898203849792,0.2833680510520935,0.5563663244247437,0.5162156224250793,0.8573135137557983,0.31506526470184326,0.6071009039878845,0.5357291102409363,0.8712942600250244,0.14468936622142792,0.5461989045143127,0.5128185153007507,0.8972768187522888,0.1505233496427536,0.6051406860351562
97,0.415203332901001,0.2986873388290405,-0.2701913118362427,0.9990045428276062,0.5592263340950012,0.3536713123321533,-0.11330170184373856,0.9993917346000671,0.41531553864479065,0.3780297636985779,-0.014286999590694904,0.9997071027755737,0.602882981300354,0.41236281394958496,-0.11503975093364716,0.9532270431518555,0.4283130466938019,0.48493650555610657,0.022136786952614784,0.8969893455505371,0.5893363952636719,0.46134746074676514,-0.30406126379966736,0.8420231342315674,0.5150814056396484,0.5443249344825745,-0.11024118959903717,0.8611510396003723,0.5868474245071411,0.4783478081226349,-0.3659633994102478,0.7664505839347839,0.5393041968345642,0.5666443109512329,-0.15559156239032745,0.8044689893722534,0.5422601699829102,0.5677827596664429,-0.04366493597626686,0.9981999397277832,0.4704515337944031,0.5749982595443726,0.04370392486453056,0.9985743165016174,0.5113072395324707,0.7268926501274109,-0.18202288448810577,0.7377808690071106,0.4603580832481384,0.7327775359153748,0.01802755519747734,0.663554847240448,0.5366909503936768,0.8237764239311218,0.22577083110809326,0.5110150575637817,0.5109827518463135,0.8457971215248108,0.2973715662956238,0.5898939967155457,0.5371727347373962,0.8306613564491272,0.2619504928588867,0.5314418077468872,0.5224317908287048,0.8582695722579956,0.3204123377799988,0.5884159803390503,0.5356647372245789,0.8765270709991455,0.1303529590368271,0.5190587043762207,0.5173302292823792,0.8998027443885803,0.16235575079917908,0.590045690536499
98,0.4139983057975769,0.2995726466178894,-0.25453922152519226,0.9988082647323608,0.5589895248413086,0.3542170524597168,-0.12486429512500763,0.9992879033088684,0.41505560278892517,0.3778502345085144,0.0036075774114578962,0.9996809959411621,0.5979923605918884,0.4178662598133087,-0.2022855281829834,0.9453862309455872,0.4345419108867645,0.4852551817893982,0.03332747891545296,0.8969874978065491,0.5870789289474487,0.4607935845851898,-0.44120627641677856,0.8218896985054016,0.5220015645027161,0.5416477918624878,-0.09644749760627747,0.8614906072616577,0.585162341594696,0.4790915250778198,-0.513178288936615,0.747645914554596,0.5420767068862915,0.5641841292381287,-0.14198678731918335,0.8046834468841553,0.5390542149543762,0.5682618021965027,-0.04568074643611908,0.9980974793434143,0.4693731963634491,0.5749745965003967,0.045632991939783096,0.9985094666481018,0.5088897943496704,0.7274423241615295,-0.19383588433265686,0.7254229784011841,0.46007564663887024,0.7335043549537659,0.02104952745139599,0.6586474776268005,0.532647430896759,0.8185740113258362,0.24754391610622406,0.4871690273284912,0.5132253766059875,0.8427670001983643,0.33742231130599976,0.574551522731781,0.532740592956543,0.8234567642211914,0.2874116599559784,0.5127463936805725,0.5252360701560974,0.8537535071372986,0.3656161427497864,0.5704381465911865,0.5400928258895874,0.8752328157424927,0.14899399876594543,0.49553990364074707,0.5199127793312073,0.8971986770629883,0.22398336231708527,0.5718265175819397
99,0.41270682215690613,0.30007413029670715,-0.2516128718852997,0.9987847208976746,0.5584450364112854,0.3542526960372925,-0.12406264990568161,0.9992775321006775,0.41446131467819214,0.37766262888908386,0.0028941789641976357,0.9996610283851624,0.6003133058547974,0.4179438054561615,-0.18614792823791504,0.9439606070518494,0.43721601366996765,0.4864233434200287,0.035864148288965225,0.8964792490005493,0.5861620306968689,0.46104201674461365,-0.39146432280540466,0.8138668537139893,0.5256067514419556,0.5397072434425354,-0.09758736193180084,0.8605062961578369,0.583094596862793,0.47932925820350647,-0.4526524245738983,0.7370521426200867,0.5458881855010986,0.563011646270752,-0.144651398062706,0.8034083247184753,0.536812961101532,0.5681324601173401,-0.04838677495718002,0.9980841875076294,0.4689393639564514,0.5748124122619629,0.04836464300751686,0.9984888434410095,0.5090935826301575,0.7263067364692688,-0.19227606058120728,0.7236154675483704,0.4600597023963928,0.7324057221412659,0.015737155452370644,0.6648189425468445,0.530331015586853,0.8156369924545288,0.24813640117645264,0.4724401533603668,0.5189419388771057,0.8419111371040344,0.35007333755493164,0.5650437474250793,0.5305597186088562,0.8209865093231201,0.29048094153404236,0.49970871210098267,0.5295502543449402,0.8505964875221252,0.3804157078266144,0.5559982657432556,0.5406644940376282,0.8711762428283691,0.1812886744737625,0.4806627929210663,0.5297636985778809,0.8947519659996033,0.24527519941329956,0.560379147529602
100,0.41188016533851624,0.30074578523635864,-0.2517681419849396,0.998771607875824,0.5577970743179321,0.3541072905063629,-0.1263461858034134,0.9992669224739075,0.41401827335357666,0.37753671407699585,-0.018166761845350266,0.9996418952941895,0.6015833020210266,0.41801416873931885,-0.11165070533752441,0.9430192112922668,0.4380088150501251,0.4863318204879761,0.01859493926167488,0.8980607390403748,0.584568977355957,0.4621559977531433,-0.20575197041034698,0.8102819919586182,0.5251607298851013,0.5388394594192505,-0.11425497382879257,0.8625005483627319,0.5807052254676819,0.48151087760925293,-0.25194984674453735,0.7304039597511292,0.5456405282020569,0.5614213943481445,-0.16370171308517456,0.8064377307891846,0.5354886054992676,0.5674718022346497,-0.045256052166223526,0.9980036020278931,0.46861326694488525,0.5738446712493896,0.04528888687491417,0.9984368085861206,0.5099920630455017,0.7249200940132141,-0.15606603026390076,0.7256718277931213,0.4593268930912018,0.728537917137146,0.020158933475613594,0.6753125190734863,0.521033763885498,0.8083335161209106,0.29407262802124023,0.4636513888835907,0.5200782418251038,0.8413935899734497,0.33235809206962585,0.5695355534553528,0.5302720665931702,0.8189416527748108,0.3355207145214081,0.49156853556632996,0.5305950045585632,0.8485111594200134,0.35864314436912537,0.5516148209571838,0.5415350794792175,0.8695394992828369,0.22235850989818573,0.47318002581596375,0.5340418219566345,0.8944220542907715,0.21955150365829468,0.5624780654907227
101,0.4113556146621704,0.3013763427734375,-0.2582297921180725,0.9987645745277405,0.5569630265235901,0.3537774384021759,-0.1309043914079666,0.9992674589157104,0.4138720631599426,0.37750762701034546,-0.025266388431191444,0.9996201992034912,0.6030950546264648,0.41741132736206055,-0.0788988247513771,0.9434165954589844,0.4373038709163666,0.4851730763912201,0.01860659196972847,0.8990305066108704,0.5833820104598999,0.4640418589115143,-0.12280343472957611,0.8093884587287903,0.5225358009338379,0.5383639931678772,-0.11674444377422333,0.8643521070480347,0.5782122611999512,0.4863056242465973,-0.16156215965747833,0.726112961769104,0.5424737334251404,0.5607860088348389,-0.16583944857120514,0.8093434572219849,0.5341864228248596,0.5669898390769958,-0.046865515410900116,0.9979242086410522,0.4680253267288208,0.5727840065956116,0.04690712317824364,0.9983718395233154,0.5098292827606201,0.7241467237472534,-0.15783967077732086,0.7283667922019958,0.4586257040500641,0.7262841463088989,0.02103317901492119,0.6816644668579102,0.5215542316436768,0.8093392848968506,0.29082995653152466,0.4573602080345154,0.5202569365501404,0.8397687673568726,0.32902225852012634,0.5696930289268494,0.5292340517044067,0.8175209760665894,0.32955095171928406,0.48401036858558655,0.5312013626098633,0.8468018770217896,0.3552998900413513,0.5452429056167603,0.5402767062187195,0.8677266240119934,0.21435320377349854,0.46700605750083923,0.5340459942817688,0.8925541639328003,0.21795877814292908,0.5604100823402405
102,0.4111473858356476,0.30177366733551025,-0.2629341781139374,0.9987351298332214,0.5563935041427612,0.35374459624290466,-0.13315722346305847,0.9992666244506836,0.41361844539642334,0.3771161735057831,-0.02524644508957863,0.9995984435081482,0.6037741303443909,0.4171810448169708,-0.07005535811185837,0.9440115094184875,0.43495866656303406,0.4837821424007416,0.020179394632577896,0.9001299738883972,0.5821275115013123,0.46661660075187683,-0.1117175742983818,0.8088966012001038,0.5141885876655579,0.5376043319702148,-0.12126428633928299,0.8670893311500549,0.5759841799736023,0.491362988948822,-0.151380255818367,0.7222923636436462,0.5346601009368896,0.5599312782287598,-0.17181649804115295,0.8123746514320374,0.5330862402915955,0.5669418573379517,-0.047939665615558624,0.9978103637695312,0.46680948138237,0.5724064707756042,0.04798343405127525,0.9982454180717468,0.5096634030342102,0.723942220211029,-0.15612801909446716,0.7216403484344482,0.45801272988319397,0.7262626886367798,0.031755752861499786,0.679757297039032,0.52140212059021,0.8148676156997681,0.2720383405685425,0.4440898597240448,0.5177647471427917,0.8379383683204651,0.33591195940971375,0.5618619322776794,0.5270475149154663,0.8219825625419617,0.30786991119384766,0.46785277128219604,0.5296522974967957,0.8462430834770203,0.3622574806213379,0.5321152806282043,0.5356243848800659,0.8701261878013611,0.17441634833812714,0.45328274369239807,0.5272753238677979,0.8917328119277954,0.2163708209991455,0.5517188310623169
103,0.4109596014022827,0.3018760681152344,-0.2624380588531494,0.9986691474914551,0.5552448630332947,0.3537527918815613,-0.13448069989681244,0.9992448687553406,0.41371577978134155,0.3766927421092987,-0.013135877437889576,0.9995749592781067,0.6031680703163147,0.41697898507118225,-0.0994567796587944,0.9438700675964355,0.4335300326347351,0.4830936789512634,0.026216400787234306,0.8987686634063721,0.5804524421691895,0.4669063985347748,-0.18161749839782715,0.8040057420730591,0.5101028084754944,0.5385422706604004,-0.11409067362546921,0.8673131465911865,0.5747207999229431,0.49126335978507996,-0.2286020666360855,0.7140051126480103,0.5320051312446594,0.5609716773033142,-0.16299568116664886,0.8120352625846863,0.5316756367683411,0.5669553875923157,-0.05405778810381889,0.9976957440376282,0.4660247564315796,0.5719812512397766,0.054161496460437775,0.9981473088264465,0.5091990828514099,0.7236154079437256,-0.16472727060317993,0.7108333110809326,0.4573902487754822,0.7250971794128418,0.048316746950149536,0.6721238493919373,0.5237507820129395,0.8139885663986206,0.24560044705867767,0.42866089940071106,0.5143401622772217,0.8371115326881409,0.3318248689174652,0.55764240026474,0.5269302725791931,0.8204694986343384,0.2816246449947357,0.4533764719963074,0.5271301865577698,0.8469363451004028,0.3552423119544983,0.5246850252151489,0.5369821190834045,0.8689239621162415,0.1520133912563324,0.43847548961639404,0.5170304179191589,0.8912946581840515,0.20305727422237396,0.5456758141517639
104,0.4106411635875702,0.30180713534355164,-0.26697206497192383,0.9987086057662964,0.5541011095046997,0.3537672460079193,-0.15700609982013702,0.9992721080780029,0.41374075412750244,0.3761955201625824,-0.01323098223656416,0.9995781183242798,0.603236973285675,0.4159033000469208,-0.10168059170246124,0.9460964798927307,0.4323720335960388,0.4826109707355499,0.031365588307380676,0.8997597098350525,0.5796935558319092,0.4675717353820801,-0.13537190854549408,0.8063133358955383,0.5078559517860413,0.5422073006629944,-0.11158300936222076,0.8704879879951477,0.5733882188796997,0.49155837297439575,-0.17414404451847076,0.7132968306541443,0.5264363884925842,0.5637871026992798,-0.15963168442249298,0.816024661064148,0.5293137431144714,0.5662961006164551,-0.06314525008201599,0.9977089762687683,0.46511879563331604,0.5696086287498474,0.06319890916347504,0.998131275177002,0.4838809072971344,0.7180770635604858,-0.1726231873035431,0.7093923091888428,0.45744696259498596,0.723103404045105,0.049437809735536575,0.6607916355133057,0.518534779548645,0.8156814575195312,0.19907987117767334,0.4279805123806,0.5150474905967712,0.8350722193717957,0.33351317048072815,0.5461521744728088,0.5235396027565002,0.8212838768959045,0.2322114259004593,0.44767436385154724,0.5283725261688232,0.8454527854919434,0.35808828473091125,0.5149523019790649,0.5228254199028015,0.8728129863739014,0.10735300183296204,0.4353739023208618,0.516231119632721,0.8897380232810974,0.21606792509555817,0.5348705649375916
105,0.4103165566921234,0.30177047848701477,-0.25517377257347107,0.9987587928771973,0.5535075068473816,0.3538001775741577,-0.16053596138954163,0.9993004202842712,0.4138214588165283,0.3761443793773651,0.020619649440050125,0.9995803833007812,0.6047909259796143,0.41279512643814087,-0.10526899993419647,0.9485994577407837,0.42605435848236084,0.48116323351860046,0.08378913253545761,0.8958922028541565,0.5802341103553772,0.4673904776573181,-0.1759486198425293,0.8082921504974365,0.4906383156776428,0.5427245497703552,-0.07241922616958618,0.8683605790138245,0.5734446048736572,0.48893770575523376,-0.22047041356563568,0.712475597858429,0.5117852687835693,0.5646108984947205,-0.11582839488983154,0.8126305937767029,0.5285277366638184,0.566640317440033,-0.07427896559238434,0.9977139830589294,0.46473628282546997,0.5696647763252258,0.07433145493268967,0.9981197118759155,0.4764993488788605,0.7157026529312134,-0.17532065510749817,0.7137438058853149,0.45755285024642944,0.7221884727478027,0.061240408569574356,0.6563770771026611,0.5064765214920044,0.8177511692047119,0.19655738770961761,0.4378652274608612,0.5153359770774841,0.8339592814445496,0.33699125051498413,0.5458139777183533,0.5113611221313477,0.8234471678733826,0.22970743477344513,0.4545680582523346,0.5291432738304138,0.8449274897575378,0.36239564418792725,0.5166860818862915,0.5050745010375977,0.8759140968322754,0.10484755784273148,0.44115322828292847,0.5136988759040833,0.8888442516326904,0.2216288447380066,0.5328195095062256
106,0.41030362248420715,0.3017384707927704,-0.2737845778465271,0.9988386631011963,0.5526823997497559,0.3537566661834717,-0.18669459223747253,0.9993448257446289,0.41380399465560913,0.37612414360046387,0.01454547606408596,0.9995898008346558,0.615373432636261,0.4092898666858673,-0.13933825492858887,0.9521836638450623,0.41887620091438293,0.47876283526420593,0.08045370876789093,0.893484890460968,0.5817316770553589,0.4673047661781311,-0.1907210648059845,0.8164898753166199,0.4744177758693695,0.5447396636009216,-0.06805150210857391,0.865672767162323,0.5735656023025513,0.4870973229408264,-0.23733249306678772,0.7182973623275757,0.4933706521987915,0.5680922269821167,-0.10898642987012863,0.807553768157959,0.528868556022644,0.5663285851478577,-0.07582493871450424,0.9976950883865356,0.46482908725738525,0.5687674283981323,0.07584095746278763,0.9980968832969666,0.47718796133995056,0.7139202952384949,-0.16406291723251343,0.7217212915420532,0.45655667781829834,0.7193108797073364,0.06168024614453316,0.6600797176361084,0.5078891515731812,0.8200801014900208,0.2000906765460968,0.45444780588150024,0.5156685709953308,0.8330296874046326,0.33723190426826477,0.5511903762817383,0.5117873549461365,0.8270907402038574,0.2314358502626419,0.46391457319259644,0.5292946696281433,0.844134509563446,0.36135736107826233,0.5191561579704285,0.5079347491264343,0.8762506246566772,0.10177329927682877,0.45146292448043823,0.51401686668396,0.8882120251655579,0.22415097057819366,0.5358619689941406
107,0.41041481494903564,0.3016943633556366,-0.26648205518722534,0.9989223480224609,0.5519117712974548,0.35361626744270325,-0.19042566418647766,0.9993975758552551,0.4137912690639496,0.3762178122997284,0.03685755282640457,0.9996017813682556,0.6240982413291931,0.4067852795124054,-0.163802370429039,0.9559841156005859,0.41538065671920776,0.4786472022533417,0.10699661076068878,0.8907709121704102,0.5830313563346863,0.46729370951652527,-0.22320543229579926,0.8271846175193787,0.4648529291152954,0.548804521560669,-0.044028013944625854,0.864341139793396,0.5736655592918396,0.48680150508880615,-0.27386555075645447,0.7289435863494873,0.48395946621894836,0.5709695219993591,-0.08343903720378876,0.8043656945228577,0.5285520553588867,0.5663998126983643,-0.0865776538848877,0.9977486729621887,0.46485021710395813,0.5689433217048645,0.08657904714345932,0.9980748295783997,0.47176897525787354,0.7140098810195923,-0.16515378654003143,0.7264019250869751,0.4566480815410614,0.7191102504730225,0.0668516755104065,0.6543280482292175,0.5055349469184875,0.8304455876350403,0.13995563983917236,0.4742465913295746,0.5165521502494812,0.8311944603919983,0.33747628331184387,0.5448362827301025,0.5102210640907288,0.841931939125061,0.16448791325092316,0.47647014260292053,0.5322266221046448,0.8421274423599243,0.3609044551849365,0.5183181166648865,0.5001792311668396,0.881947934627533,0.026269711554050446,0.4643021821975708,0.514340877532959,0.8851969242095947,0.2263796329498291,0.5303455591201782
108,0.4104595482349396,0.3016407787799835,-0.22251956164836884,0.9990102648735046,0.5513404607772827,0.3534097373485565,-0.18244771659374237,0.9994521141052246,0.41382384300231934,0.37692031264305115,0.07879672944545746,0.9996224641799927,0.6296323537826538,0.40594354271888733,-0.1767263114452362,0.9596481323242188,0.41354867815971375,0.4785691797733307,0.15864311158657074,0.8860047459602356,0.585124135017395,0.4675345718860626,-0.2617182731628418,0.8387410044670105,0.45027849078178406,0.5524072051048279,0.010144746862351894,0.8631259202957153,0.573869526386261,0.48695144057273865,-0.31826385855674744,0.7422066926956177,0.46264031529426575,0.5760231614112854,-0.026186935603618622,0.8021413087844849,0.529145359992981,0.5664884448051453,-0.09178296476602554,0.9978457093238831,0.4651215672492981,0.5695562958717346,0.09177861362695694,0.9981088042259216,0.46844592690467834,0.7144936919212341,-0.1982094794511795,0.7330977320671082,0.4567221701145172,0.7191938757896423,0.03592675179243088,0.6479281187057495,0.5050930380821228,0.8333390355110168,0.13191528618335724,0.4918534457683563,0.5157663226127625,0.8293192982673645,0.33815494179725647,0.5319082736968994,0.5102795362472534,0.8439204692840576,0.15999655425548553,0.48226606845855713,0.5317424535751343,0.8391340374946594,0.3623897135257721,0.5114369988441467,0.4930787682533264,0.8865095973014832,0.020192930474877357,0.474662721157074,0.5119301676750183,0.883313000202179,0.2390071153640747,0.5204545259475708
109,0.41032904386520386,0.3016025722026825,-0.23271922767162323,0.9990724921226501,0.5509876012802124,0.3533313274383545,-0.1847541183233261,0.9994961023330688,0.4138503074645996,0.37831977009773254,0.07588205486536026,0.99961918592453,0.6345265507698059,0.4062638580799103,-0.2017495334148407,0.9630380868911743,0.41163545846939087,0.4792742431163788,0.1596127152442932,0.8806629180908203,0.5851166844367981,0.46971824765205383,-0.3062499463558197,0.8501006960868835,0.43465548753738403,0.5581141710281372,0.0030119074508547783,0.8621795177459717,0.5713016390800476,0.4894668757915497,-0.3671783208847046,0.755031168460846,0.447365403175354,0.5818049907684326,-0.036218881607055664,0.8002956509590149,0.5306110382080078,0.567071259021759,-0.08687952905893326,0.9978911280632019,0.46475300192832947,0.5729238986968994,0.08689145743846893,0.9981074333190918,0.5049846172332764,0.7160216569900513,-0.2367946356534958,0.7381436228752136,0.45599764585494995,0.7202070951461792,0.0147640909999609,0.6506220698356628,0.5059844851493835,0.8269463181495667,0.21213701367378235,0.48719897866249084,0.515916645526886,0.8288195729255676,0.36990585923194885,0.5265897512435913,0.5105490684509277,0.8342911601066589,0.25848251581192017,0.47689464688301086,0.5318787097930908,0.8378804326057434,0.4033682346343994,0.508091390132904,0.4971857964992523,0.8830482959747314,0.13299036026000977,0.46736204624176025,0.5123232007026672,0.8831086754798889,0.27744510769844055,0.5129560232162476
110,0.41017815470695496,0.3014296591281891,-0.27985090017318726,0.9991143345832825,0.5496959686279297,0.3533957898616791,-0.20536239445209503,0.9995339512825012,0.4139629006385803,0.3786245882511139,0.060948457568883896,0.9996271133422852,0.6376218199729919,0.40729743242263794,-0.2745837867259979,0.9661253094673157,0.4096980094909668,0.4782104194164276,0.12939706444740295,0.8780540227890015,0.5841442346572876,0.47138750553131104,-0.46842947602272034,0.861724853515625,0.4129963517189026,0.5557055473327637,-0.01004362478852272,0.8620638251304626,0.5665274262428284,0.4902839958667755,-0.5341247916221619,0.7701535820960999,0.42025378346443176,0.5809338092803955,-0.05708973482251167,0.8003320693969727,0.5304086804389954,0.5671014189720154,-0.05841963738203049,0.9979938268661499,0.4610986113548279,0.5729453563690186,0.058435387909412384,0.9982351660728455,0.5676268935203552,0.6970579624176025,-0.28066587448120117,0.7585372924804688,0.44759804010391235,0.7160363793373108,-0.022026758641004562,0.681532621383667,0.5075092911720276,0.7331753373146057,0.3145204782485962,0.4902987778186798,0.5033556818962097,0.831589937210083,0.3227575719356537,0.5668200850486755,0.5043020248413086,0.7267974019050598,0.37388578057289124,0.4842720925807953,0.5178178548812866,0.8431757092475891,0.3510337173938751,0.5407090783119202,0.4997789263725281,0.7829629182815552,0.2742660939693451,0.47501277923583984,0.4968113899230957,0.88725745677948,0.19113315641880035,0.5499590039253235
111,0.4098508059978485,0.3013708293437958,-0.232197105884552,0.9991737604141235,0.5482907295227051,0.353388249874115,-0.2034337818622589,0.9995760917663574,0.4144514799118042,0.3782183527946472,0.09197478741407394,0.9996499419212341,0.639556348323822,0.4100034236907959,-0.2917056381702423,0.9691898822784424,0.40750718116760254,0.4737969934940338,0.17394477128982544,0.8722019195556641,0.5840330123901367,0.4719201624393463,-0.46613889932632446,0.8735595345497131,0.3929755985736847,0.5544463992118835,0.01339574996381998,0.8626486659049988,0.5645108222961426,0.4902389347553253,-0.5337678790092468,0.7869565486907959,0.3975534737110138,0.5825174450874329,-0.020171768963336945,0.8005726337432861,0.5218523740768433,0.5644760727882385,-0.0719112753868103,0.9980993866920471,0.4504859745502472,0.5652511119842529,0.07199490815401077,0.9983325004577637,0.49647730588912964,0.700115442276001,-0.24939513206481934,0.7580040693283081,0.4614124596118927,0.6970125436782837,-0.018426988273859024,0.6785829663276672,0.4661369323730469,0.7679357528686523,0.3011094033718109,0.4869755208492279,0.5353191494941711,0.8184257745742798,0.2993902564048767,0.5789358019828796,0.4609159827232361,0.7688078880310059,0.3329857587814331,0.4917363226413727,0.5496346950531006,0.8303805589675903,0.322187602519989,0.555245578289032,0.46736595034599304,0.820717453956604,0.2028617411851883,0.46911799907684326,0.5327743291854858,0.8708205223083496,0.18385058641433716,0.5586365461349487
112,0.40980052947998047,0.30119889974594116,-0.21297812461853027,0.9992142915725708,0.5479636788368225,0.3533802330493927,-0.20113132894039154,0.9996140599250793,0.414703905582428,0.37797093391418457,0.09714416414499283,0.9996657967567444,0.6388849020004272,0.41164350509643555,-0.2914823889732361,0.9718737006187439,0.40625691413879395,0.4724147617816925,0.17260007560253143,0.8678549528121948,0.58331698179245,0.4728374481201172,-0.46450936794281006,0.8840755820274353,0.3881341516971588,0.554179847240448,0.009375255554914474,0.8644511103630066,0.5635614991188049,0.49030008912086487,-0.53074049949646,0.8022229075431824,0.3939109742641449,0.5840569138526917,-0.023712219670414925,0.8025612235069275,0.5189560055732727,0.5629620552062988,-0.0834580585360527,0.9981900453567505,0.448787122964859,0.5631835460662842,0.08349718898534775,0.9983770251274109,0.483862966299057,0.7023317217826843,-0.2499045580625534,0.7543228268623352,0.4647967219352722,0.7012158632278442,0.04388592392206192,0.6637040376663208,0.4723968505859375,0.775066077709198,0.21450968086719513,0.48094186186790466,0.5555093288421631,0.806805431842804,0.34545832872390747,0.5694982409477234,0.46955686807632446,0.7793639898300171,0.25524333119392395,0.4888683557510376,0.574618399143219,0.8172417879104614,0.37229111790657043,0.5574245452880859,0.4745165705680847,0.8265441656112671,0.1652127206325531,0.4603004455566406,0.5649453997612,0.8569077253341675,0.2681542634963989,0.5473454594612122
113,0.40985554456710815,0.30108344554901123,-0.13741791248321533,0.9992837309837341,0.5468617677688599,0.35335737466812134,-0.24217934906482697,0.9996519684791565,0.4227912724018097,0.377980500459671,0.20362141728401184,0.9996963143348694,0.6397385001182556,0.41948065161705017,-0.37701180577278137,0.9745616912841797,0.40521758794784546,0.4715183675289154,0.3067096173763275,0.8552916646003723,0.5719636678695679,0.476268470287323,-0.5190736651420593,0.8949838280677795,0.3597559928894043,0.5496731400489807,0.13896016776561737,0.8693973422050476,0.5501210689544678,0.49443483352661133,-0.5878526568412781,0.8199521899223328,0.3506568968296051,0.5802412033081055,0.12046253681182861,0.8101680278778076,0.5190772414207458,0.5707880258560181,-0.14168567955493927,0.9983265399932861,0.45491623878479004,0.5723259449005127,0.1418396383523941,0.9984740018844604,0.4523989260196686,0.7233188152313232,-0.24027231335639954,0.7736937403678894,0.46771153807640076,0.7254847884178162,0.16768936812877655,0.6415543556213379,0.49106502532958984,0.8393313884735107,0.05736210197210312,0.5048832297325134,0.5555717945098877,0.8217139840126038,0.4049590826034546,0.5581640601158142,0.5121268033981323,0.8460487723350525,0.08391959220170975,0.5197579264640808,0.574051558971405,0.8333724141120911,0.42522820830345154,0.5684716105461121,0.47534477710723877,0.8983215093612671,-0.0002806349075399339,0.4780270755290985,0.5498859882354736,0.8820511698722839,0.34168142080307007,0.5432893633842468
114,0.4102613627910614,0.3009934425354004,-0.15276631712913513,0.9993429183959961,0.546080470085144,0.35328778624534607,-0.2612115740776062,0.9996862411499023,0.4263768792152405,0.3778700828552246,0.20010006427764893,0.9997215867042542,0.6394908428192139,0.4236869215965271,-0.4191986322402954,0.9769699573516846,0.4017692804336548,0.4706049859523773,0.29012739658355713,0.8487440943717957,0.5597723722457886,0.47805356979370117,-0.5753633975982666,0.9047189354896545,0.3450012505054474,0.5446270704269409,0.11731518805027008,0.8740333914756775,0.5366078615188599,0.495993435382843,-0.6450176239013672,0.8356404304504395,0.33300864696502686,0.5767732858657837,0.0963740274310112,0.8167514204978943,0.5195547342300415,0.5735232830047607,-0.1512652039527893,0.9984698295593262,0.4590216279029846,0.5751751661300659,0.1513206511735916,0.9985725283622742,0.44929346442222595,0.7275718450546265,-0.25228244066238403,0.7913276553153992,0.46110478043556213,0.725376307964325,0.15958257019519806,0.6404201984405518,0.5238943099975586,0.8275059461593628,0.1037432998418808,0.5330831408500671,0.5643284320831299,0.8131421804428101,0.43341025710105896,0.550024688243866,0.5461037755012512,0.8325742483139038,0.13955388963222504,0.542607843875885,0.5844395756721497,0.8157913684844971,0.4603937268257141,0.5762384533882141,0.5114652514457703,0.8902022242546082,0.06867030262947083,0.501838207244873,0.564543604850769,0.8690215945243835,0.4076974391937256,0.5393115282058716
115,0.41093379259109497,0.30097249150276184,-0.1632731556892395,0.9994021058082581,0.5457379817962646,0.35319432616233826,-0.30268099904060364,0.9997171759605408,0.42827308177948,0.3778449296951294,0.1844477355480194,0.9997480511665344,0.6387572884559631,0.42710748314857483,-0.47629374265670776,0.9791702032089233,0.3965626060962677,0.46949875354766846,0.2737054228782654,0.8422273397445679,0.5486699342727661,0.47979187965393066,-0.6303629875183105,0.9136418104171753,0.3302554786205292,0.5397641658782959,0.11246906965970993,0.8790774941444397,0.5231490135192871,0.49689581990242004,-0.7030583024024963,0.8501678705215454,0.3140552341938019,0.5689653158187866,0.10123691707849503,0.8238884210586548,0.5198389291763306,0.574421226978302,-0.17251619696617126,0.9986053705215454,0.46168532967567444,0.5751467347145081,0.1725912243127823,0.9986965656280518,0.43923884630203247,0.7257975339889526,-0.25599944591522217,0.8096201419830322,0.4613948166370392,0.7208722233772278,0.2923549711704254,0.6217505931854248,0.5476230978965759,0.7956934571266174,0.10956353694200516,0.5609643459320068,0.5576335787773132,0.8096963763237,0.513133704662323,0.5563902258872986,0.5744009613990784,0.7886645197868347,0.14930284023284912,0.5741159915924072,0.580663800239563,0.8128563761711121,0.5324946641921997,0.5952690839767456,0.5597795248031616,0.8481431007385254,0.09766748547554016,0.5306562781333923,0.5585811734199524,0.8676857948303223,0.4755317270755768,0.5520104169845581
