frame_id,timestamp,nose_x,nose_y,nose_z,nose_visibility,left_shoulder_x,left_shoulder_y,left_shoulder_z,left_shoulder_visibility,right_shoulder_x,right_shoulder_y,right_shoulder_z,right_shoulder_visibility,left_elbow_x,left_elbow_y,left_elbow_z,left_elbow_visibility,right_elbow_x,right_elbow_y,right_elbow_z,right_elbow_visibility,left_wrist_x,left_wrist_y,left_wrist_z,left_wrist_visibility,right_wrist_x,right_wrist_y,right_wrist_z,right_wrist_visibility,left_pinky_x,left_pinky_y,left_pinky_z,left_pinky_visibility,right_pinky_x,right_pinky_y,right_pinky_z,right_pinky_visibility,left_hip_x,left_hip_y,left_hip_z,left_hip_visibility,right_hip_x,right_hip_y,right_hip_z,right_hip_visibility,left_knee_x,left_knee_y,left_knee_z,left_knee_visibility,right_knee_x,right_knee_y,right_knee_z,right_knee_visibility,left_ankle_x,left_ankle_y,left_ankle_z,left_ankle_visibility,right_ankle_x,right_ankle_y,right_ankle_z,right_ankle_visibility,left_heel_x,left_heel_y,left_heel_z,left_heel_visibility,right_heel_x,right_heel_y,right_heel_z,right_heel_visibility,left_foot_index_x,left_foot_index_y,left_foot_index_z,left_foot_index_visibility,right_foot_index_x,right_foot_index_y,right_foot_index_z,right_foot_index_visibility
0,0.0,0.25168120646623265,0.002812452569013008,-3.4911614651921505,0.9999129772186279,0.24867905206224578,0.14593511327882053,0.2782042211778992,0.9999529123306274,0.051663284565265116,0.13466434126967428,-3.799700568859482,0.9999572038650513,0.29249432405709763,0.30163961794660593,1.5648607643406292,0.834848165512085,0.01443809525843409,0.32496013759273135,-4.285343307512549,0.9942546486854553,0.3999152856419277,0.41258373667724446,0.1434686113477066,0.9666869640350342,0.1322058448322084,0.4247994877761577,-4.855676033841693,0.9823557734489441,0.43881187910524805,0.4380316223783994,-0.22474418751824418,0.9411289691925049,0.16707526982642323,0.4544245653837876,-5.475968417959062,0.9637634754180908,0.24005617686610276,0.4910263733786006,1.3025780278205783,0.9997565150260925,0.12219371889289311,0.5012971464665671,-1.3035638579005513,0.9997186064720154,0.27825504334969364,0.693076994859961,3.711293794211757,0.8233342170715332,0.14263513706680647,0.718588396101791,1.0029554714973221,0.9809179306030273,0.26712512480601464,0.8869312796911554,6.803599394035027,0.9035998582839966,0.11387486872106403,0.9386553153202721,4.493992138340383,0.9844494462013245,0.22528975762685444,0.9351511723809077,7.040983108805549,0.8864282965660095,0.08491865965217758,0.9660647658933145,4.74358507804728,0.9139212369918823,0.3940153526906046,0.9416752028316873,5.799557126236908,0.9577842950820923,0.2080529075014146,1.0,2.9968892751917844,0.9837550520896912
1,0.041666666666666664,0.2503512802444994,0.002812452569013008,-2.8005543792836947,0.9999068975448608,0.2510438877371957,0.1481742909532509,0.5353549004777622,0.999950647354126,0.052550071977648265,0.13786513878310092,-3.7228800420137897,0.9999569058418274,0.29713950886267243,0.30337317804686437,1.6402152918181734,0.827828586101532,0.01443809525843409,0.323638689018227,-4.233598792113137,0.9943457245826721,0.4035802138199506,0.4035005225995559,0.28059769553891595,0.9651744365692139,0.12660258371714014,0.41386320574981905,-4.675900055233638,0.9827728271484375,0.4443273771823793,0.43588407556906594,0.007180019095163235,0.9390267729759216,0.15836158616867071,0.44745107127192696,-5.262250829900351,0.9645073413848877,0.2397987504147642,0.48692115760878996,1.3282127628781555,0.9997491836547852,0.12330874719080043,0.49829474238350313,-1.3293046032757616,0.9997102618217468,0.2760296072050009,0.6949338038320918,3.5929327640505404,0.8203866481781006,0.13907738683275078,0.7165488873020883,0.6270945314315054,0.9811030030250549,0.2654838023727674,0.8870667134547159,6.405315696262748,0.9040601849555969,0.11564157753915395,0.9361238217300002,3.7346876175315025,0.9847584962844849,0.22734002004318252,0.9206966774611843,6.618760851152691,0.8869529962539673,0.08592764682787919,0.9638161509422999,3.945405032326775,0.9140826463699341,0.3915808007777325,0.9414084592667573,5.492128741044071,0.9579364061355591,0.2089263043838779,1.0,2.244142091627263,0.9839725494384766
2,0.08333333333333333,0.25126400633672935,0.002812452569013008,-2.7709376878954988,0.999893307685852,0.2561344272694167,0.14980055077186935,0.5005341922703631,0.9999450445175171,0.054949378325901875,0.1432505609247329,-3.645843858830957,0.999955415725708,0.3113243193805579,0.3020373860320092,1.6107144264762316,0.8219770789146423,0.01443809525843409,0.3236305297445338,-4.165942423635486,0.9944068193435669,0.41954753470013806,0.394023672114531,0.2575779798570482,0.9624109864234924,0.11862390940625046,0.4088765898461296,-4.6054586552042505,0.9830688238143921,0.4649932957537536,0.4305337049896709,-0.018684225930865588,0.9348971247673035,0.1475016068374921,0.4391582353148479,-5.172048746340008,0.9650382399559021,0.2428048753882841,0.48175703274592163,1.3123941048725067,0.9997227787971497,0.1268095675215769,0.4954259755559322,-1.3134234686301132,0.9996855854988098,0.2778914935785236,0.6959276109221317,3.4675380806708507,0.815712034702301,0.1402599468694778,0.7158154091939634,0.5375284685929168,0.9810656905174255,0.2661361893366404,0.886749489420045,6.167698860858009,0.9035888910293579,0.11923811569565575,0.9355905022898482,3.519714409456413,0.9848499894142151,0.23090780025205954,0.9146943316814652,6.372998696874099,0.8873230814933777,0.08926283498156541,0.9635429969574972,3.720506620976977,0.9134581685066223,0.38865396523860907,0.9406316927089016,5.2797061726283525,0.957790195941925,0.2121540348822184,1.0,2.0463057866608065,0.9839717149734497
3,0.125,0.25629234089217323,0.002812452569013008,-2.8239027975343354,0.999901533126831,0.259384377055719,0.1499838477725525,0.5473458781955648,0.9999458193778992,0.06042388946307849,0.1495998172433331,-3.6868267015961664,0.9999557137489319,0.31976412045167196,0.28915794731522476,2.108208665622216,0.8235830664634705,0.01443809525843409,0.32367453613922514,-4.579039184893031,0.9946418404579163,0.4430361759576359,0.3742036012590351,1.1774341171434872,0.964218020439148,0.10273950499377225,0.40121388266337654,-5.789799362635256,0.9841164350509644,0.4998404904641476,0.418255203851845,0.9700401148398899,0.9378275275230408,0.12845767529359986,0.4298452237544754,-6.440623182927569,0.9671223163604736,0.24647426898171862,0.4827432151419669,1.3262689173282682,0.9997199773788452,0.13233615552833886,0.49610592104093476,-1.3273091211690538,0.9996799826622009,0.2814309766512256,0.6968092390070088,3.5909333789542823,0.8202107548713684,0.14284352332579564,0.7160009701400162,0.5847924577447778,0.9817522168159485,0.2708712105582901,0.8864512164153595,6.318915877168798,0.9061060547828674,0.12455705493401069,0.9356658961232306,3.8416741817822726,0.9854244589805603,0.2376896041714679,0.9131656252421577,6.5308473567012175,0.8899224400520325,0.09480931482016348,0.9636473910043332,4.062831685168779,0.9160730838775635,0.3923927201927667,0.9405594004454191,5.620627940882123,0.9588547945022583,0.21745245659780751,1.0,2.365666661256251,0.9845266342163086
4,0.16666666666666666,0.25894046247590335,0.002812452569013008,-2.8522318575605223,0.9999057054519653,0.2622530516833142,0.148124985829446,0.5100408984985638,0.9999473690986633,0.06363219372787464,0.15405153077535777,-3.540563535914785,0.9999518990516663,0.3422739858679496,0.27351503661805326,1.9298988369238876,0.8327276110649109,0.01443809525843409,0.3218186150300845,-4.742458890756011,0.9945507645606995,0.4747122857663778,0.36477199595322524,0.9628069057698951,0.9662313461303711,0.0791572179536526,0.3889560504207431,-6.263918195623051,0.9846032857894897,0.529827121253121,0.40066196778920715,0.7688477728646951,0.9409353733062744,0.09909748495975965,0.41682813831319365,-6.917146659766045,0.9683469533920288,0.2456987589076606,0.4819462781383602,1.286212727827857,0.9997135996818542,0.13388668145010416,0.49603754415343404,-1.287652068985256,0.9996650815010071,0.2811646538554573,0.6958066026933512,3.5441415076362213,0.8207850456237793,0.1437912446971942,0.7147686486838927,0.6715935458552639,0.9815101623535156,0.2734700933224056,0.8848299204825649,6.250138329063092,0.906213104724884,0.12729396953542182,0.935307681131208,3.757563014175621,0.9852126240730286,0.2433590243521558,0.9120126989629637,6.462162607094611,0.8893130421638489,0.09756324158953301,0.9638619680038618,3.971997249761563,0.915060818195343,0.39395119587401767,0.9396560456044318,5.451066417351109,0.9585434198379517,0.22176873467987024,1.0,2.3358526255359955,0.98420250415802
5,0.20833333333333334,0.26274357509841595,0.002812452569013008,-2.9366879625447813,0.9999123811721802,0.2665947896276486,0.14703515569255118,0.5102908872526719,0.9999489784240723,0.06926965820863747,0.15266141670178637,-3.431541438725241,0.9999492168426514,0.36649101798808675,0.2646131356514235,1.8641526086028959,0.8423046469688416,0.01443809525843409,0.3183688501935232,-4.841068568067093,0.9942866563796997,0.51455700538777,0.3519488180226439,0.8608597153094903,0.968267023563385,0.05123244279107943,0.3694168100698261,-6.730611340196402,0.9849410057067871,0.5668539012287831,0.38009743505248905,0.657135274108719,0.9440749883651733,0.07282837373965916,0.3870777070778942,-7.432727553132243,0.9693845510482788,0.24893930679207935,0.48146879147314614,1.2759366851607925,0.9997161030769348,0.1381561801609346,0.4957516458917292,-1.277969391473212,0.9996647238731384,0.28047920105529567,0.6933061109631311,3.844201220855261,0.8266547918319702,0.14706309549631083,0.7147969000186153,0.9815750266580673,0.9823433756828308,0.2775768035460824,0.8811935376169686,6.821748501840219,0.9099059104919434,0.13070233514596707,0.9354209535828285,4.1785635903718985,0.9858690500259399,0.2500416590495052,0.9088972567190047,7.068961074812786,0.8927611708641052,0.1009957732691609,0.9650558612260692,4.420802792201033,0.9177298545837402,0.3977731709037022,0.9349507895166914,6.084992731802283,0.9600429534912109,0.2264428853261554,1.0,2.8375115672154405,0.9847602844238281
6,0.25,0.2708929282313943,0.002812452569013008,-2.749481139115791,0.9999171495437622,0.2835323701237431,0.145302702850486,0.4782309572833979,0.9999496936798096,0.0784362103146157,0.15018361085567924,-3.032732030604391,0.999948263168335,0.4015471723528129,0.25973057515842146,1.756887705570696,0.8502392172813416,0.01443809525843409,0.31584314625053095,-4.515950285309387,0.9939232468605042,0.5667640012029562,0.3398188497365032,0.7806534653871143,0.9701377749443054,0.04065625127113925,0.34931286796355654,-6.438648789561105,0.9854199886322021,0.6246987441644288,0.36197911630732454,0.5153749665100292,0.9472428560256958,0.062343670710084224,0.3512696055517361,-7.107700395436944,0.9706946611404419,0.2587970171487938,0.4790756975512106,1.225284901275913,0.9997085332870483,0.14727931188772764,0.49282620684044626,-1.2272576320751714,0.9996650815010071,0.2896791161072765,0.6910732516292254,3.653099919977845,0.8291003108024597,0.1568090053672917,0.7129162418422034,0.4327494240246748,0.9832091927528381,0.2873804962394283,0.8809705535798948,6.35098826146041,0.9135323166847229,0.13843658373781956,0.9350909118794589,2.9794402645833533,0.9865171313285828,0.2613425631101885,0.9070433617690656,6.560387496665373,0.8961931467056274,0.10873990340341906,0.9657565587451379,3.154015360874657,0.9198455214500427,0.40763050307440657,0.9317541088221898,5.650616090470838,0.9612219929695129,0.23553421856860218,1.0,1.5762423808258685,0.9852216243743896
7,0.2916666666666667,0.2868101367551845,0.002812452569013008,-2.5698210499580947,0.9999228119850159,0.30640180051679033,0.14348955907829294,0.610723854636279,0.9999503493309021,0.09427199618926979,0.148671433627565,-2.8675076773616834,0.9999486207962036,0.44153556193634047,0.24794022316189482,2.0639296089148944,0.8604273200035095,0.01443809525843409,0.3083035730917742,-4.551749268839523,0.9939124584197998,0.6146567415595786,0.32337618187188816,1.2783633122479017,0.9721960425376892,0.03480098780938896,0.329247354177034,-6.844931651757012,0.9863370060920715,0.6777911203599968,0.34140416891753445,1.1592121138429938,0.9505439400672913,0.05778984302026975,0.32456337600889884,-7.5107266734009235,0.972640872001648,0.2793218656611164,0.4777306463072906,1.1821942178831442,0.9996961951255798,0.16572145744462863,0.49065945324537436,-1.184150700308406,0.9996656775474548,0.3077077473315574,0.6895468371205569,3.5033910369247985,0.8335752487182617,0.17590325216016772,0.7110744023779807,0.04820801775408634,0.9839893579483032,0.30595519730907095,0.8807514217057275,6.123252450247169,0.9170455932617188,0.15577177930762862,0.9333985752339794,2.2237808306253335,0.9871183037757874,0.2802473382102873,0.9070719381767571,6.323282849715451,0.8982840180397034,0.12531501060458083,0.964952459012031,2.3683117469843507,0.921825110912323,0.4264118595671414,0.9299023899558518,5.414609044783565,0.9622282385826111,0.25172434210351236,1.0,0.8582120622351226,0.9857426881790161
8,0.3333333333333333,0.305746771299922,0.002812452569013008,-2.370506298487151,0.9999240040779114,0.34212874618324485,0.1386639435765918,0.5906833260104466,0.999948263168335,0.10523771941339635,0.14430449675395712,-2.5030120250050465,0.9999481439590454,0.5015981411695146,0.23039660635633155,1.9106945347964341,0.8686740398406982,0.01443809525843409,0.2962420369759666,-4.348348155306526,0.9936503171920776,0.6808446248453821,0.2794294371213262,1.182580329113248,0.9739923477172852,0.010665169313981955,0.287150662175676,-6.980147885946755,0.9871388077735901,0.7515111602402168,0.29214186002580617,1.085923046068453,0.9535181522369385,0.009570236833595338,0.2789122207672039,-7.633130088933304,0.9743971824645996,0.3055029712258548,0.47479540804728354,1.0416930102435353,0.9996638298034668,0.1845981454385173,0.48770900770234815,-1.0440566755862766,0.9996694326400757,0.32824034645091127,0.689267166993779,3.1681599931724804,0.841314435005188,0.19553639751672114,0.712044964337819,-0.7025066465009037,0.9845613837242126,0.3258692489863787,0.8792301814219408,5.847002765594695,0.9212608933448792,0.174651969557742,0.9316019058962398,1.1584916608438898,0.9875421524047852,0.30055839888920555,0.9054334531855832,6.0558301038530145,0.900018572807312,0.1446693630754749,0.9630375074574142,1.2766617679660932,0.9224977493286133,0.4461814171381247,0.9290678525956071,5.178354092725759,0.9634052515029907,0.2650783842251813,1.0,-0.2199733606300028,0.9861856698989868
9,0.375,0.3177478381962829,0.002812452569013008,-2.4822391595885662,0.9999281764030457,0.3599912332383824,0.13275766804140973,0.5369478493389974,0.9999464154243469,0.11251234580943176,0.140953707594,-2.4795495019487475,0.9999486804008484,0.5403877460035416,0.2127930800885662,1.9511490989091649,0.8771892189979553,0.01443809525843409,0.293675281610153,-4.413533773380183,0.9938338994979858,0.7295508198045371,0.2536071292653384,1.423389855599103,0.9759196639060974,0.007567750512620198,0.2503173872589909,-7.102070024967364,0.9882183074951172,0.8005627923981106,0.2640318999936616,1.3918237084355056,0.9566977620124817,0.003512655240279594,0.23133285532463094,-7.750060150999621,0.9765477180480957,0.32287490943731995,0.47635287739932597,0.9993154832042286,0.9996592402458191,0.19811256543312428,0.48965399105619156,-1.0017787300488477,0.9996824860572815,0.3432158423245237,0.6895068709962202,3.3252131283680435,0.8492287993431091,0.20861917353347295,0.7179765148137679,-0.21188600940082095,0.985216498374939,0.3393058345499734,0.8772899420532569,6.362065579697965,0.9253376126289368,0.18488954495479287,0.9300404132198915,1.9914923433934268,0.9880011677742004,0.31388937994283683,0.902664742507802,6.614667122055179,0.9034836888313293,0.15467584243684948,0.9610578469871145,2.1529488921606643,0.9242965579032898,0.4599136615725131,0.9271424074575777,5.836666166017779,0.9647257924079895,0.2772673565432322,1.0,0.7973251916629097,0.9866039156913757
10,0.4166666666666667,0.3381781988659024,0.002812452569013008,-2.79224168981409,0.9999316334724426,0.380799356764517,0.12962532387344367,0.525412955377007,0.9999403953552246,0.13266778553051178,0.1443319678104634,-2.7724397778259564,0.9999470114707947,0.5716299543360468,0.19937103283394667,1.9998929655460131,0.8839108347892761,0.01443809525843409,0.2921911062870823,-4.975574451750107,0.9941692352294922,0.7619675675415944,0.23239704788655396,1.7617467425921611,0.9775034189224243,0.007878206500586484,0.23471521560508074,-7.619353887925476,0.989268958568573,0.8289447024635471,0.2398432674098827,1.8117549336992163,0.959240734577179,0.0033984914537243953,0.20751585264739345,-8.27045054846238,0.978607714176178,0.34690476292170286,0.4818892479622601,1.018690560159176,0.9996587634086609,0.22127957305565152,0.4952081679374234,-1.0220839539495878,0.9996902942657471,0.36472320799815916,0.6918291795490839,3.4034563749413174,0.8559542298316956,0.2292608210969279,0.722294639010246,-0.0018648265137186442,0.9856821298599243,0.3600829350929056,0.8775268535331237,6.5402154636274,0.9288277626037598,0.20476843415832416,0.9307163095538729,2.3598641466145653,0.988436758518219,0.33516503464171177,0.9035289592110328,6.8060960156544175,0.9067255854606628,0.1748943290313935,0.9613474096264292,2.595005206446645,0.9262802004814148,0.4821884288087063,0.9265073562583855,6.055467321538415,0.9659460186958313,0.2980303716275919,1.0,1.287223216297411,0.987021803855896
11,0.4583333333333333,0.3648324814695787,0.002812452569013008,-2.755830446813524,0.9999318718910217,0.4144129397377266,0.1298186732857367,0.3491082260185216,0.9999338388442993,0.15930832745346565,0.14935597606003373,-2.8015492624195386,0.999944269657135,0.614550161107707,0.19137471772966533,1.805471518677822,0.8923386931419373,0.015274382040249342,0.2860415877070144,-4.944734336065363,0.9944284558296204,0.8025901300668083,0.21608710448634902,1.417282371302887,0.9791404604911804,0.005025269089825842,0.21084264940500275,-7.558641521940759,0.9901943206787109,0.8707185525133218,0.22259391345982082,1.435377181017314,0.9619207978248596,0.0032843276671691963,0.179235108926633,-8.204021330358058,0.9804169535636902,0.3817138716984193,0.4863902575228621,0.9935680228859413,0.9996570944786072,0.25198097844466527,0.4991789530220252,-0.9970550788124157,0.9996969103813171,0.39371020250090816,0.693686576305474,3.2215096534685617,0.862034797668457,0.25699650889944486,0.7243927594182273,-0.06683932304098412,0.9859039187431335,0.38698087238692747,0.8794570430809199,6.346828939922801,0.9318035840988159,0.23149822763512456,0.9313638344714863,2.3424566228138235,0.9888889193534851,0.3621324115515153,0.9051528985713156,6.616499117203032,0.9107038378715515,0.20254586596943375,0.9618268185200023,2.5444158271318966,0.9295763969421387,0.5092252222109717,0.9283147078602926,5.852486017536376,0.9673954844474792,0.32575800932694426,1.0,1.2378006352403519,0.9875066876411438
12,0.5,0.37816036417838683,0.002812452569013008,-2.6917804110310963,0.9999334216117859,0.4422211366700351,0.1299117282505667,0.315100395497921,0.999921977519989,0.17656096667096252,0.14960174406026308,-2.6511837263813103,0.9999417066574097,0.644655455225317,0.18052675830952453,1.7241201012263772,0.9006165266036987,0.021699280013104835,0.2524626437335285,-4.690680403797631,0.9947813749313354,0.8422951281560138,0.19538479272949974,1.256807603978584,0.9806932210922241,0.005053329140171308,0.16750604356030388,-7.105350093397484,0.9910554885864258,0.9080930137916315,0.19954293022952227,1.2615713767850845,0.9644489884376526,0.0031701638806139977,0.13083072144098984,-7.729195600014032,0.982064425945282,0.40319526145136253,0.4932072575660428,0.9593991659149973,0.9996541142463684,0.2747466951680786,0.5016696754181922,-0.9628817706540146,0.9997028112411499,0.4131785783647375,0.6982643469511315,3.09599281561588,0.8676236271858215,0.272914775849067,0.727455981632937,-0.07077444643606458,0.9865232706069946,0.39979810685002615,0.8824003403421675,5.964555398906115,0.935124933719635,0.24413603472706188,0.9326500132708644,2.183464528975349,0.9895148277282715,0.3745797309598099,0.9080704123195223,6.2049429731324715,0.9150328636169434,0.21632622338134957,0.9641689995408367,2.35742808143062,0.9337281584739685,0.5240079970542082,0.9301291824140812,5.436899360098117,0.9691415429115295,0.3420096095592359,1.0,1.0609872341923214,0.9881896376609802
13,0.5416666666666666,0.3888757662103885,0.002812452569013008,-2.921594684590569,0.9999371767044067,0.46247541941620857,0.12992298172612218,0.20762482938512614,0.999911367893219,0.19191284130220582,0.15022289150844803,-2.3910461513089136,0.9999392032623291,0.6684993020393887,0.17823929171660985,1.242094029642656,0.9082183837890625,0.018619259020701055,0.2347854984153255,-4.411943328522475,0.9951377511024475,0.8678214431202093,0.18930428683248518,0.6657342726127589,0.9820178151130676,0.004185164311338457,0.12528119707976268,-6.808782614824168,0.991807758808136,0.9317505561290433,0.19153920043253295,0.6308178175565745,0.9665161967277527,0.003056000094058799,0.08453248102869476,-7.414193348354082,0.983456015586853,0.42140311677536874,0.49508721575034237,0.9353317119940325,0.999651312828064,0.29429077284341376,0.5018014208750475,-0.9388886448020597,0.9997116327285767,0.4279213703915405,0.7002421800685058,2.999192183916324,0.8709075450897217,0.28898042031198684,0.7265376728105685,-0.07330487915134082,0.9872757792472839,0.41148397143320276,0.8846358821070412,5.650926953412615,0.9380808472633362,0.254568402805919,0.9332577164904259,1.9949307509327951,0.9900375008583069,0.38651275097789145,0.9111874448136569,5.867596048583362,0.9187107086181641,0.2273048163014593,0.9660829266784114,2.1474794981867,0.9367042183876038,0.5406444085303691,0.9311583693422003,5.109335279580545,0.9704750776290894,0.3550250098109055,1.0,0.8931097852795442,0.9886716604232788
14,0.5833333333333334,0.39968168835691925,0.002812452569013008,-2.9146131676655207,0.999941349029541,0.47720948568696375,0.12983792077236525,0.19007213609797569,0.9999074339866638,0.20491691599968834,0.15077889793583554,-2.3889759158586474,0.9999374747276306,0.6851239917079152,0.17359218684760266,1.2533384631193332,0.9156202077865601,0.028113111176667597,0.2273827257998246,-4.526096336548206,0.995460033416748,0.8887327667208507,0.18522534533150692,0.7419817498061083,0.9833367466926575,0.004185864698905787,0.10583615740577342,-6.960585338518201,0.9924924969673157,0.9507539923804983,0.18671475081459146,0.6971345958574727,0.9686670303344727,0.0029418363075036,0.06368636847036607,-7.565678465542767,0.9847384691238403,0.43494895360041763,0.49477496099350526,0.9281683722946056,0.9996508955955505,0.30886424674346546,0.5015210368702108,-0.9317221237919898,0.9997212290763855,0.4397866246513056,0.6999457271989308,2.973462941329903,0.8753548860549927,0.3028813862938203,0.7258461729018234,-0.3176371751974542,0.9880107045173645,0.4181729977165468,0.8853637243261349,5.587248874549152,0.9412330985069275,0.26184881795171117,0.9329068312475486,1.5701473379450515,0.9906184673309326,0.39303230463622907,0.9121113584648589,5.800165748261242,0.922827959060669,0.23459648005924058,0.9656746841689237,1.7014858148318606,0.9402285218238831,0.5470966049199792,0.9317072358629342,5.0429733251263835,0.9720059633255005,0.36107588003513413,1.0,0.4158632360055968,0.9892458319664001
15,0.625,0.4127092282210988,0.002812452569013008,-2.953815126713911,0.999945878982544,0.488915868782468,0.12853159663996339,0.24125974315766616,0.9999085664749146,0.21975176532024465,0.14990580502201606,-2.4169555082418555,0.9999389052391052,0.6970644544011234,0.17003033275840132,1.4451518940926686,0.9225993752479553,0.03605463022709298,0.21694663535059736,-4.651209899292573,0.9957915544509888,0.9014530896504852,0.18269868096433997,1.0615174844743658,0.9846256971359253,0.006209758111500277,0.08572285092410048,-7.081275664871904,0.9931401610374451,0.9644805481034925,0.18359084439314224,1.0857563105895407,0.9707979559898376,0.0028276725209484014,0.04366213099816611,-7.697685871313403,0.9859585165977478,0.4458356760411118,0.49296768623038567,0.9747819975828351,0.9996580481529236,0.3240498140212067,0.5003290156117625,-0.9783863945726436,0.9997361898422241,0.4509167439846149,0.6988035511736177,3.179829607619375,0.8793630599975586,0.31648807545389224,0.7241544817593386,-0.6470259336571356,0.9887603521347046,0.42872174258747087,0.8887052562214481,5.786594150474683,0.9444975256919861,0.27032019774061095,0.9329851104555262,1.0134887267654966,0.991226077079773,0.40387479487657546,0.9161974322481594,5.996077932044722,0.9271512627601624,0.24183355847495064,0.9654060354626482,1.1200936314302417,0.9436784982681274,0.5609615410581752,0.9316146388766815,5.236654574583462,0.9735132455825806,0.3681239378828635,1.0,-0.21397266519964833,0.9898650050163269
16,0.6666666666666666,0.4119181557324333,0.002812452569013008,-2.9319542993397016,0.9999499917030334,0.48984339664237625,0.12813747882162496,0.38043202536666587,0.9999101161956787,0.2230903961355126,0.1494906310082753,-2.3919839652095973,0.9999401569366455,0.6995115889572272,0.16870513413519864,1.5870873848978828,0.9290111660957336,0.03516370523761071,0.1999848812636868,-4.638643903751412,0.9961074590682983,0.903701701476692,0.18112132978868176,1.208275180269001,0.9857827425003052,0.009060262071848459,0.05839918002149498,-7.079833020500469,0.9937302470207214,0.9700024175338481,0.18205693468552867,1.2342013882667315,0.972650945186615,0.002713508734393203,0.01688068129604036,-7.704202502060625,0.9870615601539612,0.4463311145656182,0.4921444789562429,0.9995317510489563,0.999666154384613,0.3247105297673079,0.49818132648411995,-1.0030306235216484,0.9997507333755493,0.44908223215099097,0.6986143797947671,3.149631997435924,0.8805972933769226,0.3156177943533783,0.7226043274321685,-0.8044228154606159,0.9893718957901001,0.4224161617161789,0.8888469441553675,5.751546321704436,0.9467964768409729,0.2638502962959562,0.9329038201493228,0.7518355386457297,0.9916618466377258,0.3971925597983619,0.9161280117777085,5.9668306400910005,0.9304568767547607,0.23463214058348608,0.9652698937316534,0.8473945494191132,0.9458507299423218,0.5540081253891561,0.9324911159124634,5.199528273607276,0.9744188189506531,0.36034942380779084,1.0,-0.494563258609897,0.9902661442756653
17,0.7083333333333334,0.4109786572286216,0.002812452569013008,-2.9716831104331045,0.999954104423523,0.48833398656302424,0.12805157872405537,0.4654459866242963,0.9999125599861145,0.22601397382222155,0.14927043689272979,-2.4260804508778415,0.9999415874481201,0.6955408585703791,0.1694248374029466,1.671077923685852,0.9345554709434509,0.03506438204814516,0.1960671741150687,-4.762143047064452,0.996370255947113,0.8976207799994379,0.18114018357891512,1.242403878774828,0.9868020415306091,0.009506568297074337,0.04904312093324653,-7.276611728633256,0.9942526817321777,0.9611998838338575,0.1820168778429029,1.256177041742864,0.9743049144744873,0.0025993449478380042,0.006389536489516856,-7.925566126876372,0.9880485534667969,0.44261193897463774,0.4909298520343393,1.0389079583827627,0.9996795058250427,0.32381033186349456,0.4973843682123882,-1.0425688689370463,0.9997671842575073,0.44631750869734527,0.6972285365544302,3.304879744678023,0.8828471899032593,0.31572992820275947,0.7213762644877963,-0.6727263963387522,0.990020215511322,0.4219054768774961,0.887232335009229,5.962401642960752,0.9493739008903503,0.26086348438497553,0.9320376241698396,0.9614468552204826,0.9921430945396423,0.3996915923126504,0.9146742275207319,6.1784743853864965,0.9341142177581787,0.2302570544654035,0.9644886666586493,1.0643546444421133,0.9484620690345764,0.5513550490845804,0.9313233791271819,5.420689884271817,0.9755235910415649,0.3591785504307163,1.0,-0.29423927964886887,0.9907095432281494
18,0.75,0.4078964515013251,0.002812452569013008,-3.0046743948282626,0.9999575018882751,0.48339422718471386,0.130618586527271,0.5232637211659781,0.999914288520813,0.22507086947197746,0.15078593580264973,-2.483639856348428,0.9999423027038574,0.689044784391776,0.17316491478007692,1.7853620909791639,0.9395329356193542,0.03140311451363196,0.19452648976941558,-4.9175997615260085,0.9965966939926147,0.888170030287594,0.18413720305924777,1.4027423212938546,0.9877393245697021,0.012520621196121809,0.04267087858800203,-7.3766236216470515,0.9947288036346436,0.9505578231887417,0.18518104086847623,1.4340200414756035,0.9758661389350891,0.002485181161282805,0.00640942625014136,-8.029386914968173,0.9889664053916931,0.43912711680085303,0.49220338089234883,1.065343562117659,0.9996899366378784,0.3221139318891192,0.49849224531725517,-1.0691188671531868,0.9997808337211609,0.44254416849699346,0.6977774191434792,3.36729927665093,0.8860122561454773,0.3113296616159518,0.7218099363209912,-0.6021452368253378,0.9906051754951477,0.4167534378376896,0.8872816816468257,6.0528217512203515,0.951905369758606,0.2559331175300026,0.932349160434678,1.1010046682804333,0.9926216006278992,0.3937511771828556,0.914732840524757,6.272700446080849,0.9378369450569153,0.2251678597330025,0.9642851913825213,1.2089376618036833,0.9514546394348145,0.5454605079705921,0.9314146354196376,5.5253789996691385,0.9767757058143616,0.35340163859215984,1.0,-0.1496360131822768,0.991182267665863
19,0.7916666666666666,0.400325913731128,0.007792186066153981,-2.9617917094598285,0.999960720539093,0.4770824701236416,0.13508947643899405,0.5067730031683012,0.9999162554740906,0.21875816488518626,0.15455979878759094,-2.508889002926943,0.9999428987503052,0.6813825765771142,0.17883735525657082,1.7315531939701407,0.9439031481742859,0.027068477646845404,0.1990050291905657,-4.972101901808827,0.9968072175979614,0.8783089210881609,0.18917176590194443,1.2988867827289683,0.9885807633399963,0.009644764966236598,0.04487630011646459,-7.457484203648693,0.9951633214950562,0.9395192397049915,0.19037145036813488,1.3076538397697781,0.9772782921791077,0.0023710173747276066,0.006429316010765864,-8.122108153371304,0.9898057579994202,0.43380353192639287,0.49471819402009826,1.0649545684740152,0.9997007250785828,0.3166312754809457,0.5004279412472727,-1.0686340451229377,0.9997937083244324,0.43529386736976144,0.6985193924400054,3.3631525054011737,0.8887822031974792,0.3039775846383483,0.7224264067839901,-0.5485167261321344,0.9911419749259949,0.4089060781093052,0.8870685606335282,6.085702088044219,0.9540477991104126,0.24741926235508696,0.9320607786561413,1.2093732324467614,0.9930243492126465,0.3837260085335337,0.9141988831178018,6.309874441229063,0.9409602880477905,0.2162372797386894,0.9634618856326277,1.3243773122003293,0.9538210034370422,0.5376587309663292,0.9310524245975427,5.565003959628337,0.9777772426605225,0.34388482660294867,1.0,-0.024703808152648398,0.9915602207183838
20,0.8333333333333334,0.39826358954098223,0.01402289136609049,-2.964403607531735,0.9999637603759766,0.4733970614592232,0.1407439628568027,0.5761871074680621,0.9999185800552368,0.21791251358921396,0.1593178508960705,-2.4965538270078005,0.9999431371688843,0.6755521047419325,0.1851760808903274,1.8100497547135135,0.947895348072052,0.03776558655037398,0.20289229493205724,-4.922730857000763,0.997006893157959,0.8679328565279903,0.19613896254936927,1.3851920145772811,0.9893750548362732,0.016103692733973246,0.046806354846263665,-7.405261876617996,0.9955604672431946,0.9282829643913537,0.19917967589970084,1.3899232278219762,0.9785983562469482,0.002256853588172408,0.006449205771390368,-8.072207177708117,0.990566611289978,0.43345177153636943,0.49734547542952384,1.0773282558865682,0.9997121095657349,0.3181107100666804,0.5028660649691978,-1.0809451008994062,0.9998064041137695,0.42954756257579546,0.7009343361333765,3.3401916083145387,0.890527606010437,0.3015562675220731,0.7240453536335367,-0.6090759085621016,0.9915792942047119,0.40277200340662467,0.8868244476336127,6.1004097085785265,0.9557502269744873,0.2433491018363591,0.9317607565741707,1.1206631100577873,0.9933406710624695,0.3772783110258729,0.9135071880564056,6.3266673164092975,0.9434671401977539,0.21032165391362825,0.9628719781578324,1.2313222502805954,0.9554237127304077,0.5300604531961962,0.9308919626422535,5.5678060431537535,0.9784089922904968,0.3375804069372692,1.0,-0.14726649732793287,0.9918281435966492
21,0.875,0.39391546797994886,0.018052939067168507,-2.9466284295753202,0.9999659061431885,0.4681036897650272,0.1441451444545944,0.5958614301686083,0.9999196529388428,0.21293490207301463,0.16219775771642253,-2.4979530349481798,0.9999434351921082,0.6672137589941007,0.18905343578999032,1.8512795699447195,0.9512630105018616,0.038968078048884705,0.20578875289991191,-4.951903357057773,0.997215986251831,0.8560827238004124,0.20176772855098013,1.4635283338359628,0.9900026917457581,0.018336911001775175,0.04917327872314542,-7.361108944015421,0.9959314465522766,0.9183456881976428,0.2062642983746158,1.4712965152531208,0.9795479774475098,0.002142689801617209,0.006469095532014872,-8.026594699749163,0.9912729263305664,0.42992406063967187,0.4991183381686104,1.0768689887832348,0.9997216463088989,0.31372545569904237,0.5043979485471265,-1.0803225893752413,0.9998175501823425,0.4235900138578043,0.7032630121602933,3.3184674518633686,0.8919800519943237,0.29665201780695605,0.7247694226735886,-0.6078916547857444,0.9919185638427734,0.3926110737195182,0.8873164437148142,6.077986026913159,0.9571120738983154,0.23690987448870549,0.9318843987917312,1.1588730256163549,0.9935656785964966,0.36434570109953435,0.9135083259880519,6.303055939516723,0.9455618858337402,0.20307551118694986,0.9627592767043252,1.2733791936146432,0.9565963745117188,0.5180105517923952,0.9318694117460774,5.530332803193838,0.9789001941680908,0.33040388719654734,1.0,-0.1124706932338989,0.9920342564582825
22,0.9166666666666666,0.38255313705206656,0.021838417645443024,-2.961800612606158,0.9999678134918213,0.45513259343101287,0.14782052206167415,0.6027134560478682,0.9999198913574219,0.20272252104474672,0.1650782209355862,-2.5620978936409733,0.9999434351921082,0.652971525384546,0.19255402670116173,1.9155073587706795,0.9541062116622925,0.03422019009917959,0.20996595306419177,-5.091627170422705,0.9974095821380615,0.838643109797634,0.20580330442947842,1.6286390040827081,0.9904929399490356,0.01950013409674316,0.04831677741823836,-7.485213118472838,0.9962663650512695,0.9022060050664543,0.21151251385612235,1.6545531385583305,0.9802075028419495,0.0020285260150620103,0.006488985292639375,-8.162657700182988,0.9919091463088989,0.41852502673817626,0.5013659685194096,1.0869010993739359,0.9997316598892212,0.3026358289613899,0.5061640993471794,-1.09039325242764,0.9998274445533752,0.410324345279957,0.7050785975753492,3.377741439012417,0.8934013247489929,0.2862790783754877,0.7257424836015592,-0.5901374827975243,0.9922038316726685,0.3776714960975575,0.8881140932754867,6.174954623332584,0.9583226442337036,0.226255298120113,0.9322127651008194,1.246805415790362,0.9937351942062378,0.34776149351952323,0.914288608660247,6.404522715320319,0.9473680853843689,0.19057426524400736,0.9630650164650021,1.3773922532443341,0.9575181007385254,0.5016813069140021,0.9332090422115769,5.628393848763895,0.9793701767921448,0.32012399240746187,1.0,-0.04593464706623985,0.9921985864639282
23,0.9583333333333334,0.3789184667940519,0.026593233297143935,-2.9802773392099025,0.9999698996543884,0.4496514590127756,0.1509118963444798,0.6358312288218418,0.9999215006828308,0.1987785114766845,0.16717945269960977,-2.5643711789443677,0.9999440312385559,0.6455423305793229,0.1951802323235209,1.9619213664534034,0.9566422700881958,0.03562951230171522,0.21204928316509172,-5.082657729195009,0.9975982904434204,0.82892456529781,0.20921372182130152,1.663495427247634,0.9909878373146057,0.020681733047730307,0.04936873198990064,-7.495115459992481,0.9965791702270508,0.8928412893383451,0.2142157903897297,1.6820839230550664,0.9809237122535706,0.0019143622285068115,0.0065088750532638785,-8.172646743659842,0.992504358291626,0.41492075540090034,0.5031921116776923,1.096176055367328,0.9997432231903076,0.2989844744336666,0.5074441582066526,-1.09953381096179,0.9998379945755005,0.40725484225408726,0.7062538261390746,3.395365445914018,0.8955740332603455,0.28265285625998293,0.7260536565987269,-0.6241348664762006,0.9925668835639954,0.3715819311470829,0.8901346936980336,6.199394884485116,0.9598638415336609,0.22147945490841459,0.9324780659523224,1.1438339234456303,0.9939314723014832,0.3418807604222069,0.9163067642608637,6.426416986375567,0.9492499828338623,0.18519870143001652,0.9633537897164652,1.260027932417646,0.9580965638160706,0.49549983537602443,0.934117374854201,5.637161486864853,0.979819655418396,0.3147765223863669,1.0,-0.157615748469069,0.9923824667930603
24,1.0,0.3736980198545852,0.03967012214099516,-3.058018783586312,0.9999715089797974,0.43936440797855203,0.1618358264121212,0.6601730961922906,0.9999210238456726,0.19488487292934956,0.17686426554921836,-2.5719776743320857,0.9999439716339111,0.6318355357922675,0.20467850594765694,2.0239298306122113,0.9583672881126404,0.03640679405204861,0.21781433129715927,-5.132199174860773,0.9977925419807434,0.8128876078286076,0.21918574974353114,1.7725832058000885,0.9913026690483093,0.020308694616273642,0.051839028351567,-7.5345888675225146,0.9968739151954651,0.8775625597643087,0.22597492398754504,1.7996000086046604,0.9811840057373047,0.001800198441951613,0.006528764813888382,-8.211692628498637,0.993056058883667,0.40873211519658903,0.508957300774009,1.1108808060764526,0.9997536540031433,0.2925228376634625,0.5129549240925267,-1.1141923914479128,0.9998466968536377,0.4025987560189997,0.7098016090609893,3.287321929163992,0.8967486023902893,0.27894865003237146,0.7275250672426488,-0.729253423007434,0.9928019046783447,0.36147310210832545,0.8920249943316325,6.020381973557729,0.9610395431518555,0.21429507850000726,0.9317446626767677,1.0660824767847663,0.9939771890640259,0.3320241570391906,0.9179887416173136,6.2328884570662675,0.9503442049026489,0.17819471555805863,0.9632712836474098,1.184016234056909,0.9571371674537659,0.4808703002000669,0.9380164183573936,5.382200284360189,0.9799041748046875,0.3063714498128319,1.0,-0.2579184256699014,0.9924260973930359
25,1.0416666666666667,0.3707301853841978,0.04525686935535429,-3.1586371487074953,0.9999733567237854,0.4362670654639044,0.16603392434432468,0.6501189837415393,0.9999233484268188,0.19350541330379775,0.17981923355071427,-2.5781750492979416,0.9999450445175171,0.6285744412757182,0.20744617841604782,2.0071062069684817,0.9603350758552551,0.035609098501824824,0.2180297466183556,-5.231479365166725,0.9979687333106995,0.8093847779898933,0.22204493600632438,1.7090387856504963,0.9916908144950867,0.020364723667718305,0.04868570228592905,-7.702475003194456,0.9971404671669006,0.8745049188685386,0.23187680441599384,1.7243776950650325,0.9816817045211792,0.001686034655396414,0.006548654574512886,-8.400576202738439,0.9935575723648071,0.4067728636119698,0.510476433120694,1.1163493178290163,0.9997671842575073,0.29129776720793854,0.5144440352678865,-1.119563829182246,0.9998565912246704,0.40176950539442197,0.7108383640680355,3.307186767546155,0.8973539471626282,0.27931809397663543,0.7275418683197258,-0.7444941958777215,0.993051290512085,0.35824536019618186,0.8932634774752557,6.04603229208869,0.9620760083198547,0.21179262858330805,0.9313783057424084,1.0702073855093994,0.9940341711044312,0.32893327841451053,0.9188844223932797,6.265488999605521,0.9514225721359253,0.1748912749559515,0.9632001360510283,1.1907964878097654,0.9563155174255371,0.47537491059052767,0.9410881441365215,5.449406077563011,0.9799394011497498,0.3040529338522681,1.0,-0.26777870907976603,0.9924713969230652
26,1.0833333333333333,0.36713693139457027,0.053554792626357504,-3.142938739928834,0.9999747276306152,0.4318660128974339,0.17292606567595642,0.6703602277872601,0.9999259114265442,0.19099477147999167,0.18531630858368808,-2.534813572320375,0.9999457001686096,0.6223243992597506,0.2128285588408458,1.978762646776737,0.9624443054199219,0.03482608614978269,0.2192211042149421,-5.195602542211872,0.9981282353401184,0.8026811403256294,0.22797653052300462,1.5941097054898818,0.9921318292617798,0.02278572845753565,0.0457904438969981,-7.658519632238092,0.9973838925361633,0.8682076434815941,0.239224406118134,1.574528236096899,0.9823716878890991,0.0015718708688412153,0.00656854433513739,-8.352067246845841,0.9940221905708313,0.402424422735307,0.5128644086183093,1.1186278697759313,0.9997788071632385,0.28788580861133056,0.5158239625840033,-1.1216984199893487,0.9998654127120972,0.39726486652781445,0.7124784519786183,3.2612538439879253,0.8966096043586731,0.2783508823725169,0.7266025423641335,-0.8800915154427026,0.9931948781013489,0.3510177036852824,0.893516978425476,6.065333494269327,0.9623245596885681,0.20966053028159964,0.9306097508228317,0.9003454102575983,0.9939730763435364,0.32297267798597584,0.9187925597368052,6.287453386684033,0.9517208337783813,0.17207988173943045,0.9626517638996097,1.017061830096591,0.954900324344635,0.4634575131374774,0.9430291877729777,5.445670756223654,0.9794209003448486,0.3008493566513306,1.0,-0.47365649345188904,0.9923730492591858
27,1.125,0.3654917340262596,0.05587488734990854,-3.154387338927627,0.999976396560669,0.43002636926095417,0.1757551683921949,0.6753542601752003,0.9999286532402039,0.18975632853107566,0.1870854329832901,-2.5116855372554565,0.9999473094940186,0.6195223074173563,0.21468719154016674,1.978023667892833,0.9641553163528442,0.03473313364599119,0.21760161901693287,-5.221183022439905,0.9982714653015137,0.7996720369340132,0.22990285431164853,1.593687929593576,0.9924872517585754,0.024716312453043378,0.042827144926248714,-7.754194339208096,0.9976006746292114,0.865160595005897,0.24191560182220226,1.584180682784266,0.9828959107398987,0.0014577070822860167,0.006588434095761894,-8.466662062784398,0.9944342374801636,0.4008594902852102,0.5136637702341601,1.1175756352610147,0.9997909665107727,0.2864258131469231,0.5163241213608567,-1.120670343386927,0.9998741149902344,0.3956570497126519,0.7128115158211461,3.2723327437236835,0.897098958492279,0.277110290666754,0.7260883941976892,-0.7984404057946902,0.993384063243866,0.34846880799234287,0.8931338707704797,6.075642711505292,0.9629235863685608,0.20837967038139676,0.9297644319502525,1.0194078027995566,0.993964672088623,0.31982851866858186,0.918235780706096,6.298687443972344,0.9524061679840088,0.16828113118781515,0.9620797361545911,1.1401552315906978,0.9539042115211487,0.4592041714992633,0.9443532383590381,5.459438929806688,0.9792456030845642,0.2999996401005976,1.0,-0.32272963340259264,0.9923248291015625
28,1.1666666666666667,0.36537803222269905,0.0503311528305149,-3.147599937599426,0.999978244304657,0.4301735667371935,0.17059061060641728,0.7040405706602803,0.9999315738677979,0.18883593057432127,0.18134620252979655,-2.444516460138729,0.9999494552612305,0.6207268354019085,0.20914459669166,2.0335559411096322,0.9658175110816956,0.032276429445793876,0.21153292875117388,-5.200717465072136,0.9983950853347778,0.8018705647870239,0.2249066991301149,1.6743373448117989,0.9928160905838013,0.025897064634788115,0.040525368271848536,-7.765963851376442,0.9977815747261047,0.8673814239654275,0.23662435604584942,1.6680073320352673,0.9833778738975525,0.0013435432957308179,0.006608323856386398,-8.481636108062203,0.9947509169578552,0.402260090599746,0.5094566009484228,1.1166339713986506,0.9998005628585815,0.2865840964077021,0.5113764121834976,-1.1195770231285596,0.9998818039894104,0.3955567560550457,0.710275537496972,3.2570787277756166,0.8976308107376099,0.2768293112013504,0.7222129425559299,-0.94663563201102,0.993574321269989,0.3472665934934988,0.891491669449508,5.994689699132393,0.9634991884231567,0.20712221515273954,0.9281635698479636,0.6867567635805943,0.993985116481781,0.3186487165882792,0.9167055459985577,6.20543738896518,0.9529275298118591,0.16528350241449857,0.9608627286698542,0.7870345242830832,0.9528698325157166,0.45953953999473357,0.9443701859437655,5.329221128037185,0.9790856838226318,0.2992076745705289,1.0,-0.7239676559440341,0.9923089146614075
29,1.2083333333333333,0.3634103337520112,0.047132704116624194,-3.140667589936251,0.9999799728393555,0.42844045084697063,0.1675203002503467,0.7265342073200021,0.9999340176582336,0.18652173594495747,0.1779468133600192,-2.3784598512981425,0.9999517202377319,0.6197007753770252,0.20606100762380283,2.0619896117869048,0.9673656225204468,0.029045627820939227,0.20881128499923712,-5.160412381019415,0.9985073208808899,0.8015837555948926,0.22178962024969687,1.7088621504501462,0.9931127429008484,0.02401314710183685,0.040247167553238115,-7.735197519248347,0.9979449510574341,0.8666666241936362,0.2333738632226136,1.7036314559312191,0.98380446434021,0.0012293795091756193,0.0066282136170109016,-8.445994717527343,0.995036244392395,0.40116932500054947,0.5068969087172817,1.110128185066951,0.9998090267181396,0.284501092140886,0.5082833558493486,-1.112918827224593,0.9998889565467834,0.39358228263019757,0.7085476867541802,3.2134224054470666,0.8983553647994995,0.27450429991650865,0.7185954466150641,-1.0798418310305355,0.9937890768051147,0.34478988114028614,0.8907102244582857,5.916045081000147,0.9641695022583008,0.20352708786533838,0.9265974292561241,0.44152631052701174,0.9940608739852905,0.31650660174239237,0.9156123745598865,6.121775120104123,0.9534525275230408,0.15886255525608528,0.9598791684757523,0.5306620560565869,0.9521868228912354,0.45831328340840966,0.9447684110234078,5.24190655163401,0.9790099859237671,0.29688762942196006,1.0,-0.9898919344307153,0.9923617243766785
30,1.25,0.3607538921195346,0.044746097693217406,-3.1605858647440095,0.9999815821647644,0.4261124650464025,0.16464898479762405,0.7155219264141991,0.9999354481697083,0.18364191114305461,0.17509171237675264,-2.3661072415321316,0.9999538064002991,0.6182827953220924,0.20313857933812776,2.04094769094752,0.9686967730522156,0.02547795597690954,0.20649021586682714,-5.1331667149629805,0.9986067414283752,0.8005976178190362,0.2189350091260497,1.7043871315438472,0.9933464527130127,0.023220091373546997,0.03978474823988938,-7.730146095679815,0.9980892539024353,0.8654093367181823,0.23033271935204755,1.6636421176962233,0.9841145873069763,0.0011152157226204204,0.0066481033776354045,-8.446453779032325,0.9952874779701233,0.39975169940222255,0.5047241047341068,1.1010771251145361,0.9998153448104858,0.28232306810018815,0.5060826173677953,-1.1037856607953862,0.9998953342437744,0.3910206210976693,0.7073819992541274,3.2502088682147128,0.9003875255584717,0.2715061906852276,0.7168742150789282,-1.0335236082804355,0.994081437587738,0.341759241286981,0.8894544993753205,5.963320795367989,0.9653394222259521,0.19918126460983898,0.9253782486862443,0.44538881645137024,0.9942346215248108,0.3119504594448851,0.9143485567863071,6.174056556043147,0.9545891284942627,0.15489145343543068,0.9588391749057233,0.5288076428807719,0.9523188471794128,0.4557562709537162,0.9444566968190047,5.302056494143718,0.9793387055397034,0.29140115153585705,1.0,-0.9924584493049692,0.9925207495689392
31,1.2916666666666667,0.3598450278962453,0.044073118553876814,-3.222921378729611,0.999983012676239,0.42552439113555784,0.16356604970757221,0.7091625919749076,0.9999357461929321,0.18346926698560823,0.1740200012166766,-2.3804894570173643,0.9999557137489319,0.6187856019437145,0.20170668639277708,1.9973508435528688,0.9695234894752502,0.02395855009250133,0.20519839472891171,-5.144873960275026,0.9986938238143921,0.801089942658198,0.21753985815290708,1.5134512919578085,0.993473470211029,0.024093523154500834,0.039025445876473754,-7.794004511040616,0.9982190132141113,0.8658936441696851,0.22868620227958628,1.4564859633683729,0.9842047691345215,0.0010010519360652216,0.006667993138259908,-8.52209891243001,0.995519757270813,0.40018726073066235,0.5038656348924939,1.101879122923307,0.9998190402984619,0.2832552994997873,0.5050320324339629,-1.104559376788422,0.9999005794525146,0.3903559124502031,0.706707630244687,3.3338276249322822,0.9008705615997314,0.2705258045146122,0.7158081409737981,-1.0135098209823084,0.9943112134933472,0.3407695601074386,0.8894651222251442,6.003660935494101,0.965999960899353,0.19745880906806604,0.9251264125074867,0.4310783657103335,0.9943286776542664,0.3099707543439737,0.9149329398175586,6.211575658806015,0.9552230834960938,0.15329197699009944,0.9591805638278975,0.5095721605365641,0.9522289633750916,0.45463904013299267,0.9442545901555767,5.333131992432153,0.9793760776519775,0.2903495092257926,1.0,-1.0187222764685488,0.9925782084465027
32,1.3333333333333333,0.3575966301485782,0.04385144260612848,-3.2430617692044534,0.9999841451644897,0.4236537904227529,0.16227952288978295,0.7057726934143921,0.9999349117279053,0.1827585429012238,0.17333819369596098,-2.3736797310907596,0.9999569058418274,0.61838277073226,0.19863790644494084,1.8640273862944248,0.9705032706260681,0.021123864008796837,0.20234566329914802,-5.068757139556969,0.9987692832946777,0.8011376606710658,0.21426040905232285,1.2604738671334923,0.9936093688011169,0.023317115461938896,0.03622777412695161,-7.761926943106056,0.9983310699462891,0.8662242224220884,0.22497993113717232,1.1892465624149064,0.9843096137046814,0.0008868881495100229,0.006687882898884412,-8.500406569907739,0.9957126379013062,0.3988264633927664,0.5034315416257631,1.098224003202307,0.9998180270195007,0.2818317542922629,0.5037514642291026,-1.100794074287883,0.9999037981033325,0.38810655678555717,0.7046968252680409,3.337674242616234,0.8995853066444397,0.26869006177608057,0.7114353232749975,-1.101217093252334,0.9944742321968079,0.3360683127043496,0.8888670138390878,5.984811982178175,0.9658384323120117,0.19353426933766155,0.9243411241408649,0.30317676831596385,0.9943506717681885,0.3051372699963483,0.9150408099989144,6.18401557896386,0.9548720121383667,0.14858334913079363,0.9583541776495866,0.37689597829451293,0.9517693519592285,0.4490387389614846,0.94385576207397,5.288406497932779,0.9789114594459534,0.287887148327065,1.0,-1.1684090747662919,0.9925588369369507
33,1.375,0.3541137273023443,0.0436907252603768,-3.2265501869395528,0.9999851584434509,0.4218150899079353,0.1627895461615457,0.6995603493610753,0.9999347925186157,0.18025759870310273,0.17480050173546102,-2.3430958213495026,0.9999580383300781,0.6166789888475189,0.19691662779553476,1.820100408622661,0.9716325998306274,0.017775007440069164,0.20067336629468674,-4.987421647567223,0.9988422393798828,0.8004128902096889,0.2124339922059591,1.20341341655392,0.9937951564788818,0.020445425379148847,0.03488742275363401,-7.567769356370742,0.9984311461448669,0.8665455288034767,0.22269392125530724,1.1340016232172068,0.9845631718635559,0.0007727243629548242,0.006707772659508916,-8.285139057947525,0.9958682656288147,0.3981575916185427,0.503420125813075,1.0885994682233202,0.9998180270195007,0.279834485204223,0.5035609202343876,-1.0911512380173551,0.9999063014984131,0.38462428835722373,0.7041750350096411,3.2580369563901197,0.8992059230804443,0.26589775916518515,0.7099828369166304,-1.0435805521190749,0.9946168065071106,0.3319020301428173,0.8889662397012853,5.826826053153755,0.9660443067550659,0.19015734256999395,0.9234378128720436,0.4201095430919996,0.9943880438804626,0.3006723157812611,0.9156049541700708,6.016476068545527,0.9549476504325867,0.14456070411046684,0.9573139242864228,0.4996003603158818,0.9513128399848938,0.4450573791714191,0.9436238126796203,5.114758131876096,0.9787357449531555,0.28402705866361627,1.0,-1.018255003324844,0.9925642013549805
34,1.4166666666666667,0.3494833404907815,0.04457234236748607,-3.207560595149944,0.9999860525131226,0.41832531311331866,0.16411206070709278,0.6955306486019963,0.999935507774353,0.17618988686458897,0.1764661699026898,-2.34952117658574,0.9999587535858154,0.6137421214267149,0.1963994605257253,1.8109753275661398,0.9729615449905396,0.012792825181364296,0.2004114456609052,-4.984064565194872,0.9989093542098999,0.799042892142605,0.2115244546286614,1.2309564602253147,0.9940332174301147,0.01691635911374133,0.03505074159813816,-7.5436026081036935,0.9985215663909912,0.8657250371371197,0.2214565166168074,1.1742770332512693,0.9849671125411987,0.0006585605763996255,0.00672766242013342,-8.253090701218891,0.9960095882415771,0.3956568715529345,0.5042750996619784,1.0826905482618765,0.9998192191123962,0.27688904532000697,0.5040027799622306,-1.0852009345431413,0.9999090433120728,0.3797808887568913,0.7041064915774585,3.215235251720778,0.899318277835846,0.26198414434529427,0.7087562545634325,-1.1177666132465076,0.9947472214698792,0.3264736043583426,0.8883280836146771,5.833180363048622,0.9662489295005798,0.18552482718246663,0.9225185250909362,0.30963348939085433,0.9944432377815247,0.2952530457296372,0.9145987522643767,6.029067613952197,0.9551275372505188,0.13977505370003845,0.9561601081300983,0.3853233330913691,0.9510905742645264,0.43838396029297516,0.9432019094597088,5.137038810939871,0.9785602688789368,0.2788771709026017,1.0,-1.1451568160500165,0.9925954341888428
35,1.4583333333333333,0.3469106800959879,0.04507918724687036,-3.134364658456717,0.9999868869781494,0.41654568552976196,0.16447253054478356,0.6984181077234677,0.9999363422393799,0.17378408689031924,0.17741990691125736,-2.3419663081331987,0.9999591708183289,0.6125784876700138,0.1951341124914476,1.813350633187168,0.9743456244468689,0.006692309942114272,0.20032094325566396,-4.9493482390826005,0.998972475528717,0.798083791618437,0.2093126291790537,1.216749418496134,0.9942868947982788,0.014687793313003142,0.03634025579160872,-7.4398067729394155,0.998604416847229,0.8640266532715737,0.21827053361845158,1.1593957023026926,0.9854216575622559,0.0005443967898444268,0.006747552180757924,-8.135960123230285,0.9961360692977905,0.39400864627184595,0.5031709254964376,1.0765599680709834,0.9998191595077515,0.2749664643736894,0.5029338803762529,-1.0789703813154958,0.999910831451416,0.37665511710297145,0.7038024157401024,3.0760085570905678,0.8995326161384583,0.26001997769272595,0.7075681891068315,-1.2244162465977642,0.9948327541351318,0.3218430947773059,0.8876454663268848,5.6474974286140975,0.9663379192352295,0.18300221731698896,0.9213074060124398,0.14232730079890027,0.9944677352905273,0.2898243784302734,0.9140699944685213,5.835614864846875,0.9551703929901123,0.137252445262182,0.9556110023164263,0.20978999331193215,0.9507770538330078,0.431896464413282,0.9421615015480092,4.929864245948318,0.9782822132110596,0.27535945350882335,1.0,-1.3349757061695982,0.9925922751426697
36,1.5,0.34294893994914544,0.043934144045011336,-3.0769013105529512,0.9999876022338867,0.41543548339630204,0.16314569732799403,0.7065581413567635,0.9999368786811829,0.1722708798326017,0.17766760914830462,-2.3264061287468407,0.9999596476554871,0.6124272750538744,0.19384860443623686,1.8046063891975417,0.9755366444587708,0.0025506437319183493,0.19922771448851823,-4.9433470299389,0.9990208745002747,0.7983585102606355,0.20701542892085908,1.167332779549931,0.9945181608200073,0.013258304211010343,0.03787139380439029,-7.4480328462378065,0.9986708760261536,0.8627738989508431,0.2148368497701803,1.1082848102907117,0.9858739972114563,0.00043023300328922797,0.006767441941382428,-8.144696679040662,0.996230959892273,0.3931263040090272,0.5020880423102353,1.0720820920441858,0.9998175501823425,0.2756204997065691,0.5019746661803921,-1.0744769520968904,0.999912440776825,0.3719662070188124,0.7028176713296218,3.022952033331311,0.8996988534927368,0.2599592088516626,0.7061931647088963,-1.2624889279339373,0.9949140548706055,0.3164253731948315,0.8861870911700488,5.651785864316206,0.9662941098213196,0.17897168999314575,0.9210783397776641,0.09058633164804791,0.9945313334465027,0.2852263816806135,0.9125884083248977,5.847374793700207,0.9551509618759155,0.1332275496590322,0.9558470195962597,0.15656692415101617,0.9509955644607544,0.42752293648261924,0.9406672581036323,4.957644123010558,0.9780648946762085,0.27116091092357947,1.0,-1.3828970457208571,0.9926413893699646
37,1.5416666666666667,0.3395285196642393,0.04406064854034584,-3.030325867193494,0.9999880790710449,0.4130891319019238,0.16311825697205684,0.7104430200637415,0.9999364614486694,0.17063941555394863,0.1783249888252879,-2.310141335693808,0.999959409236908,0.6094634977059142,0.1936283151060796,1.7863306678014548,0.9766204357147217,0.0020564842264427195,0.19917554040243762,-4.902456765283947,0.9990667700767517,0.7948468340315055,0.20610284103734497,1.142992627651274,0.9947168231010437,0.012789382932594035,0.03774602709161065,-7.3143143822564785,0.9987316131591797,0.8593546854230842,0.2137558758951732,1.0851527400009415,0.9862393140792847,0.00031606921673402925,0.0067873317020069315,-7.992577178172393,0.9963083863258362,0.39139053994753786,0.5018581986147312,1.0635910298924178,0.9998151659965515,0.2734272430227752,0.5019472645466166,-1.0659203362004774,0.9999132752418518,0.3693972520480379,0.7023762356781533,2.89723289233967,0.9009372591972351,0.25863579064708186,0.7056608290200794,-1.3469220948805944,0.9950280785560608,0.3127745428640005,0.8866895048049028,5.4352499306049955,0.9667353630065918,0.175965571040863,0.9203648487646439,-0.043907257298095144,0.9946416616439819,0.28158047623732424,0.9131585471840808,5.619431376646402,0.9554718732833862,0.1298444115147193,0.95500524378864,0.016034563829127255,0.9514219760894775,0.42401942300843537,0.9406494233491317,4.717224255554994,0.978165864944458,0.2671644278324147,1.0,-1.5224268814903439,0.9927721619606018
38,1.5833333333333333,0.3340001403357386,0.043997227923450066,-3.0346909135829154,0.9999887943267822,0.408438762361038,0.16297582825146895,0.7310192417210438,0.9999366402626038,0.1672968828019571,0.17848095349856868,-2.311277335901462,0.9999598264694214,0.6037882753947516,0.1932181799218781,1.7996610867063423,0.977398157119751,0.00156232472096709,0.1971464344853047,-4.927126951377064,0.9991117715835571,0.7882030619933762,0.2054315279391009,1.1684793772022508,0.9948772192001343,0.012463392683974464,0.03801150116324579,-7.365063817512276,0.9987927675247192,0.8529318389826958,0.2129015407259535,1.1128295844125664,0.9865385293960571,0.0004903602586968433,0.006807221462631435,-8.055211261264095,0.9964073300361633,0.3869931820008081,0.5012273009808093,1.0671208966305765,0.9998153448104858,0.269840601777985,0.5019457893993541,-1.0694786696106462,0.9999147653579712,0.36456888084285993,0.7014455217808834,2.9420495593100515,0.9021739959716797,0.25498819053110705,0.7067966177304145,-1.268647871154049,0.9951657056808472,0.3067140717905172,0.8863567046672585,5.4959373936229605,0.9672052264213562,0.17017077280293383,0.9198716042603485,0.1256415379847871,0.99476158618927,0.2756074837407293,0.9133866159182751,5.683806662988154,0.9559659361839294,0.12349927036877098,0.9538508088470603,0.1954727265540433,0.9518405795097351,0.41868072435144704,0.9391273995087229,4.7970184098794615,0.9782682061195374,0.26115614999725567,1.0,-1.3292147908968321,0.9928706288337708
39,1.625,0.32746462788289776,0.044874582045128196,-3.019150672005521,0.9999892711639404,0.4024987011380741,0.16402752429345788,0.7611531077166765,0.9999359250068665,0.1612418583338964,0.17919109309649317,-2.2637348888562485,0.9999597072601318,0.5973946668468468,0.19465967018132407,1.7694495890987003,0.9780911207199097,0.0010681652154914604,0.19296265601771667,-4.931754849056245,0.9991518259048462,0.7835745469125516,0.20672772940102965,0.9895392233462424,0.9950108528137207,0.012769183805727124,0.03876194631676093,-7.393531430458742,0.9988479614257812,0.8483928150381173,0.2138849262413118,0.9098629550135804,0.986765444278717,0.0006646513006596572,0.006827111223255938,-8.0846939159652,0.9964908957481384,0.3805716341279963,0.5008429400762432,1.0645893768975465,0.9998116493225098,0.2639060299641052,0.5018391477684324,-1.0668620667370803,0.9999149441719055,0.35864208582401164,0.7015362263184356,2.781017783187474,0.9016452431678772,0.2516306872687864,0.7070280295866941,-1.4016086192836799,0.9952542781829834,0.2998449636668587,0.8867629077863386,5.324902029418014,0.9669272303581238,0.1638464534611696,0.9200980098368671,-0.09958757115986147,0.9948209524154663,0.2688599014379162,0.9140958234988205,5.509643946287213,0.9555320739746094,0.11618836863578333,0.9540965717043678,-0.04052329685593912,0.9516120553016663,0.411831674620168,0.939506436285526,4.605624515070945,0.9777863621711731,0.253502600841375,1.0,-1.5925435172674396,0.9928946495056152
40,1.6666666666666667,0.31807933086568735,0.047664370693463604,-3.0134456173091166,0.9999898076057434,0.3944217567657019,0.1683304967652843,0.8093843809826832,0.9999346137046814,0.15392755990984675,0.18199374907856758,-2.246787316306028,0.9999601244926453,0.5874956058422577,0.19764434431360287,1.7776350411738748,0.9784614443778992,0.0011292961598536402,0.18778429542143835,-4.984064226550734,0.9991937875747681,0.7720019341592541,0.2103202716657283,1.0674063157105427,0.9950142502784729,0.01369238274698975,0.03967336596830416,-7.562469983406235,0.9989035129547119,0.8368691269888264,0.217936515582529,0.99951931976961,0.9866506457328796,0.0008389423426224712,0.006847000983880442,-8.28192803588649,0.9965829849243164,0.370178381702229,0.5025301273101497,1.0660144077850386,0.999809205532074,0.25527125986967975,0.5031258097736984,-1.0682762252303293,0.9999154210090637,0.3485156203541639,0.702446391592868,2.8056716772531054,0.9007052183151245,0.24507941597224855,0.7080327075748076,-1.3254517650668995,0.9953091144561768,0.2889340463498837,0.8882161810737604,5.370921888673007,0.9663733839988708,0.15440964002843996,0.9209590424198137,0.04171529264086426,0.9948479533195496,0.2589670170505696,0.9158850158951257,5.5585788993813114,0.9549496173858643,0.10580129096689371,0.954899107472705,0.10925444745174108,0.9514037370681763,0.39779517522590524,0.9404226146855338,4.653829789849959,0.9771765470504761,0.24319939236073101,1.0,-1.4316027261613173,0.9928798675537109
41,1.7083333333333333,0.3155704624126465,0.052113654173705684,-3.008778239695786,0.9999904036521912,0.3902939578527801,0.17280929391800653,0.8487752225624808,0.9999344944953918,0.15090764080433777,0.18497296463107113,-2.246371304708952,0.9999609589576721,0.5823221133442584,0.2012687554116593,1.8850835847834309,0.9789279103279114,0.0008998074818694783,0.1872621004543106,-5.027377364534975,0.9992372393608093,0.7655583504155711,0.21419020073026174,1.229591726732347,0.9950591921806335,0.01612388264455176,0.03901675882958264,-7.609968738832602,0.9989593029022217,0.8302337583811541,0.22277169296625027,1.1777667433840142,0.9866368770599365,0.0010132333845852852,0.006866890744504946,-8.33291174766401,0.9966827034950256,0.3651988486329255,0.5044567721875659,1.070633447103855,0.9998105764389038,0.2506972146201608,0.5047224138988803,-1.0729104353478036,0.9999172687530518,0.3438449866768032,0.7036520042983359,2.843796763132393,0.9004504084587097,0.24283605415802012,0.7095592434777054,-1.3185447393239107,0.9953774809837341,0.2839801603590464,0.8892170337055058,5.459397309531099,0.966168224811554,0.1509555828084274,0.9212749284190461,0.06716141067247253,0.9949208498001099,0.25462643501866133,0.9168526264059246,5.652086309987741,0.9548637270927429,0.10161168621136098,0.9552386126671882,0.1369952496916937,0.951786994934082,0.3886878374677514,0.9414471274960043,4.751548113201396,0.9768258929252625,0.23892751586418623,1.0,-1.4111161822297273,0.9929429888725281
42,1.75,0.3145902257097416,0.05570878944555195,-3.041695068972495,0.9999909996986389,0.38695003937061423,0.17646316114546076,0.869063968200885,0.9999346733093262,0.15068227284566166,0.18765538546173954,-2.272674169759889,0.9999618530273438,0.5781380117613099,0.20368027081340245,1.9314998092888132,0.9795277118682861,0.0006703188038853164,0.188125351703264,-5.139572580755551,0.9992749691009521,0.7604792459179751,0.21741930535425244,1.3211695318169803,0.9951238036155701,0.019124722982514216,0.03798420439872789,-7.753464373861554,0.9990039467811584,0.8249908815339979,0.2272548429885798,1.2805153415845558,0.9866589903831482,0.00251903920587735,0.00688678050512945,-8.486076568606718,0.9967457056045532,0.3611993780299378,0.5052249817756627,1.0899645409414027,0.9998112320899963,0.2478111903225368,0.5052257374496406,-1.0923436662772015,0.9999192357063293,0.340369917525742,0.7036887721456557,2.9050392278631274,0.8993269205093384,0.24196265156930813,0.71030809835651,-1.480481541559852,0.9954739212989807,0.281068716961304,0.8902454076432896,5.543727703543027,0.9658181667327881,0.14781064875618583,0.9211752695111244,-0.18345419157569695,0.995029091835022,0.25202678058199995,0.918244513932865,5.737761032510282,0.9545457363128662,0.0971438420379419,0.9548051545025827,-0.1252833957061328,0.9523487687110901,0.3858193621809356,0.940858813400417,4.825838197964985,0.9764437675476074,0.23606883535022719,1.0,-1.7225905740185303,0.9930651783943176
43,1.7916666666666667,0.30804656829497634,0.059212397703800455,-3.0756971941321867,0.9999915361404419,0.3772007844383898,0.17945380903156277,0.9099690701661395,0.9999346137046814,0.14448399953856567,0.18909827537034052,-2.312865131886577,0.999962568283081,0.5673290203500815,0.2061528086684525,2.0184859836123152,0.9798861742019653,0.0004408301259011545,0.18778862348898728,-5.293749273005451,0.9993062615394592,0.7485946856641342,0.22078625206214433,1.452869190889836,0.9951698780059814,0.01762594032591741,0.03725637700639081,-7.924487559856602,0.9990450739860535,0.8127737652779673,0.23088219508477226,1.4238292466874292,0.9866577386856079,0.005733641569604948,0.006906670265753954,-8.663782594467367,0.9968098402023315,0.35111966092341235,0.505489052144461,1.123875995626448,0.9998114109039307,0.2391408553394555,0.5049450756600772,-1.1263731597959044,0.9999210834503174,0.33017537636521754,0.7023540541654283,2.9469459935004947,0.8977023363113403,0.23363332828561237,0.7092285992599265,-1.5876054115487621,0.9955633878707886,0.2720149838404039,0.8901186289588131,5.619773821435393,0.9653673768043518,0.13846581346403802,0.9207189658159066,-0.33001531240728615,0.9951258897781372,0.24315949257753297,0.9188738546965288,5.815929431318497,0.9541206359863281,0.08668039195866732,0.9533244879224821,-0.27747830299429277,0.9527226090431213,0.3778292444914397,0.9390216514665134,4.89775976248168,0.9760231971740723,0.22708544463971486,1.0,-1.8979644207888606,0.9931781888008118
44,1.8333333333333333,0.3024557212176086,0.06506757298534842,-3.219484906696598,0.9999921917915344,0.36793734557894486,0.18540412559770073,1.1011650220268159,0.9999357461929321,0.15069677170660137,0.19121180156611156,-2.492645033405586,0.9999633431434631,0.5557690037815571,0.21238631796456306,2.2999712709491664,0.979813277721405,0.025564108425556422,0.17917947231514672,-5.914188144855586,0.9993242621421814,0.7355844629944773,0.2269010878513554,1.8300593489585546,0.995259702205658,0.01623098824993042,0.02888361638983564,-8.842216643365012,0.9990879893302917,0.7990958726591874,0.23725311929908968,1.8416275121191006,0.9868500828742981,0.008948243933332545,0.006926560026378458,-9.645821910649643,0.996903657913208,0.3408307697134772,0.508712696778679,1.2313571679563888,0.9998175501823425,0.23211977869448874,0.5069999646397262,-1.2345522526542445,0.9999244809150696,0.31674998742469135,0.7044648073138992,3.1500126190214175,0.8948643803596497,0.22956138817462796,0.7114757286582071,-1.6460186317342973,0.9955286979675293,0.26103850634218884,0.8915751906342089,5.929269368597309,0.9642411470413208,0.13124420103959208,0.9214272302994716,-0.2980331735657646,0.9951189756393433,0.23321040657840542,0.9202776478744242,6.130036476678524,0.9525905251502991,0.0786014687960524,0.9538743903465456,-0.2392837094491598,0.9524185061454773,0.3687196916384905,0.9395396590373142,5.180963258534539,0.9751097559928894,0.21744694589330263,1.0,-1.9276664865476794,0.9931846261024475
45,1.875,0.2979845544363644,0.06600431132959604,-3.3561206248555493,0.9999927282333374,0.35952304944973823,0.18728415765105585,1.1569341273502955,0.999935507774353,0.1514620753752209,0.1895262977117626,-2.8925309807540955,0.9999638199806213,0.5450351169762877,0.21582304587509576,2.515642888228396,0.978724479675293,0.05420022038447612,0.16397854592871539,-6.777096437563917,0.9993343353271484,0.7228007789612089,0.23093899639582793,2.4323448685985083,0.9952729344367981,0.017747757688978148,0.02665651260993966,-9.832976037245116,0.9991250038146973,0.7850550106384466,0.24026483437749155,2.5435747664729846,0.9869204759597778,0.012162846297060142,0.0069464497870029614,-10.658837245204076,0.9969950318336487,0.3329891937005475,0.5095773373887392,1.3204514812698436,0.9998266100883484,0.22571106631583368,0.5074589110395836,-1.3243753354633272,0.9999289512634277,0.31102559599391383,0.7047187455802655,3.289741369368454,0.894873857498169,0.2220605171419646,0.7117296451312592,-1.8057147952905455,0.9955663084983826,0.2537417336394056,0.8915617612729457,6.26062783126194,0.9637061953544617,0.12371358721583535,0.9213505309898186,-0.44202730641161647,0.9951729774475098,0.22573251417034884,0.9199600883402935,6.4838121641630435,0.9515318274497986,0.06936590506060572,0.9535885835246285,-0.3840399838156706,0.9523012042045593,0.36135587741152375,0.9394531418775576,5.586496355313448,0.9747727513313293,0.20909861505919142,1.0,-2.123650212833248,0.9933133125305176
46,1.9166666666666667,0.2884175112048105,0.06930463130516126,-3.1135927863063673,0.999993085861206,0.34083623341895003,0.192414969721049,1.3632157107435798,0.9999367594718933,0.141289915782059,0.18842732618013308,-3.2287375143211805,0.9999634623527527,0.5258754722527424,0.22439945859009863,2.8986958649503998,0.977468729019165,0.07212928701887723,0.14104881686173104,-7.137165026350848,0.9993319511413574,0.7043332868196035,0.2387232501646363,2.971875911403325,0.9951905608177185,0.021554776361078096,0.018279833869150032,-10.092327401970461,0.9991551637649536,0.7622495725156897,0.24655484452062895,3.135495015756897,0.9867380261421204,0.015377448660787739,0.006966339547627465,-10.951533223383672,0.9970694780349731,0.3166815419722796,0.5116555310484104,1.436217864450075,0.999834418296814,0.21238931198757963,0.5091387086516281,-1.4403659010732042,0.9999319314956665,0.29858264072902463,0.7058751797863062,3.3964916160389804,0.8922909498214722,0.20833505797651397,0.712836128825021,-2.023871960730406,0.9953668713569641,0.23970177346194255,0.8923149734636279,6.491120663025641,0.9613306522369385,0.1087643020424815,0.9217380883749302,-0.5717983962644729,0.9951311349868774,0.2117932876970028,0.9205431894852864,6.724771143266179,0.9487873315811157,0.052242746646488133,0.9538673853079238,-0.5149843272538476,0.9522730708122253,0.3477487272133327,0.9397169668454595,5.797397318154614,0.9737006425857544,0.1953343672104477,1.0,-2.3395910708037437,0.9934070706367493
47,1.9583333333333333,0.2648704077958277,0.0744025309700142,-3.0373448041004205,0.9999933838844299,0.3094194836366789,0.19723919969377338,1.516108748111506,0.9999376535415649,0.11927259711621818,0.18554109190849732,-3.4426899082644677,0.9999602437019348,0.49006999068727264,0.2347144015738577,3.2321064306247633,0.9761509299278259,0.06893589031147654,0.10150428822696975,-7.576036183354489,0.9992838501930237,0.6690407409775977,0.24824545342362828,3.4877376408809373,0.9950178861618042,0.026822517275661248,0.011182179851638907,-10.652600247419524,0.9991451501846313,0.725493222726015,0.2586795809402185,3.693524646469404,0.9863384962081909,0.018592051024515336,0.006986229308251968,-11.565221556476095,0.9970222115516663,0.2865174882980379,0.5142202405447696,1.5394673112668837,0.9998410940170288,0.186308693509021,0.5101703974415006,-1.544535703175248,0.9999324083328247,0.2722570700041929,0.707976525834046,3.3527100089708073,0.8891009092330933,0.18245113624092787,0.7138512959528764,-2.062796984724499,0.9949563145637512,0.21385397858078872,0.8942059122282382,6.557810265785314,0.9576861262321472,0.08195748953636359,0.9227633805625908,-0.4348416511300838,0.9950462579727173,0.18512025850912617,0.9228053158954709,6.806487449409599,0.9440863728523254,0.02483681759419091,0.9547535025715918,-0.3654167888934177,0.9521000385284424,0.3207056384460172,0.9405787433621147,5.872852562251249,0.9720149040222168,0.1687783059642589,1.0,-2.261100529244969,0.9934243559837341
48,2.0,0.24884142710327914,0.07358769556853574,-3.548085445252863,0.9999915957450867,0.2774309062302187,0.19855414592221318,1.7993368726719765,0.9999228715896606,0.12129621772141658,0.18190414718032488,-4.653394241351793,0.9999424815177917,0.44128713218116616,0.2513035641072069,4.653926832461448,0.9547573924064636,0.11410068199523696,0.10285852854211493,-9.829235224231267,0.9989979863166809,0.613830619676769,0.2768019120338141,5.92618212482294,0.9924646019935608,0.05771710938220794,0.0069768463036430604,-13.837964454612484,0.9990264177322388,0.6726134237068708,0.2898735079658208,6.3962318774247535,0.9821944832801819,0.021806653388242933,0.007006119068876472,-14.997013107634267,0.9967877864837646,0.258450502183934,0.5117104300423269,1.9597491123004909,0.9998400807380676,0.1667329847788215,0.5065551321831396,-1.965408089223724,0.9999254941940308,0.2475897292691555,0.7077037635302517,4.335658083551412,0.8821810483932495,0.16268655206831106,0.7117117128229216,-2.533138821892727,0.9944900274276733,0.19249664626881063,0.8948784738068537,7.917191507342762,0.9556118249893188,0.05830688009504418,0.9236337276567991,-0.6770183498168748,0.9949519038200378,0.16281507681635565,0.9237986389697891,8.171568175876883,0.9405900835990906,0.02483681759419091,0.9556389801499571,-0.6011521012903234,0.9521527290344238,0.29944138605430015,0.940436796660034,7.000060190126145,0.9708057641983032,0.1472654941394195,1.0,-2.8822440461789394,0.9933991432189941
49,2.0416666666666665,0.2524071294495374,0.07182824996364134,-3.798430061205522,0.9999856948852539,0.26824234298688276,0.19865576349045733,2.1438842595155427,0.9999107718467712,0.13290192853814667,0.1779275216476917,-5.385816266816744,0.9999200701713562,0.4235810468024901,0.2684634901794528,5.333442430924258,0.9375585317611694,0.14040036843455764,0.11641895937308074,-11.10774917362405,0.9987059831619263,0.5931812434326663,0.29040764016924764,6.413383638224651,0.9910494089126587,0.10702418693205977,0.010136149723010213,-15.464356735313627,0.9989666938781738,0.6460629037472437,0.3025738235460313,6.84131979710239,0.980172872543335,0.07365251359629121,0.007026008829500976,-16.79365933824333,0.9967215657234192,0.2513867398760007,0.507361990658214,2.334241309128718,0.9998319745063782,0.17133997845343327,0.5042246771488748,-2.3400949032503244,0.9999146461486816,0.24585509578773573,0.7069316151248376,5.189710038788477,0.8733277916908264,0.16558057931177586,0.7109509236646949,-3.1894896133638326,0.9938293099403381,0.19397270459434685,0.8955717142798033,9.066372045841154,0.952124834060669,0.05897799860246831,0.9242313035364098,-1.4093092775077845,0.994777262210846,0.1639276260148393,0.9250589535433418,9.335889957705664,0.9357826709747314,0.02483681759419091,0.9562316296065513,-1.3620150514933635,0.9518276453018188,0.3003348085742861,0.940599654106276,8.002644365115685,0.9686635136604309,0.14941861632011935,1.0,-4.000854905357197,0.9932854771614075
50,2.0833333333333335,0.2547375198112091,0.09634513061901576,-3.730537657572006,0.9999710917472839,0.2482838888346063,0.21214503708830804,3.023128954863026,0.9999106526374817,0.14254396845048062,0.19159840165846057,-6.315617651584355,0.9998969435691833,0.40086361356089595,0.2855951840126495,6.0395475375016305,0.9352246522903442,0.21335197308074252,0.13154958618339754,-13.606383234843522,0.9985430836677551,0.5663603771810092,0.31590072433770183,7.694247078891101,0.9910827875137329,0.13703724328167807,0.014394571453920363,-17.833771160006,0.9990007281303406,0.6164200134824618,0.32752945394450667,7.284507906060892,0.9804043769836426,0.10007463874356233,0.00704589859012548,-19.48683750402219,0.996873140335083,0.23959990087032385,0.5085264334771191,3.0004609420283,0.9998250603675842,0.1738215552877794,0.5068955669104364,-3.007242347345242,0.9999023675918579,0.24501462563517473,0.7082488047993726,6.214996457254898,0.8617729544639587,0.16710503998859802,0.7144798130163142,-4.393223135973204,0.9929417371749878,0.1953581514999497,0.8973168613542981,10.48361852887109,0.9452067017555237,0.05637323233976339,0.9258575120819605,-2.50575745234513,0.9944722056388855,0.1657954764828446,0.926321825671805,10.774138239734807,0.9302350878715515,0.02483681759419091,0.9572116141067043,-2.4761163575945964,0.9509817957878113,0.3000250981960087,0.9409705975817921,9.182345266829081,0.9647896885871887,0.14923692193003607,1.0,-5.748959048564205,0.993030846118927
51,2.125,0.24903179881654397,0.12043475364083958,-3.459068427425691,0.9999696612358093,0.24368777803973662,0.22836073195853968,3.7876665907501015,0.9999151229858398,0.14319844126098624,0.20312727457153276,-5.098057193868951,0.9998831748962402,0.3762445289172091,0.31045517327502775,5.928509447932068,0.9347490668296814,0.2416394749770068,0.15174763049828047,-11.878273113025994,0.9984576106071472,0.533658485296392,0.3439217348232214,5.337787099710951,0.9912031292915344,0.17280679121794246,0.02256069939908548,-16.20640408303477,0.9990347623825073,0.5756411622792144,0.3573180602938413,5.226651557409999,0.9806979298591614,0.1463589929822534,0.007065788350749984,-17.70763527455112,0.9969828724861145,0.23469068697936418,0.5095283053737094,2.9961271023876366,0.9998272061347961,0.17571351795094095,0.5082911178837646,-3.0027308026682356,0.9999011754989624,0.24278401993471121,0.7083646577531273,5.317017192386105,0.84957355260849,0.16894726385155373,0.7146931773828776,-4.941255101489462,0.991684079170227,0.1963664031886734,0.8972066213154856,9.151261228235967,0.9371814727783203,0.05486991708583076,0.9254838254751053,-3.4788241126007975,0.993691623210907,0.1657610545148372,0.9257920757082667,9.38189199705672,0.9222262501716614,0.02483681759419091,0.9561222479516072,-3.4820647746091264,0.9471267461776733,0.29955092594087784,0.9402417988033862,7.636970988516119,0.9594380259513855,0.14694768274651554,1.0,-6.770721945510625,0.9924200773239136
52,2.1666666666666665,0.2497002203804282,0.1310092506433709,-4.349834334610687,0.9999516606330872,0.22217161877250977,0.24403698853502348,4.803456256828225,0.999893307685852,0.15323628623765287,0.21630980120838383,-8.911356065544833,0.9998653531074524,0.31509505324437004,0.34646715128991223,9.409914915828328,0.8820081353187561,0.30808412921653927,0.16645922891885373,-16.452745931928686,0.9980612397193909,0.4768845638472681,0.3985401873151749,9.385165045791089,0.9720677733421326,0.28745864796057435,0.03432982613600975,-21.04472655855324,0.9989578723907471,0.5131765572688456,0.4099380131788385,9.634076832353129,0.9583174586296082,0.26675420036579545,0.0070856781113744875,-23.235595855108865,0.9969344139099121,0.2230115866431538,0.5192783155157975,4.182562323400175,0.9998313784599304,0.17507047891973113,0.5179656024967869,-4.1922921500080585,0.9998998641967773,0.23202948404213125,0.7134152461889673,9.701645182023798,0.8300947546958923,0.16799737621178232,0.7191911366777469,-4.400928618460741,0.990119993686676,0.1937001590791519,0.8987708860116804,16.470757860630364,0.9323058724403381,0.052321048822723024,0.9266207343846111,-0.574269272685288,0.9932064414024353,0.16281139352073584,0.9267431029629808,16.99195128145715,0.9175242781639099,0.02483681759419091,0.9561863165724257,-0.37062507734162836,0.9455463290214539,0.29792180484060143,0.9400027796151261,14.863934799042342,0.9566623568534851,0.14359671902466392,1.0,-4.5180317401476335,0.9918552041053772
53,2.2083333333333335,0.25332444878714383,0.1402614484893862,-5.672402758308666,0.999883234500885,0.2079072846533437,0.2504892185742905,6.949786629643677,0.9998586773872375,0.16326509963315114,0.22501308109701984,-12.934390060445281,0.9998255372047424,0.2920372688403933,0.3575637071106242,13.376154855656383,0.8298888802528381,0.33852439443916066,0.17445378831460545,-21.962189652972484,0.9974402785301208,0.4491253154640249,0.4211173135907539,12.555319614656144,0.9429154992103577,0.33295546067142884,0.03542135586654681,-26.387839750945925,0.9987553954124451,0.4836115391175391,0.43470789404455956,12.780443801978757,0.9268137216567993,0.31105565175662514,0.007105567871998991,-29.299534244796202,0.9966896176338196,0.2152361101876451,0.5244598880084644,6.1709885258514,0.9998322129249573,0.1748430123815113,0.5242082684096566,-6.186767286195103,0.9998962879180908,0.22764890046513783,0.7162115986690526,14.296294769579317,0.8057800531387329,0.167717876150197,0.7223178836664075,-6.044908047459341,0.9883340001106262,0.1922293947426999,0.9002012609888443,23.954764467127717,0.9256411194801331,0.052404464629002744,0.9276808732680194,-0.998147197338409,0.9926388263702393,0.16305678496989182,0.9276311506450932,24.69667384833282,0.9114661812782288,0.02483681759419091,0.9565859059490804,-0.7397847602981946,0.944013237953186,0.29649605832579307,0.9403374778488606,21.802616920847846,0.9526152014732361,0.14298965942894146,1.0,-6.351874254704771,0.9911810159683228
54,2.25,0.256210778571734,0.13881757800481656,-5.03632833356808,0.9996944665908813,0.1930183376713947,0.24834231971025242,12.346060666922012,0.9998129606246948,0.17456968072674586,0.22153456444739344,-19.781496999351333,0.9997621774673462,0.2703861446518997,0.35718928573970504,20.699958808640165,0.7711533308029175,0.3645246320507867,0.17691247111294373,-25.74944588706416,0.9969567656517029,0.401588482130256,0.4338997434775591,15.913266103514387,0.8981373310089111,0.38095535412404774,0.034513439175434014,-22.98693541738993,0.9983952045440674,0.4448795589788381,0.4574713846211177,15.26607154603982,0.8820912837982178,0.37034957960027726,0.007125457632623495,-26.27598060876458,0.9960991740226746,0.21234816664659706,0.5236699252710798,9.886232001998694,0.9998253583908081,0.17605982665075529,0.5239742964873073,-9.90950530115029,0.9998790621757507,0.22438043531912022,0.7155536411158989,21.674731030698435,0.7710201144218445,0.1688501636631805,0.722250849447407,-7.316856486087315,0.9859668016433716,0.1923717513652872,0.900167861304402,34.96266372351014,0.9141567945480347,0.053663770144412565,0.9280327568237741,0.5228661786808136,0.991804838180542,0.16162858043405767,0.9275895090069866,35.93813831430164,0.9007602334022522,0.02483681759419091,0.9566334668651136,0.9506209619901357,0.9426681995391846,0.2975679987575173,0.9400926850859087,32.49444397491059,0.9467240571975708,0.1440621949597168,1.0,-6.713215902667773,0.9903038740158081
55,2.2916666666666665,0.26059674605548167,0.13010839370775398,-6.213994949885586,0.9996837377548218,0.1971831043538491,0.23996074286735924,11.714977613688701,0.9997879862785339,0.17833783378688545,0.21082157975709417,-18.851954434735667,0.9997673034667969,0.25613613331855034,0.366078840278094,20.52806981741866,0.715690553188324,0.37443354689374025,0.17387172710869012,-24.08518001396708,0.9970619082450867,0.36429897864709593,0.4406090045580425,16.77500995921685,0.8470762372016907,0.44186138938150904,0.03125006392551341,-19.791756256075114,0.9983000755310059,0.39959310935859577,0.47018663093812496,16.08649306506767,0.8310208320617676,0.4461346236536264,0.007145347393247999,-22.803133238474953,0.9958751201629639,0.21482578624582452,0.5191883788881397,9.412823407480664,0.9998250007629395,0.17697130356673096,0.5189957402667963,-9.431856852491537,0.9998772144317627,0.2248286167944992,0.7128604456509814,20.377580800640366,0.7445631623268127,0.17221810923439765,0.7195220247721812,-7.744579257897246,0.9850642681121826,0.19423735825120134,0.8993216560585869,33.49543076528863,0.9078634977340698,0.0547595737332798,0.9275369018975548,-0.6073611187551581,0.9915124177932739,0.16232030647776002,0.9269800266596423,34.49314640311723,0.8947498798370361,0.02483681759419091,0.9562753579726468,-0.2498459923894909,0.9426558017730713,0.3002862051167647,0.9396171435982404,31.101046625248156,0.9438444972038269,0.14656029305384055,1.0,-7.967702231806671,0.9900144934654236
56,2.3333333333333335,0.27052475369574336,0.10471369517358872,-13.910353408444772,0.9997037053108215,0.21727352188146085,0.20654836385264497,9.761283200310567,0.9997307658195496,0.19093814059796987,0.18550289774840079,-24.772558277397298,0.9997859001159668,0.2231736570097492,0.3596983651478523,20.819710933330715,0.6525413990020752,0.40172588929505443,0.15562664203589038,-31.671828451439445,0.9973326325416565,0.2858936056005366,0.4606255472701688,20.026331340374593,0.7803686857223511,0.5530675287438359,0.038220456065636184,-33.53402687051918,0.9983869194984436,0.3150316231928778,0.49124977769614536,20.83820084418279,0.7672789692878723,0.5886530943764984,0.007165237153872502,-37.482991172850554,0.9959851503372192,0.22839487511406692,0.5030517308206993,9.98731438223483,0.9998257160186768,0.1801414606801203,0.5016830783357614,-10.014366417941503,0.9998815059661865,0.23419151386175352,0.7028071980831172,21.35894027446007,0.7325658202171326,0.1799976956729197,0.7071282020244541,-8.826506867915395,0.9847921133041382,0.19956380062029316,0.8954743052204429,37.23929018989892,0.9046303629875183,0.05805690173307154,0.9252134672952339,-1.1222229070588625,0.991686999797821,0.1687472424254864,0.9231507519745301,38.596375836556774,0.8921152949333191,0.02483681759419091,0.9546397361311094,-0.7472358239567246,0.9440776109695435,0.3039598544631733,0.9376501020569276,33.888727935396375,0.9430897235870361,0.152160474924576,1.0,-9.624691234735785,0.9902583360671997
57,2.375,0.28650306710100326,0.06859374872972797,-15.446528769118805,0.9997275471687317,0.23483081071649906,0.16970151969867425,8.934244924202172,0.9997192621231079,0.2049620184770244,0.15224971811687685,-25.504365692494122,0.9998032450675964,0.22984233931411255,0.33509952991338077,20.65102695364324,0.5976530909538269,0.41938061382043407,0.12563970115073347,-37.20519973360183,0.9975757002830505,0.2756291012196487,0.45359912999267693,20.447087217093728,0.7231038808822632,0.6164956815443006,0.02919314825457591,-38.00510831007567,0.9984175562858582,0.2989306889579987,0.48924066346188116,21.54343097004734,0.7122288346290588,0.654759869348814,0.007185126914497006,-42.38352347660748,0.9959337711334229,0.2394810223711702,0.4822838567739813,10.217106203598428,0.9998274445533752,0.19215792709123508,0.48003804718626547,-10.246501155343454,0.9998860955238342,0.24650661917230487,0.689692426896434,20.73320736053902,0.725105881690979,0.1922623629904188,0.6932627588462522,-11.881539644801341,0.9847020506858826,0.20891313497183042,0.8911406463894258,36.62892815970338,0.9012983441352844,0.06104103205181523,0.9222097635683808,-6.1425605937346655,0.9918814301490784,0.1785024017129989,0.9197507046296372,37.9147424020267,0.888698399066925,0.02483681759419091,0.9527765878477886,-5.966744507321086,0.9456095695495605,0.31723236112057845,0.9350321156024106,32.46141257500372,0.9420520067214966,0.15950469867741626,1.0,-15.725593256424322,0.9905781745910645
58,2.4166666666666665,0.2959316312687778,0.04636839569888279,-14.168379780794787,0.9997125864028931,0.24477259305286883,0.13979734849238457,10.43528270004547,0.9991235733032227,0.21564873909821736,0.12980128004612615,-28.313105097779054,0.9997725486755371,0.3818497504689177,0.12735115064371333,21.14028964956273,0.5535129904747009,0.4457634909219359,0.10256856376863363,-38.34284995099991,0.9975225329399109,0.5823509048413819,0.0503631007444281,18.13586218829959,0.6821483373641968,0.6539262333725634,0.016224429979258895,-37.760861351045435,0.9975617527961731,0.6289333346853533,0.027786573750390342,18.386400664630504,0.6734074950218201,0.7057126130482146,0.00720501667512151,-42.528795890472246,0.994175910949707,0.24778049479560096,0.46459374650630175,11.752414684980485,0.9997086524963379,0.1974234267976911,0.46488152135085264,-11.780167880228431,0.9998084902763367,0.2555083789073105,0.6795068755982208,23.984529973971753,0.713514506816864,0.19627142892532526,0.685275593189055,-13.516202098449691,0.9852532148361206,0.21552943190909604,0.8880490392979526,41.777755722032126,0.8950816988945007,0.06195592167338634,0.920121045133544,-6.312237646089191,0.9921818375587463,0.18496503509967446,0.9173552233893947,43.15875204969496,0.8866510391235352,0.02483681759419091,0.9514553872618943,-6.21942633825286,0.9486010670661926,0.32547925357725827,0.9332669132220219,37.19251643071944,0.9387755393981934,0.16411868697143678,1.0,-17.151084903364367,0.9906203150749207
59,2.4583333333333335,0.30361071752828717,0.03358842628348707,-18.536030308742237,0.9997074007987976,0.24581494851032742,0.1272808175351187,13.262791741168558,0.9985541105270386,0.22434505616225545,0.11675446880920583,-36.75760847735607,0.9997369050979614,0.40874898113183933,0.1097051787966952,26.49348562460584,0.509448230266571,0.4627429964710527,0.08843052062272598,-48.671562307959626,0.9973999857902527,0.5869797253710297,0.051346327042208165,23.305086609920664,0.6357993483543396,0.685531720110202,0.011798727972761379,-48.010478385044415,0.9962719678878784,0.6188270800164166,0.04162666376020892,23.872821217018444,0.6294883489608765,0.7450410519777907,0.007224906435746014,-54.040388372189646,0.9916985034942627,0.25169680986707654,0.45560485698298214,15.320146106215487,0.9995625019073486,0.2008904894686971,0.4563176083885378,-15.355578062809117,0.99970942735672,0.2593388425657695,0.6739984323901774,31.680547414470723,0.6990915536880493,0.19960168317280894,0.6806948015951446,-17.33733453047052,0.9857340455055237,0.22100651919174746,0.8866776110794449,54.30052441605187,0.8893771767616272,0.06230153908412163,0.9190274248279984,-7.9000695586660985,0.992460310459137,0.19138118367578952,0.917022281857915,56.0272932010134,0.8842291235923767,0.02483681759419091,0.9502337334406221,-7.775616753522991,0.9511316418647766,0.33163611061714077,0.9324448038114928,48.58192602783355,0.9357979893684387,0.16665880080456036,1.0,-21.574663401798887,0.990658700466156
60,2.5,0.312713206104461,0.015487334040974203,-26.30060429387446,0.9997289180755615,0.250118617066822,0.1094542230006183,9.109371372365201,0.9985581040382385,0.22820418887698835,0.0980664519241666,-40.85736528274799,0.9997559189796448,0.26839450085552097,0.23608418396052233,24.115342448311445,0.46373605728149414,0.47341193287026395,0.06601514170328382,-60.76577065766609,0.9976272583007812,0.3030436679925944,0.3826853572274647,24.099586886994476,0.5795708298683167,0.7089511374920616,0.013120588813123056,-64.26141315579976,0.9961676001548767,0.3115606596959914,0.4221518487550168,25.8769268973309,0.5750207304954529,0.7768511020567527,0.0072447961963705175,-70.20735278540097,0.991142988204956,0.259820980446128,0.4444681034945393,15.144937607103538,0.9995490908622742,0.20314559277838787,0.4450726743431185,-15.186914692953167,0.9997198581695557,0.26058175429148756,0.6666176618049315,32.53495373309994,0.6947025656700134,0.20368451309208827,0.6741172699657859,-16.76305855777256,0.9863309264183044,0.22561305681274774,0.8845216413059849,56.079693592347134,0.889880359172821,0.06480140580033793,0.9171884419370291,-7.1866873872891235,0.9928013682365417,0.19799495542887974,0.9158119113507378,57.890073370640344,0.884418785572052,0.02483681759419091,0.9483274361042521,-6.974230625630637,0.952742874622345,0.34115453589932376,0.9312283348241198,49.89931854353331,0.9371519088745117,0.16885470711005943,1.0,-20.984322300029422,0.9910910725593567
61,2.5416666666666665,0.3183538160074199,0.004238169611076399,-24.5750303426546,0.9997439980506897,0.2544653121058102,0.09774651410904087,9.632364131957603,0.998576819896698,0.23194760876971304,0.08568601085907283,-39.399592522363164,0.9997703433036804,0.2667545788495824,0.23886022422199482,24.57148458422007,0.42378008365631104,0.4866641757314286,0.05271198547800971,-59.345678856640816,0.9978244304656982,0.3031769420446905,0.38010699134197384,26.72101271832387,0.5317627191543579,0.7230851340606758,0.014442449653484735,-63.765608205442035,0.996049165725708,0.3115159015956305,0.41706387898053215,29.076498914874158,0.5289079546928406,0.7894050690261929,0.016288541616854762,-69.61016036329598,0.9906442761421204,0.25995874287199433,0.43680413549282837,14.930113934986096,0.9995234608650208,0.20482707857333712,0.43767947499082116,-14.977463427280147,0.999721348285675,0.25764469915743177,0.6607864925389466,31.768871824432125,0.6880686283111572,0.20627685961688771,0.6702351610368019,-16.13206787375771,0.9865895509719849,0.22741434978620376,0.8834355778496962,54.59424621330522,0.8884187936782837,0.06639375796484649,0.9165642060170947,-7.621277240623869,0.9929770827293396,0.2019656099643894,0.9154008690176018,56.34388894651091,0.8833801746368408,0.02483681759419091,0.9475751339823274,-7.435475268070306,0.9539971351623535,0.34620339053568894,0.9303401315332679,48.707504553899206,0.9370790123939514,0.17244343456202366,1.0,-21.11112710330635,0.9913274049758911
62,2.5833333333333335,0.32111337780625937,0.004238169611076399,-23.10195229667737,0.9997625350952148,0.25686498174980565,0.09328045602125158,8.400634553276692,0.9986351728439331,0.23108110341332463,0.08046964998568099,-35.288352612603354,0.9997847676277161,0.25979264329910035,0.24492555780048827,21.52497920909493,0.3901756703853607,0.4811799355382639,0.05013095894126225,-54.0069512595737,0.9980032444000244,0.28516514332919374,0.38475296933324,23.851017584022237,0.4949016571044922,0.7285677104957641,0.015764310493846412,-59.093864144409224,0.9959684014320374,0.29234811187286486,0.4231621968295239,25.457351700883137,0.4936167895793915,0.792551352750471,0.03517981598080607,-64.37472989441403,0.9902756810188293,0.2587321319236979,0.43349364777896854,13.409522215334587,0.9995055794715881,0.2026277205867401,0.4343317741218222,-13.455716822662353,0.9997251033782959,0.25320168139406446,0.6580307145693547,28.455608833347103,0.686849057674408,0.2063303293671949,0.6690679489646072,-14.2581551701087,0.9868694543838501,0.22692617571804352,0.8829456318921082,48.896270822316616,0.8883562088012695,0.06681078848959555,0.9167881453407921,-6.882586665724855,0.9931354522705078,0.20256692174297908,0.9155275554437509,50.456283958956234,0.8831071853637695,0.02483681759419091,0.9475988775200491,-6.7028566563514635,0.954804539680481,0.34607035106299705,0.9280266823954771,43.55975848118213,0.9377363920211792,0.17208629872212935,1.0,-19.01833152928748,0.9915557503700256
63,2.625,0.32643977522409856,0.004238169611076399,-2.764003574848175,0.9997807145118713,0.24827836434208478,0.09452504637877734,1.0351266711950302,0.9987196326255798,0.2362435509541288,0.07936207921863654,-4.465128481388092,0.9997988939285278,0.24038513473429016,0.25078724896765203,2.7258744835853577,0.36028385162353516,0.48591159285873425,0.054511554866177044,-6.6626739501953125,0.9981508851051331,0.2815482110089462,0.3964624147832323,2.9999640583992004,0.4612969160079956,0.7412326112363566,0.03374281245591913,-7.303697466850281,0.9957709312438965,0.2930751174428407,0.43482536194585647,3.187168836593628,0.46181389689445496,0.800573879687829,0.051947363757211894,-7.988646626472473,0.989815354347229,0.2558729253172443,0.43316126342076183,1.7208011448383331,0.9995012879371643,0.20434553665440594,0.4338791579220101,-1.727575659751892,0.9997283816337585,0.2504171995534887,0.6575708616021321,3.688819110393524,0.6818469762802124,0.20875418536240356,0.6693368391650002,-1.6748631000518799,0.986967921257019,0.22963197417650383,0.882442255297588,6.30989134311676,0.8870700001716614,0.06938981623739776,0.9167859468132806,-0.6197035685181618,0.9932451844215393,0.20703552957967142,0.9155219348441948,6.513805985450745,0.8815625905990601,0.02483681759419091,0.9473775157213107,-0.5777474865317345,0.9555456042289734,0.3510821510380557,0.925361721088723,5.660760402679443,0.9379128813743591,0.17309812276036837,1.0,-2.08127960562706,0.9916963577270508
64,2.6666666666666665,0.34106140983117195,0.004238169611076399,-12.758060513458497,0.9998010396957397,0.21582212830260375,0.1099911217842914,2.8631864033305763,0.9988376498222351,0.2543559321652179,0.08095180150523601,-22.91593528473183,0.9998169541358948,0.14329661273105693,0.27589405079016394,9.207868594295388,0.3832932710647583,0.5178412279659496,0.07222679968134246,-34.474839996068276,0.998309850692749,0.14412144258004264,0.4367080949276377,9.1434234942645,0.47213366627693176,0.7571722354055925,0.06338844005675674,-39.18632942120466,0.9959042072296143,0.1336076942443242,0.47992587587327645,9.821331123770987,0.4663584232330322,0.8179924831698472,0.08520343562174369,-42.94073633910709,0.9901355504989624,0.2385209188820177,0.4402881813266193,8.330990625771603,0.9995349049568176,0.21005760091352327,0.43807971749134067,-8.370994593117334,0.9997463226318359,0.2519820382824512,0.6590258777227626,19.00628332733924,0.6835945844650269,0.21398130954398292,0.6718987104031682,-5.423908132012749,0.9876342415809631,0.23155470326019353,0.8807713435301666,32.757004603330444,0.888422429561615,0.07419169097557933,0.9183485331289024,2.039883383508479,0.9935207366943359,0.21236515898516853,0.9152412600009596,33.862425549886645,0.8820525407791138,0.02483681759419091,0.9487994003024284,2.4792951333377444,0.9571149349212646,0.356578666389494,0.923404113598302,29.769596638173653,0.940214991569519,0.1763552552942563,1.0,-4.596520981945953,0.9920600652694702
65,2.7083333333333335,0.35077455156336323,0.004238169611076399,-7.655964417338279,0.999819815158844,0.20349318607535893,0.11834594700522263,2.2344089298887906,0.998940110206604,0.2701453989831896,0.0811402498828508,-13.684717348167867,0.9998331069946289,0.11521281121418542,0.2798067778881815,6.281816016778635,0.41768142580986023,0.5336785107772518,0.08278566888629574,-20.451575571203325,0.9984594583511353,0.10616112766103697,0.4406943325185385,6.594881218838867,0.4818222224712372,0.7676283814245375,0.0778710036871434,-22.76388704188324,0.996042788028717,0.09911454442166674,0.4839796277161781,7.063181302680323,0.466968834400177,0.8272410489301871,0.1017344647260184,-24.934054952744386,0.9903995990753174,0.2328318111334211,0.4446161160458725,5.2399007514650675,0.9995501637458801,0.21544158875279817,0.44252034379083055,-5.263147358737879,0.9997597336769104,0.2527492320216399,0.6590543688638429,12.327100266172502,0.6894079446792603,0.2183814914994542,0.6746708512872204,-2.9402965906367036,0.988309383392334,0.2320575123855685,0.8794158841115562,21.08951904718283,0.8899126052856445,0.07685639354710955,0.9188458110998035,1.42076894779239,0.993801474571228,0.21700651676392316,0.9141158378804821,21.822865811692807,0.8825531005859375,0.02483681759419091,0.9493956274395842,1.6704473116101182,0.9586936235427856,0.3484235039710483,0.9216456403878381,19.694384250492607,0.9422947764396667,0.17894486831659986,1.0,-2.5509418776777433,0.9924109578132629
66,2.75,0.3597644010098154,0.004238169611076399,-5.846247300014207,0.9998364448547363,0.20223388642325016,0.12006828385393481,2.336286152361124,0.9990354776382446,0.2791756948430564,0.08226304738170233,-12.143205867517741,0.9998477697372437,0.11241821644947754,0.2777095094238365,5.705761023014433,0.4527798593044281,0.5422853728429992,0.08970536928438304,-17.85095228324943,0.9985904097557068,0.10316766074051764,0.43707902986269787,5.882803173916509,0.49127060174942017,0.771815842023701,0.08937918559660363,-19.970311547745794,0.9961644411087036,0.09371134261719122,0.48182705535726955,6.281452323338358,0.46762439608573914,0.8331796782502221,0.11554875926426637,-21.910626517619587,0.9906610250473022,0.2322861400926799,0.4458939217823825,4.669337765763437,0.999572217464447,0.21882138687286395,0.4439302549525556,-4.692049733155349,0.9997717142105103,0.2522380509068111,0.6590342419019257,10.629502257472973,0.6900090575218201,0.2199164614171197,0.6759079907618214,-2.3514294581227837,0.9888434410095215,0.23577992981511742,0.879364279617513,18.03828433614131,0.8893285393714905,0.07936917579194594,0.9186663367903333,2.022665294798231,0.9939892888069153,0.21958227699737587,0.9140773357589911,18.64340555382289,0.8812095522880554,0.02483681759419091,0.9491529549848731,2.308196913512719,0.9598562121391296,0.3533441897111681,0.9218719633974034,16.665769348732134,0.9435279369354248,0.18001017802517588,1.0,-1.3044690221675017,0.9926705360412598
67,2.7916666666666665,0.36363600770976967,0.004238169611076399,-5.955369004465783,0.9998508095741272,0.20213740663553698,0.11888118084404821,2.4846061499052787,0.9991129040718079,0.279614190058969,0.08190740761983015,-11.525472501703717,0.9998588562011719,0.11195135874696256,0.2756098410356275,6.0004667487574945,0.47925230860710144,0.5402563874133841,0.0907518962410786,-17.285284328182108,0.9986968040466309,0.09468048285451332,0.4320672539409676,6.290416424371001,0.5020493268966675,0.7733882440230979,0.0944707109598122,-19.497306122416312,0.9962032437324524,0.08417663947485318,0.47740147435160807,6.699433378254507,0.47094660997390747,0.8336844070451211,0.12277267615979508,-21.40340352288968,0.9907616972923279,0.230290869269592,0.4454438870141375,4.670548559668611,0.9995754957199097,0.21773306093667477,0.4434493368247693,-4.69264816662002,0.9997711181640625,0.25115389996792975,0.6591432006396738,9.938012539825674,0.6888906359672546,0.21914678887928715,0.6760123228280933,-2.364594534599222,0.989159345626831,0.22797953192293444,0.8802643455573657,16.77503588424233,0.8869898915290833,0.07913332199072294,0.9182090178423566,1.9291219416452214,0.99405837059021,0.21397887210996117,0.9150786496926815,17.322627347158452,0.8776589632034302,0.02483681759419091,0.9493211983428982,2.1979987593024632,0.9604523181915283,0.3541626155299477,0.9232881902475852,15.360140963882188,0.9441953897476196,0.1786372533591837,1.0,-1.3652988232966987,0.9928522706031799
68,2.8333333333333335,0.36828263093264246,0.004238169611076399,-5.18247387140876,0.9998624920845032,0.20168510662525682,0.1139918892004978,2.6173551427444397,0.9991850256919861,0.2825622509251303,0.07859717385097696,-11.14547168282417,0.9998701810836792,0.11056526573467743,0.26951210276885434,6.0006312121693846,0.4952807128429413,0.5422402925924074,0.09175497403499423,-17.058041433803478,0.9987895488739014,0.09704712837179558,0.4287906020194359,6.278030939292622,0.5045508742332458,0.7775659669238799,0.10066459580463875,-19.546847912623992,0.9963065981864929,0.08585767434584465,0.47553811503648696,6.701062030501096,0.46872133016586304,0.8378808138659128,0.1297081179026013,-21.462016909127126,0.9910666346549988,0.22371017255003198,0.44376984963817034,4.59537802722785,0.9995853900909424,0.2180502186344969,0.4422688017237591,-4.618094956255149,0.999772310256958,0.24943444682473506,0.6590113038774906,9.537201549137759,0.6836288571357727,0.21701460336377348,0.6764531434530293,-2.1065601997261676,0.9894107580184937,0.22344933403608871,0.880984948339464,16.053620537038505,0.8831642866134644,0.07833136040378771,0.9189488021328092,2.5032449362697258,0.9941197633743286,0.20901587805222518,0.9161748622703549,16.568770829955298,0.8733036518096924,0.02483681759419091,0.949755799873913,2.8174065637000165,0.9613907933235168,0.3555167449343433,0.9238336338100887,14.581300559733515,0.9443463683128357,0.17512649458741084,1.0,-0.5809211832910348,0.993031919002533
69,2.875,0.37211448901725325,0.004238169611076399,-5.224931231465372,0.9998735189437866,0.20427974074471306,0.11249290472286343,2.701117620521918,0.9992524981498718,0.2853647274227275,0.07778234416162921,-10.852056204806109,0.9998798966407776,0.10970162165672136,0.2671766062521133,5.884109505894263,0.5207110047340393,0.5475197297613419,0.09472200180401451,-16.941881149634792,0.9988713264465332,0.09850520149199576,0.43066747011589285,6.111713197467857,0.5106547474861145,0.7790901506384048,0.10391911821123674,-19.470002841566007,0.996334433555603,0.08589701022261026,0.4765539853639226,6.524025001112642,0.46854573488235474,0.8391426615860481,0.13142145994753343,-21.37071346505203,0.99118572473526,0.2211064566987255,0.44434423683122803,4.609566429735785,0.9995967149734497,0.21668681533437328,0.44331929794669506,-4.632066217902457,0.9997718334197998,0.247226858365989,0.6614736614849,9.38061756577442,0.6788985729217529,0.21430324621329686,0.6794386048843256,-1.648032402203296,0.9895421862602234,0.2239483137764301,0.8828916790696713,15.673797933652951,0.8793250918388367,0.07853519625144592,0.9191490135154016,3.3411166857078816,0.9941473007202148,0.21123793386639772,0.9183785403022147,16.17205741793595,0.8693544864654541,0.02483681759419091,0.9503875190276913,3.6929505752114538,0.9620983004570007,0.3547665624337907,0.926098673573407,14.220544119567549,0.94432532787323,0.17437287878789978,1.0,0.37163763677777606,0.9931638836860657
70,2.9166666666666665,0.37264001466911534,0.004238169611076399,-5.577942439323034,0.999884307384491,0.20497767067877815,0.11078643598954559,2.744774735858789,0.999314546585083,0.2845240485840766,0.07620168893621036,-11.110365765832572,0.999888002872467,0.11542926937532327,0.26733531252395876,6.123400092547355,0.5428752899169922,0.5460232719286557,0.09413298640152708,-17.313488614181683,0.9989344477653503,0.108415633367761,0.4334563011683925,6.539280570916946,0.5217272639274597,0.7794653099125172,0.10565474794096126,-19.96533854498385,0.9962825179100037,0.09481924576252397,0.47793352591412797,7.081479131631848,0.47396689653396606,0.8387462188137939,0.13261369589625518,-21.915150940368978,0.9911226034164429,0.21818439253117938,0.4433104100602995,4.690252025342065,0.9996065497398376,0.2112226795199368,0.44231643569969437,-4.712767971194876,0.9997695088386536,0.244117253108064,0.661092277729782,9.471406848075548,0.6693589091300964,0.21160414324658025,0.6791895619624502,-1.6931484427118497,0.9892436861991882,0.2199633286018764,0.8828264098848595,15.846866533624187,0.8714011311531067,0.07671028406883615,0.918725427372483,3.297375026484037,0.9939522743225098,0.2091420061975344,0.9187599036859697,16.355211240846863,0.8625049591064453,0.02483681759419091,0.9504660175805567,3.643379744074183,0.9618510603904724,0.3500533027439462,0.9259697627438809,14.33924255305762,0.9428382515907288,0.17242299461676,1.0,0.2197193654045801,0.9930910468101501
71,2.9583333333333335,0.3706117637661841,0.004238169611076399,-6.439305815115305,0.9998950362205505,0.20469597164711067,0.10924055774560633,2.83995805003809,0.9993680715560913,0.2816043250151295,0.07486230371817883,-11.477905850560301,0.9998958110809326,0.11822134295499191,0.2642168340897045,6.586232809980836,0.5606598258018494,0.5402591073804873,0.09471866347670226,-18.198534045403665,0.9989883303642273,0.11194731020344718,0.4310217501750209,7.640495281042377,0.5311262607574463,0.7758153828256511,0.10673439566218275,-21.27402553485022,0.9961223602294922,0.09679003913982281,0.4755251216657504,8.239174716859868,0.47811275720596313,0.8337937240747552,0.1345104224198115,-23.2980907457318,0.9908103942871094,0.21645816539194718,0.442244374598454,4.833125983037248,0.9996147155761719,0.20572640641822404,0.44122159329289246,-4.856921836303022,0.9997730851173401,0.23879292602702895,0.661428217381243,9.836895939312551,0.6689966917037964,0.20525418759367667,0.6794263852807437,-2.047211481911316,0.9894831776618958,0.21477078496864932,0.8823556587706559,16.542863314992704,0.8694348931312561,0.07289710249534981,0.9174783862653968,2.5584715196814094,0.9940367937088013,0.20505971999170086,0.918498384492576,17.07384414086316,0.8594381213188171,0.02483681759419091,0.9494256213257277,2.8485250610219874,0.9623076319694519,0.34903859253046815,0.9256791441811328,14.972651673109462,0.9432622790336609,0.1611205480660597,1.0,-0.8033461045830084,0.9932506680488586
72,3.0,0.3702723282405931,0.004238169611076399,-17.769787981039585,0.9998776912689209,0.2517397260970441,0.10159755249822904,8.296320264316424,0.9990680813789368,0.27433051790582225,0.07447003447728055,-26.894701947659577,0.9998588562011719,0.31208092184014496,0.2172882148961938,15.60581435745586,0.5100834369659424,0.536674394913384,0.09232874065748436,-35.12137775055636,0.9989478588104248,0.40622180390775936,0.3534611803427893,12.132030259413012,0.48532918095588684,0.7752818590638865,0.10641739315877093,-34.08752810304904,0.9952379465103149,0.4213998028019067,0.3823697772784253,12.788406768195893,0.4382159113883972,0.8297837235449048,0.13447797003945705,-37.97391435259325,0.9890146255493164,0.21589646187729877,0.4372389592503937,11.215571608354006,0.9990118145942688,0.18812262108122418,0.4356030940195572,-11.265444902664585,0.9992876648902893,0.23390685889847512,0.6626947299829902,19.39522590779549,0.6357235312461853,0.19984606653043277,0.6793290445266942,-5.392518504635581,0.9868436455726624,0.20902378029037302,0.8829371553482059,32.39647827143398,0.8451813459396362,0.07184539290609215,0.9168043294711136,5.30830880009122,0.9930703639984131,0.20023197973053772,0.9186762975260533,33.363550044939664,0.8400461077690125,0.02483681759419091,0.9494377792795186,5.9878261465337035,0.9610825181007385,0.34728406185448246,0.926465740609637,28.310987501028283,0.9303440451622009,0.15904269289269904,1.0,-2.8790009942932175,0.9921370148658752
73,3.0416666666666665,0.3708618445479282,0.004238169611076399,-2.63635516166687,0.999840259552002,0.266570642820474,0.09459927502251494,1.4789460599422455,0.998668909072876,0.27146163258600164,0.0740404167948451,-3.902350664138794,0.9998221397399902,0.3591826267831313,0.1855497738963671,2.5993576645851135,0.4640587568283081,0.5347991491157098,0.09184378390692619,-5.02684473991394,0.9988788366317749,0.49618842533544677,0.31226287569109273,2.027844786643982,0.44508683681488037,0.7737266387612018,0.10683392301799685,-4.868146777153015,0.9944286942481995,0.5200792381294113,0.33301611708789636,2.1280209720134735,0.4033832550048828,0.8271557535711727,0.13331983121328458,-5.447295904159546,0.9873914122581482,0.21766701334334942,0.4333167180181358,1.6699114441871643,0.9981915950775146,0.18141047798410376,0.4321922068576794,-1.6766221821308136,0.9986860752105713,0.23239576942548457,0.6625572258547863,2.980617880821228,0.6064333319664001,0.19782328459639095,0.6786504250277489,-0.9773322939872742,0.9849779009819031,0.20414181711280888,0.8826856134655511,5.080872178077698,0.8234634399414062,0.07014815674819175,0.915412885939564,0.47231070697307587,0.9920721054077148,0.19310494831573705,0.9179937038239857,5.240705609321594,0.8226580619812012,0.02483681759419091,0.9476924712006813,0.5568691715598106,0.9598774313926697,0.34671870276013655,0.926350299643292,4.4956958293914795,0.9163659811019897,0.15481989121367878,1.0,-0.6970328837633133,0.9907538294792175
74,3.0833333333333335,0.37078188809974777,0.004238169611076399,-2.907485067844391,0.9998271465301514,0.2719772804300042,0.09200710791523943,1.5084880590438843,0.9982733726501465,0.26505955914171164,0.07304904320734047,-3.87248694896698,0.9997833371162415,0.36962420699959736,0.17785608555480079,2.6772063970565796,0.42230772972106934,0.5340627330598973,0.09049879809828351,-5.097041726112366,0.9988621473312378,0.46919760524280185,0.3094536429598862,2.0907025039196014,0.40830883383750916,0.7721293868053626,0.10584882291967439,-4.946394562721252,0.9937145709991455,0.4861445901947596,0.3338411212145985,2.1897822618484497,0.37143969535827637,0.8257525118808495,0.13133077014053932,-5.52911639213562,0.9857782125473022,0.21925167008618526,0.4317216608747765,1.6557706892490387,0.9975458383560181,0.17566861118899377,0.4304277287029992,-1.6621191799640656,0.9981767535209656,0.22906913476945448,0.6622883029465566,2.933489680290222,0.5834246277809143,0.19427911370036932,0.677527793650505,-0.9627307206392288,0.983519971370697,0.19637549847506824,0.8823790147981209,5.035985112190247,0.8057116270065308,0.06737500497438376,0.9140758229198834,0.5794050544500351,0.9913385510444641,0.17933010609951094,0.9175687289085258,5.195931792259216,0.8092955946922302,0.02483681759419091,0.945009206878679,0.6754540652036667,0.9589007496833801,0.3401836608690616,0.9265318889186481,4.438592791557312,0.9053821563720703,0.1491649551650342,1.0,-0.5521538108587265,0.9897271990776062
75,3.125,0.3710419490510316,0.004238169611076399,-26.958359452956255,0.999817967414856,0.27570775532806335,0.09029906618316537,16.995210747837096,0.997958242893219,0.2608264552725832,0.07169079814331591,-37.08869094077971,0.999767005443573,0.47611191295581506,0.11732169377963401,27.764626752721295,0.3909701704978943,0.5302914921506592,0.08937351383150148,-49.19650732643825,0.9987486004829407,0.6800603830326328,0.13556234924728694,20.926996853498075,0.38885998725891113,0.77081835468441,0.10495321500592986,-48.17395453684827,0.9930511713027954,0.753693927488054,0.15082813955329247,21.750794248517835,0.35550031065940857,0.8246190927689959,0.13217516658861322,-54.19896836746233,0.9843708872795105,0.21967211971434877,0.4309636352287361,16.279020447799663,0.9971768856048584,0.1721105432136564,0.4297918222069099,-16.347067014744734,0.997856855392456,0.22766105018912416,0.6629842873696732,30.228033948658034,0.5662639141082764,0.1922522389948994,0.6775184791398522,-9.204743775546358,0.983572244644165,0.19760615937619544,0.8823599318337075,52.20880349423178,0.796388566493988,0.06594994652495925,0.9138596774480393,6.867928513099559,0.9913013577461243,0.1825401812537116,0.9175825306265349,53.918978587585016,0.8019701242446899,0.02483681759419091,0.9449613330297212,7.940754829329611,0.9604244828224182,0.33641920526360386,0.9267086121143373,46.48169298214237,0.8984787464141846,0.1504332576743745,1.0,-4.044113066831025,0.9894605875015259
76,3.1666666666666665,0.3732723666609177,0.004238169611076399,-18.772211484220744,0.999826967716217,0.28918477835221906,0.08858351309663183,11.817161631265762,0.9978590607643127,0.25978279995282716,0.06987743642879096,-25.46116270421124,0.9997625350952148,0.5096071397511766,0.10543949990665165,18.79294878179586,0.37137672305107117,0.5286905153533816,0.08849703422812688,-34.30250412189786,0.9986402988433838,0.7231199790386381,0.1132815292365178,12.908771614747325,0.38996821641921997,0.7699898519837451,0.10419225145153733,-34.05115494686897,0.9925364255905151,0.7997582497179149,0.13788637136969203,12.982681008372753,0.35726892948150635,0.8244197913027784,0.13208824220053011,-38.29835441909664,0.983161211013794,0.2193331461019336,0.4303122242832244,11.184673054583014,0.9970492124557495,0.1712720964841946,0.4294134019789573,-11.22394423681777,0.9977539777755737,0.22877475553504859,0.6651227166527545,21.524962657111278,0.5564142465591431,0.1916875953664901,0.6793540698036504,-6.40223136388241,0.984162449836731,0.1910804300203581,0.8816875625882092,38.05902895414605,0.7910659909248352,0.061042713377716044,0.9135666026420828,4.410303561018227,0.9914494752883911,0.16628923987376037,0.9143868965544656,39.357997904395674,0.7968831658363342,0.02483681759419091,0.9445727640522407,5.141504936250319,0.9620473384857178,0.33708305242230446,0.9262439863187639,34.26546036797821,0.8940547108650208,0.15064381774076324,1.0,-2.8376951423222536,0.9894614815711975
77,3.2083333333333335,0.37801224125412874,0.004238169611076399,-15.857993974668435,0.9998257160186768,0.2936114675707643,0.08739678126538879,11.426823935256637,0.9975964426994324,0.2611580953227254,0.06759397174156935,-22.989657272601693,0.9997621774673462,0.511138901341399,0.10725841274471978,17.952349867434847,0.3490826189517975,0.5248993267820204,0.08720529554085564,-31.40468615614608,0.9985632300376892,0.7234780570004308,0.1100808885720048,12.294648521049169,0.3805396854877472,0.7701315522995297,0.10174067579440901,-30.789778198821963,0.9922075867652893,0.80192460967406,0.13482439305976376,12.9205697908747,0.3499605655670166,0.825475607296521,0.13033932374172189,-34.61246249283797,0.9823711514472961,0.2217992909648987,0.4294071913543182,10.273167736398793,0.9968787431716919,0.1730286244262152,0.42853869426296615,-10.309456449493664,0.9976398944854736,0.23149897554089477,0.6671959944064652,19.900259115265087,0.5439345836639404,0.19146246121820268,0.6809811502179312,-5.684228113595215,0.9845200181007385,0.19024927585072998,0.8815796671082505,34.92506894138473,0.7828591465950012,0.059740891381766144,0.9136877922017316,4.323637956167232,0.991482675075531,0.1671779356469643,0.9138448370425746,36.129717870462045,0.7910200357437134,0.02483681759419091,0.9445441693155758,5.002538799315953,0.9633821249008179,0.33952018749253804,0.9264550906595135,31.451462644514464,0.888504683971405,0.14992787324469378,1.0,-2.450751903933488,0.9893037676811218
