frame_id,timestamp,nose_x,nose_y,nose_z,nose_visibility,left_shoulder_x,left_shoulder_y,left_shoulder_z,left_shoulder_visibility,right_shoulder_x,right_shoulder_y,right_shoulder_z,right_shoulder_visibility,left_elbow_x,left_elbow_y,left_elbow_z,left_elbow_visibility,right_elbow_x,right_elbow_y,right_elbow_z,right_elbow_visibility,left_wrist_x,left_wrist_y,left_wrist_z,left_wrist_visibility,right_wrist_x,right_wrist_y,right_wrist_z,right_wrist_visibility,left_pinky_x,left_pinky_y,left_pinky_z,left_pinky_visibility,right_pinky_x,right_pinky_y,right_pinky_z,right_pinky_visibility,left_hip_x,left_hip_y,left_hip_z,left_hip_visibility,right_hip_x,right_hip_y,right_hip_z,right_hip_visibility,left_knee_x,left_knee_y,left_knee_z,left_knee_visibility,right_knee_x,right_knee_y,right_knee_z,right_knee_visibility,left_ankle_x,left_ankle_y,left_ankle_z,left_ankle_visibility,right_ankle_x,right_ankle_y,right_ankle_z,right_ankle_visibility,left_heel_x,left_heel_y,left_heel_z,left_heel_visibility,right_heel_x,right_heel_y,right_heel_z,right_heel_visibility,left_foot_index_x,left_foot_index_y,left_foot_index_z,left_foot_index_visibility,right_foot_index_x,right_foot_index_y,right_foot_index_z,right_foot_index_visibility
0,0.0,0.4170192513373504,0.0064799324192767625,0.6127264350652695,0.9996728897094727,0.26467091637882406,0.0927162997449581,3.3477601408958435,0.9962401390075684,0.2525615128658111,0.08579745134397956,-2.3296181857585907,0.999868631362915,0.28221285779930533,0.2163684214625457,5.818065404891968,0.03867539390921593,0.3605952390367998,0.20970580434495564,-4.011777341365814,0.9813711047172546,0.4115079844964376,0.22898823479407102,7.0929306745529175,0.06810255348682404,0.5948796247286372,0.13063092244288393,-4.700344800949097,0.978257954120636,0.4366121297740208,0.23053250523858337,7.5287193059921265,0.09454238414764404,0.645180530455509,0.10624825780537905,-5.152906775474548,0.9732179045677185,0.10126213227052493,0.4130163922212674,1.7969875037670135,0.9963219165802002,0.1275790895228272,0.42457421020057706,-1.79351344704628,0.9995531439781189,0.16272841880846295,0.6346664745938291,3.8464754819869995,0.32962340116500854,0.25960280166328153,0.6649199992682556,-3.185695707798004,0.9860218167304993,0.054439608478115985,0.8274212271437801,5.85423469543457,0.5380087494850159,0.1961016378455779,0.9415338654258085,-4.652322232723236,0.9841607213020325,0.10092036444072115,0.8637284272005809,5.990734100341797,0.55763179063797,0.13933457508503358,0.9792025205816691,-4.86420065164566,0.9661834836006165,0.18462025455165232,0.8613370962221523,5.596598982810974,0.6722685694694519,0.38267918786758154,1.0,-6.3096290826797485,0.9766640067100525
1,0.041666666666666664,0.4120983974557773,0.0064799324192767625,1.38475211781325,0.9996989369392395,0.26915859479301485,0.09321659163155044,26.109713627123703,0.9965106844902039,0.2446671377021326,0.08722320951396155,-20.898268725756424,0.9998764395713806,0.35808003241332526,0.16515332058762017,46.99003105929996,0.053687382489442825,0.3531660829702957,0.21255064733794765,-36.90730358730148,0.9819011688232422,0.535723965772286,0.08824547219080167,60.70557514781295,0.09786897897720337,0.5868156153476318,0.13533922746704016,-44.46221067575524,0.9779792428016663,0.5970513511600957,0.08473928842409506,64.25677812643222,0.12295525521039963,0.6407135713927643,0.11741103177037518,-48.28618281415979,0.9725580811500549,0.10050582703077603,0.4152300631164057,15.317342010266097,0.9965807795524597,0.11385247251743531,0.42683205263232643,-15.288239155522495,0.9995859861373901,0.15369741194697584,0.6283721953776782,35.849679224665735,0.3380841910839081,0.25123452601762897,0.6628662172287553,-28.506317227412502,0.9865931868553162,0.05389115876302574,0.8141251649099536,56.71144843100011,0.5477825999259949,0.1878628580362142,0.9430047895349043,-41.04598178386181,0.9849921464920044,0.10092036444072115,0.8497237451033777,58.20841975222898,0.5654526352882385,0.12900628469420786,0.982894518198327,-42.946334894915395,0.9674965739250183,0.18158993769198528,0.8553739858546132,53.5163636861932,0.6802462339401245,0.3726956455032883,1.0,-56.8064136142814,0.9778820872306824
2,0.08333333333333333,0.42714032840122995,0.0064799324192767625,-0.1204244140535593,0.9997219443321228,0.26927915322753304,0.09318235820849885,3.0290398001670837,0.9967649579048157,0.25165933822359127,0.09057015183578976,-2.8643977642059326,0.9998839497566223,0.34386365703166594,0.16948478087976523,5.877744555473328,0.06141682341694832,0.3575107694277443,0.21939713376042536,-5.051538348197937,0.9812884330749512,0.5285130128212273,0.08989660386980046,8.15996527671814,0.11802227795124054,0.5929592127053879,0.14030220972826682,-6.40761137008667,0.9768592715263367,0.5654535067649299,0.06436829539433407,8.720947504043579,0.14433883130550385,0.6502237028339022,0.12270005876032943,-6.9643634557724,0.9713608026504517,0.10253473434721246,0.4165555507436285,1.96024090051651,0.9968339204788208,0.11105945903341542,0.42876127780174605,-1.956835687160492,0.9996175169944763,0.15216976186260317,0.6264990751658942,5.004873275756836,0.3479996621608734,0.2527662032659097,0.6623518299545382,-3.4526267647743225,0.9871487617492676,0.05670758571062325,0.8034108522598911,7.897191643714905,0.5605220198631287,0.18969012347100256,0.9429506456479256,-4.855791628360748,0.985881507396698,0.10092036444072115,0.8424615284909632,8.12237024307251,0.5752773880958557,0.12728686071645695,0.9836237331307695,-5.064939856529236,0.9690609574317932,0.18557915409855277,0.852633333168875,7.607748508453369,0.6910951733589172,0.3738618193628168,1.0,-6.902526021003723,0.9791801571846008
3,0.125,0.4404968767215095,0.0064799324192767625,-0.11030610650777817,0.9997426867485046,0.27770770128632594,0.09347011254939905,3.060411512851715,0.9969907402992249,0.26079506674526304,0.0928799068859892,-2.904210090637207,0.9998903870582581,0.3471002803751671,0.17091882186987364,5.884507894515991,0.06764819473028183,0.36565872532917737,0.22255247524293015,-4.9434661865234375,0.9808973670005798,0.5415602849351256,0.08962650960088639,7.955344915390015,0.13509462773799896,0.602197108663909,0.14619344213487145,-6.103875041007996,0.9755139350891113,0.5751280030666759,0.06391024868382184,8.46046507358551,0.16228413581848145,0.6639087099725951,0.1292836163523971,-6.650654077529907,0.9696860313415527,0.10853324061987592,0.41754162549698237,2.011766880750656,0.9970561265945435,0.10425953124750036,0.4297767000286127,-2.008194625377655,0.9996458888053894,0.15822372152941547,0.6272215601286216,5.05781888961792,0.35614562034606934,0.25630349540236746,0.6631160294509328,-3.574252724647522,0.9876094460487366,0.05985898077966498,0.7977916074537614,7.946536540985107,0.5716375112533569,0.1934796256926185,0.9430326361872396,-4.99430239200592,0.9865934252738953,0.10092036444072115,0.8384145607999149,8.16831648349762,0.5829971432685852,0.1292347683769442,0.9843537492225539,-5.217215418815613,0.9702003002166748,0.18890220403286442,0.8487365043729318,7.612653970718384,0.7001973390579224,0.3781934821902113,1.0,-6.989945769309998,0.980265736579895
4,0.16666666666666666,0.44214261336566346,0.0064799324192767625,-0.19510367885231972,0.9997580051422119,0.2735093374359718,0.0921979686259801,3.0653229355812073,0.99718177318573,0.26926771919189646,0.09345001109063818,-3.0453550815582275,0.9998951554298401,0.3423045905449004,0.17742621787693358,5.887052416801453,0.07060675323009491,0.3685132620039632,0.22757854889404547,-5.305312871932983,0.9795226454734802,0.5289394656809627,0.1149069683973122,8.087425827980042,0.14426907896995544,0.605277821710524,0.15309940492483093,-6.868802309036255,0.9742868542671204,0.5618442629573175,0.09187663391051985,8.658453822135925,0.17321275174617767,0.6704644553615279,0.13700402445718304,-7.51251220703125,0.968636155128479,0.10150039441541074,0.4185422004903384,2.0799924433231354,0.9972559809684753,0.10139132423199167,0.4309994599128516,-2.076391875743866,0.9996705651283264,0.1578785396396057,0.6286968181864921,5.283079743385315,0.36495521664619446,0.25331017601552785,0.6648973467178322,-3.4780797362327576,0.9881694316864014,0.06027119181026146,0.797575655045408,8.281739354133606,0.5842301845550537,0.1927790397221122,0.9435230673032807,-4.501678049564362,0.9874230027198792,0.10092036444072115,0.8368703002502615,8.518131971359253,0.5919064879417419,0.1259922203947288,0.9849478250352672,-4.691384732723236,0.9716699123382568,0.1891532824126961,0.8426621595749421,7.989603877067566,0.7113853096961975,0.3774366964489882,1.0,-6.437075138092041,0.9815006256103516
5,0.20833333333333334,0.44680167370850493,0.0064799324192767625,-0.37088289856910706,0.9997767806053162,0.27828289008729795,0.0939642556362722,2.9845264554023743,0.9973909854888916,0.2778677270520649,0.09608774854616531,-3.1843137741088867,0.9999014735221863,0.34420835952043044,0.18192942986354754,5.775974988937378,0.07683804631233215,0.37271732152848946,0.2331147777869194,-5.3792232275009155,0.9792272448539734,0.5527079791376908,0.12199509555045716,7.882991433143616,0.15910786390304565,0.6095922832487706,0.15454737387986361,-6.845648884773254,0.9737594127655029,0.5979811658281702,0.10203866321903676,8.40714156627655,0.18854618072509766,0.6763145820881601,0.13834904722161676,-7.495179772377014,0.9680648446083069,0.09694912626885425,0.41995134670648937,2.098401188850403,0.9974602460861206,0.10106970496896119,0.4321546460301135,-2.094389796257019,0.9996967315673828,0.14814602687386025,0.6262387194787625,5.560932755470276,0.3757248818874359,0.25563755582420805,0.6640834707531945,-3.462638556957245,0.9888862371444702,0.06069296040706516,0.8019573298953204,8.752973079681396,0.5995858907699585,0.1948164156637737,0.9424364715591927,-4.546992480754852,0.9882798790931702,0.10092036444072115,0.8376404460728768,9.009007215499878,0.6033260226249695,0.12595253082579425,0.9835871235399763,-4.745780527591705,0.9732104539871216,0.19146650474167287,0.8438066440511208,8.459235429763794,0.7239204049110413,0.3812925898165984,1.0,-6.552759408950806,0.9827471971511841
6,0.25,0.44467213164803554,0.0064799324192767625,-0.4762550815939903,0.9997910857200623,0.2703327861513207,0.09497129065183373,2.8614425659179688,0.997562050819397,0.276992026253013,0.0985789794668749,-3.3268535137176514,0.9999049305915833,0.33834154269179845,0.18142258856252005,5.779814124107361,0.08039650321006775,0.36966024320087065,0.2375366697840003,-5.622710585594177,0.9781463146209717,0.5514252581203528,0.11782788361704814,8.079224228858948,0.16868552565574646,0.6062857706705719,0.15757303243451706,-7.186388373374939,0.972680389881134,0.5895816170290923,0.09310040199681949,8.65606427192688,0.1991852968931198,0.6726981658208182,0.14277420547681893,-7.862834334373474,0.9670799374580383,0.08311233562863202,0.4216041478041116,2.0959022641181946,0.9976407289505005,0.09767809528880439,0.43510983899366706,-2.0920296013355255,0.9997174143791199,0.14069217018443397,0.6268880160788958,5.4289233684539795,0.3803093731403351,0.249276618214884,0.6655961161719274,-2.9770907759666443,0.9892234206199646,0.056529963161078875,0.8043530401085799,8.624739050865173,0.6073358654975891,0.19171797159522078,0.9436051633595982,-3.5467183589935303,0.9889143705368042,0.10092036444072115,0.8415271824734369,8.884975910186768,0.608529269695282,0.12134233330101206,0.9839650676267631,-3.6808517575263977,0.9743207097053528,0.18550593738482493,0.8445736046919738,8.342215418815613,0.7313287258148193,0.37586910227386244,1.0,-5.326061844825745,0.9836783409118652
7,0.2916666666666667,0.4435671823650507,0.0064799324192767625,-0.3881373256444931,0.9998052716255188,0.26397213283493676,0.09446620476357118,2.924966812133789,0.9977244138717651,0.27535027624255387,0.09848606666184431,-3.322935104370117,0.9999092221260071,0.3373557815435566,0.1807612114790218,5.783416032791138,0.08353310078382492,0.3685001500468224,0.23729562840782237,-5.509921312332153,0.9770821332931519,0.5520593437626464,0.11229978279867138,7.946726679801941,0.17929814755916595,0.6061404707071457,0.1614803169849093,-6.77327573299408,0.9710063338279724,0.5878887654518902,0.08535941345866234,8.488770127296448,0.2105376124382019,0.6717381800249068,0.1462445772980624,-7.395176291465759,0.9653384685516357,0.07362283165235275,0.42198616050220233,2.1376730501651764,0.9978048205375671,0.09525034603632013,0.4355083361518024,-2.133931964635849,0.999737024307251,0.13504623348263073,0.6265696266131255,5.506882667541504,0.38822224736213684,0.24603652784810373,0.6660948677144203,-3.0570819973945618,0.9897411465644836,0.05514636163336963,0.8064183383609609,8.66641640663147,0.6194948554039001,0.18983629500671545,0.9443227316537213,-3.85997474193573,0.9896280169487,0.10092036444072115,0.8438398692491011,8.9202880859375,0.6178732514381409,0.11900063195616091,0.9838764425511284,-4.017266929149628,0.9755860567092896,0.1810958232243156,0.8445507588361449,8.368285298347473,0.7419494390487671,0.3725677874398591,1.0,-5.674484968185425,0.9847112894058228
8,0.3333333333333333,0.4512242880739376,0.0064799324192767625,-3.0156934863005604,0.9998158812522888,0.2596317970220464,0.0911153013714229,22.961443857387298,0.9978618621826172,0.2844630929976789,0.09842073070063305,-25.814109421069894,0.9999132752418518,0.3360238325282985,0.17925208682237292,45.84424518465495,0.0854981541633606,0.37656377586993184,0.23651448173401227,-43.21491335471222,0.9752930998802185,0.5509753846554445,0.11113185255328475,63.87785912358707,0.18760520219802856,0.6147196228692371,0.16102378210092186,-53.91552107949323,0.9689563512802124,0.5864272362600833,0.0838227081017112,68.28867025587913,0.2206299901008606,0.6809208051192162,0.1447893452882279,-58.958443214345046,0.9634512066841125,0.07067607708750542,0.4208207364218482,16.946412013696637,0.9979450106620789,0.10373161975606474,0.4346875926221019,-16.917765889991863,0.9997557401657104,0.13605538478502746,0.6249959887314067,44.3887278580871,0.3927389979362488,0.25372500918542307,0.6640074630072405,-24.89172336589147,0.9901209473609924,0.05546497983730111,0.8022375207676745,69.78168341132331,0.6281551718711853,0.19588596958183968,0.9441573955170733,-32.26064556828923,0.9902338981628418,0.10092036444072115,0.8392684521869925,71.83412073138712,0.6238846778869629,0.12381161774630457,0.9833468631512856,-33.66810173417619,0.9766762256622314,0.1826660507803071,0.8423872479005554,67.57906441011457,0.7496381998062134,0.37605595690653654,1.0,-46.44562840504197,0.9855837821960449
9,0.375,0.4445745133672728,0.0064799324192767625,-1.4408594601558007,0.9998236298561096,0.246317814042841,0.08739424998777615,13.800334322982449,0.9979875683784485,0.2881557849806674,0.09839455257758967,-15.105959197853505,0.9999169707298279,0.3118432505410082,0.17987123970198104,27.402398786466293,0.08695347607135773,0.37911927624081504,0.23742837603886674,-25.564733090910806,0.9737242460250854,0.5517862901603737,0.11445653508231911,38.2534424917893,0.1984270215034485,0.6181626651295241,0.16140147979054703,-32.43857739214997,0.9679548144340515,0.5871635992695113,0.08777247199396064,40.87790835073406,0.23364821076393127,0.6844765321363872,0.14541018500098246,-35.4676543073372,0.9627192616462708,0.06580873674521405,0.4198889958700183,10.11861994340487,0.9980589151382446,0.10818657137295258,0.4335797046413321,-10.102377082735249,0.9997708797454834,0.138070260780899,0.6254884273894019,26.08110959083306,0.389551043510437,0.25610177517119026,0.6630054133482456,-14.910813453855079,0.9901713132858276,0.058433163452888556,0.7996307268876351,40.97759501000485,0.6279735565185547,0.19699158456036236,0.9419552527229267,-19.169983331314675,0.9905771613121033,0.10092036444072115,0.8396209282762029,42.173597860999536,0.6228998303413391,0.12293790108639935,0.979418276729952,-19.956965523113848,0.977286696434021,0.1837560118894539,0.8379527470326572,39.71054463623061,0.7512667179107666,0.3722633003850038,1.0,-27.74637321611725,0.9861165285110474
10,0.4166666666666667,0.4419726068608505,0.0064799324192767625,-1.5751388999890636,0.9998289346694946,0.24692641200873544,0.08644495461228519,12.53329737609933,0.9980745315551758,0.29209528255767137,0.0966114603100936,-14.134726894049813,0.9999189972877502,0.3120254590669799,0.17968154153439858,25.23797102356107,0.08692388981580734,0.38156266060579935,0.23673709856766761,-23.791403782913754,0.9725195169448853,0.543851799809161,0.11241594230680453,35.52833941702595,0.201658695936203,0.6230271989981715,0.16020947658675094,-29.70823419981434,0.9662644863128662,0.5781217487118671,0.08577026120980707,37.91497607093155,0.23819364607334137,0.6891735678434057,0.14384806985650997,-32.43739095379006,0.9610835313796997,0.06756827571320823,0.41923353141827785,9.42224658532219,0.9981383085250854,0.1115966368056441,0.4321584899684147,-9.406904709763232,0.9997805953025818,0.14098230443200926,0.6259318537650662,23.81940784001806,0.3847659230232239,0.25908642453159286,0.6617403775629285,-13.288844301035374,0.9901179075241089,0.053429981909729654,0.8080237396199547,37.17504242476777,0.6239211559295654,0.19888388810264343,0.9404646970682268,-16.540138575110422,0.9907317161560059,0.10092036444072115,0.8443956697084126,38.23212294212561,0.6186830997467041,0.12488688612852011,0.977824391994788,-17.18915280516524,0.977480947971344,0.18691612100822458,0.839982952281982,35.94868818551507,0.7497562766075134,0.3744999646877434,1.0,-24.277808527639852,0.9863563776016235
11,0.4583333333333333,0.4357411455441299,0.0064799324192767625,-1.6388718834203349,0.9998374581336975,0.24806154976394132,0.08692675655101532,12.9430053867651,0.9981728196144104,0.2909372336527539,0.0968718743114508,-14.731297868433458,0.9999223947525024,0.31431164640912346,0.17649369139978585,26.158236635343926,0.0889052301645279,0.3807789616961145,0.23551261979800622,-24.78353755346776,0.9724355340003967,0.5414875076361154,0.10547016314929135,36.778322432307824,0.2078389972448349,0.6214986558297749,0.15864460212591897,-30.88113968229457,0.9658449292182922,0.5746627961735536,0.07933510559460238,39.215188120911236,0.24533452093601227,0.686011370057382,0.14245942965132252,-33.725420719193984,0.9607197046279907,0.0653875173846729,0.41819337532038064,9.879459067280388,0.9982339143753052,0.11132791549864789,0.4310993653047311,-9.86270445268672,0.999793291091919,0.14254548588308025,0.6261070648315745,24.80963006585556,0.38461610674858093,0.25909056043204143,0.6609534822672517,-14.038099383260281,0.9903742671012878,0.05431242262655477,0.8086682706456265,38.76112285983418,0.6248451471328735,0.19765851261460285,0.9403512964511889,-18.01222786569849,0.991091787815094,0.10092036444072115,0.8503758389795002,39.867470380565166,0.6182279586791992,0.12297172704405707,0.9774282082915301,-18.800947997605682,0.9780840873718262,0.1884860673555036,0.8410250470696415,37.467531359839164,0.7515453696250916,0.3732976925256068,1.0,-26.555662120195663,0.9868618249893188
12,0.5,0.4121708984505676,0.0064799324192767625,-1.6085196988836759,0.9998425245285034,0.24582671577686357,0.08896641594037752,22.53327790019341,0.9982241988182068,0.2710587383609878,0.09651441719442651,-23.575803471860265,0.9999252557754517,0.30701653353954705,0.17757092718053383,45.004899278615746,0.08797181397676468,0.3584109114725378,0.2298052075294019,-40.67988544500001,0.9734845757484436,0.49525549231473404,0.10945243385035251,62.447347399059325,0.20848307013511658,0.5944426762324053,0.15132816214308192,-50.22066146720711,0.9666304588317871,0.5251383233003508,0.08562110404824286,66.60748757312571,0.24648772180080414,0.6547628962078949,0.1339171427040397,-54.37582290498056,0.9613960385322571,0.06619599299458083,0.4183980666969037,16.38299577338383,0.9982988238334656,0.10931886578101545,0.43077504858034427,-16.35683652777765,0.9998025894165039,0.14295034023502234,0.6273590177113337,40.60073606598352,0.3860726058483124,0.2587318597789454,0.6608187356040841,-24.23642099373232,0.9906615018844604,0.05562340207893261,0.8146073975569262,62.68519921742984,0.6250525712966919,0.1955788480236722,0.9405304363197121,-33.14176085647342,0.991426944732666,0.10092036444072115,0.859467205159027,64.37593259035792,0.6155490279197693,0.12206917836145949,0.9777062305349437,-34.645183776427686,0.9785894155502319,0.18954384426867418,0.8437379458025257,60.357303599387144,0.7529534697532654,0.3706298846518129,1.0,-47.55127465163384,0.9873342514038086
13,0.5416666666666666,0.39130574758199127,0.0064799324192767625,-0.09311133995652199,0.9998519420623779,0.23972677454021632,0.0923850216839554,2.9751893877983093,0.9982884526252747,0.24148088077254332,0.09821988826475005,-2.8763267397880554,0.999928891658783,0.3088816566694359,0.17361401797215004,5.961982607841492,0.08914410322904587,0.3329103755249499,0.2241135949635298,-5.004563331604004,0.9747605919837952,0.48889546732925315,0.09851354008673582,8.191223740577698,0.2131238728761673,0.5642669146284764,0.1474199827747841,-6.072729229927063,0.9676356911659241,0.5192277005861147,0.07761121315823571,8.715473413467407,0.25150609016418457,0.6214275588210636,0.13083902044922754,-6.553406715393066,0.9622359275817871,0.0694419487359283,0.42073958674725426,2.067197859287262,0.9983690977096558,0.10862824782969902,0.4326626068001494,-2.063896805047989,0.9998122453689575,0.1471218188608492,0.6302213821330305,4.952042996883392,0.38819390535354614,0.25946924994093123,0.662271624886626,-3.2032817602157593,0.9909223318099976,0.05445070615763359,0.8208579986738108,7.634097337722778,0.6253583431243896,0.1961083816681021,0.9414721919468305,-4.487046599388123,0.991729199886322,0.10092036444072115,0.861078908256671,7.8357994556427,0.6143891215324402,0.12366546496650228,0.978522442322203,-4.686096608638763,0.9790953993797302,0.19088703764395631,0.848024572608858,7.333834171295166,0.7538638710975647,0.37016342614117054,1.0,-6.275766491889954,0.9877389073371887
14,0.5833333333333334,0.37065756083397433,0.0064799324192767625,-0.9119768087710326,0.9998542070388794,0.24054624765610957,0.09690272751143994,28.679906555486106,0.9982669353485107,0.2187405763303238,0.09815073194662384,-26.978128239069072,0.9999312162399292,0.2959868990591311,0.18747896040146597,57.630716969838716,0.08787424862384796,0.3091460565885427,0.2177024198156846,-46.95283800791819,0.9765433073043823,0.4660780775543351,0.10099275239114579,77.23025595369612,0.21335868537425995,0.5416177265103083,0.13701583347014656,-57.2938854767995,0.9696601629257202,0.497614822010477,0.09264889215400181,81.97665527881941,0.25274208188056946,0.598699527495071,0.11936388433250823,-62.03793163761417,0.9641834497451782,0.07996399336086485,0.4238308072823927,19.183399719776883,0.998345673084259,0.10130180003965553,0.43344118436558704,-19.152192411593887,0.9998137354850769,0.16561848259614154,0.6372577127331772,41.00899868228192,0.3851638734340668,0.2587641650391172,0.662547371067148,-33.55059143201416,0.9905475974082947,0.05447678811620143,0.8201901711764686,63.85323619137555,0.6138527393341064,0.19541798344308434,0.9421773372040513,-46.3308442646922,0.991491973400116,0.10092036444072115,0.854685369398108,65.47431547017544,0.604339063167572,0.12350603626386422,0.9787610276726441,-48.274385120836214,0.9787217974662781,0.18886958347562718,0.8503053573455541,60.04024012127806,0.7454174757003784,0.36977700339605307,1.0,-64.13028504329444,0.9875061511993408
15,0.625,0.35267697793321334,0.0064799324192767625,0.49370376472471705,0.9998494386672974,0.24052755549173682,0.09912462308581049,11.714250346087066,0.9981804490089417,0.18226818792849198,0.09557733136695407,-9.671790181274108,0.9999321103096008,0.29019195065344155,0.18704826782313994,23.68704868519236,0.08605026453733444,0.2811204055757543,0.2083063527879714,-17.800078186792458,0.9782989621162415,0.44542716779293146,0.10276277743587721,32.19944084412487,0.20884808897972107,0.5128966246600329,0.12151514593092015,-21.47064943278534,0.9717086553573608,0.47414632763836284,0.10277031891263091,34.171634114797776,0.24826857447624207,0.5638508556200696,0.09727440690998754,-23.408221396648756,0.9661270380020142,0.10150426309341767,0.4262841021473564,7.038327970750661,0.9983367323875427,0.09054582836827439,0.43310013749206855,-7.026526341877965,0.9998133182525635,0.17235443018882338,0.6424214879053871,12.173845953694945,0.37759923934936523,0.2534698243316381,0.662268951807105,-13.706773970012234,0.9890685677528381,0.05437422984949341,0.8220548419838632,19.23976645785223,0.5985405445098877,0.1934251946020299,0.9425630183130775,-18.975318692392083,0.9904912710189819,0.10092036444072115,0.855387804325195,19.671546024249036,0.5949936509132385,0.12229532386476599,0.9779684271210235,-19.750118655961426,0.977399468421936,0.188868318091948,0.8762717347336639,17.05176467954618,0.7326810956001282,0.36644297065337716,1.0,-25.883827182551446,0.9864422082901001
16,0.6666666666666666,0.31659105449645397,0.0064799324192767625,-1.0327499106219202,0.9998480081558228,0.21031938381713108,0.09953555268429773,7.882149652905637,0.9979989528656006,0.12857743277926198,0.09433052501996214,-8.040933552500075,0.9999321699142456,0.245249209551412,0.16404906720454013,17.796823581827976,0.08264221996068954,0.1946101470800388,0.18520563189841488,-16.517116304837227,0.9794067740440369,0.3678427229651052,0.08857464941986855,26.190597653222056,0.20509843528270721,0.41055151647587385,0.09531003942202705,-22.21457118561842,0.9729658365249634,0.3995505736037794,0.06457921587645665,28.037503713559303,0.24720512330532074,0.4580142247379498,0.0669610872039602,-24.003151308250366,0.9672074317932129,0.09791631455067247,0.4282115920973462,5.003499320717225,0.9983384609222412,0.06351774161082252,0.4328411414006024,-4.995658634267431,0.9998132586479187,0.1664695828200478,0.641693680257525,9.56503901091202,0.37453693151474,0.21279346757440903,0.665773257643106,-9.246652776192537,0.987372636795044,0.050691538623843534,0.8145450305447606,15.655994732147237,0.5881429314613342,0.18844938611394857,0.9439096056110777,-12.388854162549663,0.9899116158485413,0.10092036444072115,0.8453786830827439,16.05721182722377,0.5914278626441956,0.11804325466682859,0.9786313467176437,-12.804590526138883,0.9770164489746094,0.17664886440999392,0.8621429028157429,14.173987967965386,0.7222152352333069,0.36118959615687707,1.0,-17.46280411747541,0.9855073094367981
17,0.7083333333333334,0.32112386519984853,0.0064799324192767625,-1.0952040658009676,0.9998156428337097,0.22799054139967384,0.0951780413996738,5.816417092355207,0.9976840615272522,0.12077735018125886,0.08665834447682283,-6.567116776235467,0.9999226927757263,0.27302952267861147,0.08740835607120495,13.134642307051012,0.0812109112739563,0.20918324582795483,0.15509744595085526,-12.18023741998932,0.9797983765602112,0.3856572299668401,0.0447084206132655,18.60296894000112,0.19644522666931152,0.37498568818455164,0.06852110757267743,-14.832300020856184,0.9716021418571472,0.4028996462747251,0.035553931268502696,18.988240344863325,0.2381603866815567,0.4121403688366197,0.05015119798953414,-16.046320213874637,0.9646426439285278,0.12320208573272631,0.4260798959210964,3.848136895686886,0.9982667565345764,0.06450075556723583,0.42978261016595426,-3.844243620606856,0.9998013377189636,0.1412530290323329,0.6268488208513369,7.167121897276211,0.36121347546577454,0.19092716650692187,0.6736916947508368,-6.974129096063613,0.9836490750312805,0.04742488772773299,0.7813667892450512,11.932016709428309,0.5670403838157654,0.20471300764069783,0.9411424476127168,-8.653451808752779,0.9884045720100403,0.10092036444072115,0.8161701050451022,12.244389430018725,0.5814862847328186,0.13922419332086292,0.975953613775672,-8.950618072897788,0.9762659072875977,0.14874601926213352,0.834891529724131,10.652741767375955,0.7040899395942688,0.36829971526129873,1.0,-12.826631132584287,0.9834321141242981
18,0.75,0.3112531540654661,0.0064799324192767625,-2.3020518910875016,0.9998214840888977,0.23086708702170625,0.09525280691980205,6.2644208848588985,0.9974208474159241,0.1339061873462063,0.0834813696305083,-7.6895548549689705,0.9999145269393921,0.2657687157532386,0.08002316373612295,13.876762418350635,0.07845843583345413,0.20693671766134605,0.13231227781871713,-16.31280479209169,0.980014443397522,0.38983509029070107,0.019694667004580613,20.09884800493743,0.2006703019142151,0.32682600350225566,0.06117547007617508,-22.223659906830804,0.9712592363357544,0.417641004349229,0.01801080759475447,21.46680057004124,0.2462412416934967,0.3704666781347295,0.043914941194742145,-23.958093878253727,0.9636040925979614,0.14619326964778204,0.42331154759518663,4.230814701985036,0.9983243346214294,0.06981221066966763,0.42534380611795286,-4.228952063748199,0.9998023509979248,0.16250117734666827,0.6245045444686075,7.070890075554194,0.3618542551994324,0.17758333137357588,0.671337455071317,-7.474319306819964,0.9815380573272705,0.04428542488396942,0.7790015551122988,11.945587894263573,0.559614360332489,0.22485853038246784,0.9342132703950763,-8.786465445930924,0.9882447123527527,0.10092036444072115,0.8153924005421107,12.243479236375796,0.580239474773407,0.1643808135408774,0.9678883098220139,-9.14243712377329,0.9768720269203186,0.15374852257169042,0.8384994330232699,10.365067240296778,0.7003580927848816,0.37375119182101896,1.0,-13.75783834462428,0.983113706111908
19,0.7916666666666666,0.3179702128237696,0.0064799324192767625,-3.2007676804237066,0.9998338222503662,0.2171434161712035,0.09142556881240183,6.321977066426841,0.9974177479743958,0.13067513885595428,0.08947229190324482,-9.294070125470606,0.9999111890792847,0.25425555879150513,0.07953219836736096,15.181115025655721,0.0792335644364357,0.13093849070262378,0.20542850086353187,-16.433649369704018,0.9679129123687744,0.42053599783623147,0.03370968896895115,22.400172309790182,0.2184724062681198,0.2105314397550466,0.2974444310695378,-21.585761792490906,0.9549881815910339,0.44822419043631156,0.013677091242960796,24.11930643036183,0.2604215741157532,0.2123345011030936,0.3325157303635425,-23.027694058875976,0.9484650492668152,0.15394828728453158,0.4267808597610185,4.6865487526886955,0.9983610510826111,0.07235649830915537,0.42738706142113775,-4.689954425248063,0.9997823238372803,0.16446948722684218,0.6282971707563526,8.617610267875643,0.36424681544303894,0.16374925937855017,0.6725456204125151,-5.138390957756158,0.9770344495773315,0.04238060339787362,0.7859911174667297,14.579951055777624,0.5525190234184265,0.21559356178003544,0.9307896633895906,-4.737622866102166,0.9857259392738342,0.10092036444072115,0.8225655216012885,14.951240016163213,0.5769919157028198,0.16224449338645144,0.9649183778356822,-4.961531946675221,0.9741365909576416,0.16174335956153196,0.8426096880612507,13.241659613095461,0.699994683265686,0.37925804310296707,1.0,-8.990904905313315,0.9805001616477966
20,0.8333333333333334,0.33571072359256066,0.0064799324192767625,-1.3951977088793752,0.9998447299003601,0.29211618487766283,0.10246681436568715,3.2560133166735317,0.9975519776344299,0.12082694463919401,0.09238515159297146,-2.77646111961388,0.9999134540557861,0.41485277870380677,0.11482863184015468,4.882449764554262,0.1429460197687149,0.1068546426380661,0.17746580145336466,-7.480145485342164,0.9707643389701843,0.5342781304470455,0.032376663055606596,5.8530105014338165,0.2872122526168823,0.18665193500671481,0.08911496944325814,-10.160376492935807,0.9590445756912231,0.5550457615974537,0.0016826722915555415,6.12113783714098,0.3179871141910553,0.23500224048356044,0.053574698917472977,-10.874445709600986,0.9524444341659546,0.23913927028165968,0.42850804445607277,1.9530013369774135,0.9983471035957336,0.11416756691576563,0.4232373982083499,-1.9536762952146784,0.9997589588165283,0.2309880885737633,0.6480978955757741,2.387142357910172,0.3630481958389282,0.17498010555663474,0.6605228728886515,-4.010964310366627,0.9690737724304199,0.14960150429103475,0.8353249111761938,3.8857247185294264,0.5372121930122375,0.17711021035547217,0.9069877786920323,-4.60615782714596,0.9769089818000793,0.10092036444072115,0.8764378599876809,3.9131467444317387,0.5642270445823669,0.12811158060997793,0.95354938063808,-4.81279428561291,0.961238443851471,0.27219004082866916,0.8819004010408211,2.499566716875965,0.6897863745689392,0.3311447382571157,1.0,-7.549818207742133,0.9728230237960815
21,0.875,0.3304267208322379,0.0064799324192767625,-0.9051782715469237,0.999858021736145,0.34271015704878127,0.11261709939397649,2.7975677004111144,0.9977356791496277,0.11943669370630114,0.10289260652776758,-1.3531106487757338,0.9999158382415771,0.4889280421645532,0.13236673163131518,3.0248193309250735,0.21489053964614868,0.0827707945735084,0.18190262900547952,-4.7890088226569025,0.9735205769538879,0.5905611999533967,0.03390953818882073,2.8063460216777636,0.35479670763015747,0.18616999460772043,0.05593827660712491,-6.626841909210348,0.9629586935043335,0.6123294587237755,0.0037068443719397545,2.8312149996006135,0.377987265586853,0.22979622216191814,0.020664154141039615,-7.042853296597455,0.9565815329551697,0.29631961494018344,0.4327042421161352,1.3805086959457524,0.9984407424926758,0.141638621449271,0.4255497021905818,-1.3810382752235484,0.9997560977935791,0.2678489958467228,0.6644627725221435,1.260857207756162,0.39189472794532776,0.17394378406394467,0.6656272484214848,-3.1868188906502457,0.9665907025337219,0.19608352576927698,0.8591550369299165,2.2859640729287323,0.557361900806427,0.14078785838182492,0.9105931737394413,-3.4177011098956522,0.9736338257789612,0.14394488865251204,0.8963865677674764,2.2843565230535314,0.581754744052887,0.08581407028062721,0.955277471317295,-3.535351078039415,0.9510557651519775,0.3139140291337957,0.910226227723576,1.0317231550150463,0.7039648294448853,0.25648231974729724,1.0,-5.708516524197211,0.9703015089035034
22,0.9166666666666666,0.3621647255482893,0.0064799324192767625,-1.7900824037326062,0.9998710751533508,0.38841266872864094,0.11368750696176307,2.4364940151831505,0.9978832602500916,0.15624303260139918,0.10675997788586382,-1.9595211715494196,0.9999215602874756,0.5511079820622302,0.13763513033833102,4.039165119908821,0.27513083815574646,0.05868694650895071,0.18394016463453816,-5.4998080546025685,0.976030170917511,0.6351407377698541,0.03530519317318317,4.594936897461099,0.41593971848487854,0.16940235026115516,0.04387907965326946,-7.786102014680475,0.966542661190033,0.6562772064798963,0.0036272887142913325,3.5349251833759725,0.4326479136943817,0.20261635454223742,0.004834176138722041,-8.262049102471538,0.9604737162590027,0.34343275136751117,0.4371293509253366,1.3681484069020822,0.9985040426254272,0.18124442570541704,0.4301408078007573,-1.3701247370377045,0.9997665882110596,0.30680508620323277,0.6624956501191156,1.3686045428104217,0.4232819080352783,0.18487930008530545,0.6706452034271501,-3.232478219889424,0.9635800123214722,0.24868340399241065,0.8625129264123084,4.119472213830686,0.5837541818618774,0.10535004240626662,0.916077009467637,-3.3325276523257683,0.9715338349342346,0.2024565157684046,0.8971401723529656,4.1982451382974375,0.6023238897323608,0.05304357010210625,0.9548117331879094,-3.4604139269958174,0.9400489926338196,0.3565309948662238,0.9160285589028723,2.306326672770631,0.7212802767753601,0.21668637450495212,1.0,-5.590844759091155,0.9685786962509155
23,0.9583333333333334,0.39156775710884495,0.01853713024620108,-1.990925325472905,0.9998837113380432,0.435073570993501,0.12719187288952877,2.1157016639255444,0.9980470538139343,0.1831864167420653,0.12046545946832012,-1.6250468520191572,0.9999281764030457,0.6073747874177583,0.14314771150390573,3.3405255591093512,0.33491605520248413,0.03460309844439302,0.18748474087569897,-4.947434520116634,0.9783120155334473,0.6675176337311862,0.03478417700743223,4.180753372975378,0.4709733724594116,0.1634491720152505,0.048130392453044034,-6.964742105012196,0.9697424173355103,0.6873844613712452,0.00354773305664291,4.37148535998466,0.48208510875701904,0.19094619499507204,0.01076934141310287,-7.441167439522865,0.9638556838035583,0.3834742439529103,0.4446731321079541,1.2522308275183314,0.9985712170600891,0.21623918932458264,0.43787391665003195,-1.2549005638765935,0.9997828602790833,0.3377990353965741,0.6587286726403996,3.003864113733951,0.4523991346359253,0.20109724920802752,0.6695076149693475,-3.248337722992586,0.9638614654541016,0.28476498990107346,0.8551387900737368,5.3425840194684255,0.6077470183372498,0.08999156356333457,0.9144636147966488,-3.8238785100033024,0.9719003438949585,0.2447752905646499,0.8863399995299674,5.478160623130835,0.6241856217384338,0.04248004732367996,0.9497334921234498,-3.9772937959796986,0.9284706115722656,0.3907535052030779,0.9110238952659061,4.414234335181773,0.7383650541305542,0.17754526021927666,1.0,-6.044738940855838,0.9684852361679077
24,1.0,0.42079017512100364,0.037336244669815034,-2.7565494573310065,0.9998950362205505,0.5015640107088595,0.15275312317245554,0.10041642411826007,0.9981991052627563,0.21148945424196022,0.14633668254579327,-1.7905370066675712,0.9999346733093262,0.6751321709538348,0.13953643921605505,-2.5751816574436375,0.39767974615097046,0.01051925037983534,0.20271483106509658,-5.129162150243099,0.9804396033287048,0.729804013765175,0.031764640192312746,-5.937095873211474,0.5217902064323425,0.14698585572427328,0.06193664610510784,-7.462989028221821,0.9726273417472839,0.754362096985121,0.003468177398994488,-6.605629001353281,0.5298312902450562,0.1587060030151728,0.027381295936569697,-8.099665715011218,0.966889500617981,0.44362955104487783,0.47558832605009416,0.8720876044829634,0.9987017512321472,0.2658201064420666,0.4616759776536313,-0.8752765910529132,0.9998030662536621,0.40168367721781245,0.6832050170595306,2.59622279036539,0.49884897470474243,0.20313766056677016,0.6930684526520884,-2.1067449024360245,0.9672644138336182,0.35273031835640745,0.871862912492396,4.894975779083777,0.6439136862754822,0.05366854845582591,0.9193242016110309,-1.734916462250594,0.974280595779419,0.30492889658192246,0.903857716755956,5.036571847084563,0.6561692357063293,0.0326525075352951,0.953434916641932,-1.791021153270854,0.9287728071212769,0.4653002389215908,0.9332822771901881,3.9433226305013895,0.7618538737297058,0.10652823124553672,1.0,-3.664277949544007,0.9708016514778137
25,1.0416666666666667,0.44972153663080433,0.04022167513653404,-3.1005598888301957,0.9999045133590698,0.5304542086746229,0.1596627375175945,0.27615920127760935,0.9983080625534058,0.23066419667236374,0.15580766628477216,-2.4958777214542565,0.9999390244483948,0.7107803636041929,0.13332744715887143,0.29354158305478456,0.45280182361602783,0.01869394427504835,0.21118421839270093,-5.687140102380133,0.9823324680328369,0.7668796900298905,0.03316786664716652,-0.1623059279563944,0.5677539110183716,0.13566204766894235,0.06752629944909297,-8.100247323010676,0.9752257466316223,0.7925024548469259,0.0033886217413460658,-0.25414443836861145,0.5720155239105225,0.1352090988869652,0.033097951145969265,-8.754234748133161,0.9696304798126221,0.4718184868718774,0.4895008062665022,0.9343522271098881,0.9988203048706055,0.2926284146610037,0.4730012191920466,-0.9367447907186968,0.9998210668563843,0.43785934403003196,0.6927197819107571,3.280134670403857,0.5409066081047058,0.20591405034752477,0.7001925532982005,-1.9281229762808314,0.9701472520828247,0.391736023099092,0.8748533732933504,6.088001232657647,0.6768470406532288,0.04559291731823452,0.9223239370708656,-1.2761295997381719,0.9763813614845276,0.342340574250704,0.907906147363146,6.289073233127747,0.6859495639801025,0.02282496774691023,0.9504393927140745,-1.2894962083366135,0.9304349422454834,0.5069317361420791,0.9411875751613726,5.288850607167635,0.7832627296447754,0.1057376830474111,1.0,-3.095531350165248,0.9728675484657288
26,1.0833333333333333,0.4479499265160756,0.05030874363803992,-2.9567275480023527,0.9999136924743652,0.5542320348995575,0.17008928457929043,-0.3259016935918258,0.9984402656555176,0.2238780272689599,0.17196881989908136,-2.175277566929821,0.9999439120292664,0.7388853088497679,0.13076307218322616,-2.258386268074621,0.5054322481155396,0.024644681856320357,0.22717059900410466,-4.917970119683447,0.9840621948242188,0.7959478805429336,0.03270748573468227,-4.869219004634646,0.6093074679374695,0.11452039626036976,0.07926585015759566,-7.110494578809105,0.977599561214447,0.8194493740193692,0.0033090660836976433,-5.429603223247802,0.6106095910072327,0.1125287593027065,0.04648439862703875,-7.736362436859054,0.9722231030464172,0.49387322570038833,0.5061039519197494,0.6933161713248156,0.9989335536956787,0.303723305723575,0.4917116625258237,-0.6963330262144979,0.9998377561569214,0.4641123693573957,0.7080042047574256,2.6381318146624193,0.5844828486442566,0.19666186628060187,0.7170626793012781,-1.021621894590583,0.9730207920074463,0.4193022820073974,0.8848195876090559,5.1717138085740215,0.7081207036972046,0.03731772471751834,0.9264555312727799,0.291976214933568,0.9785089492797852,0.37031487138790753,0.9186425910661734,5.374817861501256,0.7146616578102112,0.012997427958525366,0.9479835392698364,0.3573899654945904,0.9327722787857056,0.533194412442856,0.954312315281363,4.378714713152059,0.8038662672042847,0.07919223911373958,1.0,-1.2127133831202246,0.9751171469688416
27,1.125,0.4438631917375932,0.05370297253088161,-2.8576750163586087,0.999921977519989,0.5603169947543574,0.17201664831038058,-0.3238162226528049,0.9985581636428833,0.21132571968021469,0.17774101902621636,-1.9869116637556985,0.9999470114707947,0.7416763494838966,0.1268914742720075,-1.9472841523582132,0.553336501121521,0.022113468979776396,0.2259091408367498,-4.524079589749434,0.9856178760528564,0.8137119972925715,0.03181109748820698,-4.258264412012525,0.6470312476158142,0.09084657608260033,0.07757222035855615,-6.650789829103865,0.9797322750091553,0.837966756815328,0.003229510426049221,-4.757517506308998,0.6458464860916138,0.08574479517650237,0.04828306877521512,-7.241325788449679,0.9745237231254578,0.5031769536085688,0.5114630504288247,0.5833125433186296,0.9990360140800476,0.29738008793205306,0.49931963984076055,-0.5861150792141618,0.9998523592948914,0.47800475581191687,0.7110822292348843,2.0206485807448202,0.6242631673812866,0.19651994502020181,0.7198794719326944,-0.7576659472109979,0.9755780696868896,0.4348463267141852,0.8880188570020574,4.5082675734441695,0.7364341020584106,0.030665427741048697,0.9195675239200716,0.6669580398300938,0.9803963899612427,0.38580648417252733,0.92229252696296,4.689635078153363,0.7406929731369019,0.0031698881701405016,0.9377951675963556,0.7476140541508746,0.9342929124832153,0.5459512366001585,0.961351933050518,3.731128592490014,0.8224971294403076,0.0652429709277989,1.0,-0.7048014388707823,0.9770881533622742
28,1.1666666666666667,0.4302455981355042,0.054203114593988404,-2.5157753936034495,0.9999288320541382,0.5886419691334994,0.17303276833835707,-0.33188113328394186,0.9986334443092346,0.22365066804311043,0.18354927987095424,-1.3745435820765555,0.9999446868896484,0.7839524646930368,0.12368080992679038,-1.5275594010012197,0.5967704057693481,0.01958225610323244,0.23402261853129425,-3.5254096702977256,0.9870103597640991,0.8605341160797565,0.03116370185340504,-3.3110410389568092,0.6810535788536072,0.0746982588933557,0.09088977902031031,-6.2492225043469585,0.9816255569458008,0.8861523410245831,0.003149954768400799,-3.7090929475556256,0.6773903965950012,0.06472856651581271,0.06114715351967081,-6.418092656068223,0.9764131307601929,0.5417836367590549,0.5132801016816309,0.3602555563239739,0.9991253614425659,0.3188999115406406,0.5060108820873154,-0.3622297829020508,0.999863862991333,0.5251118603084679,0.7150709240186319,1.3975653253489504,0.6608198285102844,0.21723200321925304,0.7215811907042051,-0.5738412079398273,0.9778901934623718,0.48665630571592655,0.8929990455466199,3.8259996987046545,0.7621270418167114,0.07791192783959387,0.9174761085176723,0.9007204994961504,0.982082724571228,0.44148874648555086,0.9271976679663002,4.016778478061957,0.763606607913971,0.0689879342764365,0.9359509327677386,0.9888434826649938,0.9341525435447693,0.5963125260674722,0.9668637690815679,2.8311193288841023,0.8393389582633972,0.09344099779733765,1.0,-0.4016155624625272,0.9788145422935486
29,1.2083333333333333,0.4327064722802036,0.0536162623961925,-2.491962881103371,0.9999350309371948,0.6132222550716373,0.17182606018980043,-0.24905236285492166,0.9986469745635986,0.23702730316838647,0.18606635089663365,-1.0654111589812085,0.9999431371688843,0.8193067650510277,0.12395696756974975,-0.7399873238136185,0.6356407403945923,0.017051043226688482,0.23904405866603357,-2.861814195017838,0.9882721900939941,0.8997813927176865,0.03151451749846907,-1.7739286933719471,0.7113089561462402,0.0751764471791995,0.10012107836521222,-4.857942820605016,0.9833358526229858,0.9256874482332244,0.0030703991107523766,-2.019430321596827,0.7044364213943481,0.06419792723291785,0.06789479275149647,-5.315264885940332,0.9780563116073608,0.5632419657103173,0.5102940361764888,0.2892999761634955,0.9992020130157471,0.33624790906611596,0.506102044402051,-0.29089561435134276,0.9998737573623657,0.5617391000227479,0.7147224843610822,1.4432718936437579,0.6936062574386597,0.24549845411470794,0.7138060391211792,-0.5903019036553822,0.9799795746803284,0.530271847679842,0.893917989848561,3.5965074353267767,0.7852740287780762,0.12458082605834911,0.916633172336892,0.6283279024939936,0.9836330413818359,0.48872862609990203,0.9283995834253449,3.749156848251882,0.784278392791748,0.11928380344844441,0.935183083302046,0.6964032864950531,0.9352490901947021,0.6422949572532389,0.9675854850607373,2.6328968571008105,0.8544647693634033,0.134533288356223,1.0,-0.641012843601084,0.980440616607666
30,1.25,0.4264517287719562,0.05536537982447473,-2.309549030053326,0.999940812587738,0.6037525023684847,0.17243983220298964,-0.020547773907262052,0.9986853003501892,0.23374938383891578,0.192820754376445,-1.0070965005494952,0.9999435544013977,0.8050716344586274,0.12014244638289032,-0.019508124998153444,0.6710464954376221,0.014519830350144522,0.24019269790679798,-2.902276048430208,0.9894022941589355,0.9086832704203032,0.029328616680641906,-0.2033981468271277,0.7392019033432007,0.06072617357605391,0.10509184276693458,-4.873206644218875,0.9848648905754089,0.9346630479099639,0.0029908434531039545,-0.30593002026540034,0.7304896712303162,0.04829330036883862,0.07253279633871612,-5.345764856786935,0.9795279502868652,0.5549842623730767,0.5089527835687222,0.3513824854379257,0.9992718696594238,0.3319937759593916,0.5049088732521884,-0.3530943554822445,0.9998839497566223,0.567881837908656,0.7161618534598813,1.5977948251723635,0.7229098677635193,0.24491585000050295,0.712245879783348,-0.810272804999617,0.9818597435951233,0.5468903467011933,0.8913425003506128,3.5716194714100222,0.8061041831970215,0.1374246922449211,0.9179374625347432,0.07925623456548568,0.9850524067878723,0.5069855949970974,0.9258129627865335,3.6933803802358094,0.8036479949951172,0.13169233782610673,0.9387459250523256,0.11121874560224203,0.9367991089820862,0.6592155803394167,0.9640526445663321,2.6463891634958268,0.8680176734924316,0.14553251407332624,1.0,-1.2305346652286964,0.9819063544273376
31,1.2916666666666667,0.4081265073485927,0.055027606270581994,-2.302330139329657,0.9999455809593201,0.5890269329483583,0.17227638813895438,-0.04326701170837826,0.9987127780914307,0.22390325380261608,0.1966825068284224,-1.09129720888657,0.9999383091926575,0.7814553431540316,0.12620330208292058,0.30722471557026076,0.7030254006385803,0.011988617473600563,0.25001635185654614,-2.9494124009176725,0.9904055595397949,0.9165495402440131,0.03173412671372949,0.29454503154667977,0.7644956707954407,0.037281490334047825,0.10487198590431354,-4.88363934253077,0.9862293004989624,0.9429902992054097,0.0029112877954555324,0.2548217390501855,0.7545351386070251,0.027603923994075675,0.07461252634787566,-5.351944587575805,0.9807784557342529,0.5390766895240175,0.5093234691884982,0.3610114369292044,0.9993326663970947,0.3189823638172535,0.5058095279906655,-0.36298665562483107,0.9998907446861267,0.5682599266165511,0.7174400376974899,1.5060087169750969,0.7494678497314453,0.2433616363524138,0.7156154021953727,-0.5685791694243444,0.9835050702095032,0.5626253827982984,0.893428787382557,3.4351093759588025,0.824906051158905,0.15446106270968177,0.918929960646829,0.6653811197394883,0.9863020181655884,0.5225274819608279,0.9280595541447249,3.551856862902811,0.8209260702133179,0.14800063874718108,0.9399581214250549,0.7382213068197206,0.9380553960800171,0.6705426457903906,0.9658860766599986,2.502565885027344,0.8802785873413086,0.15770434429471106,1.0,-0.5570490108944262,0.9831799864768982
32,1.3333333333333333,0.39878454441626965,0.049836627461269024,-2.2757528212679876,0.9999492764472961,0.5767182398369043,0.16733223174710538,-0.2928375334327621,0.9987754821777344,0.2162894155054079,0.19413303037706267,-1.0676837097658416,0.999934196472168,0.7800124680626244,0.12235664435814152,-0.5999924305566294,0.7320668697357178,0.009457404597056605,0.24641910261239613,-3.003333025385139,0.9912684559822083,0.9448057160531119,0.030294383474762456,-1.5333257268595468,0.7872612476348877,0.013553452004578108,0.11262613984689321,-5.158356279185388,0.98737633228302,0.9745433692411932,0.00283173213780711,-1.7823990230923776,0.7763417363166809,0.013858616130105866,0.08160587683816675,-5.560117542495642,0.98172926902771,0.5402743094125448,0.5092603045047496,0.26363971057730856,0.9993851780891418,0.3206936142097403,0.5069939091829208,-0.2652890806309329,0.999896228313446,0.6026624609019127,0.7190467708800936,1.2114905975568828,0.7737420797348022,0.26460147330137695,0.7174084722651798,-0.5626115237238485,0.9850354790687561,0.6392018273654718,0.8918631449604837,3.223200860959409,0.841719925403595,0.1998182142027601,0.9163101755517661,0.6156416023459977,0.9873979091644287,0.6209943640987191,0.9208234698040614,3.344603221067092,0.8348678350448608,0.19717723543577448,0.9378210736734932,0.673890527316011,0.9382091760635376,0.7197151841987766,0.9691603193075652,2.2141575812100616,0.8910766839981079,0.19870818355010034,1.0,-0.6764919588921411,0.9842156767845154
33,1.375,0.4102385228257007,0.046312613179678656,-2.210928009623331,0.9999517798423767,0.5800320337142469,0.1646571518785815,-0.3079883954606204,0.9988166093826294,0.21329568574162672,0.19273382075957507,-1.1111458425749248,0.9999266266822815,0.785468180073793,0.1228749329681005,-0.357527370887048,0.7582530379295349,0.010182004785080495,0.25174198222237176,-2.8121299823210593,0.9920475482940674,0.9550479029226817,0.030332184134373896,-1.0878631567011252,0.8077589869499207,0.004969286047186826,0.12391984999861431,-4.898572012933028,0.9884320497512817,0.9941803724789138,0.002752176480158688,-1.275341016968758,0.7958593964576721,0.00011330826613605744,0.08860512774213566,-5.385445755842787,0.9826337695121765,0.5455302264095822,0.5080810426708341,0.22330234421319883,0.9994204044342041,0.3244070120056538,0.5070034492912077,-0.22469983264991078,0.9998962879180908,0.6241448629693096,0.7161461223400092,1.2210763898191472,0.7955914735794067,0.28525542073401494,0.7183221251438819,-0.4080694614774214,0.9863477349281311,0.6857593263443869,0.889481567937095,3.1153179520469316,0.8568898439407349,0.22786262064077842,0.919649825720087,0.8430097742680874,0.988336980342865,0.6685699934054287,0.916088708784383,3.2266662441638925,0.8467499613761902,0.22801813585785163,0.9405162161223414,0.90885680532348,0.9381888508796692,0.7477803682188862,0.963784197160861,2.0384657415416427,0.9009079933166504,0.2252103903044674,1.0,-0.45295587286963757,0.9850680828094482
34,1.4166666666666667,0.3973085597530171,0.04491783589186567,-2.244831661334796,0.9999541640281677,0.5719665990809775,0.16224315702421827,-0.35605675000520826,0.9988965392112732,0.216196390103105,0.19204980641100486,-0.9996089652629637,0.9999057650566101,0.782586176569489,0.12151199392150179,-0.36948028340160044,0.7821202874183655,0.010906604973104386,0.2523274442965861,-2.713863146695665,0.992666482925415,0.9535214246955724,0.02903822887529845,-1.035563297118246,0.8265317678451538,0.005429389047602817,0.13069463408314883,-5.016580310266606,0.9893118739128113,1.0,0.0026726208225102657,-1.2019855703296716,0.8144232034683228,0.0017319130898918594,0.09758663587606979,-5.519237336424851,0.9832419753074646,0.5430187867829023,0.4978905607862462,0.11871099463862217,0.9994533658027649,0.3241787652514767,0.5023377079626423,-0.12068091514171027,0.9998891949653625,0.6233932847812768,0.7036624372336187,0.7839660157701951,0.8155071139335632,0.294833168171583,0.7122051784499372,-0.1339136635341549,0.9873855710029602,0.7266426350400476,0.8828402820660104,2.6060948270288162,0.8706260323524475,0.2459599381122006,0.9133807384277316,1.2775641686433465,0.9890053272247314,0.7276683996711293,0.9051737786147096,2.7029293028017367,0.8530269861221313,0.24546565681021631,0.9326584917720313,1.354166076006034,0.936079204082489,0.7584878110387445,0.9574386536766979,1.3103142735233604,0.9098588228225708,0.2410911077644002,0.9888927870085222,-0.017041399679994185,0.9856400489807129
35,1.4583333333333333,0.39793189234887777,0.04678895572959106,-2.4876893064579892,0.9999566078186035,0.5698080775522167,0.16157002250703936,-0.522454201195564,0.9989808797836304,0.22626345249616991,0.19441849533999306,-1.0120882031578065,0.9998893141746521,0.7836599240240459,0.11958493183165454,-0.640058171413986,0.803689181804657,0.01163475419177419,0.2530313305173623,-2.6481606953654775,0.9932599663734436,0.9544057143160657,0.029056717345352225,-1.4704073530300232,0.8435095548629761,0.007182313583758889,0.13781621262381538,-5.0381836671251286,0.9901207685470581,1.0,0.0025930651648618432,-1.6739399708288576,0.8313397169113159,0.0033505179136476613,0.10512953170282971,-5.566673437073743,0.9837767481803894,0.5464965545961764,0.49086842509986367,0.04861125618068722,0.9994776248931885,0.33007937233093326,0.49863825638091847,-0.05043657605644447,0.999877393245697,0.626463117203171,0.6874106854635725,0.6808048750321958,0.8335971236228943,0.310422818782734,0.7044602467246089,-0.2454550009945384,0.9884008765220642,0.7606145729335082,0.8750749801967536,2.5846397150020204,0.8831346035003662,0.2673566883827499,0.9008308680109222,1.164750203861084,0.9896649718284607,0.7751198653671671,0.8954450056400386,2.6811581468471477,0.8546257615089417,0.261934063260936,0.9195491955731202,1.2364523698277279,0.9335533976554871,0.7679300022899135,0.9540036515676598,1.1479479012207592,0.9180405735969543,0.26899650998553304,0.9816522242568388,-0.23543860613710416,0.9863004684448242
36,1.5,0.40031994319300707,0.04458005092764246,-2.422056372300473,0.9999581575393677,0.5678364232993071,0.15689449252352347,-0.6134638317649873,0.9990619421005249,0.2263792556847598,0.19140367547495218,-1.0233238624152576,0.999863862991333,0.7836518410751562,0.11415638446106094,-0.7366586455877414,0.8231449127197266,0.029710766682818066,0.25074549081763386,-2.625606281506622,0.9937135577201843,0.9561245346526255,0.02851593282041634,-1.5505565047787562,0.8588642477989197,0.015228746974614701,0.1415926706945339,-4.999089501417735,0.9907416701316833,1.0,0.002513509507213421,-1.7407321818272223,0.8469531536102295,0.004969122737403463,0.11228096236744506,-5.514016455146127,0.9839257597923279,0.5653941955270638,0.47441752361346456,-0.0013981286574984042,0.9994917511940002,0.35341127145534934,0.4874513618363895,-0.0001944755533208878,0.999862551689148,0.6457158396053477,0.6710189078332351,0.6165632560477137,0.8499574065208435,0.3376479981630907,0.6873366369488764,-0.3434139081818861,0.9892460703849792,0.7907297713834011,0.851484006308259,2.4871678599477254,0.8944329023361206,0.29664542520829623,0.8850572341164691,0.9474633266248496,0.9902486801147461,0.8120904556075234,0.869007572948795,2.57992589669047,0.8526448607444763,0.29873571137112337,0.9042335742754973,1.0031861104602573,0.931425154209137,0.78341643293395,0.9380543844897993,1.0348757465064666,0.9254695773124695,0.30075611257109613,0.9612396866636869,-0.47560517458323515,0.9868960976600647
37,1.5416666666666667,0.4106364975016406,0.044480695174238784,-2.410669683395228,0.9999573826789856,0.566249585403098,0.15269233860948594,-0.704216949099736,0.9991393685340881,0.23190283978069948,0.19426349825397946,-1.0512610987800564,0.9997892379760742,0.7849653603689201,0.11088168089298964,-0.8822181795154771,0.8406857848167419,0.06087297860678532,0.24812372114813003,-2.6146159053451403,0.9937216639518738,0.9579356091247372,0.028815824675325986,-1.723669464288212,0.8727319240570068,0.014668559681429221,0.14113861927037394,-4.957455271621042,0.9907807111740112,1.0,0.002433953849564999,-1.9199312704894618,0.8612441420555115,0.006587727561159265,0.11292212079900439,-5.4704393438250625,0.9827589988708496,0.5714120993996018,0.4673406873728302,-0.026631117405244063,0.9995003342628479,0.359755126294416,0.4827201589077261,0.025112743096041716,0.9998413324356079,0.6546517983025327,0.663827996691301,0.5364942283262673,0.8646782040596008,0.3453678112557644,0.6818785515270486,-0.38906760850189187,0.9899836182594299,0.7996058856447836,0.8420398949055501,2.4024454960735557,0.9045937061309814,0.30971048767693227,0.8774572555932197,0.9103022530277993,0.9907870292663574,0.8221378782033775,0.8580551228460388,2.4969165582130946,0.8515582084655762,0.3152945926512265,0.8963584294911023,0.9639010528747208,0.9302665591239929,0.787927536668494,0.9293292145320248,0.9460285780237359,0.9321413040161133,0.3160803694405922,0.9544132966866035,-0.5324158919451168,0.9874091148376465
38,1.5833333333333333,0.40781594883792716,0.04615349234353833,-2.402960461293991,0.9999579787254333,0.5674832823407191,0.1508800278006005,-0.6329925551565968,0.9992114305496216,0.2362721678326042,0.1967455292211689,-1.0893549640263764,0.9997409582138062,0.7902048531902132,0.10918542541731384,-0.7441988996136125,0.8564572930335999,0.07443412586116305,0.2491204691339777,-2.798507590432507,0.9936495423316956,0.9586668308476879,0.030144513775806583,-1.5028902429331534,0.8851964473724365,0.017019604820288484,0.14576223725956533,-5.251335240093255,0.9907967448234558,1.0,0.0023543981919165765,-1.6748894881049423,0.8740465641021729,0.008206332384915067,0.11976972745045233,-5.776958717674417,0.9817643761634827,0.5737795012290752,0.46465151220370204,0.002829470955173002,0.9995196461677551,0.3637189566846975,0.4806538457160282,-0.004708324803096451,0.9998264312744141,0.6577442255768645,0.6629245952048934,0.4096757626169081,0.8779244422912598,0.35160923884588446,0.6812557028298865,-0.4082844617538764,0.9905729293823242,0.798092591739757,0.8399843500277735,2.316350384069088,0.9137121438980103,0.3196677287391308,0.8751405068073971,0.9810793202694171,0.9912182688713074,0.8150545868188334,0.8564282619175747,2.41594564799739,0.8500955104827881,0.331073706318945,0.8931494159198541,1.045853180160843,0.9286828637123108,0.7902129428228808,0.9295403973431106,0.8810774322036519,0.9381267428398132,0.3278457117521734,0.9528083766528348,-0.4360616167217496,0.987842857837677
39,1.625,0.4097817671229396,0.04570077061368408,-2.400939264731761,0.9999563694000244,0.5692826395995015,0.1497773928172999,-0.5954040880967795,0.9992705583572388,0.23797445311858018,0.19716811256631292,-1.1045900152844979,0.9996779561042786,0.792459748020456,0.10756699091272254,-0.7322582507598917,0.8706210851669312,0.08359695794125649,0.24937282301771532,-2.8188875145591523,0.9936966896057129,0.9567050685843086,0.029860835862346148,-1.5382075266906838,0.896405816078186,0.023033404358714937,0.14972923903643762,-5.567627283473269,0.9910260438919067,1.0,0.0022748425342681545,-1.7218412612563323,0.8855443596839905,0.00982493720867087,0.12417414892889198,-6.117380039009569,0.981451690196991,0.5784837114344505,0.46555266102966825,0.006349793376197133,0.9995306134223938,0.3705030807002738,0.480440792657479,-0.00786188422186418,0.9998081922531128,0.6639927444449656,0.663898257824534,0.5281182652500245,0.8898820877075195,0.35733016015525515,0.6812587074594512,-0.2653039181238435,0.9911770224571228,0.8025004761183405,0.843042693471616,2.2900463954134596,0.9220024347305298,0.3295226523796191,0.8755013477711433,1.0923044353822018,0.9916614294052124,0.8152312258712633,0.8572343584105562,2.368393221482268,0.8524474501609802,0.34451686106371127,0.8939862720103027,1.1485683772069917,0.9283028244972229,0.7954886381789938,0.9317812670288719,0.7969288020301136,0.9436535835266113,0.3359280301568689,0.9526509884777481,-0.33037760941616595,0.9883224368095398
40,1.6666666666666667,0.4033441093518995,0.04591559850471853,-2.639746956225603,0.9999567270278931,0.57146225634144,0.14854895536520826,-0.8623499644891753,0.9993240833282471,0.23664758352866685,0.2014754722132664,-1.224729362185665,0.9996351003646851,0.7996494744149436,0.10624097036449669,-1.1023940153367449,0.8833884596824646,0.06750336205970091,0.25430515012359023,-3.0388880878617446,0.9939404129981995,0.9540911401376193,0.029935431026219705,-1.991075587806749,0.9064826369285583,0.02179265313709943,0.15380852380163992,-5.707819208657529,0.991230845451355,1.0,0.002195286876619732,-2.2300685885153877,0.8957899212837219,0.01144354203242667,0.12901124946628212,-6.258597929903825,0.98097825050354,0.5868414066334963,0.46786504125966133,-0.008390225863763999,0.9995417594909668,0.3781059186773672,0.48618415663857933,0.007165594410934684,0.9997977018356323,0.6717687483843234,0.667862369039424,0.6593670846194521,0.9006248116493225,0.36264340673225226,0.689440315089621,-0.04590683306828504,0.9917511940002441,0.8018617242210623,0.846850701312583,2.341043579476557,0.9293745160102844,0.34187775754248684,0.8802045410316514,1.5319245145598674,0.9919884204864502,0.8096081421388799,0.8622091128519269,2.5109006853789237,0.8552093505859375,0.35847154811593956,0.8989129872808126,1.613608573587973,0.9276805520057678,0.8023993052227383,0.937516113197573,1.1967056714481539,0.9484760165214539,0.34351844267651904,0.9575976159148142,0.171739619732953,0.9885876178741455
41,1.7083333333333333,0.3970446696582653,0.04578043360940185,-2.672328731629274,0.9999576210975647,0.5723546813864017,0.1473658772690071,-0.8627225761238861,0.9993751049041748,0.2363786520551605,0.2024057870247432,-1.233073991435404,0.9995934963226318,0.8033119403653138,0.10554418251271558,-1.12923003556036,0.894868016242981,0.06409454357558106,0.25517973363192115,-3.065520818901798,0.9941479563713074,0.9524347189015954,0.03129217299383818,-2.075375701129127,0.9155153632164001,0.025401897977505267,0.1536341800149495,-5.669181501623724,0.9913805723190308,1.0,0.00211573121897131,-2.316835303751157,0.9048744440078735,0.013062146856182472,0.1313463144499592,-6.207271046804509,0.9804314970970154,0.5890843797318693,0.46710857257888894,-0.019393092497653877,0.9995582103729248,0.3809268312254615,0.4877794999041016,0.01825706307081524,0.9997895359992981,0.6740758555544449,0.667101591821428,0.6910167758163339,0.9102808833122253,0.36569011049309896,0.6909756663782369,0.16500239487573112,0.9922261834144592,0.7994157036429582,0.8518166087758559,2.5423346463450653,0.9360143542289734,0.34928272137292254,0.878847214874904,1.8028213675295417,0.9922133088111877,0.8069807806527728,0.8660938812153384,2.674538385845805,0.8585236072540283,0.3664388605084635,0.8972507875384435,1.8909452728001577,0.9271837472915649,0.8035834013821899,0.9379926681173966,1.287557337529395,0.9528506398200989,0.34886602117465504,0.9558136606234025,0.49130243749554037,0.9887409210205078
42,1.75,0.39382745204687625,0.04871102536078364,-2.664228783490278,0.9999571442604065,0.5744955041505758,0.14832438225265654,-0.8557391133727763,0.9994134902954102,0.23948112802695928,0.20429756780347785,-1.2273205312789623,0.9995679259300232,0.8054693540217782,0.10652217357328336,-1.160363590207832,0.9051793813705444,0.06276328918883574,0.2561489119815556,-3.014395720446133,0.9944506287574768,0.9526217656027529,0.03279177628433306,-2.113981000131735,0.9235943555831909,0.02502954568498119,0.15707387075478385,-5.641526989259782,0.9916510581970215,1.0,0.002036175561322888,-2.3572889363830787,0.9127969741821289,0.014680751679938275,0.13446299885344937,-6.172908327505653,0.9801863431930542,0.5910609164785291,0.46677645869912987,-0.017904932336364934,0.9995663166046143,0.38304448029885135,0.48883108837236433,0.016872285319616147,0.9997797608375549,0.6750585077479355,0.6661403596852464,0.7132564011307457,0.9189161658287048,0.3687183896620336,0.6898019241600325,0.1549936199649633,0.9926903247833252,0.7970164319718348,0.8498274525080097,2.618036438042607,0.9419434070587158,0.35711085365774226,0.8761376522554585,1.722488348233157,0.992427408695221,0.8044288063843004,0.8647416612228902,2.731681432888812,0.8599555492401123,0.37326914278807166,0.8946369430033864,1.8047457230907933,0.9261620044708252,0.803567409093448,0.934439561745683,1.2889132667626566,0.9566949605941772,0.3565587039890407,0.952868068508522,0.4326079750580418,0.9889158010482788
43,1.7916666666666667,0.38551353755189155,0.05371432755431092,-2.6481201415465754,0.9999577403068542,0.5737357236323484,0.15123471097964378,-0.8017952735070093,0.9994475245475769,0.2378812298066128,0.20779624897211701,-1.214908982612743,0.9995576739311218,0.8064699627670056,0.10934716934147748,-1.0707723507814015,0.914415180683136,0.061845536726574946,0.2591541754676214,-2.9778615442714016,0.994682788848877,0.9521536540686621,0.035018905191768396,-1.96873475056564,0.9307762384414673,0.026061089311854607,0.16227952746638952,-5.5023792912626455,0.991734504699707,1.0,0.0019566199036744653,-2.195572811325134,0.9195980429649353,0.016299356503694077,0.14073007149791095,-6.0247569676586785,0.9794690012931824,0.5927282118119985,0.46966197424804607,-0.008480422096604916,0.9995783567428589,0.38517639279130605,0.49237715983003894,0.007376029152625113,0.9997798204421997,0.6750654414894872,0.6677029854426568,0.8364697892997723,0.9267287254333496,0.371560159454564,0.6919786696307884,0.12033886404821431,0.9931861758232117,0.7950818090648881,0.8486923843327568,3.0237576428724067,0.9473291039466858,0.36408036212328837,0.8764018993749606,1.7368828699070362,0.9927465319633484,0.8023078304250154,0.8627770080690267,3.1554779071320924,0.8627302646636963,0.3783869968311546,0.8942396094120612,1.8276972863698742,0.9262247681617737,0.805351192602287,0.9333691578310227,1.7191996513668877,0.9602042436599731,0.36510475469006065,0.951930582352496,0.4488283374762845,0.9892266392707825
44,1.8333333333333333,0.3855476899741382,0.055253178880520365,-2.65587018191213,0.9999585151672363,0.570367783274663,0.1520189871923406,-0.7846139848590048,0.9994813799858093,0.23510805112928645,0.20928029834054981,-1.2021330299410442,0.9995412826538086,0.8046221823984373,0.1099311907190106,-1.006033078946505,0.9227445721626282,0.06358282192337747,0.2611876842385918,-2.9566324563254214,0.9948318600654602,0.9512021325176111,0.035651027705107696,-1.8586154615722528,0.937311053276062,0.026695916417656042,0.1624307890580056,-5.5249121394954805,0.9917817115783691,1.0,0.0018770642460260432,-2.0757388321668997,0.9259748458862305,0.01791796132744988,0.14303704091874703,-6.037281907241523,0.9787603616714478,0.5895060231875011,0.473152748081097,-0.008151952897593542,0.9995945692062378,0.3819659679396777,0.4964116555977147,0.006926717094558068,0.9997826218605042,0.6753911084058578,0.6746403046519542,0.8748398396567391,0.9338188171386719,0.3666310402472965,0.6979314602205882,0.141746959865362,0.9936557412147522,0.7921351607997286,0.8526680944107791,3.1505069579145224,0.9522551894187927,0.36866560440047697,0.8810400457461652,1.8047522716412465,0.993092954158783,0.8003475879320878,0.8665422429326378,3.289518984545921,0.8659278154373169,0.3823696444479508,0.8987975507604494,1.8993785699909689,0.9265069365501404,0.8042189665766216,0.9370999441993528,1.854243970534593,0.9634763598442078,0.36813074742346696,0.9569229369452686,0.5234281044028719,0.989617109298706
45,1.875,0.3738055590955966,0.055364437992972707,-2.630802110005667,0.9999592900276184,0.5635686520139299,0.1508362231122232,-0.7610545380751612,0.9995095133781433,0.22955340100947774,0.20794642852785164,-1.0631966052209973,0.9995330572128296,0.7972630255227763,0.1094589398562624,-0.9687882179552176,0.9302278757095337,0.06109123727706101,0.2636310348917206,-2.739482962998218,0.9950003623962402,0.9440401269270069,0.03518940936313913,-1.8127305709522152,0.9431735873222351,0.023526231427356322,0.16388319906425394,-5.2067103817488976,0.9919190406799316,1.0,0.0017975085883776211,-2.0277401922079656,0.9316657781600952,0.01953656615120568,0.14280491206954085,-5.706959712410032,0.9783782362937927,0.5821579974065557,0.471530666930641,-0.016450759399869317,0.999605119228363,0.376072518825036,0.4951189683022116,0.01522473301071131,0.9997838139533997,0.6722164335890497,0.6740307305939626,0.8577721401447452,0.940168023109436,0.36081893051763547,0.6989726275852439,0.10533331334181316,0.9940674304962158,0.7839121881972192,0.8496928068887187,3.0612580157509073,0.9566311836242676,0.3681788411369158,0.8793492635280538,1.7036798165862634,0.9933590888977051,0.7916786827896553,0.8638428019234105,3.191317914223059,0.8673649430274963,0.38022741543307437,0.8966762520996335,1.7913882953297047,0.9257967472076416,0.7976421057926215,0.9334376215578275,1.7643017885765095,0.966299831867218,0.3664911817471414,0.954531411683843,0.42325782496555103,0.9898902773857117
46,1.9166666666666667,0.37491416665437827,0.051984629272534465,-2.4826310087602472,0.9999595880508423,0.5590029305936164,0.14734900561347505,-0.6780357754019904,0.9995385408401489,0.2247889445622039,0.2046327544505025,-1.0750649966201014,0.999510645866394,0.7894907406296049,0.10652354002723116,-0.7897733896506822,0.9369539022445679,0.05896777993101782,0.2616639329167608,-2.7449926446106954,0.9950854182243347,0.9420238116875552,0.03270166163754985,-1.5339789461216136,0.9484840035438538,0.02282738326922197,0.162192987539976,-5.227410766042325,0.9919624328613281,1.0,0.0017179529307291988,-1.7256565950508693,0.9369981288909912,0.02115517097496148,0.1410983033146674,-5.714379321224949,0.9779373407363892,0.5789335277536486,0.46892755728500624,-0.008628390693629997,0.9996169209480286,0.3708082263295724,0.49174439535544856,0.007395456437381318,0.9997797012329102,0.6729357158966842,0.672856726928048,0.6769661134958841,0.9458981156349182,0.3569389179791581,0.6998276302955043,0.06413448845081521,0.9943745136260986,0.7761212575546776,0.8458153621998574,2.9106161208089913,0.9605574011802673,0.36685414829830215,0.8755947749311646,1.7073214842471298,0.9935344457626343,0.7823561277664285,0.8606109905319546,3.052452008526471,0.8700751662254333,0.3770308652538501,0.8927354954363008,1.800691709051203,0.925013542175293,0.7944804200521327,0.929367058307919,1.6405486909706415,0.9688522815704346,0.36521544155462177,0.9501665341229487,0.43769133307249203,0.9900152087211609
47,1.9583333333333333,0.3752321653922927,0.04324224458603882,-2.309908463449062,0.9999608397483826,0.5509770093406976,0.13852309732088658,-0.33026933912087647,0.9995693564414978,0.2215768986938307,0.19577987475327951,-1.0919694773398843,0.9995026588439941,0.7794418710805837,0.10152107979278568,-0.2857964852630953,0.9429345726966858,0.05537167636352651,0.2525025222644365,-2.9066365587075063,0.9951912760734558,0.9446111466712714,0.03022074441112286,-0.8751011732519417,0.9533323049545288,0.022009644837616183,0.15454767523381505,-5.262172709266975,0.992120623588562,1.0,0.0016383972730807765,-1.0137901041016988,0.9420521259307861,0.022773775798717283,0.13408174636787962,-5.765326395761153,0.9778832793235779,0.5767851444534587,0.46105661692130623,0.09430498857629445,0.9996363520622253,0.368011887593713,0.48170809102521706,-0.09578403649049728,0.9997819662094116,0.67186027043346,0.6664872250147861,0.681380443781581,0.9510196447372437,0.3534941773772793,0.6909159307735423,-0.06434842388713717,0.9946682453155518,0.7655571008525387,0.833701523188648,2.940626005558487,0.9640798568725586,0.36399712628805275,0.8628786677568465,1.6317967867719152,0.9937817454338074,0.766326379459116,0.8502552423332487,3.084622163192436,0.8752163648605347,0.3728794313664877,0.8799012103411227,1.7295636681633257,0.925051748752594,0.7905963541863014,0.9161698905033662,1.7214444191238207,0.971147358417511,0.36117233751228683,0.9387294249860672,0.357866859053636,0.9902941584587097
48,2.0,0.35682522565044766,0.01741964500877494,-2.3419518515094584,0.999962568283081,0.5348482225657224,0.11293546662371577,-0.4220799717236943,0.9995983242988586,0.20748242878168946,0.16797194810251115,-0.9991429543380884,0.9995198249816895,0.7584373517834042,0.08470648626764929,-0.453861669906976,0.9483526945114136,0.042775789064623336,0.22577623143577075,-2.80793344574065,0.9953417778015137,0.9455773161887397,0.023692421956550632,-1.12355291489286,0.9576961398124695,0.014843010885892028,0.12664600401197423,-5.146158931803294,0.992303192615509,1.0,0.0015588416154323542,-1.3078797883865336,0.9466708898544312,0.024392380622473085,0.10662326325641952,-5.667660806869555,0.9779306650161743,0.5667961671471854,0.43478811407698464,0.09066034521087891,0.9996599555015564,0.35612316656648585,0.4528731919220419,-0.09209692463268404,0.9997943639755249,0.6517837906676657,0.6389994941209552,0.693583433927935,0.9555445909500122,0.3390645197114456,0.6573895666829283,-0.0961891277955176,0.9949734210968018,0.7313050307271256,0.7989313088165595,3.302133046915212,0.9670280814170837,0.3491175286444978,0.8281313887670658,1.6661425464304298,0.9940508604049683,0.7203196205744754,0.817658298054435,3.490366125839688,0.8797910809516907,0.35884297347559624,0.8458041693102621,1.7822354981947932,0.9262285828590393,0.7675718483491895,0.8793976068723385,2.2678726241842933,0.972974419593811,0.34316923560965085,0.9028537503289502,0.47889186129929373,0.990658164024353
49,2.0416666666666665,0.3582886827712457,0.01695855139845394,-2.254839201249236,0.9999619126319885,0.5159821980487205,0.09441454077139659,-0.44201620639840183,0.9996110200881958,0.1940790033412177,0.1485287264247822,-1.0310344825676065,0.9995284676551819,0.7364974560095493,0.07410264438048296,-0.4517786611823665,0.953125536441803,0.029008711026795534,0.20499663446622476,-2.8595409625218093,0.995471179485321,0.9439703372242916,0.02080826716883708,-1.174273532968846,0.9614877700805664,0.008177127033584468,0.10674786399152003,-5.149424179864654,0.9924713969230652,1.0,0.0014792859577839317,-1.3604901406054535,0.9504063725471497,0.026010985446228888,0.08142462688015142,-5.665128334813104,0.978074848651886,0.5514784546019625,0.41661202711224826,0.11577375412739908,0.9996736645698547,0.3435493408569694,0.43236431849682877,-0.11690623791481036,0.9998034834861755,0.6285889138104414,0.6161309843705384,0.9951304765328811,0.9595453143119812,0.3227494566416573,0.6321684072074636,-0.10415734199138518,0.9952854514122009,0.6907496245227928,0.7778810164103532,3.281678415968025,0.9698383808135986,0.3293412339246804,0.8027830517442804,1.6393954317336126,0.9943767189979553,0.6683725792035745,0.8024404054584797,3.4308219142661907,0.8882352113723755,0.33942187432903415,0.8212727383103668,1.7429714535195713,0.9295008778572083,0.7422823601367354,0.8531396201173009,2.1877560740911246,0.9749297499656677,0.3231419010023709,0.87703592309323,0.3900239340757218,0.9910886883735657
50,2.0833333333333335,0.3444539928008828,0.01649745778813294,-2.2749956591554055,0.9999606609344482,0.5035115881854048,0.09545347476516564,-0.3413110847837397,0.9996173977851868,0.17667687093970882,0.14958286892139355,-1.0271024231680486,0.9995412230491638,0.7221166552375547,0.09706213247879308,-0.20098463022337093,0.957394003868103,0.012218074797773733,0.20422073437401642,-2.857487066496093,0.99558025598526,0.9331687214971922,0.04929802712692141,-0.9234792514242954,0.9650003910064697,0.006260246997828492,0.09700958377198063,-5.0986912947656675,0.9926475882530212,1.0,0.02772647714136812,-1.097126354394217,0.9541597366333008,0.02762959026998469,0.06962214310197294,-5.6104433862955,0.9782829284667969,0.5359621662656654,0.41715409994463754,0.1753222749236313,0.9996840953826904,0.3279123827885803,0.4324120201190926,-0.17613334555355709,0.9998129606246948,0.6069965072070134,0.6169319384700798,1.153378712735537,0.9629180431365967,0.306283112636179,0.6317675783487317,-0.4100790645423059,0.9955447912216187,0.6483432755115909,0.7813895946665231,3.219690209456363,0.9722897410392761,0.309290566878767,0.8059638166843089,1.0174428849044255,0.9946679472923279,0.6182203549111854,0.8085952557359276,3.348923041509697,0.8965280055999756,0.3189350618095128,0.8260060602838766,1.0913398297174228,0.9321041107177734,0.7230065912204402,0.8553503703099028,2.1520465289585564,0.9766281247138977,0.30730088933542626,0.8795033129596344,-0.2727446321525761,0.9914790391921997
51,2.125,0.3614700512855856,0.01603636417781194,-2.5264602093310273,0.9999615550041199,0.5006225590505217,0.09876717036598102,-0.3295630627097152,0.9996253848075867,0.16967091288079522,0.14781908198960528,-1.442905961997934,0.9995707273483276,0.7121432899902355,0.122916719968737,0.022114823609130484,0.9610704183578491,0.015397366521855261,0.20645627182154802,-3.322276846563354,0.9959287643432617,0.9309270911500191,0.0748946180404229,-0.676086360964837,0.9681327939033508,0.024630295470519238,0.08439360852888643,-5.335716335577442,0.9932151436805725,1.0,0.05922542554501108,-0.8478106904113061,0.9575376510620117,0.029248195093740492,0.05183327985320901,-5.865087317050646,0.9797422885894775,0.5296024130319769,0.41792539448691046,0.249092375642565,0.9996967911720276,0.3244242403955056,0.43276644401513037,-0.24975014500481632,0.9998221397399902,0.5916047691524086,0.6158281153003358,1.1482148894882156,0.966080904006958,0.3021914834623147,0.6272849330629177,-0.3371162445692537,0.9957888722419739,0.6119577138674007,0.7780031180820876,3.5399143985972303,0.9745452404022217,0.29903943414540396,0.7956821844128,1.239228963402752,0.9949420094490051,0.5805156740410434,0.8022395032632373,3.709660527880469,0.9047139286994934,0.30894110065985725,0.8167867910429731,1.3785108429225417,0.9349283576011658,0.7070227849435544,0.8475205593504196,2.620998870829966,0.9782766103744507,0.29932289615335916,0.8675085207068889,0.06363199608290891,0.9918319582939148
52,2.1666666666666665,0.37237714694678814,0.015575270567490942,-2.472622895889908,0.9999622702598572,0.5187780365370962,0.10461324009832429,-0.21921096860921901,0.9996254444122314,0.1869041143177352,0.14369329897396577,-1.3014021717283293,0.9996016621589661,0.7207122659342521,0.1629465397804366,0.255310211194055,0.9642176628112793,0.018576658245936788,0.19160325996627262,-3.0634592424109774,0.9962632656097412,0.9296487483764846,0.14292450005807172,-0.35886236222313067,0.9709143042564392,0.07208252003234902,0.06564090078693846,-4.811995432827259,0.9936977028846741,1.0,0.13464613922571825,-0.5034577618359988,0.9604513049125671,0.08219267505358496,0.03369643401977455,-5.28400021413217,0.9808487892150879,0.5326731650160765,0.4159619320985394,0.2546750494531222,0.999692976474762,0.33018808964460644,0.4285541031272556,-0.25558856837116145,0.9998259544372559,0.5785272013160185,0.6093207963235644,1.282521340252625,0.9687682390213013,0.3087846294130089,0.6192498230904052,-0.2994295136571646,0.9960542917251587,0.5758143691320015,0.7750678308331099,3.2365081354057823,0.9765627980232239,0.29602253531793704,0.7829771425128498,1.2420007141212421,0.9952048659324646,0.5436890682800568,0.8053225873351476,3.376466756275616,0.9124886393547058,0.3059617777932053,0.8067537492519066,1.366316353879362,0.9375892281532288,0.6913524268846104,0.8300357231556922,2.2462140944496043,0.9797353744506836,0.2934742776618318,0.8490459263752823,0.06998863869149899,0.992165744304657
53,2.2083333333333335,0.37318325318083917,0.01511417695716994,-2.515669447473735,0.999963641166687,0.5274237047393792,0.10779877958895401,-0.2149653405184096,0.999629020690918,0.19644987296002017,0.13987419929268904,-1.0984300386987307,0.9996331930160522,0.7286618347908493,0.17779974699375917,0.25097170469991975,0.9669807553291321,0.021755949970018316,0.17983103262185268,-2.781958385427163,0.9965915679931641,0.9342659806784561,0.1677491039604728,-0.4396630701509594,0.9733679890632629,0.09393357848326689,0.05847250642419734,-4.44496855488819,0.9941704273223877,1.0,0.16930901115096683,-0.6045373577121794,0.9629065990447998,0.10685004585519932,0.026261787568377534,-4.8911602335951105,0.9819027185440063,0.5364140107508347,0.4128940303506993,0.2332284525004158,0.9996766448020935,0.33857068346647007,0.424190610376366,-0.234110599634596,0.9998255372047424,0.5742340378074916,0.6008881294458507,1.3097406134380207,0.9710462093353271,0.31881684858443393,0.6094177942080856,-0.15472088678316975,0.9962626695632935,0.5615009489188577,0.7682607971024191,3.160427759671754,0.9782742857933044,0.29417283266017863,0.7755947727981848,1.2521949628714508,0.9953364133834839,0.524201437482086,0.8010900414799275,3.3342143439203915,0.9189140796661377,0.30218235205040367,0.8006457440297664,1.372038688284162,0.9384227991104126,0.6836588402789279,0.819204048522994,2.112627124862326,0.9808620810508728,0.29316226753127655,0.8389702073700167,0.07910857778699229,0.9923173189163208
54,2.25,0.37866269753587867,0.014653083346848941,-2.474558456815654,0.9999650716781616,0.5434984814864477,0.11297357943999063,-0.11854788846241798,0.9996285438537598,0.20769516004751287,0.1371673026435651,-0.883550655470799,0.9996606707572937,0.7293515392669129,0.1981154983250263,0.4321409534220557,0.9688943028450012,0.024935241694099844,0.1621724426565592,-2.5078813604553782,0.9968757629394531,0.930457483953574,0.19476872394548006,-0.2236973465256228,0.9753220677375793,0.11704660812602258,0.04457390472129024,-4.054923558018099,0.9944888353347778,1.0,0.20057299912979062,-0.3697464765565298,0.9644800424575806,0.13110383375511525,0.014185875934871058,-4.468294698779781,0.9821987748146057,0.5426537355822668,0.41381713349574284,0.23892376347094307,0.9996532201766968,0.34573723144381985,0.42457363222261146,-0.23973326727724173,0.9998167157173157,0.5748178584968755,0.6014694291277998,1.2478429699536624,0.9728113412857056,0.32819668879976305,0.6114380813810638,0.02677569561795053,0.9964123964309692,0.5567021889936183,0.7764376844982034,2.5678610664401282,0.9796196222305298,0.29343353641239595,0.7824988870082095,1.4884900820111104,0.995406985282898,0.5174829099733956,0.8119450622399513,2.6419221709255996,0.9243702292442322,0.29887140486053915,0.8070797609765307,1.584464770921846,0.9391055703163147,0.6859231422009292,0.8272803919949486,1.531308291463092,0.981643557548523,0.2900330621953704,0.846494268502227,0.3671719669703481,0.9923825860023499
55,2.2916666666666665,0.4446830395133324,0.014191989736527941,-2.547823488279328,0.9999666213989258,0.5599476075609386,0.11656350536912674,0.17649139831796748,0.9996410608291626,0.23513836370835134,0.12985592024616643,-1.0669172482061478,0.9996914863586426,0.7329031445845319,0.21230062825683726,0.914172743382152,0.9683927893638611,0.028114533418181372,0.14094945258523608,-2.9555259074295765,0.9971491098403931,0.9361214841894324,0.23152820096088142,0.28438564174852343,0.9760551452636719,0.1429295506273553,0.033876844874033335,-4.606763709710675,0.9948312044143677,1.0,0.24163370601374323,0.1785171249760646,0.9637540578842163,0.15896474935897348,0.005955320534039624,-5.051150325425715,0.9828642010688782,0.5563984793493992,0.42033911159725035,0.41427519976771654,0.9996584057807922,0.36104818537275934,0.4302805829197064,-0.41543310003248857,0.9998239278793335,0.5809468210514399,0.6121444847565017,1.4439587372823295,0.973639726638794,0.34432160796331857,0.622046942060467,-0.002779404486715717,0.9965022206306458,0.5597720444777297,0.7912553301400121,2.847815255588815,0.9806053638458252,0.2910202624823822,0.8003065824299002,1.433633401718594,0.9954926371574402,0.5179839325627937,0.8279404193646355,2.833436869894875,0.9293463230133057,0.29372534371404935,0.8245764711372214,1.5319260445249963,0.9410440921783447,0.6971704563995393,0.843091956041583,2.0308312522747034,0.9822410941123962,0.2892934823530415,0.8660975501272764,0.3149636845690155,0.9925416111946106
56,2.3333333333333335,0.4513819161091581,0.013730896126206942,-1.9180648258727202,0.9999687671661377,0.5558761534895612,0.16124283810458148,0.8492038965760466,0.9996539354324341,0.2287514029886287,0.14860007521710095,-1.211757589888023,0.9997189044952393,0.6908885408487702,0.29601735621811864,1.6608320806887864,0.957499623298645,0.0312938251422629,0.10944113144890384,-3.7569929326459444,0.9973816275596619,0.8861176650300572,0.33942050633826065,1.4368373141106747,0.9727770686149597,0.12760855108738137,0.015774437554986198,-5.359341564730467,0.9950559735298157,0.944477998373978,0.35762249564150783,1.4427479696973837,0.9564993381500244,0.147271015126974,0.012202461249563087,-5.843209800878926,0.9832149744033813,0.5481922030929118,0.48906547151306745,0.7191770504545317,0.9996837973594666,0.344850377311667,0.49874460324788866,-0.7211257140595116,0.9998378157615662,0.5673969622749486,0.7093541082458572,1.8085006869286009,0.9723654985427856,0.3260613277085036,0.7174485266115596,-0.26400191258213423,0.9964579343795776,0.5386736268589074,0.9123695190155309,3.31962500521431,0.9810327887535095,0.23014673200291713,0.922560706109739,1.000904973203962,0.9955166578292847,0.4957464648305766,0.9545963021316316,3.389650519920092,0.9329466819763184,0.218124538278135,0.9489557059634107,1.0868793843455817,0.9410483241081238,0.7011407552573191,0.9738255221594982,2.559908575273154,0.982427179813385,0.23297645250468146,1.0,-0.16617535894260543,0.992648720741272
57,2.375,0.3612792277914685,0.021655469800093894,-2.0339993338923796,0.9999712705612183,0.4397833528821051,0.17275821281014161,1.3362489445111094,0.9996711611747742,0.16541833647912463,0.14265872806655722,-1.4732032615598245,0.9997402429580688,0.5177458601780045,0.30918684759463266,2.4041372813221193,0.938430905342102,0.034473116866344425,0.08624060061766259,-4.728772027536414,0.9974262118339539,0.7049733067776037,0.36615496645281903,2.528644719803557,0.9677497744560242,0.0414595644355843,0.01656102473193575,-6.914795554618897,0.9948951601982117,0.7672086152708679,0.38547469400641476,2.628659536403164,0.947531521320343,0.03410926760645505,0.01844960196508655,-7.480733798857792,0.982829749584198,0.43666036681393894,0.4888028646445524,1.0065848699042634,0.9997055530548096,0.25573093281445874,0.48797170586655436,-1.0091444948502126,0.9998484253883362,0.46030025920989054,0.707291929634346,1.9873748328905436,0.9694347977638245,0.23537095422610127,0.7091031114490881,-0.6855318320558793,0.9963483810424805,0.4208972545088813,0.9114402803113992,3.505199615896169,0.981128454208374,0.11416071261320665,0.9200422774494839,0.5710554154186994,0.9955886602401733,0.37589093708190086,0.9529473572562333,3.5784554526174652,0.9354434609413147,0.0908432974177634,0.9458870976245607,0.6442897908421612,0.9416810870170593,0.5866342845552711,0.9752591323570734,2.616694919041682,0.9824460744857788,0.12321767614208354,1.0,-0.7609103709135411,0.9928319454193115
58,2.4166666666666665,0.3369745816510948,0.005590712699430249,-2.2876301470581777,0.999970555305481,0.3918737697778261,0.1621285856347601,1.87871486429177,0.999669075012207,0.17329215074312374,0.11293919984762586,-1.8778043233331305,0.9997550249099731,0.45071635858086284,0.30559342014275986,3.2161044669138876,0.8879640698432922,0.037652408590425956,0.07641386593441939,-4.536603781226049,0.9974563121795654,0.6220432462636808,0.36869035538633227,2.695897558454169,0.9459684491157532,0.07219722658088341,0.0092423532239119,-4.605707995060284,0.9899108409881592,0.6884420001581549,0.39318672201631694,2.6780526457640645,0.9246600270271301,0.060433290647449386,0.024696742680610013,-5.058203331448957,0.9666483998298645,0.39576699755326633,0.4772213452307691,1.3472847110724078,0.9997116327285767,0.22241003225770414,0.46373360726685364,-1.3481363802413007,0.9998505115509033,0.42677233563436556,0.6989622161452355,2.4592608503104008,0.966926634311676,0.21117338511260844,0.6924415061286355,-1.8229583499457347,0.9963521361351013,0.3801584920916463,0.9062025507145473,3.987566596782806,0.9810089468955994,0.06677079068768235,0.9163937713151995,-0.18228195505467032,0.9957289695739746,0.33204009262864154,0.9477512663608622,4.070668212416487,0.936601996421814,0.03026643956118714,0.9423705856288275,-0.08349261832936732,0.9424163103103638,0.550422976487464,0.9777696813932439,2.6022449350284527,0.9824793338775635,0.08354273945427151,1.0,-2.120477361708349,0.9931452870368958
59,2.4583333333333335,0.3535298764780559,0.028374797963814414,-1.5335599283013337,0.9999681115150452,0.3687028110367113,0.1755168592768692,2.9001945996697267,0.9996328353881836,0.20162106693918785,0.11532477343913704,-2.2246263976023952,0.9997645020484924,0.4004194753290905,0.3260306769491673,4.489595366916095,0.823377788066864,0.04083170031450748,0.06658713125117617,-5.764436174295339,0.9972854256629944,0.5485881323335006,0.39353622826428536,3.970312031033431,0.8994511961936951,0.06244757641358498,0.01975662955310879,-8.177964832780269,0.9873501658439636,0.6159054321510538,0.4182586872620324,4.005506807800352,0.8780903816223145,0.03283472471529284,0.032606186654639664,-8.928569995216428,0.9613007307052612,0.37409613599258484,0.48104384155833135,1.8541090390251975,0.999707043170929,0.2248367094628372,0.4609115753877938,-1.857474288444773,0.999849796295166,0.41243204968750385,0.6931052548654225,2.2201734312723143,0.9549226760864258,0.22221226575467629,0.685809983319754,-3.474758102862313,0.9961653351783752,0.3610280660580818,0.9045657733528706,3.302316554866821,0.9776798486709595,0.054373369430753965,0.916001092626049,-2.7101385887661498,0.9957035183906555,0.3152963191200771,0.9451464097865037,3.288939535972896,0.9326179623603821,0.03026643956118714,0.9414306395959118,-2.7028047319803257,0.9435492753982544,0.5364962225313403,0.9769412337243214,1.6786594127884955,0.9802152514457703,0.0751089439016726,1.0,-4.88813916382534,0.993291974067688
60,2.5,0.3684096775146865,0.0993583478337964,0.48760765369202586,0.9999480843544006,0.3608097970077596,0.2113941416348974,4.433238330050265,0.9995227456092834,0.24658828167940228,0.15033244544330587,-2.83688891453454,0.9997594356536865,0.3538728371997081,0.343657235757768,7.149096190228247,0.7576667666435242,0.2637155034666403,0.05676039656793297,-5.2717770734702984,0.9968628287315369,0.453368326715995,0.41978006770562026,7.260001213452357,0.8323327898979187,0.1793165774800658,0.02716283589772257,-3.6122117259896678,0.9848938584327698,0.4747297905322509,0.4473381280106931,7.400574836659244,0.813006579875946,0.10560770025326409,0.029453810831142013,-4.032974997136682,0.9562103152275085,0.3723944415544401,0.49779712834455686,2.564993947918648,0.9997034668922424,0.2615228388079035,0.48114061526589286,-2.570032336251398,0.9998490214347839,0.41039058022384894,0.6939856933511979,2.2455232898627986,0.9341835975646973,0.2873807220453208,0.692142380957637,-6.015880571050758,0.9954662919044495,0.3642973260161036,0.9103247688322946,3.6459471413083686,0.9723466634750366,0.06866127998349791,0.9129136667294515,-5.951217474119818,0.9952989816665649,0.322692479923965,0.9505060355989187,3.647779865659844,0.9247020483016968,0.03026643956118714,0.9325132367537811,-6.036526669051219,0.9424471855163574,0.5412959064127593,0.975630083247553,1.6474233195615602,0.9759950041770935,0.0876228533706767,1.0,-8.795006824928208,0.9930106401443481
61,2.5416666666666665,0.37833519332783405,0.13530477571367203,1.2080553092276014,0.999920666217804,0.34208376839551985,0.24561748809724387,6.963725852961859,0.9993491172790527,0.274462891099894,0.19395416615999594,-4.132897402170934,0.9997597336769104,0.3410231470792127,0.3694053645086064,11.523460745127906,0.6866798400878906,0.3414567054165053,0.09546536320320907,-5.923968164302282,0.9967831373214722,0.42239162404870295,0.44793283128941946,11.306204708613924,0.7600866556167603,0.230713020754188,0.016599572502034657,-0.7737432430872342,0.9843202829360962,0.44415769177858816,0.47826853485784854,11.552046370317834,0.745817244052887,0.18214498602319684,0.026301435007644362,-1.270886952716552,0.9551191329956055,0.3527710488721777,0.5198293066434101,3.904777242563623,0.9997020363807678,0.26509551241822504,0.5023080853626444,-3.9122424046770083,0.9998483657836914,0.38978727251047307,0.7054415225543378,3.4316171003873217,0.8957914710044861,0.2920713075286292,0.7031052997503272,-7.880139905127661,0.9945635795593262,0.3481814695749931,0.9142126798160997,5.8203735150843965,0.9620389938354492,0.0669320862234646,0.907881446306088,-7.401336959217599,0.994537353515625,0.3086196648276979,0.9528094911946674,5.875502746341026,0.9115220308303833,0.03026643956118714,0.9228166090397251,-7.4787526722348545,0.9402195811271667,0.5152296642053573,0.9734524224538019,3.1851204202554984,0.9690650105476379,0.08349421709522997,1.0,-11.192563800966104,0.9922788143157959
62,2.5833333333333335,0.36414636918997323,0.18704916253321807,-1.1150892216098724,0.9999200701713562,0.31886357972888085,0.2928479745652515,9.124145942344422,0.9993744492530823,0.27987020185150496,0.2465311837009501,-7.635334118526111,0.9997786283493042,0.31494288853190494,0.4191798332496668,15.078087316955603,0.6259150505065918,0.4059536006859063,0.1400150583948719,-11.760293822902291,0.9970178008079529,0.40014157760642105,0.4934407908657676,13.372324882699179,0.7086560726165771,0.31037258871548246,0.018510546819549025,-10.825309114295642,0.9857034087181091,0.42927688548954157,0.515536909168891,13.5318296864245,0.6993032097816467,0.30738918546692623,0.02314905918414671,-12.453311324335145,0.9591030478477478,0.3259722019244983,0.551827232382953,5.616717200893161,0.9997232556343079,0.2588205472159328,0.536288778521633,-5.6248350977769155,0.9998589754104614,0.35989390947672995,0.7242091475847844,5.667760536969355,0.8595761060714722,0.2917339109680127,0.7236651016750593,-10.273653632714737,0.994355320930481,0.3222415864399673,0.91891694754324,10.143752580156615,0.9536656737327576,0.06153562429896492,0.9104610393748384,-8.63336539027438,0.994377851486206,0.2879432357473455,0.9537389227880515,10.349579514067923,0.9029467105865479,0.03026643956118714,0.9219620337640442,-8.649292433262845,0.9419478178024292,0.47968150850787794,0.9756152235041656,5.21884684999217,0.9642783999443054,0.07817248538341337,1.0,-13.565564817063674,0.9922038912773132
63,2.625,0.3649040778738786,0.20358832577445976,-2.1045691747130943,0.9998782277107239,0.3248682009418358,0.2995673832122404,7.742388761243519,0.9993382692337036,0.2692216142293194,0.2639000665627075,-8.263334114374912,0.9997861981391907,0.3236019382766585,0.4277799725015621,13.67226912254317,0.56838458776474,0.4272859045814814,0.14964319980933113,-12.887974939477472,0.9972113370895386,0.38778230484903814,0.5014002247052529,12.668916478805935,0.6483244895935059,0.4591272429204174,0.02413239938767208,-10.837039483991472,0.9868621826171875,0.4112787161355594,0.5240351162153857,12.864248700190084,0.6424533724784851,0.4590375607930553,0.01999668336064906,-12.185417847568608,0.9624214172363281,0.34070423834264985,0.5571423091097044,5.298866667909514,0.9997345209121704,0.26585685100033835,0.5429997743152837,-5.307167880188083,0.9998643398284912,0.3575775888138738,0.729807339528168,6.437610382067156,0.8249558210372925,0.2925836553659705,0.7270900424883107,-9.040079214897103,0.9932776689529419,0.3103945870765504,0.9193738289799581,10.358462690948599,0.9468843936920166,0.06724129205928532,0.9062038198260555,-6.310901026705603,0.9940410256385803,0.28314285148762147,0.9545377932115834,10.495158893623485,0.8949828147888184,0.03026643956118714,0.91281387214165,-6.204244862494791,0.942506730556488,0.4738410293998215,0.9723350532440443,7.629658831050074,0.9599234461784363,0.08358073289173135,1.0,-10.539943221870798,0.992034912109375
64,2.6666666666666665,0.39044138683455215,0.15727235191915723,-2.6878207345211766,0.9996850490570068,0.3649017888780694,0.23190896626661345,5.411534653414233,0.9990373253822327,0.27764039072586455,0.2172379590639955,-7.744096937328222,0.9997612237930298,0.3474950084321741,0.39416024435434094,10.434907501303782,0.5168572664260864,0.46481950759208346,0.11858505298956867,-12.638297577289757,0.9973824620246887,0.3967791429150411,0.45107400986847124,11.224853646555902,0.5943810343742371,0.6469050877845849,0.015970806774397304,-11.134442909718308,0.9876019954681396,0.40719317309534026,0.469665386382148,11.861230697379595,0.589968740940094,0.6940580922159575,0.01684430753715141,-12.29397157592234,0.9642678499221802,0.3687932629724024,0.5177272963247064,4.047655484815089,0.9996994733810425,0.2831659540168206,0.5099770169818159,-4.0544902075321545,0.9998362064361572,0.3733149331180855,0.707481753290591,4.925905626150192,0.7945749759674072,0.3152434182114152,0.7094405902214598,-6.8737333659955615,0.9921848177909851,0.3224350926369327,0.9137476702557652,8.238161761543891,0.9387817978858948,0.07347406705512406,0.8950431926885614,-5.049176766712917,0.9936305284500122,0.29626718544362485,0.9513338781375502,8.371651630468994,0.8892264366149902,0.03026643956118714,0.8985789752904387,-4.9711524226694275,0.9432694315910339,0.4953399724406479,0.9704388994739184,6.116696363410263,0.9531258940696716,0.11312790020239052,1.0,-8.41881752281733,0.9914238452911377
65,2.7083333333333335,0.4031395972668433,0.14890538446484022,-3.5515167621185726,0.9996783137321472,0.3533871171009572,0.22670160189033456,8.78548182436576,0.9989792704582214,0.30285774012908,0.2036059204425225,-11.80241619780058,0.9997662305831909,0.30343462860592735,0.38495522540813487,16.354629345371507,0.4714970588684082,0.49061662067037637,0.12021039526142485,-18.849275465689338,0.997570276260376,0.3905682517535434,0.4452199016453326,17.793777371392544,0.5463230013847351,0.7400099133142998,0.018382202633914806,-18.107797034919066,0.9883204102516174,0.39103021982134806,0.46391561760737454,18.755694329286044,0.5431631207466125,0.7929898006095519,0.013691931713653759,-20.012629386403706,0.9662818312644958,0.3668931232030077,0.508987500023817,6.395312462061174,0.9996589422225952,0.28823443110178515,0.5029280206824073,-6.406314399147957,0.9998049139976501,0.37509705766190055,0.7012080252661583,7.62633446901598,0.7629443407058716,0.32521147451159516,0.7069554611283486,-11.719620448065813,0.9911495447158813,0.3121714649521333,0.9112835128953385,11.98487707283888,0.9246729612350464,0.0808076112042772,0.8916608122221747,-10.245095334711214,0.992849588394165,0.2971370881803189,0.9506775322978883,12.116202653184368,0.8757301568984985,0.03026643956118714,0.8920391622187861,-10.269176525114206,0.9425464868545532,0.4982456808898139,0.9645300416702166,8.685781423880973,0.9433200359344482,0.12283451107245352,1.0,-15.339915239801655,0.9907124042510986
66,2.75,0.45539645802661,0.061231200290906174,2.8350243380310123,0.9996966123580933,0.32905593197449184,0.141535196280205,11.709737043425124,0.9990443587303162,0.3720372471904756,0.10120986025182982,-8.963415675116204,0.999782919883728,0.2945188492213155,0.3053548146577417,17.61135791774015,0.4329492747783661,0.6056251676807871,0.02781820488054729,-14.201136146088556,0.9976775646209717,0.43098322160246283,0.3851330336973965,18.15903067423481,0.5041700601577759,0.8729099415834232,0.012678940354593222,-12.256250769147018,0.9881367683410645,0.46327991404123153,0.4134205939221801,18.721136025935206,0.5023443102836609,0.9405015766067213,0.01053955589015611,-13.715895421749476,0.9664844274520874,0.394420874762984,0.4492862697087908,6.740309159075422,0.9996693134307861,0.33345814476347757,0.4408821659813805,-6.757051112857106,0.9998058080673218,0.4139350865507427,0.6599693718181382,7.8971140193845155,0.7378475069999695,0.36672468537562847,0.6713436054045501,-12.18685533744588,0.9904076457023621,0.3408843745704264,0.8977664647597894,11.752720498258554,0.911466658115387,0.10078865939006974,0.8771779493986904,-12.009740691513047,0.9918950796127319,0.3191285052450369,0.9413479610317996,11.84880435409652,0.863123893737793,0.03026643956118714,0.8743839032237313,-12.122639708465076,0.9420847296714783,0.5452212227786873,0.9506697757485576,8.606080958927398,0.9360424876213074,0.1408405165781159,1.0,-16.877037180043036,0.9900868535041809
67,2.7916666666666665,0.4857687192923142,0.061231200290906174,0.18217924186446366,0.9997247457504272,0.28521046956559043,0.09615207027708944,6.051278552782809,0.9991264343261719,0.39606586201816946,0.04691720903570195,-4.783990286649125,0.9998021125793457,0.26916899313031306,0.24050415996262003,9.296558133889674,0.4093402922153473,0.6288622432895695,0.002923959720566708,-6.2048768048876095,0.9978176355361938,0.37381393829448545,0.3396706315188134,10.538352996699743,0.4692935049533844,0.9237993375362108,0.006975678075271639,-2.3687655470999927,0.9876152276992798,0.4038480883923115,0.37092596479405254,10.981966051012225,0.46582651138305664,1.0,0.015533417013459793,-2.6878592693644894,0.965819239616394,0.35289198148950074,0.40610703291964834,3.7583967196192387,0.9996814727783203,0.3417161339680025,0.39564018374932114,-3.7719002910299806,0.9998092651367188,0.41662211758786205,0.6298871206841368,4.1436028705616135,0.7200236320495605,0.3795925509412872,0.6430166962733191,-6.883182270426169,0.9899111986160278,0.3292484636517915,0.8775285476399481,6.343631200851701,0.9040612578392029,0.11146842755006003,0.8601028393508492,-6.726940599053053,0.991266131401062,0.29944413031429046,0.9199033055977105,6.425806901466964,0.8543680906295776,0.03026643956118714,0.8586161705317793,-6.767785926630901,0.9429565072059631,0.5470698172655284,0.9322051346560565,4.515326379778664,0.9326068758964539,0.1380835059286187,0.9938786614471626,-9.185707194525097,0.9899442195892334
68,2.8333333333333335,0.45939482295003475,0.061231200290906174,2.47634779703585,0.9997391104698181,0.18346226067827706,0.09792569608296321,3.5380877791421264,0.9992047548294067,0.44972350204841993,0.036654819047674966,-1.3784781381474909,0.9998205304145813,0.13365773905637773,0.23884757789299738,4.767558781847691,0.4527948200702667,0.6771828610242591,0.06887256945266118,-2.733656650216653,0.9979979991912842,0.25579949805114816,0.32950887608272467,6.323993320815814,0.4451579451560974,0.9352866521879207,0.1288620079497666,-2.408914682862458,0.9872923493385315,0.28908902604483955,0.357662635695188,6.722971315120797,0.4344782531261444,1.0,0.1529404230584181,-2.5794842970259313,0.9657670259475708,0.25712928553965175,0.3970100065105242,1.7253470812409322,0.9996961355209351,0.3927801749913077,0.3864266891818841,-1.731416591462042,0.9998095035552979,0.3384605758002788,0.6211376252870878,1.9008981831478542,0.7257922291755676,0.3944524873653285,0.6325575452970025,-3.2297500764457663,0.990355908870697,0.29700001141749616,0.8722748302317184,2.5831640331685986,0.902758777141571,0.11757916167895362,0.8599108937775475,-3.6627771861508087,0.9913002848625183,0.2906061497696121,0.9242972802184607,2.5868997987919307,0.8561866879463196,0.03026643956118714,0.8503566819429363,-3.664705767566528,0.9464758038520813,0.5115865580477943,0.9234235547283647,2.0334303167126055,0.926655650138855,0.11326054158606112,0.9858716457835983,-4.367229076321667,0.9896419048309326
69,2.875,0.42816529577177886,0.061231200290906174,2.00164682398543,0.999744713306427,0.13534017805662393,0.10847106587960317,2.701101599843635,0.9992740750312805,0.46338359418790076,0.0505724377852413,-1.3697911555826947,0.9998370409011841,0.05992835724114152,0.26205625875052213,3.721180733251517,0.49824291467666626,0.6530147344716845,0.11119685210889486,-2.429107326078854,0.9981703758239746,0.18259826193710685,0.3425179435714953,5.025045509060907,0.41545358300209045,0.9035307516567721,0.1862908049129462,-2.050798176396862,0.9872928261756897,0.22357867936272716,0.36645354737396385,5.363295164793688,0.40003496408462524,0.9693300779398629,0.21112947523464146,-2.1598080889145463,0.9662438631057739,0.21126709277566874,0.404013546904872,1.5068347197825323,0.9996995329856873,0.37684198713768413,0.39185033327871394,-1.511244302257224,0.99980229139328,0.28612125154989815,0.6299990430267981,1.8154887657341348,0.7235906720161438,0.37823747047037926,0.641773636120432,-2.5582975310625393,0.9906978607177734,0.2590167511777023,0.8854694212722379,2.377960954151613,0.8988184332847595,0.0983559822390439,0.8796954453842047,-2.6799834128563096,0.9913822412490845,0.24100265393224957,0.9359617117419187,2.3707970115946972,0.8538293838500977,0.03026643956118714,0.8765389240265001,-2.6557992716301513,0.9500317573547363,0.4756864986890375,0.9369250345291092,2.2029611565596676,0.9175499081611633,0.09829313430364067,1.0,-3.1911577113390583,0.9894915223121643
70,2.9166666666666665,0.4417519376577201,0.061231200290906174,2.6241437094898665,0.9997333288192749,0.15234487419081028,0.10812593252949097,2.5356114423508367,0.99933922290802,0.49820057912455806,0.06242984073554233,-0.8870133131021288,0.9998522400856018,0.05927660951922984,0.2645719198489114,3.517334722320884,0.5367395877838135,0.7274865197934344,0.16287058533318138,-0.6319866818825051,0.9983107447624207,0.20028398076315584,0.3359284129603579,4.834695647987811,0.38801297545433044,0.8978904602135493,0.2445001902138983,1.3138463152897681,0.984898567199707,0.2253257315428767,0.35909430602111553,5.151247027494426,0.3693188428878784,0.9445933065524653,0.27196098819632986,1.4781898731976777,0.9609742760658264,0.21888226826560833,0.40980426443426843,1.3759576555543667,0.9997106194496155,0.40083005858379894,0.39976534214302106,-1.3799854348490734,0.9998030662536621,0.28543885286707765,0.6318061317050399,1.723245093447395,0.7183583974838257,0.4063790481602855,0.642935726437546,-2.3220485146972405,0.9908487796783447,0.2617401136911852,0.8852880088221777,2.0512075819326943,0.892992377281189,0.12897413038941546,0.8867840892709472,-2.440654680765485,0.9909007549285889,0.22373734140818652,0.935221889326216,2.05804119433145,0.8498266339302063,0.03026643956118714,0.8986059741215423,-2.4131111968839174,0.9523160457611084,0.46635458316614803,0.9348811436356927,2.005473080397616,0.9065233469009399,0.12956539376879045,1.0,-3.0311907120704173,0.9884182214736938
71,2.9583333333333335,0.4064183872594272,0.061231200290906174,2.638842910368653,0.9997293949127197,0.11669200396179998,0.10935316598371614,2.2316289521031534,0.9994000196456909,0.4797720739010818,0.07512042823332886,-0.6933962369478943,0.9998660683631897,0.012819310566460714,0.2655931965971508,3.2614274743597966,0.5657871961593628,0.6692893462586579,0.19776823991792594,-0.3324910082145391,0.998407244682312,0.16796865931363406,0.32923789085538413,4.716110965540181,0.35756659507751465,0.8110923356595127,0.3048808290669032,1.4458587148452071,0.9794936776161194,0.2045962670703939,0.3517524339323943,5.06094905644951,0.33814993500709534,0.8360127044710587,0.3429071181191832,1.6179930843272348,0.94969642162323,0.17587928196157618,0.4145420596925457,1.2914089460804152,0.9997308254241943,0.3588608755557097,0.4068320964229287,-1.294619508109755,0.9998131394386292,0.2519066879764274,0.6340772446656691,1.4307313698344282,0.7064710855484009,0.3726777442990433,0.6469798318087047,-1.9055068758621716,0.990914523601532,0.22931682426829428,0.8850476743728041,1.3139222199302514,0.8894791007041931,0.09531183523836925,0.888141493750931,-2.285681265957879,0.9908451437950134,0.22478408737871422,0.934586999046069,1.26983463801721,0.8501929044723511,0.03026643956118714,0.897164709721461,-2.2789792210744433,0.9549145698547363,0.42921934437270765,0.9352753839656659,1.055986834165294,0.8996016979217529,0.09203313794748606,1.0,-2.680088739419166,0.9879891276359558
72,3.0,0.40688245494843694,0.061231200290906174,1.9344357302979336,0.9997254014015198,0.1190323545698075,0.11387132719526775,1.1984764233423757,0.9994518756866455,0.5131945405223985,0.10520572329093458,-0.8896904574684456,0.999876856803894,0.034384994933052145,0.2749849684345263,2.2071139917808322,0.5894591808319092,0.6104423072728687,0.2759596193717896,-0.38250342999160536,0.998232364654541,0.17446212712846804,0.3266815739863907,4.0984029214385895,0.3273009955883026,0.6776311099203775,0.3919020635320061,1.456067993639731,0.946233868598938,0.20306653701704075,0.35302696827241004,4.0827098429631175,0.3083763122558594,0.6662498954219728,0.42557745789289847,1.6630034361632138,0.902435302734375,0.17628792113205347,0.4247778144185185,1.060852682925448,0.9997456073760986,0.36649349304934553,0.4268556373986,-1.0624865597899784,0.9998169541358948,0.24413124387791277,0.6543727613384555,1.0086332748465345,0.693231999874115,0.37034456872998167,0.659572332023273,-1.3435368301066244,0.9905211925506592,0.22159512661509978,0.8900647130460314,0.6160038624364442,0.8854442238807678,0.09162539157757053,0.8911536917752677,-1.8627411672436582,0.9904500246047974,0.2345853941037199,0.9409702692399968,0.5475469153986992,0.8505945205688477,0.03026643956118714,0.8947309276534904,-1.8837957860628447,0.9566760659217834,0.42262544398865964,0.9403397736036271,0.25654203477961496,0.8888399004936218,0.09434347623547748,1.0,-1.9835928990765217,0.9865294694900513
73,3.0416666666666665,0.39686529330933784,0.061231200290906174,1.8576339035308362,0.9996655583381653,0.11673834172240043,0.11052841725118145,1.1548556010749145,0.999489963054657,0.5058123821673938,0.10975356830317709,-0.9158143614075335,0.9998818635940552,0.025201778668641622,0.26872543438397445,2.2264398201232276,0.5899909138679504,0.5718252951377508,0.2840081380095563,-0.18487184499137746,0.9970959424972534,0.1584394521231169,0.32148196017137576,3.8509875091237293,0.29790839552879333,0.500183987332608,0.4023195566910518,1.7876201108186665,0.8820937275886536,0.19408040812902466,0.3513340767919053,4.0148180268496745,0.28034481406211853,0.4945005829376193,0.43760190275449234,2.0191818860424373,0.832561194896698,0.1618184798461671,0.4250466255138401,0.9991390996514451,0.9997530579566956,0.349645610731527,0.43397808248853814,-1.0011215271829355,0.9998112320899963,0.2195377193023242,0.6594596502583845,0.762544755911984,0.6766952276229858,0.3479518401778433,0.6657760575211396,-1.2819565067218333,0.9891440272331238,0.2094161566876596,0.8927926539709404,0.24944807950843734,0.8810282349586487,0.0833116514898128,0.8957232228031916,-1.7844503812149113,0.9893427491188049,0.19958588279178496,0.9417349216339699,0.16946898227716592,0.85173499584198,0.03026643956118714,0.9035953528185491,-1.8215417046851052,0.9570421576499939,0.39725232485790996,0.939082282055888,-0.19477554580216486,0.8772895932197571,0.0783195339013769,1.0,-2.0378116216909303,0.9833464622497559
74,3.0833333333333335,0.39442634219862377,0.061231200290906174,1.6488422398110119,0.9996166229248047,0.1243446636796871,0.1114235881054774,0.701447337371833,0.9995133876800537,0.5156739262528717,0.11602163410921733,-0.895517341747753,0.9998680949211121,0.01327177843165001,0.265042425694546,1.98103103517052,0.5952697992324829,0.5503914819553146,0.291584674697106,0.31819412029677485,0.9907557964324951,0.13299158496242647,0.2993557216422441,3.7187991943750074,0.2710531949996948,0.40880574789100915,0.36063017438753536,2.693948747247853,0.8013991117477417,0.16605927434131557,0.32021832380905546,3.985176429758654,0.25501906871795654,0.3851936300904229,0.37139909972098095,3.0364590668792975,0.7551799416542053,0.16589356838555316,0.4369730138630623,0.9139933564362114,0.9997491836547852,0.3470273764025826,0.4514937993014454,-0.9166543182796425,0.9997926354408264,0.2166044953266212,0.6656954928764749,1.395504970660417,0.654575765132904,0.346176874563338,0.6697477685933984,-0.5477929571967896,0.9876576066017151,0.2059027940352134,0.8927954398558005,0.9674367490544687,0.8815377950668335,0.08227026052847514,0.8946659422861981,-0.8486229229449126,0.9891543984413147,0.19546220714055343,0.9420966890982223,0.9210153715689755,0.8584877848625183,0.03026643956118714,0.9034514968073813,-0.8533098082967066,0.9590840339660645,0.40224944200121526,0.9368278413209185,0.5527891741412146,0.8709275722503662,0.07734524933972652,1.0,-1.0453639983128682,0.9810629487037659
75,3.125,0.3996625686599137,0.061231200290906174,2.6460174252384894,0.9994766116142273,0.13191389057283112,0.1067695354467283,1.1285350626094992,0.9995378851890564,0.5264603505025307,0.10894719054876646,-0.06002160514757349,0.9998491406440735,0.008662754076199536,0.25489216267714815,2.217922227133122,0.5964237451553345,0.5446450856136686,0.2760694640417331,1.2945648817732913,0.9781746864318848,0.13934987264136678,0.28748597871526244,4.25675603135791,0.24650031328201294,0.3834972930537273,0.3085639968913184,3.987077028907612,0.723253071308136,0.16649724965842638,0.2983901658358001,4.59819198764376,0.2320525348186493,0.35568340366440443,0.3108380421618224,4.408308592288958,0.6814985275268555,0.16997945955755203,0.42893651267471544,0.8545915144431967,0.9997584819793701,0.3514273766488571,0.4417532490587822,-0.8577020389762102,0.9997880458831787,0.2148943192921043,0.6599620488368088,1.4423033402024323,0.643695592880249,0.34095937805328685,0.6651664604294031,-0.6586704635692103,0.9877439141273499,0.20245512202627125,0.8893699922808965,0.7004599453059438,0.8862976431846619,0.08596549942073849,0.8921433465141081,-1.2222099199933119,0.9895263910293579,0.18213290534169857,0.9376859258518957,0.6006488614961247,0.8681453466415405,0.03026643956118714,0.9025751823588897,-0.9707084592931187,0.9619489312171936,0.4023188870814819,0.9350774737622807,0.3669649879243379,0.8708440661430359,0.0735126918105177,1.0,-1.6423509541874388,0.9800059795379639
76,3.1666666666666665,0.40732150608901213,0.061231200290906174,2.236576067652653,0.9992814064025879,0.13841532121624686,0.09609544050358086,0.9613753247732193,0.9995529055595398,0.5486240806984398,0.10569240699955532,-0.27109203732689735,0.9998029470443726,0.014488983671116888,0.24213932765925203,2.052384004193181,0.6114025115966797,0.5456646326749174,0.26268980174397233,1.100997300414608,0.9715861678123474,0.1497314638957047,0.2631886493554669,3.960025432690526,0.22545208036899567,0.405398842093857,0.26414047506194055,3.740465650681229,0.6536036729812622,0.17440075465326302,0.26886011592356945,4.311808355838697,0.2121102511882782,0.3871288142331115,0.2668204514225201,4.149510964655311,0.6155402064323425,0.17192346837363312,0.4221557742076374,0.8350357054649225,0.9997435808181763,0.3577429405816919,0.44012598827202887,-0.8382537804785741,0.9997588992118835,0.20998433123906857,0.657778306643701,1.396814670145456,0.6247245073318481,0.3423237364111557,0.665320052889547,-0.6558053472771531,0.9878275990486145,0.19965897011634237,0.8865887505343135,0.7540139474845267,0.8866931796073914,0.09037444815315367,0.8905747450419373,-1.280586478097745,0.9898490309715271,0.1831392964147987,0.9351486139096319,0.672084468123537,0.8747660517692566,0.03026643956118714,0.9015985858893402,-1.2522698319794077,0.9646486639976501,0.3966941374104464,0.9325101195465965,0.42532346273920596,0.8634226322174072,0.07076509688772006,1.0,-1.591996112257498,0.9785113334655762
